common_name,inst_family,obs_id,filename,file_size_mb,status
0107-0019,STIS,,o8ex04010_x1d.fits,0.078,ok
0107-0019,STIS,,o8ex04020_x1d.fits,0.078,ok
0115+027,FOS,,y1f90803t_c0f.fits,0.127,ok
0115+027,FOS,,y1f90803t_c1f.fits,0.127,ok
0115+027,FOS,,y1f90803t_c2f.fits,0.127,ok
0115+027,FOS,,y1f90803t_c4f.fits,0.127,ok
0115+027,FOS,,y1f90803t_c5f.fits,0.127,ok
0115+027,FOS,,y1f90803t_c7f.fits,0.127,ok
0115+027,FOS,,y1f90804t_c0f.fits,0.066,ok
0115+027,FOS,,y1f90804t_c1f.fits,0.066,ok
0115+027,FOS,,y1f90804t_c2f.fits,0.066,ok
0115+027,FOS,,y1f90804t_c4f.fits,0.066,ok
0115+027,FOS,,y1f90804t_c5f.fits,0.066,ok
0115+027,FOS,,y1f90804t_c7f.fits,0.066,ok
0152+0023,STIS,,o8ex13010_x1d.fits,0.078,ok
0152+0023,STIS,,o8ex13020_x1d.fits,0.078,ok
0253-0138,FOS,,y1hh0d02t_c0f.fits,0.04,ok
0253-0138,FOS,,y1hh0d02t_c1f.fits,0.04,ok
0253-0138,FOS,,y1hh0d02t_c2f.fits,0.04,ok
0253-0138,FOS,,y1hh0d02t_c4f.fits,0.04,ok
0253-0138,FOS,,y1hh0d02t_c5f.fits,0.04,ok
0253-0138,FOS,,y1hh0d02t_c7f.fits,0.04,ok
0253-0138,FOS,,y1hh0e02t_c0f.fits,0.066,ok
0253-0138,FOS,,y1hh0e02t_c1f.fits,0.066,ok
0253-0138,FOS,,y1hh0e02t_c2f.fits,0.066,ok
0253-0138,FOS,,y1hh0e02t_c4f.fits,0.066,ok
0253-0138,FOS,,y1hh0e02t_c5f.fits,0.066,ok
0253-0138,FOS,,y1hh0e02t_c7f.fits,0.066,ok
0959+68W1,FOS,,y1450703t_c0f.fits,0.668,ok
0959+68W1,FOS,,y1450703t_c1f.fits,0.668,ok
0959+68W1,FOS,,y1450703t_c2f.fits,0.668,ok
0959+68W1,FOS,,y1450703t_c4f.fits,0.668,ok
0959+68W1,FOS,,y1450703t_c5f.fits,0.668,ok
0959+68W1,FOS,,y1450703t_c7f.fits,0.668,ok
0959+68W1,FOS,,y1450704t_c0f.fits,0.668,ok
0959+68W1,FOS,,y1450704t_c1f.fits,0.668,ok
0959+68W1,FOS,,y1450704t_c2f.fits,0.668,ok
0959+68W1,FOS,,y1450704t_c4f.fits,0.668,ok
0959+68W1,FOS,,y1450704t_c5f.fits,0.668,ok
0959+68W1,FOS,,y1450704t_c7f.fits,0.668,ok
0959+68W1,FOS,,y1450705t_c0f.fits,0.415,ok
0959+68W1,FOS,,y1450705t_c1f.fits,0.415,ok
0959+68W1,FOS,,y1450705t_c2f.fits,0.415,ok
0959+68W1,FOS,,y1450705t_c4f.fits,0.415,ok
0959+68W1,FOS,,y1450705t_c5f.fits,0.415,ok
0959+68W1,FOS,,y1450705t_c7f.fits,0.415,ok
0959+68W1,FOS,,y1450706t_c0f.fits,0.158,ok
0959+68W1,FOS,,y1450706t_c1f.fits,0.158,ok
0959+68W1,FOS,,y1450706t_c2f.fits,0.158,ok
0959+68W1,FOS,,y1450706t_c4f.fits,0.158,ok
0959+68W1,FOS,,y1450706t_c5f.fits,0.158,ok
0959+68W1,FOS,,y1450706t_c7f.fits,0.158,ok
1130+106Y,FOS,,y0rv0603t_c0f.fits,0.392,ok
1130+106Y,FOS,,y0rv0603t_c1f.fits,0.392,ok
1130+106Y,FOS,,y0rv0603t_c2f.fits,0.392,ok
1130+106Y,FOS,,y0rv0603t_c4f.fits,0.392,ok
1130+106Y,FOS,,y0rv0603t_c5f.fits,0.392,ok
1130+106Y,FOS,,y0rv0603t_c7f.fits,0.392,ok
1130+106Y,FOS,,y0rv0604t_c0f.fits,0.392,ok
1130+106Y,FOS,,y0rv0604t_c1f.fits,0.392,ok
1130+106Y,FOS,,y0rv0604t_c2f.fits,0.392,ok
1130+106Y,FOS,,y0rv0604t_c4f.fits,0.392,ok
1130+106Y,FOS,,y0rv0604t_c5f.fits,0.392,ok
1130+106Y,FOS,,y0rv0604t_c7f.fits,0.392,ok
1130+106Y,FOS,,y0rv0605t_c0f.fits,0.392,ok
1130+106Y,FOS,,y0rv0605t_c1f.fits,0.392,ok
1130+106Y,FOS,,y0rv0605t_c2f.fits,0.392,ok
1130+106Y,FOS,,y0rv0605t_c4f.fits,0.392,ok
1130+106Y,FOS,,y0rv0605t_c5f.fits,0.392,ok
1130+106Y,FOS,,y0rv0605t_c7f.fits,0.392,ok
1130+106Y,FOS,,y0rv0606t_c0f.fits,0.4,ok
1130+106Y,FOS,,y0rv0606t_c1f.fits,0.4,ok
1130+106Y,FOS,,y0rv0606t_c2f.fits,0.4,ok
1130+106Y,FOS,,y0rv0606t_c4f.fits,0.4,ok
1130+106Y,FOS,,y0rv0606t_c5f.fits,0.4,ok
1130+106Y,FOS,,y0rv0606t_c7f.fits,0.4,ok
1130+106Y,FOS,,y0rv0607t_c0f.fits,0.158,ok
1130+106Y,FOS,,y0rv0607t_c1f.fits,0.158,ok
1130+106Y,FOS,,y0rv0607t_c2f.fits,0.158,ok
1130+106Y,FOS,,y0rv0607t_c4f.fits,0.158,ok
1130+106Y,FOS,,y0rv0607t_c5f.fits,0.158,ok
1130+106Y,FOS,,y0rv0607t_c7f.fits,0.158,ok
1306+3021,FOS,,y1hi1502t_c0f.fits,0.049,ok
1306+3021,FOS,,y1hi1502t_c1f.fits,0.049,ok
1306+3021,FOS,,y1hi1502t_c2f.fits,0.049,ok
1306+3021,FOS,,y1hi1502t_c4f.fits,0.049,ok
1306+3021,FOS,,y1hi1502t_c5f.fits,0.049,ok
1306+3021,FOS,,y1hi1502t_c7f.fits,0.049,ok
1306+3021,FOS,,y1hi1602t_c0f.fits,0.066,ok
1306+3021,FOS,,y1hi1602t_c1f.fits,0.066,ok
1306+3021,FOS,,y1hi1602t_c2f.fits,0.066,ok
1306+3021,FOS,,y1hi1602t_c4f.fits,0.066,ok
1306+3021,FOS,,y1hi1602t_c5f.fits,0.066,ok
1306+3021,FOS,,y1hi1602t_c7f.fits,0.066,ok
1317+5203,FOS,,y1hk0402t_c0f.fits,0.049,ok
1317+5203,FOS,,y1hk0402t_c1f.fits,0.049,ok
1317+5203,FOS,,y1hk0402t_c2f.fits,0.049,ok
1317+5203,FOS,,y1hk0402t_c4f.fits,0.049,ok
1317+5203,FOS,,y1hk0402t_c5f.fits,0.049,ok
1317+5203,FOS,,y1hk0402t_c7f.fits,0.049,ok
1317+5203,FOS,,y1hk0502t_c0f.fits,0.066,ok
1317+5203,FOS,,y1hk0502t_c1f.fits,0.066,ok
1317+5203,FOS,,y1hk0502t_c2f.fits,0.066,ok
1317+5203,FOS,,y1hk0502t_c4f.fits,0.066,ok
1317+5203,FOS,,y1hk0502t_c5f.fits,0.066,ok
1317+5203,FOS,,y1hk0502t_c7f.fits,0.066,ok
1401+0951,FOS,,y1hk0d02t_c0f.fits,0.075,ok
1401+0951,FOS,,y1hk0d02t_c1f.fits,0.075,ok
1401+0951,FOS,,y1hk0d02t_c2f.fits,0.075,ok
1401+0951,FOS,,y1hk0d02t_c4f.fits,0.075,ok
1401+0951,FOS,,y1hk0d02t_c5f.fits,0.075,ok
1401+0951,FOS,,y1hk0d02t_c7f.fits,0.075,ok
1628.5+3808,FOS,,y1550402m_c0f.fits,0.066,ok
1628.5+3808,FOS,,y1550402m_c1f.fits,0.066,ok
1628.5+3808,FOS,,y1550402m_c2f.fits,0.066,ok
1628.5+3808,FOS,,y1550402m_c4f.fits,0.066,ok
1628.5+3808,FOS,,y1550402m_c5f.fits,0.066,ok
1628.5+3808,FOS,,y1550402m_c7f.fits,0.066,ok
1628.6+3806,FOS,,y1550502t_c0f.fits,0.069,ok
1628.6+3806,FOS,,y1550502t_c1f.fits,0.069,ok
1628.6+3806,FOS,,y1550502t_c2f.fits,0.069,ok
1628.6+3806,FOS,,y1550502t_c4f.fits,0.069,ok
1628.6+3806,FOS,,y1550502t_c5f.fits,0.069,ok
1628.6+3806,FOS,,y1550502t_c7f.fits,0.069,ok
1RXS J185800.9+485020,COS,,leo915010_x1dsum.fits,1.817,ok
1RXS J185800.9+485020,COS,,leo915amq_x1d.fits,3.39,ok
1RXS J185800.9+485020,COS,,leo915aoq_x1d.fits,3.39,ok
1RXS J185800.9+485020,COS,,leo915asq_x1d.fits,3.39,ok
1RXS J185800.9+485020,COS,,leo915auq_x1d.fits,3.39,ok
1RXS J185800.9+485020,COS,,leo916010_x1dsum.fits,1.817,ok
1RXS J185800.9+485020,COS,,leo916ejq_x1d.fits,3.39,ok
1RXS J185800.9+485020,COS,,leo916elq_x1d.fits,3.39,ok
1RXS J185800.9+485020,COS,,leo916enq_x1d.fits,3.39,ok
1RXS J185800.9+485020,COS,,leo916epq_x1d.fits,3.39,ok
2E 2879,STIS,,o5en03010_sx1.fits,0.081,ok
2E 2879,STIS,,o5en03030_sx1.fits,0.081,ok
2E 2879,STIS,,o5en03040_sx1.fits,0.081,ok
2E 2879,FOS,,y0pe0a02t_c0f.fits,0.167,ok
2E 2879,FOS,,y0pe0a02t_c1f.fits,0.167,ok
2E 2879,FOS,,y0pe0a02t_c2f.fits,0.167,ok
2E 2879,FOS,,y0pe0a02t_c4f.fits,0.167,ok
2E 2879,FOS,,y0pe0a02t_c5f.fits,0.167,ok
2E 2879,FOS,,y0pe0a02t_c7f.fits,0.167,ok
2E 2879,FOS,,y0pe0a03t_c0f.fits,0.107,ok
2E 2879,FOS,,y0pe0a03t_c1f.fits,0.107,ok
2E 2879,FOS,,y0pe0a03t_c2f.fits,0.107,ok
2E 2879,FOS,,y0pe0a03t_c4f.fits,0.107,ok
2E 2879,FOS,,y0pe0a03t_c5f.fits,0.107,ok
2E 2879,FOS,,y0pe0a03t_c7f.fits,0.107,ok
2E 2879,FOS,,y0pe0a04t_c0f.fits,0.092,ok
2E 2879,FOS,,y0pe0a04t_c1f.fits,0.092,ok
2E 2879,FOS,,y0pe0a04t_c2f.fits,0.092,ok
2E 2879,FOS,,y0pe0a04t_c4f.fits,0.092,ok
2E 2879,FOS,,y0pe0a04t_c5f.fits,0.092,ok
2E 2879,FOS,,y0pe0a04t_c7f.fits,0.092,ok
2MASS J00435499+4234302,COS,,lb6f09030_x1dsum.fits,0.93,ok
2MASS J00435499+4234302,COS,,lb6f09040_x1dsum.fits,0.245,ok
2MASS J00435499+4234302,COS,,lb6f09l1q_x1d.fits,1.719,ok
2MASS J00435499+4234302,COS,,lb6f09l4q_x1d.fits,1.719,ok
2MASS J00435499+4234302,COS,,lb6f09l8q_x1d.fits,1.719,ok
2MASS J00435499+4234302,COS,,lb6f09lcq_x1d.fits,0.429,ok
2MASS J00435499+4234302,COS,,lb6f09lgq_x1d.fits,0.429,ok
2MASS J00435499+4234302,COS,,lb6f09lkq_x1d.fits,0.429,ok
2MASS J00435499+4234302,COS,,lb6f09loq_x1d.fits,0.429,ok
2MASS J00435499+4234302,COS,,lb6f09lsq_x1d.fits,0.429,ok
2MASS J00435499+4234302,COS,,lb6f09lwq_x1d.fits,0.429,ok
2MASS J00435499+4234302,COS,,lb6f09m0q_x1d.fits,0.429,ok
2MASS J00435499+4234302,COS,,leq427050_x1dsum.fits,1.817,ok
2MASS J00435499+4234302,COS,,leq427ulq_x1d.fits,3.39,ok
2MASS J00435499+4234302,COS,,leq427uzq_x1d.fits,3.39,ok
2MASS J00435499+4234302,COS,,leq428050_x1dsum.fits,1.817,ok
2MASS J00435499+4234302,COS,,leq428d9q_x1d.fits,3.39,ok
2MASS J00435499+4234302,COS,,leq428dgq_x1d.fits,3.39,ok
2MASS J00435499+4234302,COS,,leq429050_x1dsum.fits,1.817,ok
2MASS J00435499+4234302,COS,,leq429u2q_x1d.fits,3.39,ok
2MASS J00435499+4234302,COS,,leq429u9q_x1d.fits,3.39,ok
2MASS J00435499+4234302,COS,,leq429uiq_x1d.fits,3.39,ok
2MASS J00435499+4234302,COS,,leq430050_x1dsum.fits,1.817,ok
2MASS J00435499+4234302,COS,,leq430frq_x1d.fits,3.39,ok
2MASS J00435499+4234302,COS,,leq430fyq_x1d.fits,3.39,ok
2MASS J00435499+4234302,COS,,leq430g7q_x1d.fits,3.39,ok
2MASS J00435499+4234302,COS,,leq431030_x1dsum.fits,1.817,ok
2MASS J00435499+4234302,COS,,leq431p5q_x1d.fits,3.39,ok
2MASS J00435499+4234302,COS,,leq431pcq_x1d.fits,3.39,ok
2MASS J00435499+4234302,COS,,leq432050_x1dsum.fits,1.817,ok
2MASS J00435499+4234302,COS,,leq432aaq_x1d.fits,3.39,ok
2MASS J00435499+4234302,COS,,leq432ahq_x1d.fits,3.39,ok
2MASS J00435499+4234302,COS,,leq433030_x1dsum.fits,0.043,ok
2MASS J00435499+4234302,COS,,leq433joq_x1d.fits,0.046,ok
2MASS J00435499+4234302,COS,,leq433jvq_x1d.fits,0.046,ok
2MASS J00505073+3536429,COS,,lcxv03050_x1dsum.fits,0.04,ok
2MASS J00505073+3536429,COS,,lcxv03060_x1dsum.fits,0.04,ok
2MASS J00505073+3536429,COS,,lcxv03070_x1dsum.fits,0.04,ok
2MASS J00505073+3536429,COS,,lcxv03080_x1dsum.fits,0.04,ok
2MASS J00505073+3536429,COS,,lcxv03ehq_x1d.fits,0.04,ok
2MASS J00505073+3536429,COS,,lcxv03ekq_x1d.fits,0.04,ok
2MASS J00505073+3536429,COS,,lcxv03epq_x1d.fits,0.04,ok
2MASS J00505073+3536429,COS,,lcxv03evq_x1d.fits,0.04,ok
2MASS J00505073+3536429,COS,,lcxv03ezq_x1d.fits,0.04,ok
2MASS J00505073+3536429,COS,,lcxv03f3q_x1d.fits,0.04,ok
2MASS J00505073+3536429,COS,,lcxv03f7q_x1d.fits,0.04,ok
2MASS J00505073+3536429,COS,,lcxv03fcq_x1d.fits,0.04,ok
2MASS J00505073+3536429,COS,,lcxv03fiq_x1d.fits,0.043,ok
2MASS J00505073+3536429,COS,,lcxv03fpq_x1d.fits,0.043,ok
2MASS J00505073+3536429,COS,,lcxv03ftq_x1d.fits,0.043,ok
2MASS J00505073+3536429,COS,,lcxv03g3q_x1d.fits,0.04,ok
2MASS J00505073+3536429,COS,,lcxv03g9q_x1d.fits,0.04,ok
2MASS J00505073+3536429,COS,,lcxv03gxq_x1d.fits,0.04,ok
2MASS J00505073+3536429,COS,,lcxv03h1q_x1d.fits,0.04,ok
2MASS J00505073+3536429,COS,,lcxv03h6q_x1d.fits,0.04,ok
2MASS J00505073+3536429,COS,,lcxv26050_x1dsum.fits,1.814,ok
2MASS J00505073+3536429,COS,,lcxv26060_x1dsum.fits,1.814,ok
2MASS J00505073+3536429,COS,,lcxv26070_x1dsum.fits,1.814,ok
2MASS J00505073+3536429,COS,,lcxv26080_x1dsum.fits,1.814,ok
2MASS J00505073+3536429,COS,,lcxv26czq_x1d.fits,3.39,ok
2MASS J00505073+3536429,COS,,lcxv26d2q_x1d.fits,3.39,ok
2MASS J00505073+3536429,COS,,lcxv26d7q_x1d.fits,3.39,ok
2MASS J00505073+3536429,COS,,lcxv26ddq_x1d.fits,3.39,ok
2MASS J00505073+3536429,COS,,lcxv26dhq_x1d.fits,3.39,ok
2MASS J00505073+3536429,COS,,lcxv26dlq_x1d.fits,3.39,ok
2MASS J00505073+3536429,COS,,lcxv26dpq_x1d.fits,3.39,ok
2MASS J00505073+3536429,COS,,lcxv26duq_x1d.fits,3.39,ok
2MASS J00505073+3536429,COS,,lcxv26e0q_x1d.fits,3.39,ok
2MASS J00505073+3536429,COS,,lcxv26e4q_x1d.fits,3.39,ok
2MASS J00505073+3536429,COS,,lcxv26e8q_x1d.fits,3.39,ok
2MASS J00505073+3536429,COS,,lcxv26edq_x1d.fits,3.39,ok
2MASS J00505073+3536429,COS,,lcxv26ejq_x1d.fits,3.39,ok
2MASS J00505073+3536429,COS,,lcxv26enq_x1d.fits,3.39,ok
2MASS J00505073+3536429,COS,,lcxv26erq_x1d.fits,3.39,ok
2MASS J00505073+3536429,COS,,lcxv26ewq_x1d.fits,3.39,ok
2MASS J00534614+2232224,COS,,lcxv20050_x1dsum.fits,1.814,ok
2MASS J00534614+2232224,COS,,lcxv20060_x1dsum.fits,1.814,ok
2MASS J00534614+2232224,COS,,lcxv20070_x1dsum.fits,1.814,ok
2MASS J00534614+2232224,COS,,lcxv20080_x1dsum.fits,1.814,ok
2MASS J00534614+2232224,COS,,lcxv20m8q_x1d.fits,3.39,ok
2MASS J00534614+2232224,COS,,lcxv20mbq_x1d.fits,3.39,ok
2MASS J00534614+2232224,COS,,lcxv20mgq_x1d.fits,3.39,ok
2MASS J00534614+2232224,COS,,lcxv20mmq_x1d.fits,3.39,ok
2MASS J00534614+2232224,COS,,lcxv20mqq_x1d.fits,3.39,ok
2MASS J00534614+2232224,COS,,lcxv20muq_x1d.fits,3.39,ok
2MASS J00534614+2232224,COS,,lcxv20myq_x1d.fits,3.39,ok
2MASS J00534614+2232224,COS,,lcxv20n3q_x1d.fits,3.39,ok
2MASS J00534614+2232224,COS,,lcxv20n9q_x1d.fits,3.39,ok
2MASS J00534614+2232224,COS,,lcxv20ndq_x1d.fits,3.39,ok
2MASS J00534614+2232224,COS,,lcxv20nhq_x1d.fits,3.39,ok
2MASS J00534614+2232224,COS,,lcxv20nmq_x1d.fits,3.39,ok
2MASS J00534614+2232224,COS,,lcxv20nsq_x1d.fits,3.39,ok
2MASS J00534614+2232224,COS,,lcxv20nwq_x1d.fits,3.39,ok
2MASS J00534614+2232224,COS,,lcxv20o0q_x1d.fits,3.39,ok
2MASS J00534614+2232224,COS,,lcxv20o5q_x1d.fits,3.39,ok
2MASS J00534614+2232224,COS,,lecy08010_x1dsum.fits,1.817,ok
2MASS J00534614+2232224,COS,,lecy08020_x1dsum.fits,1.814,ok
2MASS J00534614+2232224,COS,,lecy08030_x1dsum.fits,1.814,ok
2MASS J00534614+2232224,COS,,lecy08epq_x1d.fits,3.39,ok
2MASS J00534614+2232224,COS,,lecy08etq_x1d.fits,3.39,ok
2MASS J00534614+2232224,COS,,lecy08evq_x1d.fits,3.39,ok
2MASS J00534614+2232224,COS,,lecy08exq_x1d.fits,3.39,ok
2MASS J00534614+2232224,COS,,lecy08f0q_x1d.fits,3.39,ok
2MASS J00534614+2232224,COS,,lecy08f3q_x1d.fits,3.39,ok
2MASS J01395577+0619225,STIS,,o8nc01010_x1d.fits,0.078,ok
2MASS J01395577+0619225,STIS,,o8nc01020_x1d.fits,0.242,ok
2MASS J01395577+0619225,STIS,,o8nc02010_x1d.fits,0.078,ok
2MASS J01395577+0619225,STIS,,o8nc02020_x1d.fits,0.132,ok
2MASS J01553002-0857040,COS,,lbho66010_x1dsum.fits,1.947,ok
2MASS J01553002-0857040,COS,,lbho66020_x1dsum.fits,1.814,ok
2MASS J01553002-0857040,COS,,lbho66030_x1dsum.fits,1.817,ok
2MASS J01553002-0857040,COS,,lbho66040_x1dsum.fits,1.944,ok
2MASS J01553002-0857040,COS,,lbho66x7q_x1d.fits,3.39,ok
2MASS J01553002-0857040,COS,,lbho66xfq_x1d.fits,3.39,ok
2MASS J01553002-0857040,COS,,lbho66y8q_x1d.fits,3.39,ok
2MASS J01553002-0857040,COS,,lbho66ycq_x1d.fits,3.39,ok
2MASS J01553002-0857040,COS,,lbho66ygq_x1d.fits,3.39,ok
2MASS J01553002-0857040,COS,,lbho66ylq_x1d.fits,3.39,ok
2MASS J01553002-0857040,COS,,lbji03010_x1dsum.fits,1.814,ok
2MASS J01553002-0857040,COS,,lbji03igq_x1d.fits,3.39,ok
2MASS J01553002-0857040,COS,,lbji03iiq_x1d.fits,3.39,ok
2MASS J01553002-0857040,COS,,lbji03ilq_x1d.fits,3.39,ok
2MASS J01553002-0857040,COS,,lbji03iqq_x1d.fits,3.39,ok
2MASS J01553002-0857040,STIS,,obji16010_sx1.fits,0.081,ok
2MASS J01553002-0857040,STIS,,obji16020_sx1.fits,0.081,ok
2MASS J01553002-0857040,STIS,,obji16030_sx1.fits,0.081,ok
2MASS J02201457-0728591,COS,,le2j16010_x1dsum.fits,0.933,ok
2MASS J02201457-0728591,COS,,le2j16z3q_x1d.fits,1.719,ok
2MASS J02201457-0728591,COS,,le2j16z5q_x1d.fits,1.719,ok
2MASS J02201457-0728591,COS,,le2j16zcq_x1d.fits,1.719,ok
2MASS J02201457-0728591,COS,,le2j16zfq_x1d.fits,1.719,ok
2MASS J07505172+2454095,STIS,,of9m02010_x1d.fits,0.078,ok
2MASS J07505172+2454095,STIS,,of9m02020_x1d.fits,0.078,ok
2MASS J07505172+2454095,STIS,,of9m02030_x1d.fits,0.078,ok
2MASS J07505172+2454095,STIS,,of9m02040_sx1.fits,0.081,ok
2MASS J07505172+2454095,STIS,,of9m02050_sx1.fits,0.081,ok
2MASS J07505172+2454095,STIS,,of9m52010_sx1.fits,0.081,ok
2MASS J07505172+2454095,STIS,,of9m52020_sx1.fits,0.081,ok
2MASS J08010140+1848409,COS,,lf7v05010_x1dsum.fits,1.814,ok
2MASS J08010140+1848409,COS,,lf7v05hwq_x1d.fits,3.39,ok
2MASS J08010140+1848409,COS,,lf7v05hyq_x1d.fits,3.39,ok
2MASS J08010140+1848409,COS,,lf7v05i0q_x1d.fits,3.39,ok
2MASS J08010140+1848409,COS,,lf7v05i2q_x1d.fits,3.39,ok
2MASS J08010140+1848409,STIS,,of9m03010_sx1.fits,0.081,ok
2MASS J08010140+1848409,STIS,,of9m03020_sx1.fits,0.081,ok
2MASS J08010140+1848409,STIS,,of9m03030_x1d.fits,0.078,ok
2MASS J08010140+1848409,STIS,,of9m03040_x1d.fits,0.078,ok
2MASS J08010140+1848409,STIS,,of9m03050_x1d.fits,0.078,ok
2MASS J08013157+3544362,COS,,lf7v06010_x1dsum.fits,1.814,ok
2MASS J08013157+3544362,COS,,lf7v06vlq_x1d.fits,3.39,ok
2MASS J08013157+3544362,COS,,lf7v06vnq_x1d.fits,3.39,ok
2MASS J08013157+3544362,COS,,lf7v06vpq_x1d.fits,3.39,ok
2MASS J08013157+3544362,COS,,lf7v06vrq_x1d.fits,3.39,ok
2MASS J08042265+1926386,COS,,lewr01010_x1dsum.fits,0.93,ok
2MASS J08042265+1926386,COS,,lewr01ftq_x1d.fits,1.719,ok
2MASS J08042265+1926386,COS,,lewr01fvq_x1d.fits,1.719,ok
2MASS J08042265+1926386,COS,,lewr01fxq_x1d.fits,1.719,ok
2MASS J08042265+1926386,COS,,lewr01fzq_x1d.fits,1.719,ok
2MASS J08105865+7602424,COS,,lb4f08010_x1dsum.fits,1.944,ok
2MASS J08105865+7602424,COS,,lb4f08020_x1dsum.fits,1.944,ok
2MASS J08105865+7602424,COS,,lb4f08030_x1dsum.fits,1.944,ok
2MASS J08105865+7602424,COS,,lb4f08040_x1dsum.fits,1.944,ok
2MASS J08105865+7602424,COS,,lb4f08050_x1dsum.fits,1.947,ok
2MASS J08105865+7602424,COS,,lb4f08060_x1dsum.fits,1.944,ok
2MASS J08105865+7602424,COS,,lb4f08070_x1dsum.fits,1.944,ok
2MASS J08105865+7602424,COS,,lb4f08080_x1dsum.fits,1.944,ok
2MASS J08105865+7602424,COS,,lb4f08edq_x1d.fits,3.39,ok
2MASS J08105865+7602424,COS,,lb4f08efq_x1d.fits,3.39,ok
2MASS J08105865+7602424,COS,,lb4f08ehq_x1d.fits,3.39,ok
2MASS J08105865+7602424,COS,,lb4f08ejq_x1d.fits,3.39,ok
2MASS J08105865+7602424,COS,,lb4f08elq_x1d.fits,3.39,ok
2MASS J08105865+7602424,COS,,lb4f08enq_x1d.fits,3.39,ok
2MASS J08105865+7602424,COS,,lb4f08epq_x1d.fits,3.39,ok
2MASS J08105865+7602424,COS,,lb4f08erq_x1d.fits,3.39,ok
2MASS J08105865+7602424,STIS,,o4ec06010_x1d.fits,0.132,ok
2MASS J08105865+7602424,STIS,,o4ec06020_x1d.fits,0.132,ok
2MASS J08105865+7602424,STIS,,o4n301010_x1d.fits,0.078,ok
2MASS J08105865+7602424,STIS,,o6ct19010_sx1.fits,0.081,ok
2MASS J08265888+0611428,STIS,,ocuv03010_sx1.fits,0.081,ok
2MASS J08333293+1644110,STIS,,ocuv04010_sx1.fits,0.081,ok
2MASS J08355346+0553171,COS,,lf7v07010_x1dsum.fits,1.814,ok
2MASS J08355346+0553171,COS,,lf7v07elq_x1d.fits,3.39,ok
2MASS J08355346+0553171,COS,,lf7v07enq_x1d.fits,3.39,ok
2MASS J08355346+0553171,COS,,lf7v07epq_x1d.fits,3.39,ok
2MASS J08355346+0553171,COS,,lf7v07erq_x1d.fits,3.39,ok
2MASS J08434975+2619106,COS,,lcld13010_x1dsum.fits,1.814,ok
2MASS J08434975+2619106,COS,,lcld13vxq_x1d.fits,3.39,ok
2MASS J08434975+2619106,COS,,lcld13vzq_x1d.fits,3.39,ok
2MASS J08434975+2619106,COS,,lcld13w4q_x1d.fits,3.39,ok
2MASS J08434975+2619106,COS,,lcld13weq_x1d.fits,3.39,ok
2MASS J08453328+4749345,STIS,,of7v08010_x1d.fits,0.078,ok
2MASS J08525922+0313207,COS,,lbs324030_x1dsum.fits,1.947,ok
2MASS J08525922+0313207,COS,,lbs324040_x1dsum.fits,1.944,ok
2MASS J08525922+0313207,COS,,lbs324nnq_x1d.fits,3.39,ok
2MASS J08525922+0313207,COS,,lbs324nsq_x1d.fits,3.39,ok
2MASS J08525922+0313207,COS,,lcob01010_x1dsum.fits,1.817,ok
2MASS J08525922+0313207,COS,,lcob01qdq_x1d.fits,3.39,ok
2MASS J08525922+0313207,COS,,lcob01rcq_x1d.fits,3.39,ok
2MASS J08525922+0313207,COS,,lcob01rmq_x1d.fits,3.39,ok
2MASS J08525922+0313207,COS,,lcob01rtq_x1d.fits,3.39,ok
2MASS J09145142+4219570,STIS,,ocuv07010_sx1.fits,0.081,ok
2MASS J09215939+4509126,COS,,lb5b06010_x1dsum.fits,1.817,ok
2MASS J09215939+4509126,COS,,lb5b06020_x1dsum.fits,1.817,ok
2MASS J09215939+4509126,COS,,lb5b06pgq_x1d.fits,3.39,ok
2MASS J09215939+4509126,COS,,lb5b06pjq_x1d.fits,3.39,ok
2MASS J09215939+4509126,COS,,lb5b06prq_x1d.fits,3.39,ok
2MASS J09215939+4509126,COS,,lb5b06q0q_x1d.fits,3.39,ok
2MASS J09215939+4509126,COS,,lbyx01010_x1dsum.fits,1.817,ok
2MASS J09215939+4509126,COS,,lbyx01kpq_x1d.fits,3.39,ok
2MASS J09215939+4509126,COS,,lbyx01ldq_x1d.fits,3.39,ok
2MASS J09215939+4509126,COS,,lbyx01luq_x1d.fits,3.39,ok
2MASS J09215939+4509126,COS,,lbyx01mbq_x1d.fits,3.39,ok
2MASS J09215939+4509126,COS,,lbyx01msq_x1d.fits,3.39,ok
2MASS J09215939+4509126,COS,,lbyx02010_x1dsum.fits,1.817,ok
2MASS J09215939+4509126,COS,,lbyx02cbq_x1d.fits,3.39,ok
2MASS J09215939+4509126,COS,,lbyx02cnq_x1d.fits,3.39,ok
2MASS J09215939+4509126,COS,,lbyx02d3q_x1d.fits,3.39,ok
2MASS J09215939+4509126,COS,,lbyx02dfq_x1d.fits,3.39,ok
2MASS J09224506+3032585,COS,,lewr04010_x1dsum.fits,0.93,ok
2MASS J09224506+3032585,COS,,lewr04qkq_x1d.fits,1.719,ok
2MASS J09224506+3032585,COS,,lewr04qmq_x1d.fits,1.719,ok
2MASS J09224506+3032585,COS,,lewr04qpq_x1d.fits,1.719,ok
2MASS J09224506+3032585,COS,,lewr04qrq_x1d.fits,1.719,ok
2MASS J09392289+3709438,COS,,lcp109010_x1dsum.fits,1.814,ok
2MASS J09392289+3709438,COS,,lcp109ctq_x1d.fits,3.39,ok
2MASS J09392289+3709438,COS,,lcp109cvq_x1d.fits,3.39,ok
2MASS J09460395+0139235,COS,,lbji06010_x1dsum.fits,1.814,ok
2MASS J09460395+0139235,COS,,lbji06k7q_x1d.fits,3.39,ok
2MASS J09460395+0139235,COS,,lbji06k9q_x1d.fits,3.39,ok
2MASS J09460395+0139235,COS,,lbji06kbq_x1d.fits,3.39,ok
2MASS J09460395+0139235,COS,,lbji06kdq_x1d.fits,3.39,ok
2MASS J09460395+0139235,STIS,,obji19010_sx1.fits,0.081,ok
2MASS J09460395+0139235,STIS,,obji19020_sx1.fits,0.081,ok
2MASS J09460395+0139235,STIS,,obji19030_sx1.fits,0.081,ok
2MASS J09503674+5128382,COS,,lepa01010_x1dsum.fits,1.817,ok
2MASS J09503674+5128382,COS,,lepa01fpq_x1d.fits,3.39,ok
2MASS J09503674+5128382,COS,,lepa01frq_x1d.fits,3.39,ok
2MASS J09503674+5128382,COS,,lepa01ftq_x1d.fits,3.39,ok
2MASS J09503674+5128382,COS,,lepa01fvq_x1d.fits,3.39,ok
2MASS J09503674+5128382,COS,,lepa01fxq_x1d.fits,3.39,ok
2MASS J10005499+2622423,STIS,,ocuv09010_sx1.fits,0.081,ok
2MASS J10051419+5302398,COS,,lcvl02010_x1dsum.fits,1.817,ok
2MASS J10051419+5302398,COS,,lcvl02biq_x1d.fits,3.39,ok
2MASS J10051419+5302398,COS,,lcvl02brq_x1d.fits,3.39,ok
2MASS J10051419+5302398,COS,,lcvl02byq_x1d.fits,3.39,ok
2MASS J10051419+5302398,COS,,lcvl02c9q_x1d.fits,3.39,ok
2MASS J10074455+5007467,COS,,lb1414010_x1dsum.fits,1.947,ok
2MASS J10074455+5007467,COS,,lb1414h4q_x1d.fits,3.39,ok
2MASS J10115298+5442063,COS,,ld9i01010_x1dsum.fits,0.245,ok
2MASS J10115298+5442063,COS,,ld9i01020_x1dsum.fits,0.245,ok
2MASS J10115298+5442063,COS,,ld9i01030_x1dsum.fits,1.814,ok
2MASS J10115298+5442063,COS,,ld9i01wvq_x1d.fits,0.429,ok
2MASS J10115298+5442063,COS,,ld9i01wxq_x1d.fits,0.429,ok
2MASS J10115298+5442063,COS,,ld9i01x2q_x1d.fits,0.429,ok
2MASS J10115298+5442063,COS,,ld9i01x4q_x1d.fits,0.429,ok
2MASS J10115298+5442063,COS,,ld9i01x6q_x1d.fits,3.39,ok
2MASS J10115298+5442063,COS,,ld9i01x8q_x1d.fits,3.39,ok
2MASS J10115298+5442063,COS,,ld9i01xcq_x1d.fits,3.39,ok
2MASS J10115298+5442063,COS,,ld9i01xeq_x1d.fits,3.39,ok
2MASS J10215235+4645158,COS,,ld9i02010_x1dsum.fits,0.259,ok
2MASS J10215235+4645158,COS,,ld9i02020_x1dsum.fits,0.259,ok
2MASS J10215235+4645158,COS,,ld9i02030_x1dsum.fits,1.814,ok
2MASS J10215235+4645158,COS,,ld9i02o6q_x1d.fits,0.429,ok
2MASS J10215235+4645158,COS,,ld9i02o8q_x1d.fits,0.429,ok
2MASS J10215235+4645158,COS,,ld9i02oaq_x1d.fits,3.39,ok
2MASS J10215235+4645158,COS,,ld9i02ocq_x1d.fits,3.39,ok
2MASS J10215235+4645158,COS,,ld9i02oeq_x1d.fits,3.39,ok
2MASS J10215235+4645158,COS,,ld9i02ogq_x1d.fits,3.39,ok
2MASS J10233966+5233496,COS,,lf7v11010_x1dsum.fits,1.814,ok
2MASS J10233966+5233496,COS,,lf7v11ezq_x1d.fits,3.39,ok
2MASS J10233966+5233496,COS,,lf7v11f1q_x1d.fits,3.39,ok
2MASS J10233966+5233496,COS,,lf7v11f3q_x1d.fits,3.39,ok
2MASS J10233966+5233496,COS,,lf7v11f5q_x1d.fits,3.39,ok
2MASS J10332064+2740242,STIS,,ocuv10010_sx1.fits,0.081,ok
2MASS J10423110+2213003,COS,,ldi306010_x1dsum.fits,0.245,ok
2MASS J10423110+2213003,COS,,ldi306020_x1dsum.fits,0.245,ok
2MASS J10423110+2213003,COS,,ldi306030_x1dsum.fits,1.814,ok
2MASS J10423110+2213003,COS,,ldi306cqq_x1d.fits,0.429,ok
2MASS J10423110+2213003,COS,,ldi306cwq_x1d.fits,0.429,ok
2MASS J10423110+2213003,COS,,ldi306d0q_x1d.fits,0.429,ok
2MASS J10423110+2213003,COS,,ldi306d8q_x1d.fits,0.429,ok
2MASS J10423110+2213003,COS,,ldi306daq_x1d.fits,0.429,ok
2MASS J10423110+2213003,COS,,ldi306dfq_x1d.fits,3.39,ok
2MASS J10423110+2213003,COS,,ldi306dmq_x1d.fits,3.39,ok
2MASS J10423110+2213003,COS,,ldi306doq_x1d.fits,3.39,ok
2MASS J10423110+2213003,COS,,ldi306dqq_x1d.fits,3.39,ok
2MASS J11113865+5750298,STIS,,ocuv11010_sx1.fits,0.081,ok
2MASS J11190530+5925140,COS,,ldie02010_x1dsum.fits,0.933,ok
2MASS J11190530+5925140,COS,,ldie02kjq_x1d.fits,1.719,ok
2MASS J11190530+5925140,COS,,ldie02l8q_x1d.fits,1.719,ok
2MASS J11190530+5925140,COS,,ldie02ldq_x1d.fits,1.719,ok
2MASS J11190530+5925140,COS,,ldie02lfq_x1d.fits,1.719,ok
2MASS J11191611+1101069,COS,,lbji10010_x1dsum.fits,0.245,ok
2MASS J11191611+1101069,COS,,lbji10wsq_x1d.fits,0.429,ok
2MASS J11191611+1101069,COS,,lbji10wuq_x1d.fits,0.429,ok
2MASS J11191611+1101069,COS,,lbji10wwq_x1d.fits,0.429,ok
2MASS J11191611+1101069,COS,,lbji10wyq_x1d.fits,0.429,ok
2MASS J11243917+4201450,COS,,lbg703010_x1dsum.fits,1.944,ok
2MASS J11243917+4201450,COS,,lbg703020_x1dsum.fits,1.944,ok
2MASS J11243917+4201450,COS,,lbg703030_x1dsum.fits,1.944,ok
2MASS J11243917+4201450,COS,,lbg703040_x1dsum.fits,1.944,ok
2MASS J11243917+4201450,COS,,lbg703050_x1dsum.fits,1.947,ok
2MASS J11243917+4201450,COS,,lbg703060_x1dsum.fits,1.944,ok
2MASS J11243917+4201450,COS,,lbg703070_x1dsum.fits,1.814,ok
2MASS J11243917+4201450,COS,,lbg703cgq_x1d.fits,3.39,ok
2MASS J11243917+4201450,COS,,lbg703cmq_x1d.fits,3.39,ok
2MASS J11243917+4201450,COS,,lbg703dbq_x1d.fits,3.39,ok
2MASS J11243917+4201450,COS,,lbg703dfq_x1d.fits,3.39,ok
2MASS J11243917+4201450,COS,,lbg703diq_x1d.fits,3.39,ok
2MASS J11243917+4201450,COS,,lbg703dnq_x1d.fits,3.39,ok
2MASS J11243917+4201450,COS,,lbg703duq_x1d.fits,3.39,ok
2MASS J11243917+4201450,COS,,lbg703dyq_x1d.fits,3.39,ok
2MASS J11243917+4201450,FOS,,y29c0302t_c0f.fits,0.086,ok
2MASS J11243917+4201450,FOS,,y29c0302t_c1f.fits,0.086,ok
2MASS J11243917+4201450,FOS,,y29c0302t_c2f.fits,0.086,ok
2MASS J11243917+4201450,FOS,,y29c0302t_c4f.fits,0.086,ok
2MASS J11243917+4201450,FOS,,y29c0302t_c5f.fits,0.086,ok
2MASS J11243917+4201450,FOS,,y29c0302t_c7f.fits,0.086,ok
2MASS J11493175+2230285,COS,,ldi303010_x1dsum.fits,0.245,ok
2MASS J11493175+2230285,COS,,ldi303020_x1dsum.fits,1.814,ok
2MASS J11493175+2230285,COS,,ldi303030_x1dsum.fits,0.259,ok
2MASS J11493175+2230285,COS,,ldi303dzq_x1d.fits,0.429,ok
2MASS J11493175+2230285,COS,,ldi303e1q_x1d.fits,0.429,ok
2MASS J11493175+2230285,COS,,ldi303e3q_x1d.fits,3.39,ok
2MASS J11493175+2230285,COS,,ldi303e5q_x1d.fits,3.39,ok
2MASS J11493175+2230285,COS,,ldi303e7q_x1d.fits,3.39,ok
2MASS J11493175+2230285,COS,,ldi303e9q_x1d.fits,3.39,ok
2MASS J11493175+2230285,COS,,ldi303ebq_x1d.fits,0.429,ok
2MASS J11575874-0022208,COS,,lb5n03010_x1dsum.fits,1.947,ok
2MASS J11575874-0022208,COS,,lb5n03020_x1dsum.fits,1.814,ok
2MASS J11575874-0022208,COS,,lb5n03030_x1dsum.fits,1.817,ok
2MASS J11575874-0022208,COS,,lb5n03040_x1dsum.fits,1.944,ok
2MASS J11575874-0022208,COS,,lb5n03rbq_x1d.fits,3.39,ok
2MASS J11575874-0022208,COS,,lb5n03req_x1d.fits,3.39,ok
2MASS J11575874-0022208,COS,,lb5n03rgq_x1d.fits,3.39,ok
2MASS J11575874-0022208,COS,,lb5n03riq_x1d.fits,3.39,ok
2MASS J11575874-0022208,COS,,lb5n03rkq_x1d.fits,3.39,ok
2MASS J11575874-0022208,COS,,lb5n03rmq_x1d.fits,3.39,ok
2MASS J11575874-0022208,COS,,lc1c04010_x1dsum.fits,1.817,ok
2MASS J11575874-0022208,COS,,lc1c04exq_x1d.fits,3.39,ok
2MASS J11575874-0022208,COS,,lc1c04ezq_x1d.fits,3.39,ok
2MASS J12140133+4048233,COS,,lewr08010_x1dsum.fits,0.93,ok
2MASS J12140133+4048233,COS,,lewr08jdq_x1d.fits,1.719,ok
2MASS J12140133+4048233,COS,,lewr08jgq_x1d.fits,1.719,ok
2MASS J12140133+4048233,COS,,lewr08jiq_x1d.fits,1.719,ok
2MASS J12140133+4048233,COS,,lewr08jmq_x1d.fits,1.719,ok
2MASS J12210891+4228388,COS,,lewr09010_x1dsum.fits,0.93,ok
2MASS J12210891+4228388,COS,,lewr09x3q_x1d.fits,1.719,ok
2MASS J12210891+4228388,COS,,lewr09x8q_x1d.fits,1.719,ok
2MASS J12210891+4228388,COS,,lewr09xaq_x1d.fits,1.719,ok
2MASS J12210891+4228388,COS,,lewr09y4q_x1d.fits,1.719,ok
2MASS J12253479-0247571,COS,,lb1405010_x1dsum.fits,1.817,ok
2MASS J12253479-0247571,COS,,lb1405egq_x1d.fits,3.39,ok
2MASS J12253479-0247571,COS,,lb1405ezq_x1d.fits,3.39,ok
2MASS J12305003+0115226,COS,,lb4f09010_x1dsum.fits,1.944,ok
2MASS J12305003+0115226,COS,,lb4f09020_x1dsum.fits,1.944,ok
2MASS J12305003+0115226,COS,,lb4f09030_x1dsum.fits,1.944,ok
2MASS J12305003+0115226,COS,,lb4f09040_x1dsum.fits,1.944,ok
2MASS J12305003+0115226,COS,,lb4f09mgq_x1d.fits,3.39,ok
2MASS J12305003+0115226,COS,,lb4f09mlq_x1d.fits,3.39,ok
2MASS J12305003+0115226,COS,,lb4f09mrq_x1d.fits,3.39,ok
2MASS J12305003+0115226,COS,,lb4f09muq_x1d.fits,3.39,ok
2MASS J12305003+0115226,COS,,lb4f10010_x1dsum.fits,1.944,ok
2MASS J12305003+0115226,COS,,lb4f10020_x1dsum.fits,1.944,ok
2MASS J12305003+0115226,COS,,lb4f10030_x1dsum.fits,1.944,ok
2MASS J12305003+0115226,COS,,lb4f10040_x1dsum.fits,1.944,ok
2MASS J12305003+0115226,COS,,lb4f10ipq_x1d.fits,3.39,ok
2MASS J12305003+0115226,COS,,lb4f10iwq_x1d.fits,3.39,ok
2MASS J12305003+0115226,COS,,lb4f10izq_x1d.fits,3.39,ok
2MASS J12305003+0115226,COS,,lb4f10j1q_x1d.fits,3.39,ok
2MASS J12305003+0115226,STIS,,o56a01010_x1d.fits,1.757,ok
2MASS J12305003+0115226,STIS,,o56a01020_x1d.fits,6.949,ok
2MASS J12305003+0115226,STIS,,o56a02010_x1d.fits,1.757,ok
2MASS J12305003+0115226,STIS,,o56a02020_x1d.fits,6.949,ok
2MASS J12323582+0603098,COS,,lcbt01010_x1dsum.fits,1.817,ok
2MASS J12323582+0603098,COS,,lcbt01020_x1dsum.fits,1.814,ok
2MASS J12323582+0603098,COS,,lcbt01030_x1dsum.fits,1.817,ok
2MASS J12323582+0603098,COS,,lcbt01xhq_x1d.fits,3.39,ok
2MASS J12323582+0603098,COS,,lcbt01xoq_x1d.fits,3.39,ok
2MASS J12323582+0603098,COS,,lcbt01xrq_x1d.fits,3.39,ok
2MASS J12323582+0603098,COS,,lcbt01xyq_x1d.fits,3.39,ok
2MASS J12323582+0603098,COS,,lcbt01y3q_x1d.fits,3.39,ok
2MASS J12323582+0603098,COS,,lcbt01ybq_x1d.fits,3.39,ok
2MASS J12323582+0603098,COS,,lcbt02010_x1dsum.fits,1.947,ok
2MASS J12323582+0603098,COS,,lcbt02020_x1dsum.fits,1.814,ok
2MASS J12323582+0603098,COS,,lcbt02hyq_x1d.fits,3.39,ok
2MASS J12323582+0603098,COS,,lcbt02i6q_x1d.fits,3.39,ok
2MASS J12323582+0603098,COS,,lcbt02ifq_x1d.fits,3.39,ok
2MASS J12323582+0603098,COS,,lcbt02juq_x1d.fits,3.39,ok
2MASS J12465925+3126196,COS,,lewr10010_x1dsum.fits,0.93,ok
2MASS J12465925+3126196,COS,,lewr10qyq_x1d.fits,1.719,ok
2MASS J12465925+3126196,COS,,lewr10r0q_x1d.fits,1.719,ok
2MASS J12465925+3126196,COS,,lewr10r2q_x1d.fits,1.719,ok
2MASS J12465925+3126196,COS,,lewr10r4q_x1d.fits,1.719,ok
2MASS J12514225+2404355,COS,,lbji05010_x1dsum.fits,1.814,ok
2MASS J12514225+2404355,COS,,lbji05ppq_x1d.fits,3.39,ok
2MASS J12514225+2404355,COS,,lbji05prq_x1d.fits,3.39,ok
2MASS J12514225+2404355,COS,,lbji05ptq_x1d.fits,3.39,ok
2MASS J12514225+2404355,COS,,lbji05pvq_x1d.fits,3.39,ok
2MASS J12514225+2404355,STIS,,obji18010_sx1.fits,0.081,ok
2MASS J12514225+2404355,STIS,,obji18020_sx1.fits,0.081,ok
2MASS J12514225+2404355,STIS,,obji18030_sx1.fits,0.081,ok
2MASS J12554763+4012302,COS,,ldi325010_x1dsum.fits,0.245,ok
2MASS J12554763+4012302,COS,,ldi325020_x1dsum.fits,0.259,ok
2MASS J12554763+4012302,COS,,ldi325030_x1dsum.fits,1.814,ok
2MASS J12554763+4012302,COS,,ldi325040_x1dsum.fits,0.245,ok
2MASS J12554763+4012302,COS,,ldi325qsq_x1d.fits,0.429,ok
2MASS J12554763+4012302,COS,,ldi325qxq_x1d.fits,0.429,ok
2MASS J12554763+4012302,COS,,ldi325r1q_x1d.fits,0.429,ok
2MASS J12554763+4012302,COS,,ldi325r6q_x1d.fits,0.429,ok
2MASS J12554763+4012302,COS,,ldi325r8q_x1d.fits,0.429,ok
2MASS J12554763+4012302,COS,,ldi325rbq_x1d.fits,3.39,ok
2MASS J12554763+4012302,COS,,ldi325rgq_x1d.fits,3.39,ok
2MASS J12554763+4012302,COS,,ldi325riq_x1d.fits,3.39,ok
2MASS J12554763+4012302,COS,,ldi325rkq_x1d.fits,3.39,ok
2MASS J12554763+4012302,COS,,ldi325rnq_x1d.fits,3.39,ok
2MASS J12554763+4012302,COS,,ldi325rpq_x1d.fits,3.39,ok
2MASS J12554763+4012302,COS,,ldi325rrq_x1d.fits,3.39,ok
2MASS J12554763+4012302,COS,,ldi325rtq_x1d.fits,3.39,ok
2MASS J12554763+4012302,COS,,ldi325rvq_x1d.fits,0.429,ok
2MASS J12554763+4012302,COS,,ldi325rzq_x1d.fits,0.429,ok
2MASS J12554763+4012302,COS,,ldi329010_x1dsum.fits,0.245,ok
2MASS J12554763+4012302,COS,,ldi329020_x1dsum.fits,0.245,ok
2MASS J12554763+4012302,COS,,ldi329nkq_x1d.fits,0.429,ok
2MASS J12554763+4012302,COS,,ldi329osq_x1d.fits,0.429,ok
2MASS J12554763+4012302,COS,,ldi329owq_x1d.fits,0.429,ok
2MASS J12554763+4012302,COS,,ldi329p7q_x1d.fits,0.429,ok
2MASS J12554763+4012302,COS,,ldi329paq_x1d.fits,0.429,ok
2MASS J12554763+4012302,COS,,ldi329pcq_x1d.fits,0.429,ok
2MASS J12554763+4012302,COS,,ldi329peq_x1d.fits,0.429,ok
2MASS J13042289+2055107,COS,,lewr11010_x1dsum.fits,0.93,ok
2MASS J13042289+2055107,COS,,lewr11eyq_x1d.fits,1.719,ok
2MASS J13042289+2055107,COS,,lewr11f1q_x1d.fits,1.719,ok
2MASS J13042289+2055107,COS,,lewr11f3q_x1d.fits,1.719,ok
2MASS J13042289+2055107,COS,,lewr11f6q_x1d.fits,1.719,ok
2MASS J13205941+2957282,COS,,lcld12010_x1dsum.fits,1.817,ok
2MASS J13205941+2957282,COS,,lcld12i5q_x1d.fits,3.39,ok
2MASS J13205941+2957282,COS,,lcld12i8q_x1d.fits,3.39,ok
2MASS J13205941+2957282,COS,,lcld12iaq_x1d.fits,3.39,ok
2MASS J13205941+2957282,COS,,lcld12icq_x1d.fits,3.39,ok
2MASS J13304515+2813216,COS,,lb5n32010_x1dsum.fits,1.947,ok
2MASS J13304515+2813216,COS,,lb5n32020_x1dsum.fits,1.944,ok
2MASS J13304515+2813216,COS,,lb5n32030_x1dsum.fits,1.947,ok
2MASS J13304515+2813216,COS,,lb5n32040_x1dsum.fits,1.944,ok
2MASS J13304515+2813216,COS,,lb5n32gcq_x1d.fits,3.39,ok
2MASS J13304515+2813216,COS,,lb5n32giq_x1d.fits,3.39,ok
2MASS J13304515+2813216,COS,,lb5n32goq_x1d.fits,3.39,ok
2MASS J13304515+2813216,COS,,lb5n32gwq_x1d.fits,3.39,ok
2MASS J13304515+2813216,COS,,lc1c07010_x1dsum.fits,1.817,ok
2MASS J13304515+2813216,COS,,lc1c07zpq_x1d.fits,3.39,ok
2MASS J13304515+2813216,COS,,lc1c07zvq_x1d.fits,3.39,ok
2MASS J13304515+2813216,COS,,lf1310010_x1dsum.fits,0.245,ok
2MASS J13304515+2813216,COS,,lf1310pmq_x1d.fits,0.429,ok
2MASS J13304515+2813216,COS,,lf1310ptq_x1d.fits,0.429,ok
2MASS J13470152+2154008,STIS,,ocuv20010_sx1.fits,0.081,ok
2MASS J13571260+1704439,COS,,lbho79010_x1dsum.fits,1.947,ok
2MASS J13571260+1704439,COS,,lbho79020_x1dsum.fits,1.944,ok
2MASS J13571260+1704439,COS,,lbho79030_x1dsum.fits,1.814,ok
2MASS J13571260+1704439,COS,,lbho79040_x1dsum.fits,1.944,ok
2MASS J13571260+1704439,COS,,lbho79l9q_x1d.fits,3.39,ok
2MASS J13571260+1704439,COS,,lbho79lfq_x1d.fits,3.39,ok
2MASS J13571260+1704439,COS,,lbho79llq_x1d.fits,3.39,ok
2MASS J13571260+1704439,COS,,lbho79lnq_x1d.fits,3.39,ok
2MASS J13571260+1704439,COS,,lbho79lxq_x1d.fits,3.39,ok
2MASS J14162560+5354386,STIS,,oeb606010_x1d.fits,0.078,ok
2MASS J14294306+4747262,COS,,le2j19010_x1dsum.fits,0.93,ok
2MASS J14294306+4747262,COS,,le2j19020_x1dsum.fits,0.245,ok
2MASS J14294306+4747262,COS,,le2j19fuq_x1d.fits,1.719,ok
2MASS J14294306+4747262,COS,,le2j19fwq_x1d.fits,1.719,ok
2MASS J14294306+4747262,COS,,le2j19fyq_x1d.fits,1.719,ok
2MASS J14294306+4747262,COS,,le2j19g0q_x1d.fits,1.719,ok
2MASS J14294306+4747262,COS,,le2j19g2q_x1d.fits,0.429,ok
2MASS J14294306+4747262,COS,,le2j19g4q_x1d.fits,0.429,ok
2MASS J14294306+4747262,COS,,le2j19g6q_x1d.fits,0.429,ok
2MASS J14294306+4747262,COS,,le2j19g8q_x1d.fits,0.429,ok
2MASS J14294306+4747262,COS,,le2j19gaq_x1d.fits,0.429,ok
2MASS J14294306+4747262,FOS,,y38o1302t_c0f.fits,0.086,ok
2MASS J14294306+4747262,FOS,,y38o1302t_c1f.fits,0.086,ok
2MASS J14294306+4747262,FOS,,y38o1302t_c2f.fits,0.086,ok
2MASS J14294306+4747262,FOS,,y38o1302t_c4f.fits,0.086,ok
2MASS J14294306+4747262,FOS,,y38o1302t_c5f.fits,0.086,ok
2MASS J14294306+4747262,FOS,,y38o1302t_c7f.fits,0.086,ok
2MASS J14294306+4747262,FOS,,y38o1303t_c0f.fits,0.121,ok
2MASS J14294306+4747262,FOS,,y38o1303t_c1f.fits,0.121,ok
2MASS J14294306+4747262,FOS,,y38o1303t_c2f.fits,0.121,ok
2MASS J14294306+4747262,FOS,,y38o1303t_c4f.fits,0.121,ok
2MASS J14294306+4747262,FOS,,y38o1303t_c5f.fits,0.121,ok
2MASS J14294306+4747262,FOS,,y38o1303t_c7f.fits,0.121,ok
2MASS J14294306+4747262,FOS,,y38o1304t_c0f.fits,0.121,ok
2MASS J14294306+4747262,FOS,,y38o1304t_c1f.fits,0.121,ok
2MASS J14294306+4747262,FOS,,y38o1304t_c2f.fits,0.121,ok
2MASS J14294306+4747262,FOS,,y38o1304t_c4f.fits,0.121,ok
2MASS J14294306+4747262,FOS,,y38o1304t_c5f.fits,0.121,ok
2MASS J14294306+4747262,FOS,,y38o1304t_c7f.fits,0.121,ok
2MASS J14294306+4747262,FOS,,y38o1305t_c0f.fits,0.121,ok
2MASS J14294306+4747262,FOS,,y38o1305t_c1f.fits,0.121,ok
2MASS J14294306+4747262,FOS,,y38o1305t_c2f.fits,0.121,ok
2MASS J14294306+4747262,FOS,,y38o1305t_c4f.fits,0.121,ok
2MASS J14294306+4747262,FOS,,y38o1305t_c5f.fits,0.121,ok
2MASS J14294306+4747262,FOS,,y38o1305t_c7f.fits,0.121,ok
2MASS J14294306+4747262,FOS,,y38o1306t_c0f.fits,0.112,ok
2MASS J14294306+4747262,FOS,,y38o1306t_c1f.fits,0.112,ok
2MASS J14294306+4747262,FOS,,y38o1306t_c2f.fits,0.112,ok
2MASS J14294306+4747262,FOS,,y38o1306t_c4f.fits,0.112,ok
2MASS J14294306+4747262,FOS,,y38o1306t_c5f.fits,0.112,ok
2MASS J14294306+4747262,FOS,,y38o1306t_c7f.fits,0.112,ok
2MASS J14294306+4747262,FOS,,y38o1307t_c0f.fits,0.069,ok
2MASS J14294306+4747262,FOS,,y38o1307t_c1f.fits,0.069,ok
2MASS J14294306+4747262,FOS,,y38o1307t_c2f.fits,0.069,ok
2MASS J14294306+4747262,FOS,,y38o1307t_c4f.fits,0.069,ok
2MASS J14294306+4747262,FOS,,y38o1307t_c5f.fits,0.069,ok
2MASS J14294306+4747262,FOS,,y38o1307t_c7f.fits,0.069,ok
2MASS J14294306+4747262,FOS,,y38o1308t_c0f.fits,0.156,ok
2MASS J14294306+4747262,FOS,,y38o1308t_c1f.fits,0.156,ok
2MASS J14294306+4747262,FOS,,y38o1308t_c2f.fits,0.156,ok
2MASS J14294306+4747262,FOS,,y38o1308t_c4f.fits,0.156,ok
2MASS J14294306+4747262,FOS,,y38o1308t_c5f.fits,0.156,ok
2MASS J14294306+4747262,FOS,,y38o1308t_c7f.fits,0.156,ok
2MASS J14314604+0301444,COS,,lcld09010_x1dsum.fits,1.817,ok
2MASS J14314604+0301444,COS,,lcld09teq_x1d.fits,3.39,ok
2MASS J14314604+0301444,COS,,lcld09ubq_x1d.fits,3.39,ok
2MASS J14314604+0301444,COS,,lcld09ueq_x1d.fits,3.39,ok
2MASS J14314604+0301444,COS,,lcld09ugq_x1d.fits,3.39,ok
2MASS J14314604+0301444,COS,,lcld16010_x1dsum.fits,0.242,ok
2MASS J14314604+0301444,COS,,lcld16klq_x1d.fits,0.429,ok
2MASS J14314604+0301444,COS,,lcld16kyq_x1d.fits,0.429,ok
2MASS J14314604+0301444,COS,,lcld16lbq_x1d.fits,0.429,ok
2MASS J14314604+0301444,COS,,lcld16lnq_x1d.fits,0.429,ok
2MASS J14314604+0301444,COS,,lcld16mgq_x1d.fits,0.429,ok
2MASS J14314604+0301444,COS,,lcld16moq_x1d.fits,0.429,ok
2MASS J14314604+0301444,COS,,lcld16mrq_x1d.fits,0.429,ok
2MASS J14314604+0301444,COS,,lcld16mzq_x1d.fits,0.429,ok
2MASS J14314604+0301444,COS,,lcld16n2q_x1d.fits,0.429,ok
2MASS J14314604+0301444,COS,,lcld16n9q_x1d.fits,0.429,ok
2MASS J14441467+0633067,COS,,le2j06010_x1dsum.fits,0.93,ok
2MASS J14441467+0633067,COS,,le2j06ksq_x1d.fits,1.719,ok
2MASS J14441467+0633067,COS,,le2j06kuq_x1d.fits,1.719,ok
2MASS J14441467+0633067,COS,,le2j06kwq_x1d.fits,1.719,ok
2MASS J14441467+0633067,COS,,le2j06kyq_x1d.fits,1.719,ok
2MASS J14464593+4035057,STIS,,o6e101010_x1d.fits,1.757,ok
2MASS J14464593+4035057,STIS,,o6e101020_x1d.fits,1.757,ok
2MASS J14464593+4035057,STIS,,o6e101030_x1d.fits,1.757,ok
2MASS J14464593+4035057,STIS,,o6e102010_x1d.fits,1.757,ok
2MASS J14464593+4035057,STIS,,o6e102020_x1d.fits,1.757,ok
2MASS J14464593+4035057,STIS,,o6e102030_x1d.fits,1.757,ok
2MASS J14464593+4035057,STIS,,o6e103010_x1d.fits,1.757,ok
2MASS J14464593+4035057,STIS,,o6e103020_x1d.fits,1.757,ok
2MASS J14464593+4035057,STIS,,o6e103030_x1d.fits,1.757,ok
2MASS J14464593+4035057,STIS,,o6e104010_x1d.fits,1.757,ok
2MASS J14464593+4035057,STIS,,o6e104020_x1d.fits,1.757,ok
2MASS J14464593+4035057,STIS,,o6e104030_x1d.fits,1.757,ok
2MASS J14464593+4035057,STIS,,o6e105010_x1d.fits,1.757,ok
2MASS J14464593+4035057,STIS,,o6e105020_x1d.fits,1.757,ok
2MASS J14464593+4035057,STIS,,o6e105030_x1d.fits,1.757,ok
2MASS J14464593+4035057,STIS,,o6e106010_x1d.fits,1.757,ok
2MASS J14464593+4035057,STIS,,o6e106020_x1d.fits,1.757,ok
2MASS J14464593+4035057,STIS,,o6e106030_x1d.fits,1.757,ok
2MASS J14464593+4035057,FOS,,y10q0303t_c0f.fits,0.331,ok
2MASS J14464593+4035057,FOS,,y10q0303t_c1f.fits,0.331,ok
2MASS J14464593+4035057,FOS,,y10q0303t_c2f.fits,0.331,ok
2MASS J14464593+4035057,FOS,,y10q0303t_c4f.fits,0.331,ok
2MASS J14464593+4035057,FOS,,y10q0303t_c5f.fits,0.331,ok
2MASS J14464593+4035057,FOS,,y10q0303t_c7f.fits,0.331,ok
2MASS J14464593+4035057,FOS,,y10q0304t_c0f.fits,0.415,ok
2MASS J14464593+4035057,FOS,,y10q0304t_c1f.fits,0.415,ok
2MASS J14464593+4035057,FOS,,y10q0304t_c2f.fits,0.415,ok
2MASS J14464593+4035057,FOS,,y10q0304t_c4f.fits,0.415,ok
2MASS J14464593+4035057,FOS,,y10q0304t_c5f.fits,0.415,ok
2MASS J14464593+4035057,FOS,,y10q0304t_c7f.fits,0.415,ok
2MASS J14464593+4035057,FOS,,y10q0305t_c0f.fits,0.415,ok
2MASS J14464593+4035057,FOS,,y10q0305t_c1f.fits,0.415,ok
2MASS J14464593+4035057,FOS,,y10q0305t_c2f.fits,0.415,ok
2MASS J14464593+4035057,FOS,,y10q0305t_c4f.fits,0.415,ok
2MASS J14464593+4035057,FOS,,y10q0305t_c5f.fits,0.415,ok
2MASS J14464593+4035057,FOS,,y10q0305t_c7f.fits,0.415,ok
2MASS J14464593+4035057,FOS,,y38o1502t_c0f.fits,0.052,ok
2MASS J14464593+4035057,FOS,,y38o1502t_c1f.fits,0.052,ok
2MASS J14464593+4035057,FOS,,y38o1502t_c2f.fits,0.052,ok
2MASS J14464593+4035057,FOS,,y38o1502t_c4f.fits,0.052,ok
2MASS J14464593+4035057,FOS,,y38o1502t_c5f.fits,0.052,ok
2MASS J14464593+4035057,FOS,,y38o1502t_c7f.fits,0.052,ok
2MASS J14464593+4035057,FOS,,y38o1503t_c0f.fits,0.06,ok
2MASS J14464593+4035057,FOS,,y38o1503t_c1f.fits,0.06,ok
2MASS J14464593+4035057,FOS,,y38o1503t_c2f.fits,0.06,ok
2MASS J14464593+4035057,FOS,,y38o1503t_c4f.fits,0.06,ok
2MASS J14464593+4035057,FOS,,y38o1503t_c5f.fits,0.06,ok
2MASS J14464593+4035057,FOS,,y38o1503t_c7f.fits,0.06,ok
2MASS J14464593+4035057,FOS,,y38o1504t_c0f.fits,0.121,ok
2MASS J14464593+4035057,FOS,,y38o1504t_c1f.fits,0.121,ok
2MASS J14464593+4035057,FOS,,y38o1504t_c2f.fits,0.121,ok
2MASS J14464593+4035057,FOS,,y38o1504t_c4f.fits,0.121,ok
2MASS J14464593+4035057,FOS,,y38o1504t_c5f.fits,0.121,ok
2MASS J14464593+4035057,FOS,,y38o1504t_c7f.fits,0.121,ok
2MASS J14550246+0850022,COS,,ldi309010_x1dsum.fits,0.245,ok
2MASS J14550246+0850022,COS,,ldi309020_x1dsum.fits,0.245,ok
2MASS J14550246+0850022,COS,,ldi309030_x1dsum.fits,1.814,ok
2MASS J14550246+0850022,COS,,ldi309rbq_x1d.fits,0.429,ok
2MASS J14550246+0850022,COS,,ldi309rhq_x1d.fits,0.429,ok
2MASS J14550246+0850022,COS,,ldi309rlq_x1d.fits,0.037,ok
2MASS J14550246+0850022,COS,,ldi309rtq_x1d.fits,0.429,ok
2MASS J14550246+0850022,COS,,ldi309rvq_x1d.fits,0.429,ok
2MASS J14550246+0850022,COS,,ldi309ryq_x1d.fits,3.39,ok
2MASS J14550246+0850022,COS,,ldi309s5q_x1d.fits,3.39,ok
2MASS J14550246+0850022,COS,,ldi309s7q_x1d.fits,3.39,ok
2MASS J14550246+0850022,COS,,ldi309saq_x1d.fits,3.39,ok
2MASS J14550246+0850022,COS,,ldi328010_x1dsum.fits,0.245,ok
2MASS J14550246+0850022,COS,,ldi328h0q_x1d.fits,0.429,ok
2MASS J14550246+0850022,COS,,ldi328haq_x1d.fits,0.429,ok
2MASS J15213967+0337292,COS,,lbho54010_x1dsum.fits,1.947,ok
2MASS J15213967+0337292,COS,,lbho54020_x1dsum.fits,1.944,ok
2MASS J15213967+0337292,COS,,lbho54030_x1dsum.fits,1.947,ok
2MASS J15213967+0337292,COS,,lbho54040_x1dsum.fits,1.944,ok
2MASS J15213967+0337292,COS,,lbho54syq_x1d.fits,3.39,ok
2MASS J15213967+0337292,COS,,lbho54tlq_x1d.fits,3.39,ok
2MASS J15213967+0337292,COS,,lbho54tnq_x1d.fits,3.39,ok
2MASS J15213967+0337292,COS,,lbho54tpq_x1d.fits,3.39,ok
2MASS J15265460+5655124,STIS,,ocuv23010_sx1.fits,0.081,ok
2MASS J15322879+0453581,COS,,le2j11010_x1dsum.fits,0.933,ok
2MASS J15322879+0453581,COS,,le2j11vtq_x1d.fits,1.719,ok
2MASS J15322879+0453581,COS,,le2j11vzq_x1d.fits,1.719,ok
2MASS J15322879+0453581,COS,,le2j11w2q_x1d.fits,1.719,ok
2MASS J15322879+0453581,COS,,le2j11w4q_x1d.fits,1.719,ok
2MASS J15322879+0453581,COS,,le2j11w6q_x1d.fits,1.719,ok
2MASS J15322879+0453581,COS,,le2j11waq_x1d.fits,1.719,ok
2MASS J15434073+1128015,COS,,lbji11010_x1dsum.fits,0.245,ok
2MASS J15434073+1128015,COS,,lbji11r1q_x1d.fits,0.429,ok
2MASS J15434073+1128015,COS,,lbji11r3q_x1d.fits,0.429,ok
2MASS J15434073+1128015,COS,,lbji11r7q_x1d.fits,0.429,ok
2MASS J15434073+1128015,COS,,lbji11rcq_x1d.fits,0.429,ok
2MASS J15583777+0813455,COS,,lcld10010_x1dsum.fits,1.814,ok
2MASS J15583777+0813455,COS,,lcld10020_x1dsum.fits,1.817,ok
2MASS J15583777+0813455,COS,,lcld10nfq_x1d.fits,3.39,ok
2MASS J15583777+0813455,COS,,lcld10njq_x1d.fits,3.39,ok
2MASS J15583777+0813455,COS,,lcld10nnq_x1d.fits,3.39,ok
2MASS J15583777+0813455,COS,,lcld10nqq_x1d.fits,3.39,ok
2MASS J15583777+0813455,COS,,lcld10ntq_x1d.fits,3.39,ok
2MASS J15583777+0813455,COS,,lcld10o0q_x1d.fits,3.39,ok
2MASS J15583777+0813455,COS,,lcld10o3q_x1d.fits,3.39,ok
2MASS J15583777+0813455,COS,,lcld10obq_x1d.fits,3.39,ok
2MASS J15583777+0813455,STIS,,ocuv24010_sx1.fits,0.081,ok
2MASS J16151905-0936132,COS,,lc8y14010_x1dsum.fits,1.814,ok
2MASS J16151905-0936132,COS,,lc8y14020_x1dsum.fits,1.817,ok
2MASS J16151905-0936132,COS,,lc8y14s6q_x1d.fits,3.39,ok
2MASS J16151905-0936132,COS,,lc8y14sdq_x1d.fits,3.39,ok
2MASS J16151905-0936132,COS,,lc8y14shq_x1d.fits,3.39,ok
2MASS J16151905-0936132,COS,,lc8y14soq_x1d.fits,3.39,ok
2MASS J16151905-0936132,COS,,lc8y14srq_x1d.fits,3.39,ok
2MASS J16151905-0936132,COS,,lc8y14syq_x1d.fits,3.39,ok
2MASS J16151905-0936132,COS,,lc8y14t1q_x1d.fits,3.39,ok
2MASS J16151905-0936132,COS,,lc8y14t9q_x1d.fits,3.39,ok
2MASS J16171142+0638333,COS,,lb5n04010_x1dsum.fits,1.947,ok
2MASS J16171142+0638333,COS,,lb5n04020_x1dsum.fits,1.814,ok
2MASS J16171142+0638333,COS,,lb5n04030_x1dsum.fits,1.817,ok
2MASS J16171142+0638333,COS,,lb5n04040_x1dsum.fits,1.944,ok
2MASS J16171142+0638333,COS,,lb5n04h9q_x1d.fits,3.39,ok
2MASS J16171142+0638333,COS,,lb5n04heq_x1d.fits,3.39,ok
2MASS J16171142+0638333,COS,,lb5n04hmq_x1d.fits,3.39,ok
2MASS J16171142+0638333,COS,,lb5n04hrq_x1d.fits,3.39,ok
2MASS J16171142+0638333,COS,,lb5n04htq_x1d.fits,3.39,ok
2MASS J16171142+0638333,COS,,lb5n04hvq_x1d.fits,3.39,ok
2MASS J16595894+6202181,COS,,lcvl09010_x1dsum.fits,0.933,ok
2MASS J16595894+6202181,COS,,lcvl09p3q_x1d.fits,1.719,ok
2MASS J16595894+6202181,COS,,lcvl09p9q_x1d.fits,1.719,ok
2MASS J16595894+6202181,COS,,lcvl09pcq_x1d.fits,1.719,ok
2MASS J16595894+6202181,COS,,lcvl09pjq_x1d.fits,1.719,ok
2MASS J17144850+3327383,COS,,lbji04010_x1dsum.fits,1.814,ok
2MASS J17144850+3327383,COS,,lbji04leq_x1d.fits,3.39,ok
2MASS J17144850+3327383,COS,,lbji04lgq_x1d.fits,3.39,ok
2MASS J17144850+3327383,COS,,lbji04liq_x1d.fits,3.39,ok
2MASS J17144850+3327383,COS,,lbji04llq_x1d.fits,3.39,ok
2MASS J17144850+3327383,STIS,,obji17010_sx1.fits,0.081,ok
2MASS J17144850+3327383,STIS,,obji17020_sx1.fits,0.081,ok
2MASS J17144850+3327383,STIS,,obji17030_sx1.fits,0.081,ok
2MASS J17185029+3042017,COS,,lewr19010_x1dsum.fits,0.93,ok
2MASS J17185029+3042017,COS,,lewr19inq_x1d.fits,1.719,ok
2MASS J17185029+3042017,COS,,lewr19ipq_x1d.fits,1.719,ok
2MASS J17185029+3042017,COS,,lewr19itq_x1d.fits,1.719,ok
2MASS J17185029+3042017,COS,,lewr19ivq_x1d.fits,1.719,ok
2MASS J21145258+0607423,STIS,,o6j901010_x1d.fits,0.078,ok
2MASS J21145258+0607423,STIS,,o6j901020_x1d.fits,0.078,ok
2MASS J21145258+0607423,STIS,,ocs001010_x1d.fits,0.078,ok
2MASS J21145258+0607423,STIS,,ocs001020_x1d.fits,0.078,ok
2MASS J21145258+0607423,STIS,,ocs002010_x1d.fits,0.078,ok
2MASS J21145258+0607423,STIS,,ocs002020_x1d.fits,0.078,ok
2MASS J21145258+0607423,FOS,,y10g0203t_c0f.fits,0.57,ok
2MASS J21145258+0607423,FOS,,y10g0203t_c1f.fits,0.57,ok
2MASS J21145258+0607423,FOS,,y10g0203t_c2f.fits,0.57,ok
2MASS J21145258+0607423,FOS,,y10g0203t_c4f.fits,0.57,ok
2MASS J21145258+0607423,FOS,,y10g0203t_c5f.fits,0.57,ok
2MASS J21145258+0607423,FOS,,y10g0203t_c7f.fits,0.57,ok
2MASS J21145258+0607423,FOS,,y10g0204t_c0f.fits,0.57,ok
2MASS J21145258+0607423,FOS,,y10g0204t_c1f.fits,0.57,ok
2MASS J21145258+0607423,FOS,,y10g0204t_c2f.fits,0.57,ok
2MASS J21145258+0607423,FOS,,y10g0204t_c4f.fits,0.57,ok
2MASS J21145258+0607423,FOS,,y10g0204t_c5f.fits,0.57,ok
2MASS J21145258+0607423,FOS,,y10g0204t_c7f.fits,0.57,ok
2MASS J21145258+0607423,FOS,,y10g0205t_c0f.fits,0.415,ok
2MASS J21145258+0607423,FOS,,y10g0205t_c1f.fits,0.415,ok
2MASS J21145258+0607423,FOS,,y10g0205t_c2f.fits,0.415,ok
2MASS J21145258+0607423,FOS,,y10g0205t_c4f.fits,0.415,ok
2MASS J21145258+0607423,FOS,,y10g0205t_c5f.fits,0.415,ok
2MASS J21145258+0607423,FOS,,y10g0205t_c7f.fits,0.415,ok
2MASS J22360767+1343554,STIS,,o6mz4j010_x1d.fits,0.078,ok
2MASS J22484115-5109532,COS,,lb4f01010_x1dsum.fits,1.944,ok
2MASS J22484115-5109532,COS,,lb4f01020_x1dsum.fits,1.814,ok
2MASS J22484115-5109532,COS,,lb4f01030_x1dsum.fits,1.944,ok
2MASS J22484115-5109532,COS,,lb4f01ujq_x1d.fits,3.39,ok
2MASS J22484115-5109532,COS,,lb4f01uqq_x1d.fits,3.39,ok
2MASS J22484115-5109532,COS,,lb4f01utq_x1d.fits,3.39,ok
2MASS J22484115-5109532,COS,,lb4f01v1q_x1d.fits,3.39,ok
2MASS J22484115-5109532,COS,,lb4f01v7q_x1d.fits,3.39,ok
2MASS J22484115-5109532,COS,,lb4f02010_x1dsum.fits,1.944,ok
2MASS J22484115-5109532,COS,,lb4f02020_x1dsum.fits,1.944,ok
2MASS J22484115-5109532,COS,,lb4f02030_x1dsum.fits,1.944,ok
2MASS J22484115-5109532,COS,,lb4f02040_x1dsum.fits,1.944,ok
2MASS J22484115-5109532,COS,,lb4f02z0q_x1d.fits,3.39,ok
2MASS J22484115-5109532,COS,,lb4f02zbq_x1d.fits,3.39,ok
2MASS J22484115-5109532,COS,,lb4f02zkq_x1d.fits,3.39,ok
2MASS J22484115-5109532,COS,,lb4f02zvq_x1d.fits,3.39,ok
2MASSI J0352305-071102,COS,,ldar01010_x1dsum.fits,1.814,ok
2MASSI J0352305-071102,COS,,ldar01020_x1dsum.fits,1.814,ok
2MASSI J0352305-071102,COS,,ldar01030_x1dsum.fits,1.814,ok
2MASSI J0352305-071102,COS,,ldar01040_x1dsum.fits,1.814,ok
2MASSI J0352305-071102,COS,,ldar01f1q_x1d.fits,3.39,ok
2MASSI J0352305-071102,COS,,ldar01f3q_x1d.fits,3.39,ok
2MASSI J0352305-071102,COS,,ldar01f5q_x1d.fits,3.39,ok
2MASSI J0352305-071102,COS,,ldar01f7q_x1d.fits,3.39,ok
2MASSI J0352305-071102,COS,,ldar01fbq_x1d.fits,3.39,ok
2MASSI J0352305-071102,COS,,ldar01fdq_x1d.fits,3.39,ok
2MASSI J0352305-071102,COS,,ldar01ffq_x1d.fits,3.39,ok
2MASSI J0352305-071102,COS,,ldar01fhq_x1d.fits,3.39,ok
2MASSI J0352305-071102,COS,,ldar01fjq_x1d.fits,3.39,ok
2MASSI J0352305-071102,COS,,ldar01flq_x1d.fits,3.39,ok
2MASSI J0352305-071102,COS,,ldar01fnq_x1d.fits,3.39,ok
2MASSI J0352305-071102,COS,,ldar01fpq_x1d.fits,3.39,ok
2MASSI J0352305-071102,COS,,ldar01frq_x1d.fits,3.39,ok
2MASSI J0352305-071102,COS,,ldar01ftq_x1d.fits,3.39,ok
2MASSI J0352305-071102,COS,,ldar01fvq_x1d.fits,3.39,ok
2MASSI J0352305-071102,COS,,ldar01fxq_x1d.fits,3.39,ok
2MASSI J0352305-071102,FOS,,y1hh0n02t_c0f.fits,0.066,ok
2MASSI J0352305-071102,FOS,,y1hh0n02t_c1f.fits,0.066,ok
2MASSI J0352305-071102,FOS,,y1hh0n02t_c2f.fits,0.066,ok
2MASSI J0352305-071102,FOS,,y1hh0n02t_c4f.fits,0.066,ok
2MASSI J0352305-071102,FOS,,y1hh0n02t_c5f.fits,0.066,ok
2MASSI J0352305-071102,FOS,,y1hh0n02t_c7f.fits,0.066,ok
2MASSI J0859463+274534,STIS,,of7v09010_x1d.fits,0.078,ok
2MASSI-J091848.6+211717,STIS,,o6g903010_x1d.fits,0.078,ok
2MASSI-J165939.7+183436,STIS,,o6g908010_x1d.fits,0.078,ok
2MASX J00122399-1022269,COS,,lbho76010_x1dsum.fits,1.947,ok
2MASX J00122399-1022269,COS,,lbho76020_x1dsum.fits,1.814,ok
2MASX J00122399-1022269,COS,,lbho76030_x1dsum.fits,1.817,ok
2MASX J00122399-1022269,COS,,lbho76040_x1dsum.fits,1.944,ok
2MASX J00122399-1022269,COS,,lbho76isq_x1d.fits,3.39,ok
2MASX J00122399-1022269,COS,,lbho76iwq_x1d.fits,3.39,ok
2MASX J00122399-1022269,COS,,lbho76iyq_x1d.fits,3.39,ok
2MASX J00122399-1022269,COS,,lbho76j2q_x1d.fits,3.39,ok
2MASX J00122399-1022269,COS,,lbho76j6q_x1d.fits,3.39,ok
2MASX J00122399-1022269,COS,,lbho76jbq_x1d.fits,3.39,ok
2MASX J00122399-1022269,COS,,lbji07010_x1dsum.fits,1.814,ok
2MASX J00122399-1022269,COS,,lbji07j6q_x1d.fits,3.39,ok
2MASX J00122399-1022269,COS,,lbji07j8q_x1d.fits,3.39,ok
2MASX J00122399-1022269,COS,,lbji07jaq_x1d.fits,3.39,ok
2MASX J00122399-1022269,COS,,lbji07jcq_x1d.fits,3.39,ok
2MASX J00122399-1022269,STIS,,obji20010_sx1.fits,0.081,ok
2MASX J00122399-1022269,STIS,,obji20020_sx1.fits,0.081,ok
2MASX J00122399-1022269,STIS,,obji20030_sx1.fits,0.081,ok
2MASX J13053451+1819328,COS,,lbji02010_x1dsum.fits,1.814,ok
2MASX J13053451+1819328,COS,,lbji02luq_x1d.fits,3.39,ok
2MASX J13053451+1819328,COS,,lbji02lwq_x1d.fits,3.39,ok
2MASX J13053451+1819328,COS,,lbji02lyq_x1d.fits,3.39,ok
2MASX J13053451+1819328,COS,,lbji02m2q_x1d.fits,3.39,ok
2MASX J13053451+1819328,STIS,,obji15010_sx1.fits,0.081,ok
2MASX J13053451+1819328,STIS,,obji15020_sx1.fits,0.081,ok
2MASX J13053451+1819328,STIS,,obji15030_sx1.fits,0.081,ok
2MASX J14510879+2709272,COS,,lbho59010_x1dsum.fits,1.947,ok
2MASX J14510879+2709272,COS,,lbho59020_x1dsum.fits,1.814,ok
2MASX J14510879+2709272,COS,,lbho59030_x1dsum.fits,1.817,ok
2MASX J14510879+2709272,COS,,lbho59040_x1dsum.fits,1.944,ok
2MASX J14510879+2709272,COS,,lbho59ggq_x1d.fits,3.39,ok
2MASX J14510879+2709272,COS,,lbho59gkq_x1d.fits,3.39,ok
2MASX J14510879+2709272,COS,,lbho59gpq_x1d.fits,3.39,ok
2MASX J14510879+2709272,COS,,lbho59gtq_x1d.fits,3.39,ok
2MASX J14510879+2709272,COS,,lbho59gxq_x1d.fits,3.39,ok
2MASX J14510879+2709272,COS,,lbho59h2q_x1d.fits,3.39,ok
2MASX J14510879+2709272,STIS,,of9m07010_x1d.fits,0.078,ok
2MASX J14510879+2709272,STIS,,of9m07020_x1d.fits,0.078,ok
2MASX J14510879+2709272,STIS,,of9m07030_x1d.fits,0.078,ok
2MASX J14510879+2709272,STIS,,of9m07040_x1d.fits,0.078,ok
2MASX-J00391586-5117013,COS,,lb5a01010_x1dsum.fits,1.817,ok
2MASX-J00391586-5117013,COS,,lb5a01xyq_x1d.fits,3.39,ok
2MASX-J00391586-5117013,COS,,lb5a01yfq_x1d.fits,3.39,ok
2MASX-J00391586-5117013,COS,,lb5a01yiq_x1d.fits,3.39,ok
2MASX-J00391586-5117013,COS,,lc2201010_x1dsum.fits,1.817,ok
2MASX-J00391586-5117013,COS,,lc2201020_x1dsum.fits,0.93,ok
2MASX-J00391586-5117013,COS,,lc2201mjq_x1d.fits,3.39,ok
2MASX-J00391586-5117013,COS,,lc2201mlq_x1d.fits,3.39,ok
2MASX-J00391586-5117013,COS,,lc2201mnq_x1d.fits,1.719,ok
2MASX-J00391586-5117013,COS,,lc2201mpq_x1d.fits,1.719,ok
2MASX-J00391586-5117013,COS,,lc2202010_x1dsum.fits,1.817,ok
2MASX-J00391586-5117013,COS,,lc2202020_x1dsum.fits,0.93,ok
2MASX-J00391586-5117013,COS,,lc2202t4q_x1d.fits,3.39,ok
2MASX-J00391586-5117013,COS,,lc2202t6q_x1d.fits,3.39,ok
2MASX-J00391586-5117013,COS,,lc2202tiq_x1d.fits,1.719,ok
2MASX-J00391586-5117013,COS,,lc2202tlq_x1d.fits,1.719,ok
2MASX-J00391586-5117013,COS,,lcsy01010_x1dsum.fits,0.933,ok
2MASX-J00391586-5117013,COS,,lcsy01emq_x1d.fits,1.719,ok
2MASX-J00391586-5117013,COS,,lcsy01eoq_x1d.fits,1.719,ok
2MASX-J00391586-5117013,COS,,lcsy01eqq_x1d.fits,1.719,ok
2MASX-J00391586-5117013,COS,,lcsy01esq_x1d.fits,1.719,ok
2MASX-J00391586-5117013,COS,,ld6201010_x1dsum.fits,0.933,ok
2MASX-J00391586-5117013,COS,,ld6201jiq_x1d.fits,1.719,ok
2MASX-J00391586-5117013,COS,,ld6201jlq_x1d.fits,1.719,ok
2MASX-J00391586-5117013,COS,,ld6201jnq_x1d.fits,1.719,ok
2MASX-J00391586-5117013,COS,,ld6201jpq_x1d.fits,1.719,ok
2MASX-J00391586-5117013,FOS,,y3790102t_c0f.fits,0.095,ok
2MASX-J00391586-5117013,FOS,,y3790102t_c1f.fits,0.095,ok
2MASX-J00391586-5117013,FOS,,y3790102t_c2f.fits,0.095,ok
2MASX-J00391586-5117013,FOS,,y3790102t_c4f.fits,0.095,ok
2MASX-J00391586-5117013,FOS,,y3790102t_c5f.fits,0.095,ok
2MASX-J00391586-5117013,FOS,,y3790102t_c7f.fits,0.095,ok
2MASX-J00391586-5117013,FOS,,y3790103t_c0f.fits,0.101,ok
2MASX-J00391586-5117013,FOS,,y3790103t_c1f.fits,0.101,ok
2MASX-J00391586-5117013,FOS,,y3790103t_c2f.fits,0.101,ok
2MASX-J00391586-5117013,FOS,,y3790103t_c4f.fits,0.101,ok
2MASX-J00391586-5117013,FOS,,y3790103t_c5f.fits,0.101,ok
2MASX-J00391586-5117013,FOS,,y3790103t_c7f.fits,0.101,ok
2MASX-J00391586-5117013,FOS,,y3790104t_c0f.fits,0.043,ok
2MASX-J00391586-5117013,FOS,,y3790104t_c1f.fits,0.043,ok
2MASX-J00391586-5117013,FOS,,y3790104t_c2f.fits,0.043,ok
2MASX-J00391586-5117013,FOS,,y3790104t_c4f.fits,0.043,ok
2MASX-J00391586-5117013,FOS,,y3790104t_c5f.fits,0.043,ok
2MASX-J00391586-5117013,FOS,,y3790104t_c7f.fits,0.043,ok
2MASX-J00391586-5117013,FOS,,y3790105t_c0f.fits,0.138,ok
2MASX-J00391586-5117013,FOS,,y3790105t_c1f.fits,0.138,ok
2MASX-J00391586-5117013,FOS,,y3790105t_c2f.fits,0.138,ok
2MASX-J00391586-5117013,FOS,,y3790105t_c4f.fits,0.138,ok
2MASX-J00391586-5117013,FOS,,y3790105t_c5f.fits,0.138,ok
2MASX-J00391586-5117013,FOS,,y3790105t_c7f.fits,0.138,ok
2MASX-J00391586-5117013,FOS,,y3790106t_c0f.fits,0.078,ok
2MASX-J00391586-5117013,FOS,,y3790106t_c1f.fits,0.078,ok
2MASX-J00391586-5117013,FOS,,y3790106t_c2f.fits,0.078,ok
2MASX-J00391586-5117013,FOS,,y3790106t_c4f.fits,0.078,ok
2MASX-J00391586-5117013,FOS,,y3790106t_c5f.fits,0.078,ok
2MASX-J00391586-5117013,FOS,,y3790106t_c7f.fits,0.078,ok
2MASX-J00391586-5117013,FOS,,y3790107t_c0f.fits,0.121,ok
2MASX-J00391586-5117013,FOS,,y3790107t_c1f.fits,0.121,ok
2MASX-J00391586-5117013,FOS,,y3790107t_c2f.fits,0.121,ok
2MASX-J00391586-5117013,FOS,,y3790107t_c4f.fits,0.121,ok
2MASX-J00391586-5117013,FOS,,y3790107t_c5f.fits,0.121,ok
2MASX-J00391586-5117013,FOS,,y3790107t_c7f.fits,0.121,ok
2MASX-J00391586-5117013,FOS,,y3790108t_c0f.fits,0.101,ok
2MASX-J00391586-5117013,FOS,,y3790108t_c1f.fits,0.101,ok
2MASX-J00391586-5117013,FOS,,y3790108t_c2f.fits,0.101,ok
2MASX-J00391586-5117013,FOS,,y3790108t_c4f.fits,0.101,ok
2MASX-J00391586-5117013,FOS,,y3790108t_c5f.fits,0.101,ok
2MASX-J00391586-5117013,FOS,,y3790108t_c7f.fits,0.101,ok
2QZ J111054.9+004853,STIS,,o8ex39010_x1d.fits,0.078,ok
2QZ J111054.9+004853,STIS,,o8ex39020_x1d.fits,0.078,ok
3C 196,STIS,,odn501010_x1d.fits,0.078,ok
3C 196,STIS,,odn501020_x1d.fits,0.078,ok
3C 196,STIS,,odn501030_x1d.fits,0.078,ok
3C 196,STIS,,odn501040_x1d.fits,0.078,ok
3C 196,STIS,,odn501050_x1d.fits,0.078,ok
3C 196,STIS,,odn502010_x1d.fits,0.078,ok
3C 196,STIS,,odn502020_x1d.fits,0.078,ok
3C 196,STIS,,odn502030_x1d.fits,0.078,ok
3C 196,STIS,,odn503010_x1d.fits,0.081,ok
3C 196,STIS,,odn503020_x1d.fits,0.081,ok
3C 196,STIS,,odn503030_x1d.fits,0.081,ok
3C 196,FOS,,y0pl0303t_c0f.fits,0.118,ok
3C 196,FOS,,y0pl0303t_c1f.fits,0.118,ok
3C 196,FOS,,y0pl0303t_c2f.fits,0.118,ok
3C 196,FOS,,y0pl0303t_c4f.fits,0.118,ok
3C 196,FOS,,y0pl0303t_c5f.fits,0.118,ok
3C 196,FOS,,y0pl0303t_c7f.fits,0.118,ok
3C 196,FOS,,y0zw0202t_c0f.fits,0.53,ok
3C 196,FOS,,y0zw0202t_c1f.fits,0.53,ok
3C 196,FOS,,y0zw0202t_c2f.fits,0.53,ok
3C 196,FOS,,y0zw0202t_c4f.fits,0.53,ok
3C 196,FOS,,y0zw0202t_c5f.fits,0.53,ok
3C 196,FOS,,y0zw0202t_c7f.fits,0.53,ok
3C 196,FOS,,y0zw0203t_c0f.fits,0.53,ok
3C 196,FOS,,y0zw0203t_c1f.fits,0.53,ok
3C 196,FOS,,y0zw0203t_c2f.fits,0.53,ok
3C 196,FOS,,y0zw0203t_c4f.fits,0.53,ok
3C 196,FOS,,y0zw0203t_c5f.fits,0.53,ok
3C 196,FOS,,y0zw0203t_c7f.fits,0.53,ok
3C 196,FOS,,y0zw0204t_c0f.fits,0.53,ok
3C 196,FOS,,y0zw0204t_c1f.fits,0.53,ok
3C 196,FOS,,y0zw0204t_c2f.fits,0.53,ok
3C 196,FOS,,y0zw0204t_c4f.fits,0.53,ok
3C 196,FOS,,y0zw0204t_c5f.fits,0.53,ok
3C 196,FOS,,y0zw0204t_c7f.fits,0.53,ok
3C 196,FOS,,y0zw0205t_c0f.fits,0.53,ok
3C 196,FOS,,y0zw0205t_c1f.fits,0.53,ok
3C 196,FOS,,y0zw0205t_c2f.fits,0.53,ok
3C 196,FOS,,y0zw0205t_c4f.fits,0.53,ok
3C 196,FOS,,y0zw0205t_c5f.fits,0.53,ok
3C 196,FOS,,y0zw0205t_c7f.fits,0.53,ok
3C 196,FOS,,y2b10502t_c0f.fits,0.06,ok
3C 196,FOS,,y2b10502t_c1f.fits,0.06,ok
3C 196,FOS,,y2b10502t_c2f.fits,0.06,ok
3C 196,FOS,,y2b10502t_c4f.fits,0.06,ok
3C 196,FOS,,y2b10502t_c5f.fits,0.06,ok
3C 196,FOS,,y2b10502t_c7f.fits,0.06,ok
3C 196,FOS,,y2b10503t_c0f.fits,0.086,ok
3C 196,FOS,,y2b10503t_c1f.fits,0.086,ok
3C 196,FOS,,y2b10503t_c2f.fits,0.086,ok
3C 196,FOS,,y2b10503t_c4f.fits,0.086,ok
3C 196,FOS,,y2b10503t_c5f.fits,0.086,ok
3C 196,FOS,,y2b10503t_c7f.fits,0.086,ok
3C 273,COS,,lbgl31010_x1dsum.fits,1.944,ok
3C 273,COS,,lbgl31020_x1dsum.fits,1.814,ok
3C 273,COS,,lbgl31030_x1dsum.fits,1.814,ok
3C 273,COS,,lbgl31040_x1dsum.fits,1.944,ok
3C 273,COS,,lbgl31050_x1dsum.fits,1.944,ok
3C 273,COS,,lbgl31rjq_x1d.fits,3.39,ok
3C 273,COS,,lbgl31rlq_x1d.fits,3.39,ok
3C 273,COS,,lbgl31roq_x1d.fits,3.39,ok
3C 273,COS,,lbgl31rqq_x1d.fits,3.39,ok
3C 273,COS,,lbgl31rsq_x1d.fits,3.39,ok
3C 273,COS,,lbgl31ruq_x1d.fits,3.39,ok
3C 273,COS,,lbgl31rwq_x1d.fits,3.39,ok
3C 273,FOS,,y0g40106t_c0f.fits,0.049,ok
3C 273,FOS,,y0g40106t_c1f.fits,0.049,ok
3C 273,FOS,,y0g40106t_c2f.fits,0.049,ok
3C 273,FOS,,y0g40106t_c4f.fits,0.049,ok
3C 273,FOS,,y0g40106t_c5f.fits,0.049,ok
3C 273,FOS,,y0g40106t_c7f.fits,0.049,ok
3C 273,FOS,,y0g40107t_c0f.fits,0.066,ok
3C 273,FOS,,y0g40107t_c1f.fits,0.066,ok
3C 273,FOS,,y0g40107t_c2f.fits,0.066,ok
3C 273,FOS,,y0g40107t_c4f.fits,0.066,ok
3C 273,FOS,,y0g40107t_c5f.fits,0.066,ok
3C 273,FOS,,y0g40107t_c7f.fits,0.066,ok
3C 273,FOS,,y0g40108t_c0f.fits,0.04,ok
3C 273,FOS,,y0g40108t_c1f.fits,0.04,ok
3C 273,FOS,,y0g40108t_c2f.fits,0.04,ok
3C 273,FOS,,y0g40108t_c4f.fits,0.04,ok
3C 273,FOS,,y0g40108t_c5f.fits,0.04,ok
3C 273,FOS,,y0g40108t_c7f.fits,0.04,ok
3C 273,FOS,,y0g40109t_c0f.fits,0.084,ok
3C 273,FOS,,y0g40109t_c1f.fits,0.084,ok
3C 273,FOS,,y0g40109t_c2f.fits,0.084,ok
3C 273,FOS,,y0g40109t_c4f.fits,0.084,ok
3C 273,FOS,,y0g40109t_c5f.fits,0.084,ok
3C 273,FOS,,y0g40109t_c7f.fits,0.084,ok
3C 273,FOS,,y0g4010at_c0f.fits,0.04,ok
3C 273,FOS,,y0g4010at_c1f.fits,0.04,ok
3C 273,FOS,,y0g4010at_c2f.fits,0.04,ok
3C 273,FOS,,y0g4010at_c4f.fits,0.04,ok
3C 273,FOS,,y0g4010at_c5f.fits,0.04,ok
3C 273,FOS,,y0g4010at_c7f.fits,0.04,ok
3C 273,FOS,,y0g4010bt_c0f.fits,0.075,ok
3C 273,FOS,,y0g4010bt_c1f.fits,0.075,ok
3C 273,FOS,,y0g4010bt_c2f.fits,0.075,ok
3C 273,FOS,,y0g4010bt_c4f.fits,0.075,ok
3C 273,FOS,,y0g4010bt_c5f.fits,0.075,ok
3C 273,FOS,,y0g4010bt_c7f.fits,0.075,ok
3C 273,FOS,,y0g4010ct_c0f.fits,0.075,ok
3C 273,FOS,,y0g4010ct_c1f.fits,0.075,ok
3C 273,FOS,,y0g4010ct_c2f.fits,0.075,ok
3C 273,FOS,,y0g4010ct_c4f.fits,0.075,ok
3C 273,FOS,,y0g4010ct_c5f.fits,0.075,ok
3C 273,FOS,,y0g4010ct_c7f.fits,0.075,ok
3C 273,FOS,,y0g4010dt_c0f.fits,0.04,ok
3C 273,FOS,,y0g4010dt_c1f.fits,0.04,ok
3C 273,FOS,,y0g4010dt_c2f.fits,0.04,ok
3C 273,FOS,,y0g4010dt_c4f.fits,0.04,ok
3C 273,FOS,,y0g4010dt_c5f.fits,0.04,ok
3C 273,FOS,,y0g4010dt_c7f.fits,0.04,ok
3C 273,FOS,,y0g4010ft_c0f.fits,0.098,ok
3C 273,FOS,,y0g4010ft_c1f.fits,0.098,ok
3C 273,FOS,,y0g4010ft_c2f.fits,0.098,ok
3C 273,FOS,,y0g4010ft_c4f.fits,0.098,ok
3C 273,FOS,,y0g4010ft_c5f.fits,0.098,ok
3C 273,FOS,,y0g4010ft_c7f.fits,0.098,ok
3C 273,FOS,,y0g4010gt_c0f.fits,0.04,ok
3C 273,FOS,,y0g4010gt_c1f.fits,0.04,ok
3C 273,FOS,,y0g4010gt_c2f.fits,0.04,ok
3C 273,FOS,,y0g4010gt_c4f.fits,0.04,ok
3C 273,FOS,,y0g4010gt_c5f.fits,0.04,ok
3C 273,FOS,,y0g4010gt_c7f.fits,0.04,ok
3C 273,FOS,,y0g40206t_c0f.fits,0.132,ok
3C 273,FOS,,y0g40206t_c1f.fits,0.132,ok
3C 273,FOS,,y0g40206t_c2f.fits,0.132,ok
3C 273,FOS,,y0g40206t_c4f.fits,0.132,ok
3C 273,FOS,,y0g40206t_c5f.fits,0.132,ok
3C 273,FOS,,y0g40206t_c7f.fits,0.132,ok
3C 273,FOS,,y0g40207t_c0f.fits,0.225,ok
3C 273,FOS,,y0g40207t_c1f.fits,0.225,ok
3C 273,FOS,,y0g40207t_c2f.fits,0.225,ok
3C 273,FOS,,y0g40207t_c4f.fits,0.225,ok
3C 273,FOS,,y0g40207t_c5f.fits,0.225,ok
3C 273,FOS,,y0g40207t_c7f.fits,0.225,ok
3C 273,FOS,,y0g40208t_c0f.fits,0.04,ok
3C 273,FOS,,y0g40208t_c1f.fits,0.04,ok
3C 273,FOS,,y0g40208t_c2f.fits,0.04,ok
3C 273,FOS,,y0g40208t_c4f.fits,0.04,ok
3C 273,FOS,,y0g40208t_c5f.fits,0.04,ok
3C 273,FOS,,y0g40208t_c7f.fits,0.04,ok
3C 273,FOS,,y0g40209t_c0f.fits,0.325,ok
3C 273,FOS,,y0g40209t_c1f.fits,0.325,ok
3C 273,FOS,,y0g40209t_c2f.fits,0.325,ok
3C 273,FOS,,y0g40209t_c4f.fits,0.325,ok
3C 273,FOS,,y0g40209t_c5f.fits,0.325,ok
3C 273,FOS,,y0g40209t_c7f.fits,0.325,ok
3C 273,FOS,,y0g4020at_c0f.fits,0.04,ok
3C 273,FOS,,y0g4020at_c1f.fits,0.04,ok
3C 273,FOS,,y0g4020at_c2f.fits,0.04,ok
3C 273,FOS,,y0g4020at_c4f.fits,0.04,ok
3C 273,FOS,,y0g4020at_c5f.fits,0.04,ok
3C 273,FOS,,y0g4020at_c7f.fits,0.04,ok
3C 273,FOS,,y0g4020bt_c0f.fits,0.288,ok
3C 273,FOS,,y0g4020bt_c1f.fits,0.288,ok
3C 273,FOS,,y0g4020bt_c2f.fits,0.288,ok
3C 273,FOS,,y0g4020bt_c4f.fits,0.288,ok
3C 273,FOS,,y0g4020bt_c5f.fits,0.288,ok
3C 273,FOS,,y0g4020bt_c7f.fits,0.288,ok
3C 273,FOS,,y0g4020ct_c0f.fits,0.288,ok
3C 273,FOS,,y0g4020ct_c1f.fits,0.288,ok
3C 273,FOS,,y0g4020ct_c2f.fits,0.288,ok
3C 273,FOS,,y0g4020ct_c4f.fits,0.288,ok
3C 273,FOS,,y0g4020ct_c5f.fits,0.288,ok
3C 273,FOS,,y0g4020ct_c7f.fits,0.288,ok
3C 273,FOS,,y0g4020dt_c0f.fits,0.04,ok
3C 273,FOS,,y0g4020dt_c1f.fits,0.04,ok
3C 273,FOS,,y0g4020dt_c2f.fits,0.04,ok
3C 273,FOS,,y0g4020dt_c4f.fits,0.04,ok
3C 273,FOS,,y0g4020dt_c5f.fits,0.04,ok
3C 273,FOS,,y0g4020dt_c7f.fits,0.04,ok
3C 273,FOS,,y0g4020et_c0f.fits,0.314,ok
3C 273,FOS,,y0g4020et_c1f.fits,0.314,ok
3C 273,FOS,,y0g4020et_c2f.fits,0.314,ok
3C 273,FOS,,y0g4020et_c4f.fits,0.314,ok
3C 273,FOS,,y0g4020et_c5f.fits,0.314,ok
3C 273,FOS,,y0g4020et_c7f.fits,0.314,ok
3C 273,FOS,,y0g4020ft_c0f.fits,0.314,ok
3C 273,FOS,,y0g4020ft_c1f.fits,0.314,ok
3C 273,FOS,,y0g4020ft_c2f.fits,0.314,ok
3C 273,FOS,,y0g4020ft_c4f.fits,0.314,ok
3C 273,FOS,,y0g4020ft_c5f.fits,0.314,ok
3C 273,FOS,,y0g4020ft_c7f.fits,0.314,ok
3C 273,FOS,,y0g4020gt_c0f.fits,0.04,ok
3C 273,FOS,,y0g4020gt_c1f.fits,0.04,ok
3C 273,FOS,,y0g4020gt_c2f.fits,0.04,ok
3C 273,FOS,,y0g4020gt_c4f.fits,0.04,ok
3C 273,FOS,,y0g4020gt_c5f.fits,0.04,ok
3C 273,FOS,,y0g4020gt_c7f.fits,0.04,ok
3C 273,FOS,,y0g4020ht_c0f.fits,0.357,ok
3C 273,FOS,,y0g4020ht_c1f.fits,0.357,ok
3C 273,FOS,,y0g4020ht_c2f.fits,0.357,ok
3C 273,FOS,,y0g4020ht_c4f.fits,0.357,ok
3C 273,FOS,,y0g4020ht_c5f.fits,0.357,ok
3C 273,FOS,,y0g4020ht_c7f.fits,0.357,ok
3C 273,FOS,,y0g4020it_c0f.fits,0.04,ok
3C 273,FOS,,y0g4020it_c1f.fits,0.04,ok
3C 273,FOS,,y0g4020it_c2f.fits,0.04,ok
3C 273,FOS,,y0g4020it_c4f.fits,0.04,ok
3C 273,FOS,,y0g4020it_c5f.fits,0.04,ok
3C 273,FOS,,y0g4020it_c7f.fits,0.04,ok
3C 273,FOS,,y0g4020jt_c0f.fits,0.245,ok
3C 273,FOS,,y0g4020jt_c1f.fits,0.245,ok
3C 273,FOS,,y0g4020jt_c2f.fits,0.245,ok
3C 273,FOS,,y0g4020jt_c4f.fits,0.245,ok
3C 273,FOS,,y0g4020jt_c5f.fits,0.245,ok
3C 273,FOS,,y0g4020jt_c7f.fits,0.245,ok
3C 273,FOS,,y0g4020lt_c0f.fits,0.144,ok
3C 273,FOS,,y0g4020lt_c1f.fits,0.144,ok
3C 273,FOS,,y0g4020lt_c2f.fits,0.144,ok
3C 273,FOS,,y0g4020lt_c4f.fits,0.144,ok
3C 273,FOS,,y0g4020lt_c5f.fits,0.144,ok
3C 273,FOS,,y0g4020lt_c7f.fits,0.144,ok
3C 273,FOS,,y0g4020nt_c0f.fits,0.461,ok
3C 273,FOS,,y0g4020nt_c1f.fits,0.461,ok
3C 273,FOS,,y0g4020nt_c2f.fits,0.461,ok
3C 273,FOS,,y0g4020nt_c4f.fits,0.461,ok
3C 273,FOS,,y0g4020nt_c5f.fits,0.461,ok
3C 273,FOS,,y0g4020nt_c7f.fits,0.461,ok
3C 273,FOS,,y0g4020pt_c0f.fits,0.418,ok
3C 273,FOS,,y0g4020pt_c1f.fits,0.418,ok
3C 273,FOS,,y0g4020pt_c2f.fits,0.418,ok
3C 273,FOS,,y0g4020pt_c4f.fits,0.418,ok
3C 273,FOS,,y0g4020pt_c5f.fits,0.418,ok
3C 273,FOS,,y0g4020pt_c7f.fits,0.418,ok
3C 273,FOS,,y0nb0102t_c0f.fits,0.167,ok
3C 273,FOS,,y0nb0102t_c1f.fits,0.167,ok
3C 273,FOS,,y0nb0102t_c2f.fits,0.167,ok
3C 273,FOS,,y0nb0102t_c3f.fits,0.513,ok
3C 273,FOS,,y0nb0102t_c4f.fits,0.167,ok
3C 273,FOS,,y0nb0102t_c5f.fits,0.167,ok
3C 273,FOS,,y0nb0102t_c7f.fits,0.167,ok
3C 273,FOS,,y0nb0103t_c0f.fits,0.167,ok
3C 273,FOS,,y0nb0103t_c1f.fits,0.167,ok
3C 273,FOS,,y0nb0103t_c2f.fits,0.167,ok
3C 273,FOS,,y0nb0103t_c3f.fits,0.513,ok
3C 273,FOS,,y0nb0103t_c4f.fits,0.167,ok
3C 273,FOS,,y0nb0103t_c5f.fits,0.167,ok
3C 273,FOS,,y0nb0103t_c7f.fits,0.167,ok
3C 273,FOS,,y0nb0104t_c0f.fits,0.167,ok
3C 273,FOS,,y0nb0104t_c1f.fits,0.167,ok
3C 273,FOS,,y0nb0104t_c2f.fits,0.167,ok
3C 273,FOS,,y0nb0104t_c3f.fits,0.513,ok
3C 273,FOS,,y0nb0104t_c4f.fits,0.167,ok
3C 273,FOS,,y0nb0104t_c5f.fits,0.167,ok
3C 273,FOS,,y0nb0104t_c7f.fits,0.167,ok
3C 273,FOS,,y0nb0105t_c0f.fits,0.167,ok
3C 273,FOS,,y0nb0105t_c1f.fits,0.167,ok
3C 273,FOS,,y0nb0105t_c2f.fits,0.167,ok
3C 273,FOS,,y0nb0105t_c3f.fits,0.513,ok
3C 273,FOS,,y0nb0105t_c4f.fits,0.167,ok
3C 273,FOS,,y0nb0105t_c5f.fits,0.167,ok
3C 273,FOS,,y0nb0105t_c7f.fits,0.167,ok
3C 273,FOS,,y0nb0106t_c0f.fits,0.167,ok
3C 273,FOS,,y0nb0106t_c1f.fits,0.167,ok
3C 273,FOS,,y0nb0106t_c2f.fits,0.167,ok
3C 273,FOS,,y0nb0106t_c3f.fits,0.513,ok
3C 273,FOS,,y0nb0106t_c4f.fits,0.167,ok
3C 273,FOS,,y0nb0106t_c5f.fits,0.167,ok
3C 273,FOS,,y0nb0106t_c7f.fits,0.167,ok
3C 286,STIS,,o55h10010_x1d.fits,0.132,ok
3C 286,STIS,,o55h10020_x1d.fits,0.516,ok
3C 286,STIS,,o6ji05010_x1d.fits,0.06,ok
3C 286,STIS,,o6ji05020_x1d.fits,0.06,ok
3C 286,STIS,,o6ji05030_x1d.fits,0.06,ok
3C 286,STIS,,o6ji05040_x1d.fits,0.06,ok
3C 286,FOS,,y0pl0103t_c0f.fits,0.092,ok
3C 286,FOS,,y0pl0103t_c1f.fits,0.092,ok
3C 286,FOS,,y0pl0103t_c2f.fits,0.092,ok
3C 286,FOS,,y0pl0103t_c4f.fits,0.092,ok
3C 286,FOS,,y0pl0103t_c5f.fits,0.092,ok
3C 286,FOS,,y0pl0103t_c7f.fits,0.092,ok
3C 286,FOS,,y2b10b02t_c0f.fits,0.138,ok
3C 286,FOS,,y2b10b02t_c1f.fits,0.138,ok
3C 286,FOS,,y2b10b02t_c2f.fits,0.138,ok
3C 286,FOS,,y2b10b02t_c4f.fits,0.138,ok
3C 286,FOS,,y2b10b02t_c5f.fits,0.138,ok
3C 286,FOS,,y2b10b02t_c7f.fits,0.138,ok
3C 286,FOS,,y2b10b03t_c0f.fits,0.207,ok
3C 286,FOS,,y2b10b03t_c1f.fits,0.207,ok
3C 286,FOS,,y2b10b03t_c2f.fits,0.207,ok
3C 286,FOS,,y2b10b03t_c4f.fits,0.207,ok
3C 286,FOS,,y2b10b03t_c5f.fits,0.207,ok
3C 286,FOS,,y2b10b03t_c7f.fits,0.207,ok
3C 286,FOS,,y2b10b04t_c0f.fits,0.147,ok
3C 286,FOS,,y2b10b04t_c1f.fits,0.147,ok
3C 286,FOS,,y2b10b04t_c2f.fits,0.147,ok
3C 286,FOS,,y2b10b04t_c4f.fits,0.147,ok
3C 286,FOS,,y2b10b04t_c5f.fits,0.147,ok
3C 286,FOS,,y2b10b04t_c7f.fits,0.147,ok
3C 288.1,STIS,,o53h01010_x1d.fits,0.078,ok
3C 288.1,STIS,,o53h01020_x1d.fits,0.078,ok
3C 288.1,STIS,,o53h01030_x1d.fits,0.078,ok
3C 288.1,STIS,,o53h01040_x1d.fits,0.078,ok
3C 288.1,STIS,,o53h01050_x1d.fits,0.078,ok
3C 288.1,STIS,,o53h02010_x1d.fits,0.078,ok
3C 288.1,STIS,,o53h02020_x1d.fits,0.078,ok
3C 288.1,STIS,,o53h02030_x1d.fits,0.078,ok
3C 288.1,FOS,,y12b0702t_c0f.fits,0.092,ok
3C 288.1,FOS,,y12b0702t_c1f.fits,0.092,ok
3C 288.1,FOS,,y12b0702t_c2f.fits,0.092,ok
3C 288.1,FOS,,y12b0702t_c4f.fits,0.092,ok
3C 288.1,FOS,,y12b0702t_c5f.fits,0.092,ok
3C 288.1,FOS,,y12b0702t_c7f.fits,0.092,ok
3C 288.1,FOS,,y12b0703t_c0f.fits,0.092,ok
3C 288.1,FOS,,y12b0703t_c1f.fits,0.092,ok
3C 288.1,FOS,,y12b0703t_c2f.fits,0.092,ok
3C 288.1,FOS,,y12b0703t_c4f.fits,0.092,ok
3C 288.1,FOS,,y12b0703t_c5f.fits,0.092,ok
3C 288.1,FOS,,y12b0703t_c7f.fits,0.092,ok
3C 332.0,FOS,,y33y0304t_c0f.fits,0.052,ok
3C 332.0,FOS,,y33y0304t_c1f.fits,0.052,ok
3C 332.0,FOS,,y33y0304t_c2f.fits,0.052,ok
3C 332.0,FOS,,y33y0304t_c4f.fits,0.052,ok
3C 332.0,FOS,,y33y0304t_c5f.fits,0.052,ok
3C 332.0,FOS,,y33y0304t_c7f.fits,0.052,ok
3C 332.0,FOS,,y33y0305t_c0f.fits,0.121,ok
3C 332.0,FOS,,y33y0305t_c1f.fits,0.121,ok
3C 332.0,FOS,,y33y0305t_c2f.fits,0.121,ok
3C 332.0,FOS,,y33y0305t_c4f.fits,0.121,ok
3C 332.0,FOS,,y33y0305t_c5f.fits,0.121,ok
3C 332.0,FOS,,y33y0305t_c7f.fits,0.121,ok
3C 332.0,FOS,,y33y0306t_c0f.fits,0.121,ok
3C 332.0,FOS,,y33y0306t_c1f.fits,0.121,ok
3C 332.0,FOS,,y33y0306t_c2f.fits,0.121,ok
3C 332.0,FOS,,y33y0306t_c4f.fits,0.121,ok
3C 332.0,FOS,,y33y0306t_c5f.fits,0.121,ok
3C 332.0,FOS,,y33y0306t_c7f.fits,0.121,ok
3C 332.0,FOS,,y33y0307t_c0f.fits,0.121,ok
3C 332.0,FOS,,y33y0307t_c1f.fits,0.121,ok
3C 332.0,FOS,,y33y0307t_c2f.fits,0.121,ok
3C 332.0,FOS,,y33y0307t_c4f.fits,0.121,ok
3C 332.0,FOS,,y33y0307t_c5f.fits,0.121,ok
3C 332.0,FOS,,y33y0307t_c7f.fits,0.121,ok
3C 332.0,FOS,,y33y0308t_c0f.fits,0.121,ok
3C 332.0,FOS,,y33y0308t_c1f.fits,0.121,ok
3C 332.0,FOS,,y33y0308t_c2f.fits,0.121,ok
3C 332.0,FOS,,y33y0308t_c4f.fits,0.121,ok
3C 332.0,FOS,,y33y0308t_c5f.fits,0.121,ok
3C 332.0,FOS,,y33y0308t_c7f.fits,0.121,ok
3C 332.0,FOS,,y33y0309t_c0f.fits,0.112,ok
3C 332.0,FOS,,y33y0309t_c1f.fits,0.112,ok
3C 332.0,FOS,,y33y0309t_c2f.fits,0.112,ok
3C 332.0,FOS,,y33y0309t_c4f.fits,0.112,ok
3C 332.0,FOS,,y33y0309t_c5f.fits,0.112,ok
3C 332.0,FOS,,y33y0309t_c7f.fits,0.112,ok
3C 332.0,FOS,,y33y030at_c0f.fits,0.199,ok
3C 332.0,FOS,,y33y030at_c1f.fits,0.199,ok
3C 332.0,FOS,,y33y030at_c2f.fits,0.199,ok
3C 332.0,FOS,,y33y030at_c4f.fits,0.199,ok
3C 332.0,FOS,,y33y030at_c5f.fits,0.199,ok
3C 332.0,FOS,,y33y030at_c7f.fits,0.199,ok
3C 332.0,FOS,,y33y030bt_c0f.fits,0.086,ok
3C 332.0,FOS,,y33y030bt_c1f.fits,0.086,ok
3C 332.0,FOS,,y33y030bt_c2f.fits,0.086,ok
3C 332.0,FOS,,y33y030bt_c4f.fits,0.086,ok
3C 332.0,FOS,,y33y030bt_c5f.fits,0.086,ok
3C 332.0,FOS,,y33y030bt_c7f.fits,0.086,ok
3C 332.0,FOS,,y33y030ct_c0f.fits,0.138,ok
3C 332.0,FOS,,y33y030ct_c1f.fits,0.138,ok
3C 332.0,FOS,,y33y030ct_c2f.fits,0.138,ok
3C 332.0,FOS,,y33y030ct_c4f.fits,0.138,ok
3C 332.0,FOS,,y33y030ct_c5f.fits,0.138,ok
3C 332.0,FOS,,y33y030ct_c7f.fits,0.138,ok
3C 454.3,COS,,lccl26010_x1dsum.fits,1.814,ok
3C 454.3,COS,,lccl26l9q_x1d.fits,3.39,ok
3C 454.3,COS,,lccl26leq_x1d.fits,3.39,ok
3C 454.3,COS,,lccl26lhq_x1d.fits,3.39,ok
3C 454.3,COS,,lccl26lpq_x1d.fits,3.39,ok
3C 454.3,COS,,lccl27010_x1dsum.fits,1.814,ok
3C 454.3,COS,,lccl27020_x1dsum.fits,0.245,ok
3C 454.3,COS,,lccl27haq_x1d.fits,3.39,ok
3C 454.3,COS,,lccl27hhq_x1d.fits,3.39,ok
3C 454.3,COS,,lccl27hmq_x1d.fits,3.39,ok
3C 454.3,COS,,lccl27huq_x1d.fits,3.39,ok
3C 454.3,COS,,lccl27hxq_x1d.fits,0.429,ok
3C 454.3,COS,,lccl27i5q_x1d.fits,0.429,ok
3C 454.3,COS,,lccl27i8q_x1d.fits,0.429,ok
3C 454.3,COS,,lccl27ifq_x1d.fits,0.429,ok
3C 454.3,COS,,lccl28010_x1dsum.fits,1.814,ok
3C 454.3,COS,,lccl28xfq_x1d.fits,3.39,ok
3C 454.3,COS,,lccl28xhq_x1d.fits,3.39,ok
3C 454.3,COS,,lccl28xjq_x1d.fits,3.39,ok
3C 454.3,COS,,lccl28xtq_x1d.fits,3.39,ok
3C 454.3,FOS,,y0pe0o02t_c0f.fits,0.066,ok
3C 454.3,FOS,,y0pe0o02t_c1f.fits,0.066,ok
3C 454.3,FOS,,y0pe0o02t_c2f.fits,0.066,ok
3C 454.3,FOS,,y0pe0o02t_c4f.fits,0.066,ok
3C 454.3,FOS,,y0pe0o02t_c5f.fits,0.066,ok
3C 454.3,FOS,,y0pe0o02t_c7f.fits,0.066,ok
3C 454.3,FOS,,y0pe0o03t_c0f.fits,0.092,ok
3C 454.3,FOS,,y0pe0o03t_c1f.fits,0.092,ok
3C 454.3,FOS,,y0pe0o03t_c2f.fits,0.092,ok
3C 454.3,FOS,,y0pe0o03t_c4f.fits,0.092,ok
3C 454.3,FOS,,y0pe0o03t_c5f.fits,0.092,ok
3C 454.3,FOS,,y0pe0o03t_c7f.fits,0.092,ok
3C 454.3,FOS,,y0pe0o04t_c0f.fits,0.075,ok
3C 454.3,FOS,,y0pe0o04t_c1f.fits,0.075,ok
3C 454.3,FOS,,y0pe0o04t_c2f.fits,0.075,ok
3C 454.3,FOS,,y0pe0o04t_c4f.fits,0.075,ok
3C 454.3,FOS,,y0pe0o04t_c5f.fits,0.075,ok
3C 454.3,FOS,,y0pe0o04t_c7f.fits,0.075,ok
3C 454.3,FOS,,y0rv1m03t_c0f.fits,0.409,ok
3C 454.3,FOS,,y0rv1m03t_c1f.fits,0.409,ok
3C 454.3,FOS,,y0rv1m03t_c2f.fits,0.409,ok
3C 454.3,FOS,,y0rv1m03t_c4f.fits,0.409,ok
3C 454.3,FOS,,y0rv1m03t_c5f.fits,0.409,ok
3C 454.3,FOS,,y0rv1m03t_c7f.fits,0.409,ok
3C 454.3,FOS,,y0rv1m04t_c0f.fits,0.409,ok
3C 454.3,FOS,,y0rv1m04t_c1f.fits,0.409,ok
3C 454.3,FOS,,y0rv1m04t_c2f.fits,0.409,ok
3C 454.3,FOS,,y0rv1m04t_c4f.fits,0.409,ok
3C 454.3,FOS,,y0rv1m04t_c5f.fits,0.409,ok
3C 454.3,FOS,,y0rv1m04t_c7f.fits,0.409,ok
3C 454.3,FOS,,y0rv1m05t_c0f.fits,0.409,ok
3C 454.3,FOS,,y0rv1m05t_c1f.fits,0.409,ok
3C 454.3,FOS,,y0rv1m05t_c2f.fits,0.409,ok
3C 454.3,FOS,,y0rv1m05t_c4f.fits,0.409,ok
3C 454.3,FOS,,y0rv1m05t_c5f.fits,0.409,ok
3C 454.3,FOS,,y0rv1m05t_c7f.fits,0.409,ok
3C 454.3,FOS,,y0rv1m06t_c0f.fits,0.34,ok
3C 454.3,FOS,,y0rv1m06t_c1f.fits,0.34,ok
3C 454.3,FOS,,y0rv1m06t_c2f.fits,0.34,ok
3C 454.3,FOS,,y0rv1m06t_c4f.fits,0.34,ok
3C 454.3,FOS,,y0rv1m06t_c5f.fits,0.34,ok
3C 454.3,FOS,,y0rv1m06t_c7f.fits,0.34,ok
3C 454.3,FOS,,y0rv1n01t_c0f.fits,0.158,ok
3C 454.3,FOS,,y0rv1n01t_c1f.fits,0.158,ok
3C 454.3,FOS,,y0rv1n01t_c2f.fits,0.158,ok
3C 454.3,FOS,,y0rv1n01t_c4f.fits,0.158,ok
3C 454.3,FOS,,y0rv1n01t_c5f.fits,0.158,ok
3C 454.3,FOS,,y0rv1n01t_c7f.fits,0.158,ok
3C 454.3,FOS,,y2upa201t_c0f.fits,0.043,ok
3C 454.3,FOS,,y2upa201t_c1f.fits,0.043,ok
3C 454.3,FOS,,y2upa201t_c2f.fits,0.043,ok
3C 454.3,FOS,,y2upa201t_c4f.fits,0.043,ok
3C 454.3,FOS,,y2upa201t_c5f.fits,0.043,ok
3C 454.3,FOS,,y2upa201t_c7f.fits,0.043,ok
3C 454.3,FOS,,y2upa202t_c0f.fits,0.043,ok
3C 454.3,FOS,,y2upa202t_c1f.fits,0.043,ok
3C 454.3,FOS,,y2upa202t_c2f.fits,0.043,ok
3C 454.3,FOS,,y2upa202t_c4f.fits,0.043,ok
3C 454.3,FOS,,y2upa202t_c5f.fits,0.043,ok
3C 454.3,FOS,,y2upa202t_c7f.fits,0.043,ok
3C 454.3,FOS,,y2upa203t_c0f.fits,0.101,ok
3C 454.3,FOS,,y2upa203t_c1f.fits,0.101,ok
3C 454.3,FOS,,y2upa203t_c2f.fits,0.101,ok
3C 454.3,FOS,,y2upa203t_c3f.fits,0.516,ok
3C 454.3,FOS,,y2upa203t_c4f.fits,0.101,ok
3C 454.3,FOS,,y2upa203t_c5f.fits,0.101,ok
3C 454.3,FOS,,y2upa203t_c7f.fits,0.101,ok
3C 454.3,FOS,,y2upa204t_c0f.fits,0.17,ok
3C 454.3,FOS,,y2upa204t_c1f.fits,0.17,ok
3C 454.3,FOS,,y2upa204t_c2f.fits,0.17,ok
3C 454.3,FOS,,y2upa204t_c3f.fits,0.516,ok
3C 454.3,FOS,,y2upa204t_c4f.fits,0.17,ok
3C 454.3,FOS,,y2upa204t_c5f.fits,0.17,ok
3C 454.3,FOS,,y2upa204t_c7f.fits,0.17,ok
3C 454.3,FOS,,y2upa205t_c0f.fits,0.17,ok
3C 454.3,FOS,,y2upa205t_c1f.fits,0.17,ok
3C 454.3,FOS,,y2upa205t_c2f.fits,0.17,ok
3C 454.3,FOS,,y2upa205t_c3f.fits,0.516,ok
3C 454.3,FOS,,y2upa205t_c4f.fits,0.17,ok
3C 454.3,FOS,,y2upa205t_c5f.fits,0.17,ok
3C 454.3,FOS,,y2upa205t_c7f.fits,0.17,ok
3C 454.3,FOS,,y2upa206t_c0f.fits,0.17,ok
3C 454.3,FOS,,y2upa206t_c1f.fits,0.17,ok
3C 454.3,FOS,,y2upa206t_c2f.fits,0.17,ok
3C 454.3,FOS,,y2upa206t_c3f.fits,0.516,ok
3C 454.3,FOS,,y2upa206t_c4f.fits,0.17,ok
3C 454.3,FOS,,y2upa206t_c5f.fits,0.17,ok
3C 454.3,FOS,,y2upa206t_c7f.fits,0.17,ok
3C 84,COS,,lf7o01010_x1dsum.fits,1.817,ok
3C 84,COS,,lf7o01wiq_x1d.fits,3.39,ok
3C 84,COS,,lf7o01wkq_x1d.fits,3.39,ok
3C 84,COS,,lf7o01wmq_x1d.fits,3.39,ok
3C 84,COS,,lf7o01woq_x1d.fits,3.39,ok
3C 84,COS,,lf7o02010_x1dsum.fits,1.817,ok
3C 84,COS,,lf7o02eyq_x1d.fits,3.39,ok
3C 84,COS,,lf7o02f0q_x1d.fits,3.39,ok
3C 84,COS,,lf7o02f2q_x1d.fits,3.39,ok
3C 84,COS,,lf7o02f6q_x1d.fits,3.39,ok
3C 84,FOS,,y1050103t_c0f.fits,0.107,ok
3C 84,FOS,,y1050103t_c1f.fits,0.107,ok
3C 84,FOS,,y1050103t_c2f.fits,0.107,ok
3C 84,FOS,,y1050103t_c4f.fits,0.107,ok
3C 84,FOS,,y1050103t_c5f.fits,0.107,ok
3C 84,FOS,,y1050103t_c7f.fits,0.107,ok
3C 84,FOS,,y1050104t_c0f.fits,0.107,ok
3C 84,FOS,,y1050104t_c1f.fits,0.107,ok
3C 84,FOS,,y1050104t_c2f.fits,0.107,ok
3C 84,FOS,,y1050104t_c4f.fits,0.107,ok
3C 84,FOS,,y1050104t_c5f.fits,0.107,ok
3C 84,FOS,,y1050104t_c7f.fits,0.107,ok
3C 84,FOS,,y1050105t_c0f.fits,0.112,ok
3C 84,FOS,,y1050105t_c1f.fits,0.112,ok
3C 84,FOS,,y1050105t_c2f.fits,0.112,ok
3C 84,FOS,,y1050105t_c4f.fits,0.112,ok
3C 84,FOS,,y1050105t_c5f.fits,0.112,ok
3C 84,FOS,,y1050105t_c7f.fits,0.112,ok
3C 84,FOS,,y1050106t_c0f.fits,0.107,ok
3C 84,FOS,,y1050106t_c1f.fits,0.107,ok
3C 84,FOS,,y1050106t_c2f.fits,0.107,ok
3C 84,FOS,,y1050106t_c4f.fits,0.107,ok
3C 84,FOS,,y1050106t_c5f.fits,0.107,ok
3C 84,FOS,,y1050106t_c7f.fits,0.107,ok
3C 95,COS,,lccl05010_x1dsum.fits,1.814,ok
3C 95,COS,,lccl05020_x1dsum.fits,0.245,ok
3C 95,COS,,lccl05xrq_x1d.fits,3.39,ok
3C 95,COS,,lccl05xxq_x1d.fits,3.39,ok
3C 95,COS,,lccl05y0q_x1d.fits,3.39,ok
3C 95,COS,,lccl05y8q_x1d.fits,3.39,ok
3C 95,COS,,lccl05ybq_x1d.fits,0.429,ok
3C 95,COS,,lccl05ykq_x1d.fits,0.429,ok
3C 95,COS,,lccl06010_x1dsum.fits,1.814,ok
3C 95,COS,,lccl06020_x1dsum.fits,0.245,ok
3C 95,COS,,lccl06nsq_x1d.fits,3.39,ok
3C 95,COS,,lccl06nzq_x1d.fits,3.39,ok
3C 95,COS,,lccl06o4q_x1d.fits,3.39,ok
3C 95,COS,,lccl06ocq_x1d.fits,3.39,ok
3C 95,COS,,lccl06ofq_x1d.fits,0.429,ok
3C 95,COS,,lccl06omq_x1d.fits,0.429,ok
3C 95,FOS,,y0rv0p03t_c0f.fits,0.392,ok
3C 95,FOS,,y0rv0p03t_c1f.fits,0.392,ok
3C 95,FOS,,y0rv0p03t_c2f.fits,0.392,ok
3C 95,FOS,,y0rv0p03t_c4f.fits,0.392,ok
3C 95,FOS,,y0rv0p03t_c5f.fits,0.392,ok
3C 95,FOS,,y0rv0p03t_c7f.fits,0.392,ok
3C 95,FOS,,y0rv0p04t_c0f.fits,0.392,ok
3C 95,FOS,,y0rv0p04t_c1f.fits,0.392,ok
3C 95,FOS,,y0rv0p04t_c2f.fits,0.392,ok
3C 95,FOS,,y0rv0p04t_c4f.fits,0.392,ok
3C 95,FOS,,y0rv0p04t_c5f.fits,0.392,ok
3C 95,FOS,,y0rv0p04t_c7f.fits,0.392,ok
3C 95,FOS,,y0rv0p05t_c0f.fits,0.262,ok
3C 95,FOS,,y0rv0p05t_c1f.fits,0.262,ok
3C 95,FOS,,y0rv0p05t_c2f.fits,0.262,ok
3C 95,FOS,,y0rv0p05t_c4f.fits,0.262,ok
3C 95,FOS,,y0rv0p05t_c5f.fits,0.262,ok
3C 95,FOS,,y0rv0p05t_c7f.fits,0.262,ok
3C 95,FOS,,y0rv0p06t_c0f.fits,0.158,ok
3C 95,FOS,,y0rv0p06t_c1f.fits,0.158,ok
3C 95,FOS,,y0rv0p06t_c2f.fits,0.158,ok
3C 95,FOS,,y0rv0p06t_c4f.fits,0.158,ok
3C 95,FOS,,y0rv0p06t_c5f.fits,0.158,ok
3C 95,FOS,,y0rv0p06t_c7f.fits,0.158,ok
3C110,FOS,,y1030102t_c0f.fits,0.245,ok
3C110,FOS,,y1030102t_c1f.fits,0.245,ok
3C110,FOS,,y1030102t_c2f.fits,0.245,ok
3C110,FOS,,y1030102t_c4f.fits,0.245,ok
3C110,FOS,,y1030102t_c5f.fits,0.245,ok
3C110,FOS,,y1030102t_c7f.fits,0.245,ok
3C110,FOS,,y1030103t_c0f.fits,0.492,ok
3C110,FOS,,y1030103t_c1f.fits,0.492,ok
3C110,FOS,,y1030103t_c2f.fits,0.492,ok
3C110,FOS,,y1030103t_c4f.fits,0.492,ok
3C110,FOS,,y1030103t_c5f.fits,0.492,ok
3C110,FOS,,y1030103t_c7f.fits,0.492,ok
3C110,FOS,,y2ie0504t_c0f.fits,0.095,ok
3C110,FOS,,y2ie0504t_c1f.fits,0.095,ok
3C110,FOS,,y2ie0504t_c2f.fits,0.095,ok
3C110,FOS,,y2ie0504t_c4f.fits,0.095,ok
3C110,FOS,,y2ie0504t_c5f.fits,0.095,ok
3C110,FOS,,y2ie0504t_c7f.fits,0.095,ok
3C110,FOS,,y2ie0505t_c0f.fits,0.199,ok
3C110,FOS,,y2ie0505t_c1f.fits,0.199,ok
3C110,FOS,,y2ie0505t_c2f.fits,0.199,ok
3C110,FOS,,y2ie0505t_c4f.fits,0.199,ok
3C110,FOS,,y2ie0505t_c5f.fits,0.199,ok
3C110,FOS,,y2ie0505t_c7f.fits,0.199,ok
3C110,FOS,,y2ie0506t_c0f.fits,0.138,ok
3C110,FOS,,y2ie0506t_c1f.fits,0.138,ok
3C110,FOS,,y2ie0506t_c2f.fits,0.138,ok
3C110,FOS,,y2ie0506t_c4f.fits,0.138,ok
3C110,FOS,,y2ie0506t_c5f.fits,0.138,ok
3C110,FOS,,y2ie0506t_c7f.fits,0.138,ok
3C110,FOS,,y2ie0507t_c0f.fits,0.069,ok
3C110,FOS,,y2ie0507t_c1f.fits,0.069,ok
3C110,FOS,,y2ie0507t_c2f.fits,0.069,ok
3C110,FOS,,y2ie0507t_c4f.fits,0.069,ok
3C110,FOS,,y2ie0507t_c5f.fits,0.069,ok
3C110,FOS,,y2ie0507t_c7f.fits,0.069,ok
3C110,FOS,,y2ie0508t_c0f.fits,0.095,ok
3C110,FOS,,y2ie0508t_c1f.fits,0.095,ok
3C110,FOS,,y2ie0508t_c2f.fits,0.095,ok
3C110,FOS,,y2ie0508t_c4f.fits,0.095,ok
3C110,FOS,,y2ie0508t_c5f.fits,0.095,ok
3C110,FOS,,y2ie0508t_c7f.fits,0.095,ok
3C186,FOS,,y0pe0402t_c0f.fits,0.107,ok
3C186,FOS,,y0pe0402t_c1f.fits,0.107,ok
3C186,FOS,,y0pe0402t_c2f.fits,0.107,ok
3C186,FOS,,y0pe0402t_c4f.fits,0.107,ok
3C186,FOS,,y0pe0402t_c5f.fits,0.107,ok
3C186,FOS,,y0pe0402t_c7f.fits,0.107,ok
3C186,FOS,,y0pe0403t_c0f.fits,0.092,ok
3C186,FOS,,y0pe0403t_c1f.fits,0.092,ok
3C186,FOS,,y0pe0403t_c2f.fits,0.092,ok
3C186,FOS,,y0pe0403t_c4f.fits,0.092,ok
3C186,FOS,,y0pe0403t_c5f.fits,0.092,ok
3C186,FOS,,y0pe0403t_c7f.fits,0.092,ok
3C207,FOS,,y0pe0502t_c0f.fits,0.118,ok
3C207,FOS,,y0pe0502t_c1f.fits,0.118,ok
3C207,FOS,,y0pe0502t_c2f.fits,0.118,ok
3C207,FOS,,y0pe0502t_c4f.fits,0.118,ok
3C207,FOS,,y0pe0502t_c5f.fits,0.118,ok
3C207,FOS,,y0pe0502t_c7f.fits,0.118,ok
3C207,FOS,,y0pe0503t_c0f.fits,0.118,ok
3C207,FOS,,y0pe0503t_c1f.fits,0.118,ok
3C207,FOS,,y0pe0503t_c2f.fits,0.118,ok
3C207,FOS,,y0pe0503t_c4f.fits,0.118,ok
3C207,FOS,,y0pe0503t_c5f.fits,0.118,ok
3C207,FOS,,y0pe0503t_c7f.fits,0.118,ok
3C207,FOS,,y0pe0504t_c0f.fits,0.084,ok
3C207,FOS,,y0pe0504t_c1f.fits,0.084,ok
3C207,FOS,,y0pe0504t_c2f.fits,0.084,ok
3C207,FOS,,y0pe0504t_c4f.fits,0.084,ok
3C207,FOS,,y0pe0504t_c5f.fits,0.084,ok
3C207,FOS,,y0pe0504t_c7f.fits,0.084,ok
3C207,FOS,,y0pe0505t_c0f.fits,0.084,ok
3C207,FOS,,y0pe0505t_c1f.fits,0.084,ok
3C207,FOS,,y0pe0505t_c2f.fits,0.084,ok
3C207,FOS,,y0pe0505t_c4f.fits,0.084,ok
3C207,FOS,,y0pe0505t_c5f.fits,0.084,ok
3C207,FOS,,y0pe0505t_c7f.fits,0.084,ok
3C207,FOS,,y0pe0506t_c0f.fits,0.118,ok
3C207,FOS,,y0pe0506t_c1f.fits,0.118,ok
3C207,FOS,,y0pe0506t_c2f.fits,0.118,ok
3C207,FOS,,y0pe0506t_c4f.fits,0.118,ok
3C207,FOS,,y0pe0506t_c5f.fits,0.118,ok
3C207,FOS,,y0pe0506t_c7f.fits,0.118,ok
3C215,FOS,,y0pe0602t_c0f.fits,0.158,ok
3C215,FOS,,y0pe0602t_c1f.fits,0.158,ok
3C215,FOS,,y0pe0602t_c2f.fits,0.158,ok
3C215,FOS,,y0pe0602t_c4f.fits,0.158,ok
3C215,FOS,,y0pe0602t_c5f.fits,0.158,ok
3C215,FOS,,y0pe0602t_c7f.fits,0.158,ok
3C215,FOS,,y0pe0603t_c0f.fits,0.158,ok
3C215,FOS,,y0pe0603t_c1f.fits,0.158,ok
3C215,FOS,,y0pe0603t_c2f.fits,0.158,ok
3C215,FOS,,y0pe0603t_c4f.fits,0.158,ok
3C215,FOS,,y0pe0603t_c5f.fits,0.158,ok
3C215,FOS,,y0pe0603t_c7f.fits,0.158,ok
3C215,FOS,,y0pe0604t_c0f.fits,0.158,ok
3C215,FOS,,y0pe0604t_c1f.fits,0.158,ok
3C215,FOS,,y0pe0604t_c2f.fits,0.158,ok
3C215,FOS,,y0pe0604t_c4f.fits,0.158,ok
3C215,FOS,,y0pe0604t_c5f.fits,0.158,ok
3C215,FOS,,y0pe0604t_c7f.fits,0.158,ok
3C215,FOS,,y0pe0605t_c0f.fits,0.084,ok
3C215,FOS,,y0pe0605t_c1f.fits,0.084,ok
3C215,FOS,,y0pe0605t_c2f.fits,0.084,ok
3C215,FOS,,y0pe0605t_c4f.fits,0.084,ok
3C215,FOS,,y0pe0605t_c5f.fits,0.084,ok
3C215,FOS,,y0pe0605t_c7f.fits,0.084,ok
3C215,FOS,,y0pe0606t_c0f.fits,0.084,ok
3C215,FOS,,y0pe0606t_c1f.fits,0.084,ok
3C215,FOS,,y0pe0606t_c2f.fits,0.084,ok
3C215,FOS,,y0pe0606t_c4f.fits,0.084,ok
3C215,FOS,,y0pe0606t_c5f.fits,0.084,ok
3C215,FOS,,y0pe0606t_c7f.fits,0.084,ok
3C215,FOS,,y0pe0607t_c0f.fits,0.107,ok
3C215,FOS,,y0pe0607t_c1f.fits,0.107,ok
3C215,FOS,,y0pe0607t_c2f.fits,0.107,ok
3C215,FOS,,y0pe0607t_c4f.fits,0.107,ok
3C215,FOS,,y0pe0607t_c5f.fits,0.107,ok
3C215,FOS,,y0pe0607t_c7f.fits,0.107,ok
3C216-0,FOS,,y12b0402t_c0f.fits,0.153,ok
3C216-0,FOS,,y12b0402t_c1f.fits,0.153,ok
3C216-0,FOS,,y12b0402t_c2f.fits,0.153,ok
3C216-0,FOS,,y12b0402t_c4f.fits,0.153,ok
3C216-0,FOS,,y12b0402t_c5f.fits,0.153,ok
3C216-0,FOS,,y12b0402t_c7f.fits,0.153,ok
3C216-0,FOS,,y12b0403t_c0f.fits,0.153,ok
3C216-0,FOS,,y12b0403t_c1f.fits,0.153,ok
3C216-0,FOS,,y12b0403t_c2f.fits,0.153,ok
3C216-0,FOS,,y12b0403t_c4f.fits,0.153,ok
3C216-0,FOS,,y12b0403t_c5f.fits,0.153,ok
3C216-0,FOS,,y12b0403t_c7f.fits,0.153,ok
3C216-0,FOS,,y12b0404t_c0f.fits,0.084,ok
3C216-0,FOS,,y12b0404t_c1f.fits,0.084,ok
3C216-0,FOS,,y12b0404t_c2f.fits,0.084,ok
3C216-0,FOS,,y12b0404t_c4f.fits,0.084,ok
3C216-0,FOS,,y12b0404t_c5f.fits,0.084,ok
3C216-0,FOS,,y12b0404t_c7f.fits,0.084,ok
3C216-0,FOS,,y12b0405t_c0f.fits,0.084,ok
3C216-0,FOS,,y12b0405t_c1f.fits,0.084,ok
3C216-0,FOS,,y12b0405t_c2f.fits,0.084,ok
3C216-0,FOS,,y12b0405t_c4f.fits,0.084,ok
3C216-0,FOS,,y12b0405t_c5f.fits,0.084,ok
3C216-0,FOS,,y12b0405t_c7f.fits,0.084,ok
3C254,FOS,,y0pe0802t_c0f.fits,0.107,ok
3C254,FOS,,y0pe0802t_c1f.fits,0.107,ok
3C254,FOS,,y0pe0802t_c2f.fits,0.107,ok
3C254,FOS,,y0pe0802t_c4f.fits,0.107,ok
3C254,FOS,,y0pe0802t_c5f.fits,0.107,ok
3C254,FOS,,y0pe0802t_c7f.fits,0.107,ok
3C254,FOS,,y0pe0803t_c0f.fits,0.107,ok
3C254,FOS,,y0pe0803t_c1f.fits,0.107,ok
3C254,FOS,,y0pe0803t_c2f.fits,0.107,ok
3C254,FOS,,y0pe0803t_c4f.fits,0.107,ok
3C254,FOS,,y0pe0803t_c5f.fits,0.107,ok
3C254,FOS,,y0pe0803t_c7f.fits,0.107,ok
3C254,FOS,,y0pe0804t_c0f.fits,0.127,ok
3C254,FOS,,y0pe0804t_c1f.fits,0.127,ok
3C254,FOS,,y0pe0804t_c2f.fits,0.127,ok
3C254,FOS,,y0pe0804t_c4f.fits,0.127,ok
3C254,FOS,,y0pe0804t_c5f.fits,0.127,ok
3C254,FOS,,y0pe0804t_c7f.fits,0.127,ok
3C254,FOS,,y0pe0805t_c0f.fits,0.107,ok
3C254,FOS,,y0pe0805t_c1f.fits,0.107,ok
3C254,FOS,,y0pe0805t_c2f.fits,0.107,ok
3C254,FOS,,y0pe0805t_c4f.fits,0.107,ok
3C254,FOS,,y0pe0805t_c5f.fits,0.107,ok
3C254,FOS,,y0pe0805t_c7f.fits,0.107,ok
3C281,FOS,,y2dz0702t_c0f.fits,0.13,ok
3C281,FOS,,y2dz0702t_c1f.fits,0.13,ok
3C281,FOS,,y2dz0702t_c2f.fits,0.13,ok
3C281,FOS,,y2dz0702t_c4f.fits,0.13,ok
3C281,FOS,,y2dz0702t_c5f.fits,0.13,ok
3C281,FOS,,y2dz0702t_c7f.fits,0.13,ok
3C281,FOS,,y2dz0703t_c0f.fits,0.078,ok
3C281,FOS,,y2dz0703t_c1f.fits,0.078,ok
3C281,FOS,,y2dz0703t_c2f.fits,0.078,ok
3C281,FOS,,y2dz0703t_c4f.fits,0.078,ok
3C281,FOS,,y2dz0703t_c5f.fits,0.078,ok
3C281,FOS,,y2dz0703t_c7f.fits,0.078,ok
3C334.0,FOS,,y0pe0g02t_c0f.fits,0.075,ok
3C334.0,FOS,,y0pe0g02t_c1f.fits,0.075,ok
3C334.0,FOS,,y0pe0g02t_c2f.fits,0.075,ok
3C334.0,FOS,,y0pe0g02t_c4f.fits,0.075,ok
3C334.0,FOS,,y0pe0g02t_c5f.fits,0.075,ok
3C334.0,FOS,,y0pe0g02t_c7f.fits,0.075,ok
3C334.0,FOS,,y0pe0g03t_c0f.fits,0.049,ok
3C334.0,FOS,,y0pe0g03t_c1f.fits,0.049,ok
3C334.0,FOS,,y0pe0g03t_c2f.fits,0.049,ok
3C334.0,FOS,,y0pe0g03t_c4f.fits,0.049,ok
3C334.0,FOS,,y0pe0g03t_c5f.fits,0.049,ok
3C334.0,FOS,,y0pe0g03t_c7f.fits,0.049,ok
3C334.0,FOS,,y0pe0g04t_c0f.fits,0.049,ok
3C334.0,FOS,,y0pe0g04t_c1f.fits,0.049,ok
3C334.0,FOS,,y0pe0g04t_c2f.fits,0.049,ok
3C334.0,FOS,,y0pe0g04t_c4f.fits,0.049,ok
3C334.0,FOS,,y0pe0g04t_c5f.fits,0.049,ok
3C334.0,FOS,,y0pe0g04t_c7f.fits,0.049,ok
3C334.0,FOS,,y0rv0e03t_c0f.fits,0.452,ok
3C334.0,FOS,,y0rv0e03t_c1f.fits,0.452,ok
3C334.0,FOS,,y0rv0e03t_c2f.fits,0.452,ok
3C334.0,FOS,,y0rv0e03t_c4f.fits,0.452,ok
3C334.0,FOS,,y0rv0e03t_c5f.fits,0.452,ok
3C334.0,FOS,,y0rv0e03t_c7f.fits,0.452,ok
3C334.0,FOS,,y0rv0e04t_c0f.fits,0.452,ok
3C334.0,FOS,,y0rv0e04t_c1f.fits,0.452,ok
3C334.0,FOS,,y0rv0e04t_c2f.fits,0.452,ok
3C334.0,FOS,,y0rv0e04t_c4f.fits,0.452,ok
3C334.0,FOS,,y0rv0e04t_c5f.fits,0.452,ok
3C334.0,FOS,,y0rv0e04t_c7f.fits,0.452,ok
3C334.0,FOS,,y0rv0e05t_c0f.fits,0.452,ok
3C334.0,FOS,,y0rv0e05t_c1f.fits,0.452,ok
3C334.0,FOS,,y0rv0e05t_c2f.fits,0.452,ok
3C334.0,FOS,,y0rv0e05t_c4f.fits,0.452,ok
3C334.0,FOS,,y0rv0e05t_c5f.fits,0.452,ok
3C334.0,FOS,,y0rv0e05t_c7f.fits,0.452,ok
3C334.0,FOS,,y0rv0e06t_c0f.fits,0.452,ok
3C334.0,FOS,,y0rv0e06t_c1f.fits,0.452,ok
3C334.0,FOS,,y0rv0e06t_c2f.fits,0.452,ok
3C334.0,FOS,,y0rv0e06t_c4f.fits,0.452,ok
3C334.0,FOS,,y0rv0e06t_c5f.fits,0.452,ok
3C334.0,FOS,,y0rv0e06t_c7f.fits,0.452,ok
3C334.0,FOS,,y0rv0e07t_c0f.fits,0.158,ok
3C334.0,FOS,,y0rv0e07t_c1f.fits,0.158,ok
3C334.0,FOS,,y0rv0e07t_c2f.fits,0.158,ok
3C334.0,FOS,,y0rv0e07t_c4f.fits,0.158,ok
3C334.0,FOS,,y0rv0e07t_c5f.fits,0.158,ok
3C334.0,FOS,,y0rv0e07t_c7f.fits,0.158,ok
3C336.0,FOS,,y26i0102t_c0f.fits,0.138,ok
3C336.0,FOS,,y26i0102t_c1f.fits,0.138,ok
3C336.0,FOS,,y26i0102t_c2f.fits,0.138,ok
3C336.0,FOS,,y26i0102t_c4f.fits,0.138,ok
3C336.0,FOS,,y26i0102t_c5f.fits,0.138,ok
3C336.0,FOS,,y26i0102t_c7f.fits,0.138,ok
3C336.0,FOS,,y26i0103t_c0f.fits,0.17,ok
3C336.0,FOS,,y26i0103t_c1f.fits,0.17,ok
3C336.0,FOS,,y26i0103t_c2f.fits,0.17,ok
3C336.0,FOS,,y26i0103t_c4f.fits,0.17,ok
3C336.0,FOS,,y26i0103t_c5f.fits,0.17,ok
3C336.0,FOS,,y26i0103t_c7f.fits,0.17,ok
3C336.0,FOS,,y26i0104t_c0f.fits,0.043,ok
3C336.0,FOS,,y26i0104t_c1f.fits,0.043,ok
3C336.0,FOS,,y26i0104t_c2f.fits,0.043,ok
3C336.0,FOS,,y26i0104t_c4f.fits,0.043,ok
3C336.0,FOS,,y26i0104t_c5f.fits,0.043,ok
3C336.0,FOS,,y26i0104t_c7f.fits,0.043,ok
3C336.0,FOS,,y26i0105t_c0f.fits,0.199,ok
3C336.0,FOS,,y26i0105t_c1f.fits,0.199,ok
3C336.0,FOS,,y26i0105t_c2f.fits,0.199,ok
3C336.0,FOS,,y26i0105t_c4f.fits,0.199,ok
3C336.0,FOS,,y26i0105t_c5f.fits,0.199,ok
3C336.0,FOS,,y26i0105t_c7f.fits,0.199,ok
3C336.0,FOS,,y26i0106t_c0f.fits,0.161,ok
3C336.0,FOS,,y26i0106t_c1f.fits,0.161,ok
3C336.0,FOS,,y26i0106t_c2f.fits,0.161,ok
3C336.0,FOS,,y26i0106t_c4f.fits,0.161,ok
3C336.0,FOS,,y26i0106t_c5f.fits,0.161,ok
3C336.0,FOS,,y26i0106t_c7f.fits,0.161,ok
3C345,FOS,,y0pe0i02t_c0f.fits,0.058,ok
3C345,FOS,,y0pe0i02t_c1f.fits,0.058,ok
3C345,FOS,,y0pe0i02t_c2f.fits,0.058,ok
3C345,FOS,,y0pe0i02t_c4f.fits,0.058,ok
3C345,FOS,,y0pe0i02t_c5f.fits,0.058,ok
3C345,FOS,,y0pe0i02t_c7f.fits,0.058,ok
3C345,FOS,,y0pe0i03t_c0f.fits,0.04,ok
3C345,FOS,,y0pe0i03t_c1f.fits,0.04,ok
3C345,FOS,,y0pe0i03t_c2f.fits,0.04,ok
3C345,FOS,,y0pe0i03t_c4f.fits,0.04,ok
3C345,FOS,,y0pe0i03t_c5f.fits,0.04,ok
3C345,FOS,,y0pe0i03t_c7f.fits,0.04,ok
3C345,FOS,,y0pe0i04t_c0f.fits,0.04,ok
3C345,FOS,,y0pe0i04t_c1f.fits,0.04,ok
3C345,FOS,,y0pe0i04t_c2f.fits,0.04,ok
3C345,FOS,,y0pe0i04t_c4f.fits,0.04,ok
3C345,FOS,,y0pe0i04t_c5f.fits,0.04,ok
3C345,FOS,,y0pe0i04t_c7f.fits,0.04,ok
3C345,FOS,,y2upa101t_c0f.fits,0.043,ok
3C345,FOS,,y2upa101t_c1f.fits,0.043,ok
3C345,FOS,,y2upa101t_c2f.fits,0.043,ok
3C345,FOS,,y2upa101t_c4f.fits,0.043,ok
3C345,FOS,,y2upa101t_c5f.fits,0.043,ok
3C345,FOS,,y2upa101t_c7f.fits,0.043,ok
3C345,FOS,,y2upa102t_c0f.fits,0.043,ok
3C345,FOS,,y2upa102t_c1f.fits,0.043,ok
3C345,FOS,,y2upa102t_c2f.fits,0.043,ok
3C345,FOS,,y2upa102t_c4f.fits,0.043,ok
3C345,FOS,,y2upa102t_c5f.fits,0.043,ok
3C345,FOS,,y2upa102t_c7f.fits,0.043,ok
3C345,FOS,,y2upa103t_c0f.fits,0.17,ok
3C345,FOS,,y2upa103t_c1f.fits,0.17,ok
3C345,FOS,,y2upa103t_c2f.fits,0.17,ok
3C345,FOS,,y2upa103t_c3f.fits,0.516,ok
3C345,FOS,,y2upa103t_c4f.fits,0.17,ok
3C345,FOS,,y2upa103t_c5f.fits,0.17,ok
3C345,FOS,,y2upa103t_c7f.fits,0.17,ok
3C345,FOS,,y2upa104t_c0f.fits,0.17,ok
3C345,FOS,,y2upa104t_c1f.fits,0.17,ok
3C345,FOS,,y2upa104t_c2f.fits,0.17,ok
3C345,FOS,,y2upa104t_c3f.fits,0.516,ok
3C345,FOS,,y2upa104t_c4f.fits,0.17,ok
3C345,FOS,,y2upa104t_c5f.fits,0.17,ok
3C345,FOS,,y2upa104t_c7f.fits,0.17,ok
3C345,FOS,,y2upa105t_c0f.fits,0.17,ok
3C345,FOS,,y2upa105t_c1f.fits,0.17,ok
3C345,FOS,,y2upa105t_c2f.fits,0.17,ok
3C345,FOS,,y2upa105t_c3f.fits,0.516,ok
3C345,FOS,,y2upa105t_c4f.fits,0.17,ok
3C345,FOS,,y2upa105t_c5f.fits,0.17,ok
3C345,FOS,,y2upa105t_c7f.fits,0.17,ok
3C345,FOS,,y2upa106t_c0f.fits,0.17,ok
3C345,FOS,,y2upa106t_c1f.fits,0.17,ok
3C345,FOS,,y2upa106t_c2f.fits,0.17,ok
3C345,FOS,,y2upa106t_c3f.fits,0.516,ok
3C345,FOS,,y2upa106t_c4f.fits,0.17,ok
3C345,FOS,,y2upa106t_c5f.fits,0.17,ok
3C345,FOS,,y2upa106t_c7f.fits,0.17,ok
3C345,FOS,,y2upa107t_c0f.fits,0.17,ok
3C345,FOS,,y2upa107t_c1f.fits,0.17,ok
3C345,FOS,,y2upa107t_c2f.fits,0.17,ok
3C345,FOS,,y2upa107t_c3f.fits,0.516,ok
3C345,FOS,,y2upa107t_c4f.fits,0.17,ok
3C345,FOS,,y2upa107t_c5f.fits,0.17,ok
3C345,FOS,,y2upa107t_c7f.fits,0.17,ok
3C345,FOS,,y2upa108t_c0f.fits,0.17,ok
3C345,FOS,,y2upa108t_c1f.fits,0.17,ok
3C345,FOS,,y2upa108t_c2f.fits,0.17,ok
3C345,FOS,,y2upa108t_c3f.fits,0.516,ok
3C345,FOS,,y2upa108t_c4f.fits,0.17,ok
3C345,FOS,,y2upa108t_c5f.fits,0.17,ok
3C345,FOS,,y2upa108t_c7f.fits,0.17,ok
3C345,FOS,,y2upa109t_c0f.fits,0.17,ok
3C345,FOS,,y2upa109t_c1f.fits,0.17,ok
3C345,FOS,,y2upa109t_c2f.fits,0.17,ok
3C345,FOS,,y2upa109t_c3f.fits,0.516,ok
3C345,FOS,,y2upa109t_c4f.fits,0.17,ok
3C345,FOS,,y2upa109t_c5f.fits,0.17,ok
3C345,FOS,,y2upa109t_c7f.fits,0.17,ok
3C351,STIS,,o57901010_x1d.fits,1.716,ok
3C351,STIS,,o57901020_x1d.fits,1.716,ok
3C351,STIS,,o57901030_x1d.fits,1.716,ok
3C351,STIS,,o57901040_x1d.fits,1.716,ok
3C351,STIS,,o57901050_x1d.fits,1.716,ok
3C351,STIS,,o57901060_x1d.fits,1.716,ok
3C351,STIS,,o57901070_x1d.fits,1.716,ok
3C351,STIS,,o57901080_x1d.fits,1.716,ok
3C351,STIS,,o57902010_x1d.fits,1.757,ok
3C351,STIS,,o57902020_x1d.fits,1.757,ok
3C351,STIS,,o57902030_x1d.fits,1.757,ok
3C351,STIS,,o57902040_x1d.fits,1.757,ok
3C351,STIS,,o57902050_x1d.fits,1.757,ok
3C351,STIS,,o57902060_x1d.fits,1.757,ok
3C351,STIS,,o57902070_x1d.fits,1.757,ok
3C351,STIS,,o57902080_x1d.fits,1.757,ok
3C351,STIS,,o57903010_x1d.fits,1.716,ok
3C351,STIS,,o57903020_x1d.fits,1.716,ok
3C351,STIS,,o57903030_x1d.fits,1.716,ok
3C351,STIS,,o57903040_x1d.fits,1.716,ok
3C351,STIS,,o57903050_x1d.fits,1.716,ok
3C351,STIS,,o57903060_x1d.fits,1.716,ok
3C351,STIS,,o57904010_x1d.fits,1.716,ok
3C351,STIS,,o57904020_x1d.fits,1.716,ok
3C351,STIS,,o57904030_x1d.fits,1.716,ok
3C351,STIS,,o57904040_x1d.fits,1.716,ok
3C351,STIS,,o57904050_x1d.fits,1.716,ok
3C351,STIS,,o57904060_x1d.fits,1.716,ok
3C351,STIS,,o57904070_x1d.fits,1.716,ok
3C351,STIS,,o57904080_x1d.fits,1.716,ok
3C351,STIS,,o57904090_x1d.fits,1.716,ok
3C351,STIS,,o579040a0_x1d.fits,1.716,ok
3C351,FOS,,y0rv0g03t_c0f.fits,0.492,ok
3C351,FOS,,y0rv0g03t_c1f.fits,0.492,ok
3C351,FOS,,y0rv0g03t_c2f.fits,0.492,ok
3C351,FOS,,y0rv0g03t_c4f.fits,0.492,ok
3C351,FOS,,y0rv0g03t_c5f.fits,0.492,ok
3C351,FOS,,y0rv0g03t_c7f.fits,0.492,ok
3C351,FOS,,y0rv0g04t_c0f.fits,0.204,ok
3C351,FOS,,y0rv0g04t_c1f.fits,0.204,ok
3C351,FOS,,y0rv0g04t_c2f.fits,0.204,ok
3C351,FOS,,y0rv0g04t_c4f.fits,0.204,ok
3C351,FOS,,y0rv0g04t_c5f.fits,0.204,ok
3C351,FOS,,y0rv0g04t_c7f.fits,0.204,ok
3C351,FOS,,y0vm0103t_c0f.fits,0.674,ok
3C351,FOS,,y0vm0103t_c1f.fits,0.674,ok
3C351,FOS,,y0vm0103t_c2f.fits,0.674,ok
3C351,FOS,,y0vm0103t_c4f.fits,0.674,ok
3C351,FOS,,y0vm0103t_c5f.fits,0.674,ok
3C351,FOS,,y0vm0103t_c7f.fits,0.674,ok
3C351,FOS,,y0vm0104t_c0f.fits,0.674,ok
3C351,FOS,,y0vm0104t_c1f.fits,0.674,ok
3C351,FOS,,y0vm0104t_c2f.fits,0.674,ok
3C351,FOS,,y0vm0104t_c4f.fits,0.674,ok
3C351,FOS,,y0vm0104t_c5f.fits,0.674,ok
3C351,FOS,,y0vm0104t_c7f.fits,0.674,ok
3C351,FOS,,y0vm0105t_c0f.fits,0.674,ok
3C351,FOS,,y0vm0105t_c1f.fits,0.674,ok
3C351,FOS,,y0vm0105t_c2f.fits,0.674,ok
3C351,FOS,,y0vm0105t_c4f.fits,0.674,ok
3C351,FOS,,y0vm0105t_c5f.fits,0.674,ok
3C351,FOS,,y0vm0105t_c7f.fits,0.674,ok
3C351,FOS,,y0vm0106t_c0f.fits,0.674,ok
3C351,FOS,,y0vm0106t_c1f.fits,0.674,ok
3C351,FOS,,y0vm0106t_c2f.fits,0.674,ok
3C351,FOS,,y0vm0106t_c4f.fits,0.674,ok
3C351,FOS,,y0vm0106t_c5f.fits,0.674,ok
3C351,FOS,,y0vm0106t_c7f.fits,0.674,ok
3C351,FOS,,y0vm0107t_c0f.fits,0.674,ok
3C351,FOS,,y0vm0107t_c1f.fits,0.674,ok
3C351,FOS,,y0vm0107t_c2f.fits,0.674,ok
3C351,FOS,,y0vm0107t_c4f.fits,0.674,ok
3C351,FOS,,y0vm0107t_c5f.fits,0.674,ok
3C351,FOS,,y0vm0107t_c7f.fits,0.674,ok
3C351,FOS,,y0vm0108t_c0f.fits,0.674,ok
3C351,FOS,,y0vm0108t_c1f.fits,0.674,ok
3C351,FOS,,y0vm0108t_c2f.fits,0.674,ok
3C351,FOS,,y0vm0108t_c4f.fits,0.674,ok
3C351,FOS,,y0vm0108t_c5f.fits,0.674,ok
3C351,FOS,,y0vm0108t_c7f.fits,0.674,ok
3C390.3,FOS,,y33y0204t_c0f.fits,0.086,ok
3C390.3,FOS,,y33y0204t_c1f.fits,0.086,ok
3C390.3,FOS,,y33y0204t_c2f.fits,0.086,ok
3C390.3,FOS,,y33y0204t_c4f.fits,0.086,ok
3C390.3,FOS,,y33y0204t_c5f.fits,0.086,ok
3C390.3,FOS,,y33y0204t_c7f.fits,0.086,ok
3C390.3,FOS,,y33y0205t_c0f.fits,0.112,ok
3C390.3,FOS,,y33y0205t_c1f.fits,0.112,ok
3C390.3,FOS,,y33y0205t_c2f.fits,0.112,ok
3C390.3,FOS,,y33y0205t_c4f.fits,0.112,ok
3C390.3,FOS,,y33y0205t_c5f.fits,0.112,ok
3C390.3,FOS,,y33y0205t_c7f.fits,0.112,ok
3C390.3,FOS,,y33y0206t_c0f.fits,0.13,ok
3C390.3,FOS,,y33y0206t_c1f.fits,0.13,ok
3C390.3,FOS,,y33y0206t_c2f.fits,0.13,ok
3C390.3,FOS,,y33y0206t_c4f.fits,0.13,ok
3C390.3,FOS,,y33y0206t_c5f.fits,0.13,ok
3C390.3,FOS,,y33y0206t_c7f.fits,0.13,ok
3C390.3,FOS,,y33y0207t_c0f.fits,0.13,ok
3C390.3,FOS,,y33y0207t_c1f.fits,0.13,ok
3C390.3,FOS,,y33y0207t_c2f.fits,0.13,ok
3C390.3,FOS,,y33y0207t_c4f.fits,0.13,ok
3C390.3,FOS,,y33y0207t_c5f.fits,0.13,ok
3C390.3,FOS,,y33y0207t_c7f.fits,0.13,ok
3C390.3,FOS,,y33y0208t_c0f.fits,0.13,ok
3C390.3,FOS,,y33y0208t_c1f.fits,0.13,ok
3C390.3,FOS,,y33y0208t_c2f.fits,0.13,ok
3C390.3,FOS,,y33y0208t_c4f.fits,0.13,ok
3C390.3,FOS,,y33y0208t_c5f.fits,0.13,ok
3C390.3,FOS,,y33y0208t_c7f.fits,0.13,ok
3C390.3,FOS,,y33y0209t_c0f.fits,0.13,ok
3C390.3,FOS,,y33y0209t_c1f.fits,0.13,ok
3C390.3,FOS,,y33y0209t_c2f.fits,0.13,ok
3C390.3,FOS,,y33y0209t_c4f.fits,0.13,ok
3C390.3,FOS,,y33y0209t_c5f.fits,0.13,ok
3C390.3,FOS,,y33y0209t_c7f.fits,0.13,ok
3XMM J141724.5+523025,STIS,,oeb6z3010_x1d.fits,0.078,ok
3XMM J141724.5+523025,STIS,,oeb6z3020_x1d.fits,0.078,ok
4C 00.34,STIS,,o66g16010_x1d.fits,0.078,ok
4C 11.72,STIS,,o8s706010_x1d.fits,0.078,ok
4C 11.72,STIS,,o8s706020_x1d.fits,0.078,ok
4C 11.72,STIS,,o8s706030_x1d.fits,0.078,ok
4C 11.72,STIS,,o8s706040_x1d.fits,0.078,ok
4C 11.72,STIS,,o8s706050_x1d.fits,0.078,ok
4C 11.72,FOS,,y0pe0p02t_c0f.fits,0.098,ok
4C 11.72,FOS,,y0pe0p02t_c1f.fits,0.098,ok
4C 11.72,FOS,,y0pe0p02t_c2f.fits,0.098,ok
4C 11.72,FOS,,y0pe0p02t_c4f.fits,0.098,ok
4C 11.72,FOS,,y0pe0p02t_c5f.fits,0.098,ok
4C 11.72,FOS,,y0pe0p02t_c7f.fits,0.098,ok
4C 11.72,FOS,,y0pe0p03t_c0f.fits,0.058,ok
4C 11.72,FOS,,y0pe0p03t_c1f.fits,0.058,ok
4C 11.72,FOS,,y0pe0p03t_c2f.fits,0.058,ok
4C 11.72,FOS,,y0pe0p03t_c4f.fits,0.058,ok
4C 11.72,FOS,,y0pe0p03t_c5f.fits,0.058,ok
4C 11.72,FOS,,y0pe0p03t_c7f.fits,0.058,ok
4C 11.72,FOS,,y0pe0q02t_c0f.fits,0.04,ok
4C 11.72,FOS,,y0pe0q02t_c1f.fits,0.04,ok
4C 11.72,FOS,,y0pe0q02t_c2f.fits,0.04,ok
4C 11.72,FOS,,y0pe0q02t_c4f.fits,0.04,ok
4C 11.72,FOS,,y0pe0q02t_c5f.fits,0.04,ok
4C 11.72,FOS,,y0pe0q02t_c7f.fits,0.04,ok
4C 11.72,FOS,,y0pe0q03t_c0f.fits,0.04,ok
4C 11.72,FOS,,y0pe0q03t_c1f.fits,0.04,ok
4C 11.72,FOS,,y0pe0q03t_c2f.fits,0.04,ok
4C 11.72,FOS,,y0pe0q03t_c4f.fits,0.04,ok
4C 11.72,FOS,,y0pe0q03t_c5f.fits,0.04,ok
4C 11.72,FOS,,y0pe0q03t_c7f.fits,0.04,ok
4C 11.72,FOS,,y0rv0h03t_c0f.fits,0.461,ok
4C 11.72,FOS,,y0rv0h03t_c1f.fits,0.461,ok
4C 11.72,FOS,,y0rv0h03t_c2f.fits,0.461,ok
4C 11.72,FOS,,y0rv0h03t_c4f.fits,0.461,ok
4C 11.72,FOS,,y0rv0h03t_c5f.fits,0.461,ok
4C 11.72,FOS,,y0rv0h03t_c7f.fits,0.461,ok
4C 11.72,FOS,,y0rv0h04t_c0f.fits,0.461,ok
4C 11.72,FOS,,y0rv0h04t_c1f.fits,0.461,ok
4C 11.72,FOS,,y0rv0h04t_c2f.fits,0.461,ok
4C 11.72,FOS,,y0rv0h04t_c4f.fits,0.461,ok
4C 11.72,FOS,,y0rv0h04t_c5f.fits,0.461,ok
4C 11.72,FOS,,y0rv0h04t_c7f.fits,0.461,ok
4C 11.72,FOS,,y0rv0h05t_c0f.fits,0.461,ok
4C 11.72,FOS,,y0rv0h05t_c1f.fits,0.461,ok
4C 11.72,FOS,,y0rv0h05t_c2f.fits,0.461,ok
4C 11.72,FOS,,y0rv0h05t_c4f.fits,0.461,ok
4C 11.72,FOS,,y0rv0h05t_c5f.fits,0.461,ok
4C 11.72,FOS,,y0rv0h05t_c7f.fits,0.461,ok
4C 11.72,FOS,,y0rv0h06t_c0f.fits,0.366,ok
4C 11.72,FOS,,y0rv0h06t_c1f.fits,0.366,ok
4C 11.72,FOS,,y0rv0h06t_c2f.fits,0.366,ok
4C 11.72,FOS,,y0rv0h06t_c4f.fits,0.366,ok
4C 11.72,FOS,,y0rv0h06t_c5f.fits,0.366,ok
4C 11.72,FOS,,y0rv0h06t_c7f.fits,0.366,ok
4C 11.72,FOS,,y0rv0i01t_c0f.fits,0.158,ok
4C 11.72,FOS,,y0rv0i01t_c1f.fits,0.158,ok
4C 11.72,FOS,,y0rv0i01t_c2f.fits,0.158,ok
4C 11.72,FOS,,y0rv0i01t_c4f.fits,0.158,ok
4C 11.72,FOS,,y0rv0i01t_c5f.fits,0.158,ok
4C 11.72,FOS,,y0rv0i01t_c7f.fits,0.158,ok
4C 11.72,FOS,,y1450k03t_c0f.fits,0.608,ok
4C 11.72,FOS,,y1450k03t_c1f.fits,0.608,ok
4C 11.72,FOS,,y1450k03t_c2f.fits,0.608,ok
4C 11.72,FOS,,y1450k03t_c4f.fits,0.608,ok
4C 11.72,FOS,,y1450k03t_c5f.fits,0.608,ok
4C 11.72,FOS,,y1450k03t_c7f.fits,0.608,ok
4C 11.72,FOS,,y1450k04t_c0f.fits,0.608,ok
4C 11.72,FOS,,y1450k04t_c1f.fits,0.608,ok
4C 11.72,FOS,,y1450k04t_c2f.fits,0.608,ok
4C 11.72,FOS,,y1450k04t_c4f.fits,0.608,ok
4C 11.72,FOS,,y1450k04t_c5f.fits,0.608,ok
4C 11.72,FOS,,y1450k04t_c7f.fits,0.608,ok
4C 11.72,FOS,,y1450k05t_c0f.fits,0.608,ok
4C 11.72,FOS,,y1450k05t_c1f.fits,0.608,ok
4C 11.72,FOS,,y1450k05t_c2f.fits,0.608,ok
4C 11.72,FOS,,y1450k05t_c4f.fits,0.608,ok
4C 11.72,FOS,,y1450k05t_c5f.fits,0.608,ok
4C 11.72,FOS,,y1450k05t_c7f.fits,0.608,ok
4C 11.72,FOS,,y1450k06t_c0f.fits,0.608,ok
4C 11.72,FOS,,y1450k06t_c1f.fits,0.608,ok
4C 11.72,FOS,,y1450k06t_c2f.fits,0.608,ok
4C 11.72,FOS,,y1450k06t_c4f.fits,0.608,ok
4C 11.72,FOS,,y1450k06t_c5f.fits,0.608,ok
4C 11.72,FOS,,y1450k06t_c7f.fits,0.608,ok
4C 11.72,FOS,,y1450k07t_c0f.fits,0.608,ok
4C 11.72,FOS,,y1450k07t_c1f.fits,0.608,ok
4C 11.72,FOS,,y1450k07t_c2f.fits,0.608,ok
4C 11.72,FOS,,y1450k07t_c4f.fits,0.608,ok
4C 11.72,FOS,,y1450k07t_c5f.fits,0.608,ok
4C 11.72,FOS,,y1450k07t_c7f.fits,0.608,ok
4C 11.72,FOS,,y1450k08t_c0f.fits,0.608,ok
4C 11.72,FOS,,y1450k08t_c1f.fits,0.608,ok
4C 11.72,FOS,,y1450k08t_c2f.fits,0.608,ok
4C 11.72,FOS,,y1450k08t_c4f.fits,0.608,ok
4C 11.72,FOS,,y1450k08t_c5f.fits,0.608,ok
4C 11.72,FOS,,y1450k08t_c7f.fits,0.608,ok
4C 11.72,FOS,,y1450k09t_c0f.fits,0.608,ok
4C 11.72,FOS,,y1450k09t_c1f.fits,0.608,ok
4C 11.72,FOS,,y1450k09t_c2f.fits,0.608,ok
4C 11.72,FOS,,y1450k09t_c4f.fits,0.608,ok
4C 11.72,FOS,,y1450k09t_c5f.fits,0.608,ok
4C 11.72,FOS,,y1450k09t_c7f.fits,0.608,ok
4C 13.41,COS,,lbp407010_x1dsum.fits,1.814,ok
4C 13.41,COS,,lbp407020_x1dsum.fits,1.814,ok
4C 13.41,COS,,lbp407030_x1dsum.fits,1.814,ok
4C 13.41,COS,,lbp407040_x1dsum.fits,1.814,ok
4C 13.41,COS,,lbp407tdq_x1d.fits,3.39,ok
4C 13.41,COS,,lbp407tfq_x1d.fits,3.39,ok
4C 13.41,COS,,lbp407thq_x1d.fits,3.39,ok
4C 13.41,COS,,lbp407tjq_x1d.fits,3.39,ok
4C 13.41,COS,,lbp407tnq_x1d.fits,3.39,ok
4C 13.41,COS,,lbp407tpq_x1d.fits,3.39,ok
4C 13.41,COS,,lbp407ttq_x1d.fits,3.39,ok
4C 13.41,COS,,lbp407tvq_x1d.fits,3.39,ok
4C 13.41,COS,,lceq01010_x1dsum.fits,0.245,ok
4C 13.41,COS,,lceq01giq_x1d.fits,0.429,ok
4C 13.41,COS,,lceq01gkq_x1d.fits,0.429,ok
4C 13.41,COS,,lceq01gmq_x1d.fits,0.429,ok
4C 13.41,COS,,lceq01goq_x1d.fits,0.429,ok
4C 13.41,STIS,,o5ew03010_x1d.fits,0.078,ok
4C 13.41,STIS,,o5ew03020_x1d.fits,0.078,ok
4C 13.41,STIS,,o6lr11010_x1d.fits,0.078,ok
4C29.45,FOS,,y1450a03t_c0f.fits,0.57,ok
4C29.45,FOS,,y1450a03t_c1f.fits,0.57,ok
4C29.45,FOS,,y1450a03t_c2f.fits,0.57,ok
4C29.45,FOS,,y1450a03t_c4f.fits,0.57,ok
4C29.45,FOS,,y1450a03t_c5f.fits,0.57,ok
4C29.45,FOS,,y1450a03t_c7f.fits,0.57,ok
4C29.45,FOS,,y1450a04t_c0f.fits,0.288,ok
4C29.45,FOS,,y1450a04t_c1f.fits,0.288,ok
4C29.45,FOS,,y1450a04t_c2f.fits,0.288,ok
4C29.45,FOS,,y1450a04t_c4f.fits,0.288,ok
4C29.45,FOS,,y1450a04t_c5f.fits,0.288,ok
4C29.45,FOS,,y1450a04t_c7f.fits,0.288,ok
4C29.45,FOS,,y1450a05t_c0f.fits,0.158,ok
4C29.45,FOS,,y1450a05t_c1f.fits,0.158,ok
4C29.45,FOS,,y1450a05t_c2f.fits,0.158,ok
4C29.45,FOS,,y1450a05t_c4f.fits,0.158,ok
4C29.45,FOS,,y1450a05t_c5f.fits,0.158,ok
4C29.45,FOS,,y1450a05t_c7f.fits,0.158,ok
4C29.45,FOS,,y2dz0902t_c0f.fits,0.138,ok
4C29.45,FOS,,y2dz0902t_c1f.fits,0.138,ok
4C29.45,FOS,,y2dz0902t_c2f.fits,0.138,ok
4C29.45,FOS,,y2dz0902t_c4f.fits,0.138,ok
4C29.45,FOS,,y2dz0902t_c5f.fits,0.138,ok
4C29.45,FOS,,y2dz0902t_c7f.fits,0.138,ok
4C29.45,FOS,,y2dz0903t_c0f.fits,0.086,ok
4C29.45,FOS,,y2dz0903t_c1f.fits,0.086,ok
4C29.45,FOS,,y2dz0903t_c2f.fits,0.086,ok
4C29.45,FOS,,y2dz0903t_c4f.fits,0.086,ok
4C29.45,FOS,,y2dz0903t_c5f.fits,0.086,ok
4C29.45,FOS,,y2dz0903t_c7f.fits,0.086,ok
4C29.45,FOS,,y2dz0904t_c0f.fits,0.086,ok
4C29.45,FOS,,y2dz0904t_c1f.fits,0.086,ok
4C29.45,FOS,,y2dz0904t_c2f.fits,0.086,ok
4C29.45,FOS,,y2dz0904t_c4f.fits,0.086,ok
4C29.45,FOS,,y2dz0904t_c5f.fits,0.086,ok
4C29.45,FOS,,y2dz0904t_c7f.fits,0.086,ok
4C41.21,FOS,,y1450803t_c0f.fits,0.648,ok
4C41.21,FOS,,y1450803t_c1f.fits,0.648,ok
4C41.21,FOS,,y1450803t_c2f.fits,0.648,ok
4C41.21,FOS,,y1450803t_c4f.fits,0.648,ok
4C41.21,FOS,,y1450803t_c5f.fits,0.648,ok
4C41.21,FOS,,y1450803t_c7f.fits,0.648,ok
4C41.21,FOS,,y1450804t_c0f.fits,0.648,ok
4C41.21,FOS,,y1450804t_c1f.fits,0.648,ok
4C41.21,FOS,,y1450804t_c2f.fits,0.648,ok
4C41.21,FOS,,y1450804t_c4f.fits,0.648,ok
4C41.21,FOS,,y1450804t_c5f.fits,0.648,ok
4C41.21,FOS,,y1450804t_c7f.fits,0.648,ok
4C41.21,FOS,,y1450805t_c0f.fits,0.444,ok
4C41.21,FOS,,y1450805t_c1f.fits,0.444,ok
4C41.21,FOS,,y1450805t_c2f.fits,0.444,ok
4C41.21,FOS,,y1450805t_c4f.fits,0.444,ok
4C41.21,FOS,,y1450805t_c5f.fits,0.444,ok
4C41.21,FOS,,y1450805t_c7f.fits,0.444,ok
4C41.21,FOS,,y1450806t_c0f.fits,0.158,ok
4C41.21,FOS,,y1450806t_c1f.fits,0.158,ok
4C41.21,FOS,,y1450806t_c2f.fits,0.158,ok
4C41.21,FOS,,y1450806t_c4f.fits,0.158,ok
4C41.21,FOS,,y1450806t_c5f.fits,0.158,ok
4C41.21,FOS,,y1450806t_c7f.fits,0.158,ok
4C55-17,FOS,,y1170302t_c0f.fits,0.167,ok
4C55-17,FOS,,y1170302t_c1f.fits,0.167,ok
4C55-17,FOS,,y1170302t_c2f.fits,0.167,ok
4C55-17,FOS,,y1170302t_c4f.fits,0.167,ok
4C55-17,FOS,,y1170302t_c5f.fits,0.167,ok
4C55-17,FOS,,y1170302t_c7f.fits,0.167,ok
4C55-17,FOS,,y1170303t_c0f.fits,0.167,ok
4C55-17,FOS,,y1170303t_c1f.fits,0.167,ok
4C55-17,FOS,,y1170303t_c2f.fits,0.167,ok
4C55-17,FOS,,y1170303t_c4f.fits,0.167,ok
4C55-17,FOS,,y1170303t_c5f.fits,0.167,ok
4C55-17,FOS,,y1170303t_c7f.fits,0.167,ok
4C55-17,FOS,,y1170304t_c0f.fits,0.144,ok
4C55-17,FOS,,y1170304t_c1f.fits,0.144,ok
4C55-17,FOS,,y1170304t_c2f.fits,0.144,ok
4C55-17,FOS,,y1170304t_c4f.fits,0.144,ok
4C55-17,FOS,,y1170304t_c5f.fits,0.144,ok
4C55-17,FOS,,y1170304t_c7f.fits,0.144,ok
4C61.20,FOS,,y38e2302t_c0f.fits,0.086,ok
4C61.20,FOS,,y38e2302t_c1f.fits,0.086,ok
4C61.20,FOS,,y38e2302t_c2f.fits,0.086,ok
4C61.20,FOS,,y38e2302t_c4f.fits,0.086,ok
4C61.20,FOS,,y38e2302t_c5f.fits,0.086,ok
4C61.20,FOS,,y38e2302t_c7f.fits,0.086,ok
4C73-18,FOS,,y10g0603t_c0f.fits,0.383,ok
4C73-18,FOS,,y10g0603t_c1f.fits,0.383,ok
4C73-18,FOS,,y10g0603t_c2f.fits,0.383,ok
4C73-18,FOS,,y10g0603t_c4f.fits,0.383,ok
4C73-18,FOS,,y10g0603t_c5f.fits,0.383,ok
4C73-18,FOS,,y10g0603t_c7f.fits,0.383,ok
4C73-18,FOS,,y10g0604t_c0f.fits,0.504,ok
4C73-18,FOS,,y10g0604t_c1f.fits,0.504,ok
4C73-18,FOS,,y10g0604t_c2f.fits,0.504,ok
4C73-18,FOS,,y10g0604t_c4f.fits,0.504,ok
4C73-18,FOS,,y10g0604t_c5f.fits,0.504,ok
4C73-18,FOS,,y10g0604t_c7f.fits,0.504,ok
4C73-18,FOS,,y10g0605t_c0f.fits,0.504,ok
4C73-18,FOS,,y10g0605t_c1f.fits,0.504,ok
4C73-18,FOS,,y10g0605t_c2f.fits,0.504,ok
4C73-18,FOS,,y10g0605t_c4f.fits,0.504,ok
4C73-18,FOS,,y10g0605t_c5f.fits,0.504,ok
4C73-18,FOS,,y10g0605t_c7f.fits,0.504,ok
4C73-18,FOS,,y2dz0j02t_c0f.fits,0.052,ok
4C73-18,FOS,,y2dz0j02t_c1f.fits,0.052,ok
4C73-18,FOS,,y2dz0j02t_c2f.fits,0.052,ok
4C73-18,FOS,,y2dz0j02t_c4f.fits,0.052,ok
4C73-18,FOS,,y2dz0j02t_c5f.fits,0.052,ok
4C73-18,FOS,,y2dz0j02t_c7f.fits,0.052,ok
4C73-18,FOS,,y2dz0j03t_c0f.fits,0.138,ok
4C73-18,FOS,,y2dz0j03t_c1f.fits,0.138,ok
4C73-18,FOS,,y2dz0j03t_c2f.fits,0.138,ok
4C73-18,FOS,,y2dz0j03t_c4f.fits,0.138,ok
4C73-18,FOS,,y2dz0j03t_c5f.fits,0.138,ok
4C73-18,FOS,,y2dz0j03t_c7f.fits,0.138,ok
4C73-18,FOS,,y2dz0j04t_c0f.fits,0.138,ok
4C73-18,FOS,,y2dz0j04t_c1f.fits,0.138,ok
4C73-18,FOS,,y2dz0j04t_c2f.fits,0.138,ok
4C73-18,FOS,,y2dz0j04t_c4f.fits,0.138,ok
4C73-18,FOS,,y2dz0j04t_c5f.fits,0.138,ok
4C73-18,FOS,,y2dz0j04t_c7f.fits,0.138,ok
6C 134441+623604,COS,,lbji01010_x1dsum.fits,1.814,ok
6C 134441+623604,COS,,lbji01noq_x1d.fits,3.39,ok
6C 134441+623604,COS,,lbji01nsq_x1d.fits,3.39,ok
6C 134441+623604,COS,,lbji01nvq_x1d.fits,3.39,ok
6C 134441+623604,COS,,lbji01o0q_x1d.fits,3.39,ok
6C 134441+623604,STIS,,obji14010_sx1.fits,0.081,ok
6C 134441+623604,STIS,,obji14020_sx1.fits,0.081,ok
6C 134441+623604,STIS,,obji14030_sx1.fits,0.081,ok
7C 081438.10+224634.00,COS,,ldi301010_x1dsum.fits,0.245,ok
7C 081438.10+224634.00,COS,,ldi301020_x1dsum.fits,0.245,ok
7C 081438.10+224634.00,COS,,ldi301030_x1dsum.fits,1.814,ok
7C 081438.10+224634.00,COS,,ldi301thq_x1d.fits,0.429,ok
7C 081438.10+224634.00,COS,,ldi301tqq_x1d.fits,0.429,ok
7C 081438.10+224634.00,COS,,ldi301tvq_x1d.fits,0.429,ok
7C 081438.10+224634.00,COS,,ldi301u0q_x1d.fits,0.429,ok
7C 081438.10+224634.00,COS,,ldi301u2q_x1d.fits,0.429,ok
7C 081438.10+224634.00,COS,,ldi301u8q_x1d.fits,3.39,ok
7C 081438.10+224634.00,COS,,ldi301uaq_x1d.fits,3.39,ok
7C 081438.10+224634.00,COS,,ldi301ugq_x1d.fits,3.39,ok
7C 081438.10+224634.00,COS,,ldi301uiq_x1d.fits,3.39,ok
7C 143544.20+505906.00,COS,,lb5n38010_x1dsum.fits,1.947,ok
7C 143544.20+505906.00,COS,,lb5n38020_x1dsum.fits,1.944,ok
7C 143544.20+505906.00,COS,,lb5n38030_x1dsum.fits,1.817,ok
7C 143544.20+505906.00,COS,,lb5n38040_x1dsum.fits,1.814,ok
7C 143544.20+505906.00,COS,,lb5n38qkq_x1d.fits,3.39,ok
7C 143544.20+505906.00,COS,,lb5n38qvq_x1d.fits,3.39,ok
7C 143544.20+505906.00,COS,,lb5n38r2q_x1d.fits,3.39,ok
7C 143544.20+505906.00,COS,,lb5n38req_x1d.fits,3.39,ok
7C 143544.20+505906.00,COS,,lb5n38rhq_x1d.fits,3.39,ok
7C 143544.20+505906.00,COS,,lb5n38rpq_x1d.fits,3.39,ok
7C 143544.20+505906.00,COS,,lf1313010_x1dsum.fits,0.259,ok
7C 143544.20+505906.00,COS,,lf1313cvq_x1d.fits,0.429,ok
7C 1555+3313,COS,,ldhz43010_x1dsum.fits,0.933,ok
7C 1555+3313,COS,,ldhz43kyq_x1d.fits,1.719,ok
7C 1555+3313,COS,,ldhz43l7q_x1d.fits,1.719,ok
7C 1555+3313,FOS,,y12b0902t_c0f.fits,0.098,ok
7C 1555+3313,FOS,,y12b0902t_c1f.fits,0.098,ok
7C 1555+3313,FOS,,y12b0902t_c2f.fits,0.098,ok
7C 1555+3313,FOS,,y12b0902t_c4f.fits,0.098,ok
7C 1555+3313,FOS,,y12b0902t_c5f.fits,0.098,ok
7C 1555+3313,FOS,,y12b0902t_c7f.fits,0.098,ok
7C 1555+3313,FOS,,y12b0903t_c0f.fits,0.098,ok
7C 1555+3313,FOS,,y12b0903t_c1f.fits,0.098,ok
7C 1555+3313,FOS,,y12b0903t_c2f.fits,0.098,ok
7C 1555+3313,FOS,,y12b0903t_c4f.fits,0.098,ok
7C 1555+3313,FOS,,y12b0903t_c5f.fits,0.098,ok
7C 1555+3313,FOS,,y12b0903t_c7f.fits,0.098,ok
7C 163119.39+393037.00,COS,,ldar08010_x1dsum.fits,1.814,ok
7C 163119.39+393037.00,COS,,ldar08020_x1dsum.fits,1.817,ok
7C 163119.39+393037.00,COS,,ldar08csq_x1d.fits,3.39,ok
7C 163119.39+393037.00,COS,,ldar08cuq_x1d.fits,3.39,ok
7C 163119.39+393037.00,COS,,ldar08cwq_x1d.fits,3.39,ok
7C 163119.39+393037.00,COS,,ldar08cyq_x1d.fits,3.39,ok
7C 163119.39+393037.00,COS,,ldar08d0q_x1d.fits,3.39,ok
7C 163119.39+393037.00,COS,,ldar08d2q_x1d.fits,3.39,ok
7C 163119.39+393037.00,COS,,ldar08d4q_x1d.fits,3.39,ok
7C 163119.39+393037.00,COS,,ldar08dcq_x1d.fits,3.39,ok
7C 163119.39+393037.00,FOS,,y1hk0r02t_c0f.fits,0.058,ok
7C 163119.39+393037.00,FOS,,y1hk0r02t_c1f.fits,0.058,ok
7C 163119.39+393037.00,FOS,,y1hk0r02t_c2f.fits,0.058,ok
7C 163119.39+393037.00,FOS,,y1hk0r02t_c4f.fits,0.058,ok
7C 163119.39+393037.00,FOS,,y1hk0r02t_c5f.fits,0.058,ok
7C 163119.39+393037.00,FOS,,y1hk0r02t_c7f.fits,0.058,ok
7C 170448.10+361856.00,STIS,,o6du24010_x1d.fits,0.078,ok
7C 170448.10+361856.00,STIS,,o6du24020_x1d.fits,0.078,ok
87GB 004432.0+030343,COS,,lbh420010_x1dsum.fits,1.814,ok
87GB 004432.0+030343,COS,,lbh420q9q_x1d.fits,3.39,ok
87GB 004432.0+030343,COS,,lbh420qbq_x1d.fits,3.39,ok
87GB 004432.0+030343,FOS,,y0rv0n03t_c0f.fits,0.435,ok
87GB 004432.0+030343,FOS,,y0rv0n03t_c1f.fits,0.435,ok
87GB 004432.0+030343,FOS,,y0rv0n03t_c2f.fits,0.435,ok
87GB 004432.0+030343,FOS,,y0rv0n03t_c4f.fits,0.435,ok
87GB 004432.0+030343,FOS,,y0rv0n03t_c5f.fits,0.435,ok
87GB 004432.0+030343,FOS,,y0rv0n03t_c7f.fits,0.435,ok
87GB 004432.0+030343,FOS,,y0rv0n04t_c0f.fits,0.435,ok
87GB 004432.0+030343,FOS,,y0rv0n04t_c1f.fits,0.435,ok
87GB 004432.0+030343,FOS,,y0rv0n04t_c2f.fits,0.435,ok
87GB 004432.0+030343,FOS,,y0rv0n04t_c4f.fits,0.435,ok
87GB 004432.0+030343,FOS,,y0rv0n04t_c5f.fits,0.435,ok
87GB 004432.0+030343,FOS,,y0rv0n04t_c7f.fits,0.435,ok
87GB 004432.0+030343,FOS,,y0rv0n05t_c0f.fits,0.253,ok
87GB 004432.0+030343,FOS,,y0rv0n05t_c1f.fits,0.253,ok
87GB 004432.0+030343,FOS,,y0rv0n05t_c2f.fits,0.253,ok
87GB 004432.0+030343,FOS,,y0rv0n05t_c4f.fits,0.253,ok
87GB 004432.0+030343,FOS,,y0rv0n05t_c5f.fits,0.253,ok
87GB 004432.0+030343,FOS,,y0rv0n05t_c7f.fits,0.253,ok
87GB 004432.0+030343,FOS,,y0rv0o01t_c0f.fits,0.158,ok
87GB 004432.0+030343,FOS,,y0rv0o01t_c1f.fits,0.158,ok
87GB 004432.0+030343,FOS,,y0rv0o01t_c2f.fits,0.158,ok
87GB 004432.0+030343,FOS,,y0rv0o01t_c4f.fits,0.158,ok
87GB 004432.0+030343,FOS,,y0rv0o01t_c5f.fits,0.158,ok
87GB 004432.0+030343,FOS,,y0rv0o01t_c7f.fits,0.158,ok
87GB 121807.5+173455,COS,,lf1322010_x1dsum.fits,0.245,ok
87GB 121807.5+173455,COS,,lf1322020_x1dsum.fits,1.817,ok
87GB 121807.5+173455,COS,,lf1322e8q_x1d.fits,0.429,ok
87GB 121807.5+173455,COS,,lf1322ebq_x1d.fits,0.429,ok
87GB 121807.5+173455,COS,,lf1322egq_x1d.fits,3.39,ok
87GB 121807.5+173455,COS,,lf1322eqq_x1d.fits,3.39,ok
87GB 121807.5+173455,COS,,lf1322eyq_x1d.fits,3.39,ok
AKN120,STIS,,o6ct10010_sx1.fits,0.081,ok
AKN120,FOS,,y29e0102t_c0f.fits,0.078,ok
AKN120,FOS,,y29e0102t_c1f.fits,0.078,ok
AKN120,FOS,,y29e0102t_c2f.fits,0.078,ok
AKN120,FOS,,y29e0102t_c4f.fits,0.078,ok
AKN120,FOS,,y29e0102t_c5f.fits,0.078,ok
AKN120,FOS,,y29e0102t_c7f.fits,0.078,ok
AKN120,FOS,,y29e0103t_c0f.fits,0.052,ok
AKN120,FOS,,y29e0103t_c1f.fits,0.052,ok
AKN120,FOS,,y29e0103t_c2f.fits,0.052,ok
AKN120,FOS,,y29e0103t_c4f.fits,0.052,ok
AKN120,FOS,,y29e0103t_c5f.fits,0.052,ok
AKN120,FOS,,y29e0103t_c7f.fits,0.052,ok
AKN120,FOS,,y29e0104t_c0f.fits,0.069,ok
AKN120,FOS,,y29e0104t_c1f.fits,0.069,ok
AKN120,FOS,,y29e0104t_c2f.fits,0.069,ok
AKN120,FOS,,y29e0104t_c4f.fits,0.069,ok
AKN120,FOS,,y29e0104t_c5f.fits,0.069,ok
AKN120,FOS,,y29e0104t_c7f.fits,0.069,ok
AKN120,FOS,,y29e0105t_c0f.fits,0.043,ok
AKN120,FOS,,y29e0105t_c1f.fits,0.043,ok
AKN120,FOS,,y29e0105t_c2f.fits,0.043,ok
AKN120,FOS,,y29e0105t_c4f.fits,0.043,ok
AKN120,FOS,,y29e0105t_c5f.fits,0.043,ok
AKN120,FOS,,y29e0105t_c7f.fits,0.043,ok
AKN120,FOS,,y29e0106t_c0f.fits,0.043,ok
AKN120,FOS,,y29e0106t_c1f.fits,0.043,ok
AKN120,FOS,,y29e0106t_c2f.fits,0.043,ok
AKN120,FOS,,y29e0106t_c4f.fits,0.043,ok
AKN120,FOS,,y29e0106t_c5f.fits,0.043,ok
AKN120,FOS,,y29e0106t_c7f.fits,0.043,ok
AKN120,FOS,,y29e0302t_c0f.fits,0.078,ok
AKN120,FOS,,y29e0302t_c1f.fits,0.078,ok
AKN120,FOS,,y29e0302t_c2f.fits,0.078,ok
AKN120,FOS,,y29e0302t_c4f.fits,0.078,ok
AKN120,FOS,,y29e0302t_c5f.fits,0.078,ok
AKN120,FOS,,y29e0302t_c7f.fits,0.078,ok
AKN120,FOS,,y29e0303t_c0f.fits,0.052,ok
AKN120,FOS,,y29e0303t_c1f.fits,0.052,ok
AKN120,FOS,,y29e0303t_c2f.fits,0.052,ok
AKN120,FOS,,y29e0303t_c4f.fits,0.052,ok
AKN120,FOS,,y29e0303t_c5f.fits,0.052,ok
AKN120,FOS,,y29e0303t_c7f.fits,0.052,ok
AKN120,FOS,,y29e0304t_c0f.fits,0.06,ok
AKN120,FOS,,y29e0304t_c1f.fits,0.06,ok
AKN120,FOS,,y29e0304t_c2f.fits,0.06,ok
AKN120,FOS,,y29e0304t_c4f.fits,0.06,ok
AKN120,FOS,,y29e0304t_c5f.fits,0.06,ok
AKN120,FOS,,y29e0304t_c7f.fits,0.06,ok
AKN120,FOS,,y29e0305t_c0f.fits,0.052,ok
AKN120,FOS,,y29e0305t_c1f.fits,0.052,ok
AKN120,FOS,,y29e0305t_c2f.fits,0.052,ok
AKN120,FOS,,y29e0305t_c4f.fits,0.052,ok
AKN120,FOS,,y29e0305t_c5f.fits,0.052,ok
AKN120,FOS,,y29e0305t_c7f.fits,0.052,ok
AKN120,FOS,,y2gq0201t_c0f.fits,0.043,ok
AKN120,FOS,,y2gq0201t_c1f.fits,0.043,ok
AKN120,FOS,,y2gq0201t_c2f.fits,0.043,ok
AKN120,FOS,,y2gq0201t_c4f.fits,0.043,ok
AKN120,FOS,,y2gq0201t_c5f.fits,0.043,ok
AKN120,FOS,,y2gq0201t_c7f.fits,0.043,ok
ATO J115.9667+27.2109,STIS,,of9m04010_sx1.fits,0.081,ok
ATO J115.9667+27.2109,STIS,,of9m04020_sx1.fits,0.081,ok
ATO J115.9667+27.2109,STIS,,of9m04030_x1d.fits,0.078,ok
ATO J115.9667+27.2109,STIS,,of9m04040_x1d.fits,0.078,ok
ATO J117.7559+29.2386,COS,,lf7v04010_x1dsum.fits,1.814,ok
ATO J117.7559+29.2386,COS,,lf7v04req_x1d.fits,3.39,ok
ATO J117.7559+29.2386,COS,,lf7v04rgq_x1d.fits,3.39,ok
ATO J117.7559+29.2386,COS,,lf7v04riq_x1d.fits,3.39,ok
ATO J117.7559+29.2386,COS,,lf7v04rkq_x1d.fits,3.39,ok
ATO J200.4373+03.5154,COS,,lb1418010_x1dsum.fits,1.947,ok
ATO J200.4373+03.5154,COS,,lb1418isq_x1d.fits,3.39,ok
B20110+29,FOS,,y12b0102t_c0f.fits,0.092,ok
B20110+29,FOS,,y12b0102t_c1f.fits,0.092,ok
B20110+29,FOS,,y12b0102t_c2f.fits,0.092,ok
B20110+29,FOS,,y12b0102t_c4f.fits,0.092,ok
B20110+29,FOS,,y12b0102t_c5f.fits,0.092,ok
B20110+29,FOS,,y12b0102t_c7f.fits,0.092,ok
B20110+29,FOS,,y12b0103t_c0f.fits,0.058,ok
B20110+29,FOS,,y12b0103t_c1f.fits,0.058,ok
B20110+29,FOS,,y12b0103t_c2f.fits,0.058,ok
B20110+29,FOS,,y12b0103t_c4f.fits,0.058,ok
B20110+29,FOS,,y12b0103t_c5f.fits,0.058,ok
B20110+29,FOS,,y12b0103t_c7f.fits,0.058,ok
B21248+30,FOS,,y2dz0402t_c0f.fits,0.121,ok
B21248+30,FOS,,y2dz0402t_c1f.fits,0.121,ok
B21248+30,FOS,,y2dz0402t_c2f.fits,0.121,ok
B21248+30,FOS,,y2dz0402t_c4f.fits,0.121,ok
B21248+30,FOS,,y2dz0402t_c5f.fits,0.121,ok
B21248+30,FOS,,y2dz0402t_c7f.fits,0.121,ok
CLASS-B1152+199-ABS01,COS,,lc9x01010_x1dsum.fits,0.245,ok
CLASS-B1152+199-ABS01,COS,,lc9x01020_x1dsum.fits,0.245,ok
CLASS-B1152+199-ABS01,COS,,lc9x01kvq_x1d.fits,0.429,ok
CLASS-B1152+199-ABS01,COS,,lc9x01kzq_x1d.fits,0.429,ok
CLASS-B1152+199-ABS01,COS,,lc9x01l1q_x1d.fits,0.429,ok
CLASS-B1152+199-ABS01,COS,,lc9x01l4q_x1d.fits,0.429,ok
CLASS-B1152+199-ABS01,COS,,lc9x01lcq_x1d.fits,0.429,ok
CLASS-B1152+199-ABS01,COS,,lc9x01lfq_x1d.fits,0.429,ok
CLASS-B1152+199-ABS01,COS,,lc9x01lsq_x1d.fits,0.429,ok
CLASS-B1152+199-ABS01,COS,,lc9x01moq_x1d.fits,0.429,ok
CLASS-B1152+199-ABS01,STIS,,oex001010_x1d.fits,0.078,ok
CLASS-B1152+199-ABS01,STIS,,oex001020_x1d.fits,0.078,ok
CLASS-B1152+199-ABS01,STIS,,oex001030_x1d.fits,0.078,ok
CLASS-B1152+199-ABS01,STIS,,oex001040_x1d.fits,0.078,ok
CSO 1075,STIS,,ocuv22010_sx1.fits,0.081,ok
CSO 606,STIS,,ocuv21010_sx1.fits,0.081,ok
CXOMP J141123.4+521331,STIS,,oeb610010_x1d.fits,0.078,ok
Crt A,COS,,lbh416010_x1dsum.fits,1.944,ok
Crt A,COS,,lbh416020_x1dsum.fits,1.814,ok
Crt A,COS,,lbh416gkq_x1d.fits,3.39,ok
Crt A,COS,,lbh416gvq_x1d.fits,3.39,ok
Crt A,COS,,lbh416hnq_x1d.fits,3.39,ok
Crt A,FOS,,y0rv0t03t_c0f.fits,0.484,ok
Crt A,FOS,,y0rv0t03t_c1f.fits,0.484,ok
Crt A,FOS,,y0rv0t03t_c2f.fits,0.484,ok
Crt A,FOS,,y0rv0t03t_c4f.fits,0.484,ok
Crt A,FOS,,y0rv0t03t_c5f.fits,0.484,ok
Crt A,FOS,,y0rv0t03t_c7f.fits,0.484,ok
Crt A,FOS,,y0rv0t04t_c0f.fits,0.484,ok
Crt A,FOS,,y0rv0t04t_c1f.fits,0.484,ok
Crt A,FOS,,y0rv0t04t_c2f.fits,0.484,ok
Crt A,FOS,,y0rv0t04t_c4f.fits,0.484,ok
Crt A,FOS,,y0rv0t04t_c5f.fits,0.484,ok
Crt A,FOS,,y0rv0t04t_c7f.fits,0.484,ok
Crt A,FOS,,y0rv0t05t_c0f.fits,0.34,ok
Crt A,FOS,,y0rv0t05t_c1f.fits,0.34,ok
Crt A,FOS,,y0rv0t05t_c2f.fits,0.34,ok
Crt A,FOS,,y0rv0t05t_c4f.fits,0.34,ok
Crt A,FOS,,y0rv0t05t_c5f.fits,0.34,ok
Crt A,FOS,,y0rv0t05t_c7f.fits,0.34,ok
Crt A,FOS,,y0rv0t06t_c0f.fits,0.158,ok
Crt A,FOS,,y0rv0t06t_c1f.fits,0.158,ok
Crt A,FOS,,y0rv0t06t_c2f.fits,0.158,ok
Crt A,FOS,,y0rv0t06t_c4f.fits,0.158,ok
Crt A,FOS,,y0rv0t06t_c5f.fits,0.158,ok
Crt A,FOS,,y0rv0t06t_c7f.fits,0.158,ok
ESO 113-45,STIS,,o6ct06010_sx1.fits,0.081,ok
ESO 113-45,STIS,,ofmz01010_x1d.fits,0.0,error
ESO 113-45,STIS,,ofmz01020_x1d.fits,0.0,error
ESO 113-45,STIS,,ofmz01030_x1d.fits,0.0,error
ESO 113-45,STIS,,ofmz01040_x1d.fits,0.0,error
ESO 113-45,STIS,,ofmz01050_x1d.fits,0.0,error
ESO 113-45,STIS,,ofmz01060_x1d.fits,0.0,error
ESO 113-45,STIS,,ofmz01070_x1d.fits,0.0,error
ESO 113-45,STIS,,ofmz01080_x1d.fits,0.0,error
ESO 113-45,STIS,,ofmz02030_x1d.fits,0.0,error
ESO 113-45,STIS,,ofmz02040_x1d.fits,0.0,error
ESO 113-45,STIS,,ofmz02050_x1d.fits,0.0,error
ESO 113-45,STIS,,ofmz02060_x1d.fits,0.0,error
ESO 113-45,STIS,,ofmz02070_x1d.fits,0.0,error
ESO 113-45,STIS,,ofmz02080_x1d.fits,0.0,error
ESO 113-45,STIS,,ofmz03010_x1d.fits,0.0,error
ESO 113-45,STIS,,ofmz03020_x1d.fits,0.0,error
ESO 113-45,STIS,,ofmz03030_x1d.fits,0.0,error
ESO 113-45,STIS,,ofmz03040_x1d.fits,0.0,error
ESO 113-45,STIS,,ofmz03050_x1d.fits,0.0,error
ESO 113-45,STIS,,ofmz03060_x1d.fits,0.0,error
ESO 113-45,STIS,,ofmz03070_x1d.fits,0.0,error
ESO 113-45,STIS,,ofmz03080_x1d.fits,0.0,error
ESO 113-45,FOS,,y0ya0102t_c0f.fits,0.118,ok
ESO 113-45,FOS,,y0ya0102t_c1f.fits,0.118,ok
ESO 113-45,FOS,,y0ya0102t_c2f.fits,0.118,ok
ESO 113-45,FOS,,y0ya0102t_c4f.fits,0.118,ok
ESO 113-45,FOS,,y0ya0102t_c5f.fits,0.118,ok
ESO 113-45,FOS,,y0ya0102t_c7f.fits,0.118,ok
ESO 113-45,FOS,,y0ya0103t_c0f.fits,0.058,ok
ESO 113-45,FOS,,y0ya0103t_c1f.fits,0.058,ok
ESO 113-45,FOS,,y0ya0103t_c2f.fits,0.058,ok
ESO 113-45,FOS,,y0ya0103t_c4f.fits,0.058,ok
ESO 113-45,FOS,,y0ya0103t_c5f.fits,0.058,ok
ESO 113-45,FOS,,y0ya0103t_c7f.fits,0.058,ok
ESO 113-45,FOS,,y0ya0104t_c0f.fits,0.04,ok
ESO 113-45,FOS,,y0ya0104t_c1f.fits,0.04,ok
ESO 113-45,FOS,,y0ya0104t_c2f.fits,0.04,ok
ESO 113-45,FOS,,y0ya0104t_c4f.fits,0.04,ok
ESO 113-45,FOS,,y0ya0104t_c5f.fits,0.04,ok
ESO 113-45,FOS,,y0ya0104t_c7f.fits,0.04,ok
ESO 141-55,COS,,lc1202010_x1dsum.fits,1.814,ok
ESO 141-55,COS,,lc1202020_x1dsum.fits,1.814,ok
ESO 141-55,COS,,lc1202iqq_x1d.fits,3.39,ok
ESO 141-55,COS,,lc1202isq_x1d.fits,3.39,ok
ESO 141-55,COS,,lc1202iuq_x1d.fits,3.39,ok
ESO 141-55,COS,,lc1202iwq_x1d.fits,3.39,ok
ESO 141-55,COS,,lc1202iyq_x1d.fits,3.39,ok
ESO 141-55,COS,,lc1202j0q_x1d.fits,3.39,ok
ESO 141-55,COS,,lc1202j2q_x1d.fits,3.39,ok
ESO 141-55,COS,,lc1202j4q_x1d.fits,3.39,ok
ESO 31-8,COS,,lbk203010_x1dsum.fits,1.814,ok
ESO 31-8,COS,,lbk203020_x1dsum.fits,1.817,ok
ESO 31-8,COS,,lbk203umq_x1d.fits,3.39,ok
ESO 31-8,COS,,lbk203uqq_x1d.fits,3.39,ok
ESO 31-8,COS,,lbk203utq_x1d.fits,3.39,ok
ESO 31-8,COS,,lbk203uxq_x1d.fits,3.39,ok
ESO 462-9,COS,,lc8y07010_x1dsum.fits,1.814,ok
ESO 462-9,COS,,lc8y07020_x1dsum.fits,1.817,ok
ESO 462-9,COS,,lc8y07woq_x1d.fits,3.39,ok
ESO 462-9,COS,,lc8y07xgq_x1d.fits,3.39,ok
ESO 462-9,COS,,lc8y07xkq_x1d.fits,3.39,ok
ESO 462-9,COS,,lc8y07xrq_x1d.fits,3.39,ok
ESO 462-9,COS,,lc8y07xxq_x1d.fits,3.39,ok
ESO 462-9,COS,,lc8y07y8q_x1d.fits,3.39,ok
ESO 462-9,COS,,lc8y07yzq_x1d.fits,3.39,ok
ESO 462-9,COS,,lc8y07z8q_x1d.fits,3.39,ok
ESO 499-41,COS,,lccv04010_x1dsum.fits,1.947,ok
ESO 499-41,COS,,lccv04020_x1dsum.fits,1.944,ok
ESO 499-41,COS,,lccv04030_x1dsum.fits,1.814,ok
ESO 499-41,COS,,lccv04040_x1dsum.fits,1.944,ok
ESO 499-41,COS,,lccv04050_x1dsum.fits,1.947,ok
ESO 499-41,COS,,lccv04060_x1dsum.fits,1.944,ok
ESO 499-41,COS,,lccv04070_x1dsum.fits,1.944,ok
ESO 499-41,COS,,lccv04080_x1dsum.fits,1.944,ok
ESO 499-41,COS,,lccv04aiq_x1d.fits,3.39,ok
ESO 499-41,COS,,lccv04anq_x1d.fits,3.39,ok
ESO 499-41,COS,,lccv04auq_x1d.fits,3.39,ok
ESO 499-41,COS,,lccv04axq_x1d.fits,3.39,ok
ESO 499-41,COS,,lccv04b4q_x1d.fits,3.39,ok
ESO 499-41,COS,,lccv04b7q_x1d.fits,3.39,ok
ESO 499-41,COS,,lccv04beq_x1d.fits,3.39,ok
ESO 499-41,COS,,lccv04bvq_x1d.fits,3.39,ok
ESO 499-41,COS,,lccv04c3q_x1d.fits,3.39,ok
FBQS J2226-0901,COS,,ldie01010_x1dsum.fits,0.933,ok
FBQS J2226-0901,COS,,ldie01chq_x1d.fits,1.719,ok
FBQS J2226-0901,COS,,ldie01ckq_x1d.fits,1.719,ok
FBQS J2226-0901,COS,,ldie01cmq_x1d.fits,1.719,ok
FBQS J2226-0901,COS,,ldie01coq_x1d.fits,1.719,ok
FBQS J2226-0901,COS,,ldie01cqq_x1d.fits,1.719,ok
FBQSJ074541.6+314256,FOS,,y1450403t_c0f.fits,0.544,ok
FBQSJ074541.6+314256,FOS,,y1450403t_c1f.fits,0.544,ok
FBQSJ074541.6+314256,FOS,,y1450403t_c2f.fits,0.544,ok
FBQSJ074541.6+314256,FOS,,y1450403t_c4f.fits,0.544,ok
FBQSJ074541.6+314256,FOS,,y1450403t_c5f.fits,0.544,ok
FBQSJ074541.6+314256,FOS,,y1450403t_c7f.fits,0.544,ok
FBQSJ074541.6+314256,FOS,,y1450404t_c0f.fits,0.544,ok
FBQSJ074541.6+314256,FOS,,y1450404t_c1f.fits,0.544,ok
FBQSJ074541.6+314256,FOS,,y1450404t_c2f.fits,0.544,ok
FBQSJ074541.6+314256,FOS,,y1450404t_c4f.fits,0.544,ok
FBQSJ074541.6+314256,FOS,,y1450404t_c5f.fits,0.544,ok
FBQSJ074541.6+314256,FOS,,y1450404t_c7f.fits,0.544,ok
FBQSJ074541.6+314256,FOS,,y1450405t_c0f.fits,0.4,ok
FBQSJ074541.6+314256,FOS,,y1450405t_c1f.fits,0.4,ok
FBQSJ074541.6+314256,FOS,,y1450405t_c2f.fits,0.4,ok
FBQSJ074541.6+314256,FOS,,y1450405t_c4f.fits,0.4,ok
FBQSJ074541.6+314256,FOS,,y1450405t_c5f.fits,0.4,ok
FBQSJ074541.6+314256,FOS,,y1450405t_c7f.fits,0.4,ok
FBQSJ074541.6+314256,FOS,,y1450406t_c0f.fits,0.158,ok
FBQSJ074541.6+314256,FOS,,y1450406t_c1f.fits,0.158,ok
FBQSJ074541.6+314256,FOS,,y1450406t_c2f.fits,0.158,ok
FBQSJ074541.6+314256,FOS,,y1450406t_c4f.fits,0.158,ok
FBQSJ074541.6+314256,FOS,,y1450406t_c5f.fits,0.158,ok
FBQSJ074541.6+314256,FOS,,y1450406t_c7f.fits,0.158,ok
H1821+643,COS,,lbgl33010_x1dsum.fits,1.814,ok
H1821+643,COS,,lbgl33020_x1dsum.fits,1.944,ok
H1821+643,COS,,lbgl33030_x1dsum.fits,1.944,ok
H1821+643,COS,,lbgl33040_x1dsum.fits,1.814,ok
H1821+643,COS,,lbgl33050_x1dsum.fits,1.814,ok
H1821+643,COS,,lbgl33iwq_x1d.fits,3.39,ok
H1821+643,COS,,lbgl33izq_x1d.fits,3.39,ok
H1821+643,COS,,lbgl33j6q_x1d.fits,3.39,ok
H1821+643,COS,,lbgl33jdq_x1d.fits,3.39,ok
H1821+643,COS,,lbgl33jkq_x1d.fits,3.39,ok
H1821+643,COS,,lbgl33joq_x1d.fits,3.39,ok
H1821+643,COS,,lbgl33jsq_x1d.fits,3.39,ok
H1821+643,COS,,lbgl33juq_x1d.fits,3.39,ok
H1821+643,STIS,,o5e703010_x1d.fits,1.716,ok
H1821+643,STIS,,o5e703020_x1d.fits,1.716,ok
H1821+643,STIS,,o5e703030_x1d.fits,1.716,ok
H1821+643,STIS,,o5e703040_x1d.fits,1.716,ok
H1821+643,STIS,,o5e703050_x1d.fits,1.716,ok
H1821+643,STIS,,o5e703060_x1d.fits,1.716,ok
H1821+643,STIS,,o5e703070_x1d.fits,1.716,ok
H1821+643,STIS,,o5e703080_x1d.fits,1.716,ok
H1821+643,STIS,,o5e703090_x1d.fits,1.716,ok
H1821+643,STIS,,o5e7030a0_x1d.fits,1.716,ok
H1821+643,STIS,,o5e7030b0_x1d.fits,1.716,ok
H1821+643,STIS,,o5e7030c0_x1d.fits,1.716,ok
H1821+643,STIS,,o5e7030d0_x1d.fits,1.716,ok
H1821+643,STIS,,o5e7030e0_x1d.fits,1.716,ok
H1821+643,STIS,,o5e704010_x1d.fits,1.757,ok
H1821+643,STIS,,o5e704020_x1d.fits,1.757,ok
H1821+643,STIS,,o5e704030_x1d.fits,1.757,ok
H1821+643,STIS,,o5e704040_x1d.fits,1.757,ok
H1821+643,STIS,,o5e704050_x1d.fits,1.757,ok
H1821+643,STIS,,o5e704060_x1d.fits,1.757,ok
H1821+643,STIS,,o5e704070_x1d.fits,1.757,ok
H1821+643,STIS,,o5e704080_x1d.fits,1.757,ok
H1821+643,STIS,,o5e704090_x1d.fits,1.757,ok
H1821+643,STIS,,o5e7040a0_x1d.fits,1.757,ok
H1821+643,STIS,,o5e7040b0_x1d.fits,1.757,ok
H1821+643,STIS,,o5e7040c0_x1d.fits,1.757,ok
H1821+643,STIS,,o5e7040d0_x1d.fits,1.757,ok
H1821+643,STIS,,o5e7040e0_x1d.fits,1.757,ok
H1821+643,STIS,,o5e705010_x1d.fits,0.078,ok
H1821+643,STIS,,o5e705020_x1d.fits,0.078,ok
H1821+643,STIS,,o5e705030_x1d.fits,0.078,ok
H1821+643,STIS,,o5e705040_x1d.fits,0.078,ok
H1821+643,STIS,,o5e705050_x1d.fits,0.078,ok
H1821+643,STIS,,o5e705060_x1d.fits,0.078,ok
H1821+643,STIS,,o5e705070_x1d.fits,0.078,ok
H1821+643,STIS,,o5e705080_x1d.fits,0.078,ok
H1821+643,STIS,,o5e705090_x1d.fits,0.078,ok
H1821+643,STIS,,o5e7050a0_x1d.fits,0.078,ok
H1821+643,STIS,,o5e7050b0_x1d.fits,0.078,ok
H1821+643,STIS,,o5e7050c0_x1d.fits,0.078,ok
H1821+643,STIS,,o5e7050d0_x1d.fits,0.078,ok
H1821+643,STIS,,o5fe01010_x1d.fits,0.078,ok
H1821+643,STIS,,o5fe01020_x1d.fits,0.132,ok
H1821+643,STIS,,o5fe01030_x1d.fits,0.078,ok
H1821+643,STIS,,o5fe01040_x1d.fits,0.078,ok
H1821+643,FOS,,y0nt0303t_c0f.fits,0.397,ok
H1821+643,FOS,,y0nt0303t_c1f.fits,0.397,ok
H1821+643,FOS,,y0nt0303t_c2f.fits,0.397,ok
H1821+643,FOS,,y0nt0303t_c4f.fits,0.397,ok
H1821+643,FOS,,y0nt0303t_c5f.fits,0.397,ok
H1821+643,FOS,,y0nt0303t_c7f.fits,0.397,ok
H1821+643,FOS,,y0nt0304t_c0f.fits,0.04,ok
H1821+643,FOS,,y0nt0304t_c1f.fits,0.04,ok
H1821+643,FOS,,y0nt0304t_c2f.fits,0.04,ok
H1821+643,FOS,,y0nt0304t_c4f.fits,0.04,ok
H1821+643,FOS,,y0nt0304t_c5f.fits,0.04,ok
H1821+643,FOS,,y0nt0304t_c7f.fits,0.04,ok
H1821+643,FOS,,y0nt0305t_c0f.fits,0.544,ok
H1821+643,FOS,,y0nt0305t_c1f.fits,0.544,ok
H1821+643,FOS,,y0nt0305t_c2f.fits,0.544,ok
H1821+643,FOS,,y0nt0305t_c4f.fits,0.544,ok
H1821+643,FOS,,y0nt0305t_c5f.fits,0.544,ok
H1821+643,FOS,,y0nt0305t_c7f.fits,0.544,ok
H1821+643,FOS,,y0o90303t_c0f.fits,0.084,ok
H1821+643,FOS,,y0o90303t_c1f.fits,0.084,ok
H1821+643,FOS,,y0o90303t_c2f.fits,0.084,ok
H1821+643,FOS,,y0o90303t_c4f.fits,0.084,ok
H1821+643,FOS,,y0o90303t_c5f.fits,0.084,ok
H1821+643,FOS,,y0o90303t_c7f.fits,0.084,ok
H1821+643,FOS,,y0o90304t_c0f.fits,0.084,ok
H1821+643,FOS,,y0o90304t_c1f.fits,0.084,ok
H1821+643,FOS,,y0o90304t_c2f.fits,0.084,ok
H1821+643,FOS,,y0o90304t_c4f.fits,0.084,ok
H1821+643,FOS,,y0o90304t_c5f.fits,0.084,ok
H1821+643,FOS,,y0o90304t_c7f.fits,0.084,ok
H1821+643,FOS,,y0o90305t_c0f.fits,0.084,ok
H1821+643,FOS,,y0o90305t_c1f.fits,0.084,ok
H1821+643,FOS,,y0o90305t_c2f.fits,0.084,ok
H1821+643,FOS,,y0o90305t_c4f.fits,0.084,ok
H1821+643,FOS,,y0o90305t_c5f.fits,0.084,ok
H1821+643,FOS,,y0o90305t_c7f.fits,0.084,ok
HS1543+5921,STIS,,o5l301010_x1d.fits,0.187,ok
HS1543+5921,STIS,,o5l301020_x1d.fits,0.132,ok
ICRF J000559.2+160949,COS,,lbgl17010_x1dsum.fits,1.814,ok
ICRF J000559.2+160949,COS,,lbgl17020_x1dsum.fits,1.814,ok
ICRF J000559.2+160949,COS,,lbgl17030_x1dsum.fits,1.814,ok
ICRF J000559.2+160949,COS,,lbgl17040_x1dsum.fits,1.944,ok
ICRF J000559.2+160949,COS,,lbgl17jrq_x1d.fits,3.39,ok
ICRF J000559.2+160949,COS,,lbgl17jvq_x1d.fits,3.39,ok
ICRF J000559.2+160949,COS,,lbgl17k0q_x1d.fits,3.39,ok
ICRF J000559.2+160949,COS,,lbgl17k4q_x1d.fits,3.39,ok
ICRF J000559.2+160949,COS,,lbgl17k9q_x1d.fits,3.39,ok
ICRF J000559.2+160949,COS,,lbgl17kdq_x1d.fits,3.39,ok
ICRF J000559.2+160949,COS,,lbgl17khq_x1d.fits,3.39,ok
ICRF J000559.2+160949,COS,,lbgl27010_x1dsum.fits,1.947,ok
ICRF J000559.2+160949,COS,,lbgl27020_x1dsum.fits,1.944,ok
ICRF J000559.2+160949,COS,,lbgl27030_x1dsum.fits,1.944,ok
ICRF J000559.2+160949,COS,,lbgl27040_x1dsum.fits,1.944,ok
ICRF J000559.2+160949,COS,,lbgl27imq_x1d.fits,3.39,ok
ICRF J000559.2+160949,COS,,lbgl27iqq_x1d.fits,3.39,ok
ICRF J000559.2+160949,COS,,lbgl27j0q_x1d.fits,3.39,ok
ICRF J000559.2+160949,COS,,lbgl27jaq_x1d.fits,3.39,ok
ICRF J000559.2+160949,FOS,,y1450b03t_c0f.fits,0.461,ok
ICRF J000559.2+160949,FOS,,y1450b03t_c1f.fits,0.461,ok
ICRF J000559.2+160949,FOS,,y1450b03t_c2f.fits,0.461,ok
ICRF J000559.2+160949,FOS,,y1450b03t_c4f.fits,0.461,ok
ICRF J000559.2+160949,FOS,,y1450b03t_c5f.fits,0.461,ok
ICRF J000559.2+160949,FOS,,y1450b03t_c7f.fits,0.461,ok
ICRF J000559.2+160949,FOS,,y1450b04t_c0f.fits,0.461,ok
ICRF J000559.2+160949,FOS,,y1450b04t_c1f.fits,0.461,ok
ICRF J000559.2+160949,FOS,,y1450b04t_c2f.fits,0.461,ok
ICRF J000559.2+160949,FOS,,y1450b04t_c4f.fits,0.461,ok
ICRF J000559.2+160949,FOS,,y1450b04t_c5f.fits,0.461,ok
ICRF J000559.2+160949,FOS,,y1450b04t_c7f.fits,0.461,ok
ICRF J000559.2+160949,FOS,,y1450b05t_c0f.fits,0.305,ok
ICRF J000559.2+160949,FOS,,y1450b05t_c1f.fits,0.305,ok
ICRF J000559.2+160949,FOS,,y1450b05t_c2f.fits,0.305,ok
ICRF J000559.2+160949,FOS,,y1450b05t_c4f.fits,0.305,ok
ICRF J000559.2+160949,FOS,,y1450b05t_c5f.fits,0.305,ok
ICRF J000559.2+160949,FOS,,y1450b05t_c7f.fits,0.305,ok
ICRF J000559.2+160949,FOS,,y1450c03t_c0f.fits,0.59,ok
ICRF J000559.2+160949,FOS,,y1450c03t_c1f.fits,0.59,ok
ICRF J000559.2+160949,FOS,,y1450c03t_c2f.fits,0.59,ok
ICRF J000559.2+160949,FOS,,y1450c03t_c4f.fits,0.59,ok
ICRF J000559.2+160949,FOS,,y1450c03t_c5f.fits,0.59,ok
ICRF J000559.2+160949,FOS,,y1450c03t_c7f.fits,0.59,ok
ICRF J000559.2+160949,FOS,,y1450c04t_c0f.fits,0.59,ok
ICRF J000559.2+160949,FOS,,y1450c04t_c1f.fits,0.59,ok
ICRF J000559.2+160949,FOS,,y1450c04t_c2f.fits,0.59,ok
ICRF J000559.2+160949,FOS,,y1450c04t_c4f.fits,0.59,ok
ICRF J000559.2+160949,FOS,,y1450c04t_c5f.fits,0.59,ok
ICRF J000559.2+160949,FOS,,y1450c04t_c7f.fits,0.59,ok
ICRF J000559.2+160949,FOS,,y1450c05t_c0f.fits,0.59,ok
ICRF J000559.2+160949,FOS,,y1450c05t_c1f.fits,0.59,ok
ICRF J000559.2+160949,FOS,,y1450c05t_c2f.fits,0.59,ok
ICRF J000559.2+160949,FOS,,y1450c05t_c4f.fits,0.59,ok
ICRF J000559.2+160949,FOS,,y1450c05t_c5f.fits,0.59,ok
ICRF J000559.2+160949,FOS,,y1450c05t_c7f.fits,0.59,ok
ICRF J000559.2+160949,FOS,,y1450c06t_c0f.fits,0.59,ok
ICRF J000559.2+160949,FOS,,y1450c06t_c1f.fits,0.59,ok
ICRF J000559.2+160949,FOS,,y1450c06t_c2f.fits,0.59,ok
ICRF J000559.2+160949,FOS,,y1450c06t_c4f.fits,0.59,ok
ICRF J000559.2+160949,FOS,,y1450c06t_c5f.fits,0.59,ok
ICRF J000559.2+160949,FOS,,y1450c06t_c7f.fits,0.59,ok
ICRF J000559.2+160949,FOS,,y1450c07t_c0f.fits,0.59,ok
ICRF J000559.2+160949,FOS,,y1450c07t_c1f.fits,0.59,ok
ICRF J000559.2+160949,FOS,,y1450c07t_c2f.fits,0.59,ok
ICRF J000559.2+160949,FOS,,y1450c07t_c4f.fits,0.59,ok
ICRF J000559.2+160949,FOS,,y1450c07t_c5f.fits,0.59,ok
ICRF J000559.2+160949,FOS,,y1450c07t_c7f.fits,0.59,ok
ICRF J000559.2+160949,FOS,,y1450c08t_c0f.fits,0.59,ok
ICRF J000559.2+160949,FOS,,y1450c08t_c1f.fits,0.59,ok
ICRF J000559.2+160949,FOS,,y1450c08t_c2f.fits,0.59,ok
ICRF J000559.2+160949,FOS,,y1450c08t_c4f.fits,0.59,ok
ICRF J000559.2+160949,FOS,,y1450c08t_c5f.fits,0.59,ok
ICRF J000559.2+160949,FOS,,y1450c08t_c7f.fits,0.59,ok
ICRF J000559.2+160949,FOS,,y1450c09t_c0f.fits,0.59,ok
ICRF J000559.2+160949,FOS,,y1450c09t_c1f.fits,0.59,ok
ICRF J000559.2+160949,FOS,,y1450c09t_c2f.fits,0.59,ok
ICRF J000559.2+160949,FOS,,y1450c09t_c4f.fits,0.59,ok
ICRF J000559.2+160949,FOS,,y1450c09t_c5f.fits,0.59,ok
ICRF J000559.2+160949,FOS,,y1450c09t_c7f.fits,0.59,ok
ICRF J013738.3-243053,STIS,,o59a15010_x1d.fits,0.078,ok
ICRF J013738.3-243053,STIS,,o59a15020_x1d.fits,0.078,ok
ICRF J013738.3-243053,STIS,,o59a15030_x1d.fits,0.078,ok
ICRF J013738.3-243053,STIS,,o59a15040_x1d.fits,0.078,ok
ICRF J020157.1-113233,COS,,lbgl18010_x1dsum.fits,1.944,ok
ICRF J020157.1-113233,COS,,lbgl18020_x1dsum.fits,1.944,ok
ICRF J020157.1-113233,COS,,lbgl18030_x1dsum.fits,1.944,ok
ICRF J020157.1-113233,COS,,lbgl18040_x1dsum.fits,1.944,ok
ICRF J020157.1-113233,COS,,lbgl18aiq_x1d.fits,3.39,ok
ICRF J020157.1-113233,COS,,lbgl18akq_x1d.fits,3.39,ok
ICRF J020157.1-113233,COS,,lbgl18amq_x1d.fits,3.39,ok
ICRF J020157.1-113233,COS,,lbgl18aoq_x1d.fits,3.39,ok
ICRF J020157.1-113233,COS,,lbgl28010_x1dsum.fits,1.947,ok
ICRF J020157.1-113233,COS,,lbgl28020_x1dsum.fits,1.944,ok
ICRF J020157.1-113233,COS,,lbgl28030_x1dsum.fits,1.944,ok
ICRF J020157.1-113233,COS,,lbgl28040_x1dsum.fits,1.944,ok
ICRF J020157.1-113233,COS,,lbgl28050_x1dsum.fits,0.245,ok
ICRF J020157.1-113233,COS,,lbgl28puq_x1d.fits,3.39,ok
ICRF J020157.1-113233,COS,,lbgl28pyq_x1d.fits,3.39,ok
ICRF J020157.1-113233,COS,,lbgl28q6q_x1d.fits,3.39,ok
ICRF J020157.1-113233,COS,,lbgl28qdq_x1d.fits,3.39,ok
ICRF J020157.1-113233,COS,,lbgl28qfq_x1d.fits,0.429,ok
ICRF J020157.1-113233,COS,,lbgl28qhq_x1d.fits,0.429,ok
ICRF J020157.1-113233,COS,,lbgl28qjq_x1d.fits,0.429,ok
ICRF J020157.1-113233,COS,,lbgl28qlq_x1d.fits,0.429,ok
ICRF J020157.1-113233,FOS,,y2ie0204t_c0f.fits,0.101,ok
ICRF J020157.1-113233,FOS,,y2ie0204t_c1f.fits,0.101,ok
ICRF J020157.1-113233,FOS,,y2ie0204t_c2f.fits,0.101,ok
ICRF J020157.1-113233,FOS,,y2ie0204t_c4f.fits,0.101,ok
ICRF J020157.1-113233,FOS,,y2ie0204t_c5f.fits,0.101,ok
ICRF J020157.1-113233,FOS,,y2ie0204t_c7f.fits,0.101,ok
ICRF J020157.1-113233,FOS,,y2ie0205t_c0f.fits,0.207,ok
ICRF J020157.1-113233,FOS,,y2ie0205t_c1f.fits,0.207,ok
ICRF J020157.1-113233,FOS,,y2ie0205t_c2f.fits,0.207,ok
ICRF J020157.1-113233,FOS,,y2ie0205t_c4f.fits,0.207,ok
ICRF J020157.1-113233,FOS,,y2ie0205t_c5f.fits,0.207,ok
ICRF J020157.1-113233,FOS,,y2ie0205t_c7f.fits,0.207,ok
ICRF J020157.1-113233,FOS,,y2ie0206t_c0f.fits,0.078,ok
ICRF J020157.1-113233,FOS,,y2ie0206t_c1f.fits,0.078,ok
ICRF J020157.1-113233,FOS,,y2ie0206t_c2f.fits,0.078,ok
ICRF J020157.1-113233,FOS,,y2ie0206t_c4f.fits,0.078,ok
ICRF J020157.1-113233,FOS,,y2ie0206t_c5f.fits,0.078,ok
ICRF J020157.1-113233,FOS,,y2ie0206t_c7f.fits,0.078,ok
ICRF J020157.1-113233,FOS,,y2ie0207t_c0f.fits,0.13,ok
ICRF J020157.1-113233,FOS,,y2ie0207t_c1f.fits,0.13,ok
ICRF J020157.1-113233,FOS,,y2ie0207t_c2f.fits,0.13,ok
ICRF J020157.1-113233,FOS,,y2ie0207t_c4f.fits,0.13,ok
ICRF J020157.1-113233,FOS,,y2ie0207t_c5f.fits,0.13,ok
ICRF J020157.1-113233,FOS,,y2ie0207t_c7f.fits,0.13,ok
ICRF J074110.7+311200,STIS,,o6mq02010_x1d.fits,0.078,ok
ICRF J074110.7+311200,STIS,,o6mq02020_x1d.fits,0.078,ok
ICRF J074110.7+311200,STIS,,o6mq02030_x1d.fits,0.078,ok
ICRF J074110.7+311200,STIS,,o6mq03010_x1d.fits,0.078,ok
ICRF J074110.7+311200,STIS,,o6mq03020_x1d.fits,0.078,ok
ICRF J074110.7+311200,STIS,,o6mq04010_x1d.fits,0.078,ok
ICRF J074110.7+311200,STIS,,o6mq04020_x1d.fits,0.078,ok
ICRF J074110.7+311200,STIS,,o6mq04030_x1d.fits,0.078,ok
ICRF J074110.7+311200,STIS,,o6mq04040_x1d.fits,0.078,ok
ICRF J074110.7+311200,STIS,,o6mq05010_x1d.fits,0.078,ok
ICRF J074110.7+311200,STIS,,o6mq05020_x1d.fits,0.078,ok
ICRF J074110.7+311200,STIS,,o6mq05030_x1d.fits,0.078,ok
ICRF J074110.7+311200,STIS,,o6mq06010_x1d.fits,0.078,ok
ICRF J074110.7+311200,STIS,,o6mq06020_x1d.fits,0.078,ok
ICRF J074110.7+311200,FOS,,y38e1402t_c0f.fits,0.086,ok
ICRF J074110.7+311200,FOS,,y38e1402t_c1f.fits,0.086,ok
ICRF J074110.7+311200,FOS,,y38e1402t_c2f.fits,0.086,ok
ICRF J074110.7+311200,FOS,,y38e1402t_c4f.fits,0.086,ok
ICRF J074110.7+311200,FOS,,y38e1402t_c5f.fits,0.086,ok
ICRF J074110.7+311200,FOS,,y38e1402t_c7f.fits,0.086,ok
ICRF J083052.0+241059,STIS,,o6mq07010_sx1.fits,0.081,ok
ICRF J083052.0+241059,STIS,,o6mq07030_sx1.fits,0.081,ok
ICRF J083052.0+241059,STIS,,o6mq08010_sx1.fits,0.081,ok
ICRF J083052.0+241059,STIS,,o6mq08020_sx1.fits,0.081,ok
ICRF J083052.0+241059,FOS,,y2dz0802t_c0f.fits,0.06,ok
ICRF J083052.0+241059,FOS,,y2dz0802t_c1f.fits,0.06,ok
ICRF J083052.0+241059,FOS,,y2dz0802t_c2f.fits,0.06,ok
ICRF J083052.0+241059,FOS,,y2dz0802t_c4f.fits,0.06,ok
ICRF J083052.0+241059,FOS,,y2dz0802t_c5f.fits,0.06,ok
ICRF J083052.0+241059,FOS,,y2dz0802t_c7f.fits,0.06,ok
ICRF J083052.0+241059,FOS,,y2gq0v01t_c0f.fits,0.043,ok
ICRF J083052.0+241059,FOS,,y2gq0v01t_c1f.fits,0.043,ok
ICRF J083052.0+241059,FOS,,y2gq0v01t_c2f.fits,0.043,ok
ICRF J083052.0+241059,FOS,,y2gq0v01t_c4f.fits,0.043,ok
ICRF J083052.0+241059,FOS,,y2gq0v01t_c5f.fits,0.043,ok
ICRF J083052.0+241059,FOS,,y2gq0v01t_c7f.fits,0.043,ok
ICRF J083052.0+241059,FOS,,y38e1602t_c0f.fits,0.147,ok
ICRF J083052.0+241059,FOS,,y38e1602t_c1f.fits,0.147,ok
ICRF J083052.0+241059,FOS,,y38e1602t_c2f.fits,0.147,ok
ICRF J083052.0+241059,FOS,,y38e1602t_c4f.fits,0.147,ok
ICRF J083052.0+241059,FOS,,y38e1602t_c5f.fits,0.147,ok
ICRF J083052.0+241059,FOS,,y38e1602t_c7f.fits,0.147,ok
ICRF J103059.0+310255,COS,,lcup10010_x1dsum.fits,1.947,ok
ICRF J103059.0+310255,COS,,lcup10020_x1dsum.fits,1.944,ok
ICRF J103059.0+310255,COS,,lcup10030_x1dsum.fits,1.944,ok
ICRF J103059.0+310255,COS,,lcup10040_x1dsum.fits,1.814,ok
ICRF J103059.0+310255,COS,,lcup10laq_x1d.fits,3.39,ok
ICRF J103059.0+310255,COS,,lcup10ldq_x1d.fits,3.39,ok
ICRF J103059.0+310255,COS,,lcup10lfq_x1d.fits,3.39,ok
ICRF J103059.0+310255,COS,,lcup10lhq_x1d.fits,3.39,ok
ICRF J103059.0+310255,COS,,lcup10ljq_x1d.fits,3.39,ok
ICRF J103059.0+310255,FOS,,y34w0102t_c0f.fits,0.052,ok
ICRF J103059.0+310255,FOS,,y34w0102t_c1f.fits,0.052,ok
ICRF J103059.0+310255,FOS,,y34w0102t_c2f.fits,0.052,ok
ICRF J103059.0+310255,FOS,,y34w0102t_c4f.fits,0.052,ok
ICRF J103059.0+310255,FOS,,y34w0102t_c5f.fits,0.052,ok
ICRF J103059.0+310255,FOS,,y34w0102t_c7f.fits,0.052,ok
ICRF J103059.0+310255,FOS,,y34w0103t_c0f.fits,0.112,ok
ICRF J103059.0+310255,FOS,,y34w0103t_c1f.fits,0.112,ok
ICRF J103059.0+310255,FOS,,y34w0103t_c2f.fits,0.112,ok
ICRF J103059.0+310255,FOS,,y34w0103t_c4f.fits,0.112,ok
ICRF J103059.0+310255,FOS,,y34w0103t_c5f.fits,0.112,ok
ICRF J103059.0+310255,FOS,,y34w0103t_c7f.fits,0.112,ok
ICRF J103059.0+310255,FOS,,y34w0104t_c0f.fits,0.207,ok
ICRF J103059.0+310255,FOS,,y34w0104t_c1f.fits,0.207,ok
ICRF J103059.0+310255,FOS,,y34w0104t_c2f.fits,0.207,ok
ICRF J103059.0+310255,FOS,,y34w0104t_c4f.fits,0.207,ok
ICRF J103059.0+310255,FOS,,y34w0104t_c5f.fits,0.207,ok
ICRF J103059.0+310255,FOS,,y34w0104t_c7f.fits,0.207,ok
ICRF J103059.0+310255,FOS,,y34w5102t_c0f.fits,0.147,ok
ICRF J103059.0+310255,FOS,,y34w5102t_c1f.fits,0.147,ok
ICRF J103059.0+310255,FOS,,y34w5102t_c2f.fits,0.147,ok
ICRF J103059.0+310255,FOS,,y34w5102t_c4f.fits,0.147,ok
ICRF J103059.0+310255,FOS,,y34w5102t_c5f.fits,0.147,ok
ICRF J103059.0+310255,FOS,,y34w5102t_c7f.fits,0.147,ok
ICRF J113957.0+654749,COS,,lb6810010_x1dsum.fits,1.947,ok
ICRF J113957.0+654749,COS,,lb6810020_x1dsum.fits,1.947,ok
ICRF J113957.0+654749,COS,,lb6810030_x1dsum.fits,1.947,ok
ICRF J113957.0+654749,COS,,lb6810040_x1dsum.fits,1.947,ok
ICRF J113957.0+654749,COS,,lb6810dvq_x1d.fits,3.39,ok
ICRF J113957.0+654749,COS,,lb6810e3q_x1d.fits,3.39,ok
ICRF J113957.0+654749,COS,,lb6810edq_x1d.fits,3.39,ok
ICRF J113957.0+654749,COS,,lb6810efq_x1d.fits,3.39,ok
ICRF J113957.0+654749,COS,,lb6811010_x1dsum.fits,0.245,ok
ICRF J113957.0+654749,COS,,lb6811020_x1dsum.fits,1.947,ok
ICRF J113957.0+654749,COS,,lb6811030_x1dsum.fits,1.947,ok
ICRF J113957.0+654749,COS,,lb6811040_x1dsum.fits,1.947,ok
ICRF J113957.0+654749,COS,,lb6811050_x1dsum.fits,1.947,ok
ICRF J113957.0+654749,COS,,lb6811dvq_x1d.fits,0.429,ok
ICRF J113957.0+654749,COS,,lb6811dxq_x1d.fits,0.429,ok
ICRF J113957.0+654749,COS,,lb6811dzq_x1d.fits,0.429,ok
ICRF J113957.0+654749,COS,,lb6811e1q_x1d.fits,0.429,ok
ICRF J113957.0+654749,COS,,lb6811e3q_x1d.fits,3.39,ok
ICRF J113957.0+654749,COS,,lb6811e5q_x1d.fits,3.39,ok
ICRF J113957.0+654749,COS,,lb6811e7q_x1d.fits,3.39,ok
ICRF J113957.0+654749,COS,,lb6811e9q_x1d.fits,3.39,ok
ICRF J113957.0+654749,FOS,,y0pe0902t_c0f.fits,0.066,ok
ICRF J113957.0+654749,FOS,,y0pe0902t_c1f.fits,0.066,ok
ICRF J113957.0+654749,FOS,,y0pe0902t_c2f.fits,0.066,ok
ICRF J113957.0+654749,FOS,,y0pe0902t_c4f.fits,0.066,ok
ICRF J113957.0+654749,FOS,,y0pe0902t_c5f.fits,0.066,ok
ICRF J113957.0+654749,FOS,,y0pe0902t_c7f.fits,0.066,ok
ICRF J113957.0+654749,FOS,,y0pe0903t_c0f.fits,0.049,ok
ICRF J113957.0+654749,FOS,,y0pe0903t_c1f.fits,0.049,ok
ICRF J113957.0+654749,FOS,,y0pe0903t_c2f.fits,0.049,ok
ICRF J113957.0+654749,FOS,,y0pe0903t_c4f.fits,0.049,ok
ICRF J113957.0+654749,FOS,,y0pe0903t_c5f.fits,0.049,ok
ICRF J113957.0+654749,FOS,,y0pe0903t_c7f.fits,0.049,ok
ICRF J113957.0+654749,FOS,,y0pe0904t_c0f.fits,0.04,ok
ICRF J113957.0+654749,FOS,,y0pe0904t_c1f.fits,0.04,ok
ICRF J113957.0+654749,FOS,,y0pe0904t_c2f.fits,0.04,ok
ICRF J113957.0+654749,FOS,,y0pe0904t_c4f.fits,0.04,ok
ICRF J113957.0+654749,FOS,,y0pe0904t_c5f.fits,0.04,ok
ICRF J113957.0+654749,FOS,,y0pe0904t_c7f.fits,0.04,ok
ICRF J113957.0+654749,FOS,,y0rv1h03t_c0f.fits,0.622,ok
ICRF J113957.0+654749,FOS,,y0rv1h03t_c1f.fits,0.622,ok
ICRF J113957.0+654749,FOS,,y0rv1h03t_c2f.fits,0.622,ok
ICRF J113957.0+654749,FOS,,y0rv1h03t_c4f.fits,0.622,ok
ICRF J113957.0+654749,FOS,,y0rv1h03t_c5f.fits,0.622,ok
ICRF J113957.0+654749,FOS,,y0rv1h03t_c7f.fits,0.622,ok
ICRF J113957.0+654749,FOS,,y0rv1h04t_c0f.fits,0.204,ok
ICRF J113957.0+654749,FOS,,y0rv1h04t_c1f.fits,0.204,ok
ICRF J113957.0+654749,FOS,,y0rv1h04t_c2f.fits,0.204,ok
ICRF J113957.0+654749,FOS,,y0rv1h04t_c4f.fits,0.204,ok
ICRF J113957.0+654749,FOS,,y0rv1h04t_c5f.fits,0.204,ok
ICRF J113957.0+654749,FOS,,y0rv1h04t_c7f.fits,0.204,ok
ICRF J113957.0+654749,FOS,,y0rv1h05t_c0f.fits,0.158,ok
ICRF J113957.0+654749,FOS,,y0rv1h05t_c1f.fits,0.158,ok
ICRF J113957.0+654749,FOS,,y0rv1h05t_c2f.fits,0.158,ok
ICRF J113957.0+654749,FOS,,y0rv1h05t_c4f.fits,0.158,ok
ICRF J113957.0+654749,FOS,,y0rv1h05t_c5f.fits,0.158,ok
ICRF J113957.0+654749,FOS,,y0rv1h05t_c7f.fits,0.158,ok
ICRF J113957.0+654749,FOS,,y0xx0602t_c0f.fits,0.084,ok
ICRF J113957.0+654749,FOS,,y0xx0602t_c1f.fits,0.084,ok
ICRF J113957.0+654749,FOS,,y0xx0602t_c2f.fits,0.084,ok
ICRF J113957.0+654749,FOS,,y0xx0602t_c4f.fits,0.084,ok
ICRF J113957.0+654749,FOS,,y0xx0602t_c5f.fits,0.084,ok
ICRF J113957.0+654749,FOS,,y0xx0602t_c7f.fits,0.084,ok
ICRF J130533.0-103319,COS,,lbgl04010_x1dsum.fits,1.944,ok
ICRF J130533.0-103319,COS,,lbgl04020_x1dsum.fits,1.814,ok
ICRF J130533.0-103319,COS,,lbgl04030_x1dsum.fits,1.944,ok
ICRF J130533.0-103319,COS,,lbgl04040_x1dsum.fits,1.944,ok
ICRF J130533.0-103319,COS,,lbgl04050_x1dsum.fits,1.947,ok
ICRF J130533.0-103319,COS,,lbgl04060_x1dsum.fits,1.944,ok
ICRF J130533.0-103319,COS,,lbgl04070_x1dsum.fits,1.814,ok
ICRF J130533.0-103319,COS,,lbgl04080_x1dsum.fits,1.944,ok
ICRF J130533.0-103319,COS,,lbgl04irq_x1d.fits,3.39,ok
ICRF J130533.0-103319,COS,,lbgl04iuq_x1d.fits,3.39,ok
ICRF J130533.0-103319,COS,,lbgl04izq_x1d.fits,3.39,ok
ICRF J130533.0-103319,COS,,lbgl04j3q_x1d.fits,3.39,ok
ICRF J130533.0-103319,COS,,lbgl04j9q_x1d.fits,3.39,ok
ICRF J130533.0-103319,COS,,lbgl04jdq_x1d.fits,3.39,ok
ICRF J130533.0-103319,COS,,lbgl04jkq_x1d.fits,3.39,ok
ICRF J130533.0-103319,COS,,lbgl04jnq_x1d.fits,3.39,ok
ICRF J130533.0-103319,COS,,lbgl04juq_x1d.fits,3.39,ok
ICRF J130533.0-103319,COS,,lbgl04jxq_x1d.fits,3.39,ok
ICRF J130533.0-103319,STIS,,o5bu02010_x1d.fits,6.949,ok
ICRF J130533.0-103319,STIS,,o5bu61010_x1d.fits,6.949,ok
ICRF J130533.0-103319,FOS,,y1020103t_c0f.fits,0.59,ok
ICRF J130533.0-103319,FOS,,y1020103t_c1f.fits,0.59,ok
ICRF J130533.0-103319,FOS,,y1020103t_c2f.fits,0.59,ok
ICRF J130533.0-103319,FOS,,y1020103t_c4f.fits,0.59,ok
ICRF J130533.0-103319,FOS,,y1020103t_c5f.fits,0.59,ok
ICRF J130533.0-103319,FOS,,y1020103t_c7f.fits,0.59,ok
ICRF J130533.0-103319,FOS,,y1020104t_c0f.fits,0.245,ok
ICRF J130533.0-103319,FOS,,y1020104t_c1f.fits,0.245,ok
ICRF J130533.0-103319,FOS,,y1020104t_c2f.fits,0.245,ok
ICRF J130533.0-103319,FOS,,y1020104t_c4f.fits,0.245,ok
ICRF J130533.0-103319,FOS,,y1020104t_c5f.fits,0.245,ok
ICRF J130533.0-103319,FOS,,y1020104t_c7f.fits,0.245,ok
ICRF J130533.0-103319,FOS,,y1450f03t_c0f.fits,0.544,ok
ICRF J130533.0-103319,FOS,,y1450f03t_c1f.fits,0.544,ok
ICRF J130533.0-103319,FOS,,y1450f03t_c2f.fits,0.544,ok
ICRF J130533.0-103319,FOS,,y1450f03t_c4f.fits,0.544,ok
ICRF J130533.0-103319,FOS,,y1450f03t_c5f.fits,0.544,ok
ICRF J130533.0-103319,FOS,,y1450f03t_c7f.fits,0.544,ok
ICRF J130533.0-103319,FOS,,y1450f04t_c0f.fits,0.544,ok
ICRF J130533.0-103319,FOS,,y1450f04t_c1f.fits,0.544,ok
ICRF J130533.0-103319,FOS,,y1450f04t_c2f.fits,0.544,ok
ICRF J130533.0-103319,FOS,,y1450f04t_c4f.fits,0.544,ok
ICRF J130533.0-103319,FOS,,y1450f04t_c5f.fits,0.544,ok
ICRF J130533.0-103319,FOS,,y1450f04t_c7f.fits,0.544,ok
ICRF J130533.0-103319,FOS,,y1450f05t_c0f.fits,0.544,ok
ICRF J130533.0-103319,FOS,,y1450f05t_c1f.fits,0.544,ok
ICRF J130533.0-103319,FOS,,y1450f05t_c2f.fits,0.544,ok
ICRF J130533.0-103319,FOS,,y1450f05t_c4f.fits,0.544,ok
ICRF J130533.0-103319,FOS,,y1450f05t_c5f.fits,0.544,ok
ICRF J130533.0-103319,FOS,,y1450f05t_c7f.fits,0.544,ok
ICRF J130533.0-103319,FOS,,y1450f06t_c0f.fits,0.544,ok
ICRF J130533.0-103319,FOS,,y1450f06t_c1f.fits,0.544,ok
ICRF J130533.0-103319,FOS,,y1450f06t_c2f.fits,0.544,ok
ICRF J130533.0-103319,FOS,,y1450f06t_c4f.fits,0.544,ok
ICRF J130533.0-103319,FOS,,y1450f06t_c5f.fits,0.544,ok
ICRF J130533.0-103319,FOS,,y1450f06t_c7f.fits,0.544,ok
ICRF J130533.0-103319,FOS,,y1450f07t_c0f.fits,0.544,ok
ICRF J130533.0-103319,FOS,,y1450f07t_c1f.fits,0.544,ok
ICRF J130533.0-103319,FOS,,y1450f07t_c2f.fits,0.544,ok
ICRF J130533.0-103319,FOS,,y1450f07t_c4f.fits,0.544,ok
ICRF J130533.0-103319,FOS,,y1450f07t_c5f.fits,0.544,ok
ICRF J130533.0-103319,FOS,,y1450f07t_c7f.fits,0.544,ok
ICRF J130533.0-103319,FOS,,y2ie0f04t_c0f.fits,0.069,ok
ICRF J130533.0-103319,FOS,,y2ie0f04t_c1f.fits,0.069,ok
ICRF J130533.0-103319,FOS,,y2ie0f04t_c2f.fits,0.069,ok
ICRF J130533.0-103319,FOS,,y2ie0f04t_c4f.fits,0.069,ok
ICRF J130533.0-103319,FOS,,y2ie0f04t_c5f.fits,0.069,ok
ICRF J130533.0-103319,FOS,,y2ie0f04t_c7f.fits,0.069,ok
ICRF J130533.0-103319,FOS,,y2ie0f05t_c0f.fits,0.121,ok
ICRF J130533.0-103319,FOS,,y2ie0f05t_c1f.fits,0.121,ok
ICRF J130533.0-103319,FOS,,y2ie0f05t_c2f.fits,0.121,ok
ICRF J130533.0-103319,FOS,,y2ie0f05t_c4f.fits,0.121,ok
ICRF J130533.0-103319,FOS,,y2ie0f05t_c5f.fits,0.121,ok
ICRF J130533.0-103319,FOS,,y2ie0f05t_c7f.fits,0.121,ok
ICRF J130533.0-103319,FOS,,y2ie0f06t_c0f.fits,0.121,ok
ICRF J130533.0-103319,FOS,,y2ie0f06t_c1f.fits,0.121,ok
ICRF J130533.0-103319,FOS,,y2ie0f06t_c2f.fits,0.121,ok
ICRF J130533.0-103319,FOS,,y2ie0f06t_c4f.fits,0.121,ok
ICRF J130533.0-103319,FOS,,y2ie0f06t_c5f.fits,0.121,ok
ICRF J130533.0-103319,FOS,,y2ie0f06t_c7f.fits,0.121,ok
ICRF J130533.0-103319,FOS,,y2ie0f07t_c0f.fits,0.086,ok
ICRF J130533.0-103319,FOS,,y2ie0f07t_c1f.fits,0.086,ok
ICRF J130533.0-103319,FOS,,y2ie0f07t_c2f.fits,0.086,ok
ICRF J130533.0-103319,FOS,,y2ie0f07t_c4f.fits,0.086,ok
ICRF J130533.0-103319,FOS,,y2ie0f07t_c5f.fits,0.086,ok
ICRF J130533.0-103319,FOS,,y2ie0f07t_c7f.fits,0.086,ok
ICRF J154743.5+205216,COS,,lccl15010_x1dsum.fits,1.814,ok
ICRF J154743.5+205216,COS,,lccl15020_x1dsum.fits,1.814,ok
ICRF J154743.5+205216,COS,,lccl15igq_x1d.fits,3.39,ok
ICRF J154743.5+205216,COS,,lccl15imq_x1d.fits,3.39,ok
ICRF J154743.5+205216,COS,,lccl15ipq_x1d.fits,3.39,ok
ICRF J154743.5+205216,COS,,lccl15iwq_x1d.fits,3.39,ok
ICRF J154743.5+205216,COS,,lccl15izq_x1d.fits,3.39,ok
ICRF J154743.5+205216,COS,,lccl15j6q_x1d.fits,3.39,ok
ICRF J154743.5+205216,COS,,lccl15j9q_x1d.fits,3.39,ok
ICRF J154743.5+205216,COS,,lccl15jgq_x1d.fits,3.39,ok
ICRF J154743.5+205216,COS,,lccl16010_x1dsum.fits,1.814,ok
ICRF J154743.5+205216,COS,,lccl16020_x1dsum.fits,0.245,ok
ICRF J154743.5+205216,COS,,lccl16epq_x1d.fits,3.39,ok
ICRF J154743.5+205216,COS,,lccl16esq_x1d.fits,3.39,ok
ICRF J154743.5+205216,COS,,lccl16f0q_x1d.fits,3.39,ok
ICRF J154743.5+205216,COS,,lccl16fgq_x1d.fits,3.39,ok
ICRF J154743.5+205216,COS,,lccl16gdq_x1d.fits,0.429,ok
ICRF J154743.5+205216,COS,,lccl16giq_x1d.fits,0.429,ok
ICRF J154743.5+205216,COS,,lccl16glq_x1d.fits,0.429,ok
ICRF J154743.5+205216,FOS,,y0pe0c02t_c0f.fits,0.066,ok
ICRF J154743.5+205216,FOS,,y0pe0c02t_c1f.fits,0.066,ok
ICRF J154743.5+205216,FOS,,y0pe0c02t_c2f.fits,0.066,ok
ICRF J154743.5+205216,FOS,,y0pe0c02t_c4f.fits,0.066,ok
ICRF J154743.5+205216,FOS,,y0pe0c02t_c5f.fits,0.066,ok
ICRF J154743.5+205216,FOS,,y0pe0c02t_c7f.fits,0.066,ok
ICRF J154743.5+205216,FOS,,y0pe0c03t_c0f.fits,0.066,ok
ICRF J154743.5+205216,FOS,,y0pe0c03t_c1f.fits,0.066,ok
ICRF J154743.5+205216,FOS,,y0pe0c03t_c2f.fits,0.066,ok
ICRF J154743.5+205216,FOS,,y0pe0c03t_c4f.fits,0.066,ok
ICRF J154743.5+205216,FOS,,y0pe0c03t_c5f.fits,0.066,ok
ICRF J154743.5+205216,FOS,,y0pe0c03t_c7f.fits,0.066,ok
ICRF J154743.5+205216,FOS,,y0pe0d02t_c0f.fits,0.058,ok
ICRF J154743.5+205216,FOS,,y0pe0d02t_c1f.fits,0.058,ok
ICRF J154743.5+205216,FOS,,y0pe0d02t_c2f.fits,0.058,ok
ICRF J154743.5+205216,FOS,,y0pe0d02t_c4f.fits,0.058,ok
ICRF J154743.5+205216,FOS,,y0pe0d02t_c5f.fits,0.058,ok
ICRF J154743.5+205216,FOS,,y0pe0d02t_c7f.fits,0.058,ok
ICRF J154743.5+205216,FOS,,y0pe0d03t_c0f.fits,0.04,ok
ICRF J154743.5+205216,FOS,,y0pe0d03t_c1f.fits,0.04,ok
ICRF J154743.5+205216,FOS,,y0pe0d03t_c2f.fits,0.04,ok
ICRF J154743.5+205216,FOS,,y0pe0d03t_c4f.fits,0.04,ok
ICRF J154743.5+205216,FOS,,y0pe0d03t_c5f.fits,0.04,ok
ICRF J154743.5+205216,FOS,,y0pe0d03t_c7f.fits,0.04,ok
ICRF J154743.5+205216,FOS,,y0pe0d04t_c0f.fits,0.04,ok
ICRF J154743.5+205216,FOS,,y0pe0d04t_c1f.fits,0.04,ok
ICRF J154743.5+205216,FOS,,y0pe0d04t_c2f.fits,0.04,ok
ICRF J154743.5+205216,FOS,,y0pe0d04t_c4f.fits,0.04,ok
ICRF J154743.5+205216,FOS,,y0pe0d04t_c5f.fits,0.04,ok
ICRF J154743.5+205216,FOS,,y0pe0d04t_c7f.fits,0.04,ok
ICRF J171914.4+485849,FOS,,y2bk0105t_c0f.fits,0.112,ok
ICRF J171914.4+485849,FOS,,y2bk0105t_c1f.fits,0.112,ok
ICRF J171914.4+485849,FOS,,y2bk0105t_c2f.fits,0.112,ok
ICRF J171914.4+485849,FOS,,y2bk0105t_c4f.fits,0.112,ok
ICRF J171914.4+485849,FOS,,y2bk0105t_c5f.fits,0.112,ok
ICRF J171914.4+485849,FOS,,y2bk0105t_c7f.fits,0.112,ok
ICRF J171914.4+485849,FOS,,y2bk0106t_c0f.fits,0.086,ok
ICRF J171914.4+485849,FOS,,y2bk0106t_c1f.fits,0.086,ok
ICRF J171914.4+485849,FOS,,y2bk0106t_c2f.fits,0.086,ok
ICRF J171914.4+485849,FOS,,y2bk0106t_c4f.fits,0.086,ok
ICRF J171914.4+485849,FOS,,y2bk0106t_c5f.fits,0.086,ok
ICRF J171914.4+485849,FOS,,y2bk0106t_c7f.fits,0.086,ok
ICRF J171914.4+485849,FOS,,y2bk0108t_c0f.fits,0.052,ok
ICRF J171914.4+485849,FOS,,y2bk0108t_c1f.fits,0.052,ok
ICRF J171914.4+485849,FOS,,y2bk0108t_c2f.fits,0.052,ok
ICRF J171914.4+485849,FOS,,y2bk0108t_c4f.fits,0.052,ok
ICRF J171914.4+485849,FOS,,y2bk0108t_c5f.fits,0.052,ok
ICRF J171914.4+485849,FOS,,y2bk0108t_c7f.fits,0.052,ok
ICRF J171914.4+485849,FOS,,y2bk0109t_c0f.fits,0.13,ok
ICRF J171914.4+485849,FOS,,y2bk0109t_c1f.fits,0.13,ok
ICRF J171914.4+485849,FOS,,y2bk0109t_c2f.fits,0.13,ok
ICRF J171914.4+485849,FOS,,y2bk0109t_c4f.fits,0.13,ok
ICRF J171914.4+485849,FOS,,y2bk0109t_c5f.fits,0.13,ok
ICRF J171914.4+485849,FOS,,y2bk0109t_c7f.fits,0.13,ok
ICRF J171914.4+485849,FOS,,y2bk010at_c0f.fits,0.13,ok
ICRF J171914.4+485849,FOS,,y2bk010at_c1f.fits,0.13,ok
ICRF J171914.4+485849,FOS,,y2bk010at_c2f.fits,0.13,ok
ICRF J171914.4+485849,FOS,,y2bk010at_c4f.fits,0.13,ok
ICRF J171914.4+485849,FOS,,y2bk010at_c5f.fits,0.13,ok
ICRF J171914.4+485849,FOS,,y2bk010at_c7f.fits,0.13,ok
ICRF J171914.4+485849,FOS,,y2bk0205t_c0f.fits,0.052,ok
ICRF J171914.4+485849,FOS,,y2bk0205t_c1f.fits,0.052,ok
ICRF J171914.4+485849,FOS,,y2bk0205t_c2f.fits,0.052,ok
ICRF J171914.4+485849,FOS,,y2bk0205t_c4f.fits,0.052,ok
ICRF J171914.4+485849,FOS,,y2bk0205t_c5f.fits,0.052,ok
ICRF J171914.4+485849,FOS,,y2bk0205t_c7f.fits,0.052,ok
ICRF J171914.4+485849,FOS,,y2bk0206t_c0f.fits,0.13,ok
ICRF J171914.4+485849,FOS,,y2bk0206t_c1f.fits,0.13,ok
ICRF J171914.4+485849,FOS,,y2bk0206t_c2f.fits,0.13,ok
ICRF J171914.4+485849,FOS,,y2bk0206t_c4f.fits,0.13,ok
ICRF J171914.4+485849,FOS,,y2bk0206t_c5f.fits,0.13,ok
ICRF J171914.4+485849,FOS,,y2bk0206t_c7f.fits,0.13,ok
ICRF J171914.4+485849,FOS,,y2bk0207t_c0f.fits,0.13,ok
ICRF J171914.4+485849,FOS,,y2bk0207t_c1f.fits,0.13,ok
ICRF J171914.4+485849,FOS,,y2bk0207t_c2f.fits,0.13,ok
ICRF J171914.4+485849,FOS,,y2bk0207t_c4f.fits,0.13,ok
ICRF J171914.4+485849,FOS,,y2bk0207t_c5f.fits,0.13,ok
ICRF J171914.4+485849,FOS,,y2bk0207t_c7f.fits,0.13,ok
ICRF J171914.4+485849,FOS,,y2bk0208t_c0f.fits,0.13,ok
ICRF J171914.4+485849,FOS,,y2bk0208t_c1f.fits,0.13,ok
ICRF J171914.4+485849,FOS,,y2bk0208t_c2f.fits,0.13,ok
ICRF J171914.4+485849,FOS,,y2bk0208t_c4f.fits,0.13,ok
ICRF J171914.4+485849,FOS,,y2bk0208t_c5f.fits,0.13,ok
ICRF J171914.4+485849,FOS,,y2bk0208t_c7f.fits,0.13,ok
ICRF J171914.4+485849,FOS,,y2bk0209t_c0f.fits,0.13,ok
ICRF J171914.4+485849,FOS,,y2bk0209t_c1f.fits,0.13,ok
ICRF J171914.4+485849,FOS,,y2bk0209t_c2f.fits,0.13,ok
ICRF J171914.4+485849,FOS,,y2bk0209t_c4f.fits,0.13,ok
ICRF J171914.4+485849,FOS,,y2bk0209t_c5f.fits,0.13,ok
ICRF J171914.4+485849,FOS,,y2bk0209t_c7f.fits,0.13,ok
ICRF J171914.4+485849,FOS,,y2bk020at_c0f.fits,0.13,ok
ICRF J171914.4+485849,FOS,,y2bk020at_c1f.fits,0.13,ok
ICRF J171914.4+485849,FOS,,y2bk020at_c2f.fits,0.13,ok
ICRF J171914.4+485849,FOS,,y2bk020at_c4f.fits,0.13,ok
ICRF J171914.4+485849,FOS,,y2bk020at_c5f.fits,0.13,ok
ICRF J171914.4+485849,FOS,,y2bk020at_c7f.fits,0.13,ok
ICRF J183503.3+324146,STIS,,o6ct40010_sx1.fits,0.081,ok
ICRF J213745.1-143255,COS,,lccl24010_x1dsum.fits,1.814,ok
ICRF J213745.1-143255,COS,,lccl24dcq_x1d.fits,3.39,ok
ICRF J213745.1-143255,COS,,lccl24dfq_x1d.fits,3.39,ok
ICRF J213745.1-143255,COS,,lccl24dnq_x1d.fits,3.39,ok
ICRF J213745.1-143255,COS,,lccl24e0q_x1d.fits,3.39,ok
ICRF J213745.1-143255,COS,,lccl25010_x1dsum.fits,1.814,ok
ICRF J213745.1-143255,COS,,lccl25020_x1dsum.fits,0.245,ok
ICRF J213745.1-143255,COS,,lccl25qdq_x1d.fits,3.39,ok
ICRF J213745.1-143255,COS,,lccl25qnq_x1d.fits,3.39,ok
ICRF J213745.1-143255,COS,,lccl25r0q_x1d.fits,3.39,ok
ICRF J213745.1-143255,COS,,lccl25r9q_x1d.fits,3.39,ok
ICRF J213745.1-143255,COS,,lccl25riq_x1d.fits,0.429,ok
ICRF J213745.1-143255,COS,,lccl25roq_x1d.fits,0.429,ok
ICRF J213745.1-143255,FOS,,y10f0102t_c0f.fits,0.57,ok
ICRF J213745.1-143255,FOS,,y10f0102t_c1f.fits,0.57,ok
ICRF J213745.1-143255,FOS,,y10f0102t_c2f.fits,0.57,ok
ICRF J213745.1-143255,FOS,,y10f0102t_c4f.fits,0.57,ok
ICRF J213745.1-143255,FOS,,y10f0102t_c5f.fits,0.57,ok
ICRF J213745.1-143255,FOS,,y10f0102t_c7f.fits,0.57,ok
ICRF J213745.1-143255,FOS,,y10f0103t_c0f.fits,0.582,ok
ICRF J213745.1-143255,FOS,,y10f0103t_c1f.fits,0.582,ok
ICRF J213745.1-143255,FOS,,y10f0103t_c2f.fits,0.582,ok
ICRF J213745.1-143255,FOS,,y10f0103t_c4f.fits,0.582,ok
ICRF J213745.1-143255,FOS,,y10f0103t_c5f.fits,0.582,ok
ICRF J213745.1-143255,FOS,,y10f0103t_c7f.fits,0.582,ok
ICRF J213745.1-143255,FOS,,y10f0104t_c0f.fits,0.53,ok
ICRF J213745.1-143255,FOS,,y10f0104t_c1f.fits,0.53,ok
ICRF J213745.1-143255,FOS,,y10f0104t_c2f.fits,0.53,ok
ICRF J213745.1-143255,FOS,,y10f0104t_c4f.fits,0.53,ok
ICRF J213745.1-143255,FOS,,y10f0104t_c5f.fits,0.53,ok
ICRF J213745.1-143255,FOS,,y10f0104t_c7f.fits,0.53,ok
ICRF J235156.1-010913,COS,,lbp419010_x1dsum.fits,1.814,ok
ICRF J235156.1-010913,COS,,lbp419020_x1dsum.fits,1.814,ok
ICRF J235156.1-010913,COS,,lbp419woq_x1d.fits,3.39,ok
ICRF J235156.1-010913,COS,,lbp419wqq_x1d.fits,3.39,ok
ICRF J235156.1-010913,COS,,lbp419wtq_x1d.fits,3.39,ok
ICRF J235156.1-010913,COS,,lbp419wvq_x1d.fits,3.39,ok
ICRF J235156.1-010913,FOS,,y1hk1002t_c0f.fits,0.066,ok
ICRF J235156.1-010913,FOS,,y1hk1002t_c1f.fits,0.066,ok
ICRF J235156.1-010913,FOS,,y1hk1002t_c2f.fits,0.066,ok
ICRF J235156.1-010913,FOS,,y1hk1002t_c4f.fits,0.066,ok
ICRF J235156.1-010913,FOS,,y1hk1002t_c5f.fits,0.066,ok
ICRF J235156.1-010913,FOS,,y1hk1002t_c7f.fits,0.066,ok
IR0450-2958,FOS,,y3gs0302t_c0f.fits,0.147,ok
IR0450-2958,FOS,,y3gs0302t_c1f.fits,0.147,ok
IR0450-2958,FOS,,y3gs0302t_c2f.fits,0.147,ok
IR0450-2958,FOS,,y3gs0302t_c4f.fits,0.147,ok
IR0450-2958,FOS,,y3gs0302t_c5f.fits,0.147,ok
IR0450-2958,FOS,,y3gs0302t_c7f.fits,0.147,ok
IR1402+43,FOS,,y29c0d02t_c0f.fits,0.101,ok
IR1402+43,FOS,,y29c0d02t_c1f.fits,0.101,ok
IR1402+43,FOS,,y29c0d02t_c2f.fits,0.101,ok
IR1402+43,FOS,,y29c0d02t_c4f.fits,0.101,ok
IR1402+43,FOS,,y29c0d02t_c5f.fits,0.101,ok
IR1402+43,FOS,,y29c0d02t_c7f.fits,0.101,ok
IR1402+43,FOS,,y2w50202t_c0f.fits,0.101,ok
IR1402+43,FOS,,y2w50202t_c1f.fits,0.101,ok
IR1402+43,FOS,,y2w50202t_c2f.fits,0.101,ok
IR1402+43,FOS,,y2w50202t_c3f.fits,0.516,ok
IR1402+43,FOS,,y2w50202t_c4f.fits,0.101,ok
IR1402+43,FOS,,y2w50202t_c5f.fits,0.101,ok
IR1402+43,FOS,,y2w50202t_c7f.fits,0.101,ok
IR1402+43,FOS,,y2w50203t_c0f.fits,0.17,ok
IR1402+43,FOS,,y2w50203t_c1f.fits,0.17,ok
IR1402+43,FOS,,y2w50203t_c2f.fits,0.17,ok
IR1402+43,FOS,,y2w50203t_c3f.fits,0.516,ok
IR1402+43,FOS,,y2w50203t_c4f.fits,0.17,ok
IR1402+43,FOS,,y2w50203t_c5f.fits,0.17,ok
IR1402+43,FOS,,y2w50203t_c7f.fits,0.17,ok
IR1402+43,FOS,,y2w50204t_c0f.fits,0.17,ok
IR1402+43,FOS,,y2w50204t_c1f.fits,0.17,ok
IR1402+43,FOS,,y2w50204t_c2f.fits,0.17,ok
IR1402+43,FOS,,y2w50204t_c3f.fits,0.516,ok
IR1402+43,FOS,,y2w50204t_c4f.fits,0.17,ok
IR1402+43,FOS,,y2w50204t_c5f.fits,0.17,ok
IR1402+43,FOS,,y2w50204t_c7f.fits,0.17,ok
IR1402+43,FOS,,y2w50205t_c0f.fits,0.17,ok
IR1402+43,FOS,,y2w50205t_c1f.fits,0.17,ok
IR1402+43,FOS,,y2w50205t_c2f.fits,0.17,ok
IR1402+43,FOS,,y2w50205t_c3f.fits,0.516,ok
IR1402+43,FOS,,y2w50205t_c4f.fits,0.17,ok
IR1402+43,FOS,,y2w50205t_c5f.fits,0.17,ok
IR1402+43,FOS,,y2w50205t_c7f.fits,0.17,ok
IR1402+43,FOS,,y2w50206t_c0f.fits,0.17,ok
IR1402+43,FOS,,y2w50206t_c1f.fits,0.17,ok
IR1402+43,FOS,,y2w50206t_c2f.fits,0.17,ok
IR1402+43,FOS,,y2w50206t_c3f.fits,0.516,ok
IR1402+43,FOS,,y2w50206t_c4f.fits,0.17,ok
IR1402+43,FOS,,y2w50206t_c5f.fits,0.17,ok
IR1402+43,FOS,,y2w50206t_c7f.fits,0.17,ok
IR1402+43,FOS,,y2w50207t_c0f.fits,0.17,ok
IR1402+43,FOS,,y2w50207t_c1f.fits,0.17,ok
IR1402+43,FOS,,y2w50207t_c2f.fits,0.17,ok
IR1402+43,FOS,,y2w50207t_c3f.fits,0.516,ok
IR1402+43,FOS,,y2w50207t_c4f.fits,0.17,ok
IR1402+43,FOS,,y2w50207t_c5f.fits,0.17,ok
IR1402+43,FOS,,y2w50207t_c7f.fits,0.17,ok
IRAS04416+1215,COS,,lf7v01010_x1dsum.fits,0.043,ok
IRAS04416+1215,COS,,lf7v01elq_x1d.fits,0.046,ok
IRAS04416+1215,COS,,lf7v01enq_x1d.fits,0.046,ok
IRAS04416+1215,COS,,lf7v01epq_x1d.fits,0.046,ok
IRAS04416+1215,COS,,lf7v01erq_x1d.fits,0.046,ok
IRAS04416+1215,COS,,lf7v1a010_x1dsum.fits,1.814,ok
IRAS04416+1215,COS,,lf7v1aaqq_x1d.fits,3.39,ok
IRAS04416+1215,COS,,lf7v1aasq_x1d.fits,3.39,ok
IRAS04416+1215,COS,,lf7v1aauq_x1d.fits,3.39,ok
IRAS04416+1215,COS,,lf7v1aawq_x1d.fits,3.39,ok
IRAS04416+1215,COS,,lf7v1b010_x1dsum.fits,1.814,ok
IRAS04416+1215,COS,,lf7v1bvnq_x1d.fits,3.39,ok
IRAS04416+1215,COS,,lf7v1bvpq_x1d.fits,3.39,ok
IRAS04416+1215,COS,,lf7v1bvrq_x1d.fits,3.39,ok
IRAS04416+1215,COS,,lf7v1bvtq_x1d.fits,3.39,ok
IRASF12397+3333,COS,,lf7v02010_x1dsum.fits,1.814,ok
IRASF12397+3333,COS,,lf7v02n4q_x1d.fits,3.39,ok
IRASF12397+3333,COS,,lf7v02n6q_x1d.fits,3.39,ok
IRASF12397+3333,COS,,lf7v02n8q_x1d.fits,3.39,ok
IRASF12397+3333,COS,,lf7v02naq_x1d.fits,3.39,ok
J04561-2159,COS,,lbi301010_x1dsum.fits,1.814,ok
J04561-2159,COS,,lbi301f4q_x1d.fits,0.046,ok
J04561-2159,COS,,lbi301f6q_x1d.fits,0.046,ok
J04561-2159,COS,,lbi301f8q_x1d.fits,3.39,ok
J04561-2159,COS,,lbi301faq_x1d.fits,3.39,ok
J04561-2159,COS,,lbre04010_x1dsum.fits,0.245,ok
J04561-2159,COS,,lbre04g5q_x1d.fits,0.429,ok
J04561-2159,COS,,lbre04g8q_x1d.fits,0.429,ok
J04561-2159,COS,,lbre04gaq_x1d.fits,0.429,ok
J04561-2159,COS,,lbre04gfq_x1d.fits,0.429,ok
J04561-2159,COS,,lbre04ghq_x1d.fits,0.429,ok
J04561-2159,COS,,lbre04gmq_x1d.fits,0.429,ok
J04561-2159,COS,,lbre04goq_x1d.fits,0.429,ok
J04561-2159,COS,,lbre04gtq_x1d.fits,0.429,ok
J04561-2159,COS,,lbre04gxq_x1d.fits,0.429,ok
J04561-2159,COS,,lbre04h0q_x1d.fits,0.429,ok
J04561-2159,COS,,lbre05010_x1dsum.fits,0.245,ok
J04561-2159,COS,,lbre05amq_x1d.fits,0.429,ok
J04561-2159,COS,,lbre05apq_x1d.fits,0.429,ok
J04561-2159,COS,,lbre05awq_x1d.fits,0.429,ok
J04561-2159,COS,,lbre05b1q_x1d.fits,0.429,ok
J04561-2159,COS,,lbre05b3q_x1d.fits,0.429,ok
J04561-2159,COS,,lbre05b8q_x1d.fits,0.429,ok
J04561-2159,COS,,lbre05bfq_x1d.fits,0.429,ok
J04561-2159,COS,,lbre05biq_x1d.fits,0.429,ok
J04561-2159,COS,,lbrp01010_x1dsum.fits,1.814,ok
J04561-2159,COS,,lbrp01s5q_x1d.fits,3.39,ok
J04561-2159,COS,,lbrp01s9q_x1d.fits,3.39,ok
J04561-2159,COS,,lccl07010_x1dsum.fits,0.245,ok
J04561-2159,COS,,lccl07jfq_x1d.fits,0.429,ok
J04561-2159,COS,,lccl07jhq_x1d.fits,0.429,ok
J04561-2159,STIS,,o55h02010_sx1.fits,0.081,ok
J04561-2159,STIS,,o55h02020_sx1.fits,0.081,ok
J04561-2159,FOS,,y0iz0103t_c0f.fits,0.04,ok
J04561-2159,FOS,,y0iz0103t_c1f.fits,0.04,ok
J04561-2159,FOS,,y0iz0103t_c2f.fits,0.04,ok
J04561-2159,FOS,,y0iz0103t_c4f.fits,0.04,ok
J04561-2159,FOS,,y0iz0103t_c5f.fits,0.04,ok
J04561-2159,FOS,,y0iz0103t_c7f.fits,0.04,ok
J04561-2159,FOS,,y0iz0104t_c0f.fits,0.084,ok
J04561-2159,FOS,,y0iz0104t_c1f.fits,0.084,ok
J04561-2159,FOS,,y0iz0104t_c2f.fits,0.084,ok
J04561-2159,FOS,,y0iz0104t_c4f.fits,0.084,ok
J04561-2159,FOS,,y0iz0104t_c5f.fits,0.084,ok
J04561-2159,FOS,,y0iz0104t_c7f.fits,0.084,ok
J04561-2159,FOS,,y0iz0105t_c0f.fits,0.084,ok
J04561-2159,FOS,,y0iz0105t_c1f.fits,0.084,ok
J04561-2159,FOS,,y0iz0105t_c2f.fits,0.084,ok
J04561-2159,FOS,,y0iz0105t_c4f.fits,0.084,ok
J04561-2159,FOS,,y0iz0105t_c5f.fits,0.084,ok
J04561-2159,FOS,,y0iz0105t_c7f.fits,0.084,ok
J04561-2159,FOS,,y0iz0106t_c0f.fits,0.084,ok
J04561-2159,FOS,,y0iz0106t_c1f.fits,0.084,ok
J04561-2159,FOS,,y0iz0106t_c2f.fits,0.084,ok
J04561-2159,FOS,,y0iz0106t_c4f.fits,0.084,ok
J04561-2159,FOS,,y0iz0106t_c5f.fits,0.084,ok
J04561-2159,FOS,,y0iz0106t_c7f.fits,0.084,ok
J04561-2159,FOS,,y0iz0107t_c0f.fits,0.084,ok
J04561-2159,FOS,,y0iz0107t_c1f.fits,0.084,ok
J04561-2159,FOS,,y0iz0107t_c2f.fits,0.084,ok
J04561-2159,FOS,,y0iz0107t_c4f.fits,0.084,ok
J04561-2159,FOS,,y0iz0107t_c5f.fits,0.084,ok
J04561-2159,FOS,,y0iz0107t_c7f.fits,0.084,ok
J04561-2159,FOS,,y0iz0203t_c0f.fits,0.04,ok
J04561-2159,FOS,,y0iz0203t_c1f.fits,0.04,ok
J04561-2159,FOS,,y0iz0203t_c2f.fits,0.04,ok
J04561-2159,FOS,,y0iz0203t_c4f.fits,0.04,ok
J04561-2159,FOS,,y0iz0203t_c5f.fits,0.04,ok
J04561-2159,FOS,,y0iz0203t_c7f.fits,0.04,ok
J04561-2159,FOS,,y0iz0204t_c0f.fits,0.167,ok
J04561-2159,FOS,,y0iz0204t_c1f.fits,0.167,ok
J04561-2159,FOS,,y0iz0204t_c2f.fits,0.167,ok
J04561-2159,FOS,,y0iz0204t_c4f.fits,0.167,ok
J04561-2159,FOS,,y0iz0204t_c5f.fits,0.167,ok
J04561-2159,FOS,,y0iz0204t_c7f.fits,0.167,ok
J04561-2159,FOS,,y0iz0205t_c0f.fits,0.04,ok
J04561-2159,FOS,,y0iz0205t_c1f.fits,0.04,ok
J04561-2159,FOS,,y0iz0205t_c2f.fits,0.04,ok
J04561-2159,FOS,,y0iz0205t_c4f.fits,0.04,ok
J04561-2159,FOS,,y0iz0205t_c5f.fits,0.04,ok
J04561-2159,FOS,,y0iz0205t_c7f.fits,0.04,ok
J04561-2159,FOS,,y0iz0206t_c0f.fits,0.167,ok
J04561-2159,FOS,,y0iz0206t_c1f.fits,0.167,ok
J04561-2159,FOS,,y0iz0206t_c2f.fits,0.167,ok
J04561-2159,FOS,,y0iz0206t_c4f.fits,0.167,ok
J04561-2159,FOS,,y0iz0206t_c5f.fits,0.167,ok
J04561-2159,FOS,,y0iz0206t_c7f.fits,0.167,ok
J04561-2159,FOS,,y0iz0207t_c0f.fits,0.167,ok
J04561-2159,FOS,,y0iz0207t_c1f.fits,0.167,ok
J04561-2159,FOS,,y0iz0207t_c2f.fits,0.167,ok
J04561-2159,FOS,,y0iz0207t_c4f.fits,0.167,ok
J04561-2159,FOS,,y0iz0207t_c5f.fits,0.167,ok
J04561-2159,FOS,,y0iz0207t_c7f.fits,0.167,ok
J04561-2159,FOS,,y0iz0208t_c0f.fits,0.167,ok
J04561-2159,FOS,,y0iz0208t_c1f.fits,0.167,ok
J04561-2159,FOS,,y0iz0208t_c2f.fits,0.167,ok
J04561-2159,FOS,,y0iz0208t_c4f.fits,0.167,ok
J04561-2159,FOS,,y0iz0208t_c5f.fits,0.167,ok
J04561-2159,FOS,,y0iz0208t_c7f.fits,0.167,ok
J04561-2159,FOS,,y0iz0209t_c0f.fits,0.04,ok
J04561-2159,FOS,,y0iz0209t_c1f.fits,0.04,ok
J04561-2159,FOS,,y0iz0209t_c2f.fits,0.04,ok
J04561-2159,FOS,,y0iz0209t_c4f.fits,0.04,ok
J04561-2159,FOS,,y0iz0209t_c5f.fits,0.04,ok
J04561-2159,FOS,,y0iz0209t_c7f.fits,0.04,ok
J0833+1005-OFFNUCLEUS,COS,,le3i01030_x1dsum.fits,0.93,ok
J0833+1005-OFFNUCLEUS,COS,,le3i01hdq_x1d.fits,1.719,ok
J0833+1005-OFFNUCLEUS,COS,,le3i01hgq_x1d.fits,1.719,ok
J0833+1005-OFFNUCLEUS,COS,,le3i01hjq_x1d.fits,1.719,ok
J0833+1005-OFFNUCLEUS,COS,,le3i01hlq_x1d.fits,1.719,ok
J0833+1005-OFFNUCLEUS,COS,,le3i01hnq_x1d.fits,1.719,ok
J0833+1005-OFFNUCLEUS,COS,,le3i01hpq_x1d.fits,1.719,ok
J0833+1005-OFFNUCLEUS,COS,,le3i01hsq_x1d.fits,1.719,ok
J0833+1005-OFFNUCLEUS,COS,,le3i01huq_x1d.fits,1.719,ok
J0833+1005-OFFNUCLEUS,COS,,le3i01hwq_x1d.fits,1.719,ok
J0833+1005-OFFNUCLEUS,COS,,le3i01hyq_x1d.fits,1.719,ok
J0833+1005-OFFNUCLEUS,COS,,le3i01i0q_x1d.fits,1.719,ok
J0833+1005-OFFNUCLEUS,COS,,le3i01i2q_x1d.fits,1.719,ok
J0833+1005-OFFNUCLEUS,COS,,le3i02010_x1dsum.fits,0.245,ok
J0833+1005-OFFNUCLEUS,COS,,le3i02020_x1dsum.fits,0.93,ok
J0833+1005-OFFNUCLEUS,COS,,le3i02i6q_x1d.fits,0.429,ok
J0833+1005-OFFNUCLEUS,COS,,le3i02i8q_x1d.fits,0.429,ok
J0833+1005-OFFNUCLEUS,COS,,le3i02iaq_x1d.fits,0.429,ok
J0833+1005-OFFNUCLEUS,COS,,le3i02icq_x1d.fits,0.429,ok
J0833+1005-OFFNUCLEUS,COS,,le3i02igq_x1d.fits,1.719,ok
J0833+1005-OFFNUCLEUS,COS,,le3i02iiq_x1d.fits,1.719,ok
J0833+1005-OFFNUCLEUS,COS,,le3i02ikq_x1d.fits,1.719,ok
J0833+1005-OFFNUCLEUS,COS,,le3i02imq_x1d.fits,1.719,ok
J09270+3902,FOS,,y0pe0702t_c0f.fits,0.176,ok
J09270+3902,FOS,,y0pe0702t_c1f.fits,0.176,ok
J09270+3902,FOS,,y0pe0702t_c2f.fits,0.176,ok
J09270+3902,FOS,,y0pe0702t_c4f.fits,0.176,ok
J09270+3902,FOS,,y0pe0702t_c5f.fits,0.176,ok
J09270+3902,FOS,,y0pe0702t_c7f.fits,0.176,ok
J09270+3902,FOS,,y0pe0703t_c0f.fits,0.118,ok
J09270+3902,FOS,,y0pe0703t_c1f.fits,0.118,ok
J09270+3902,FOS,,y0pe0703t_c2f.fits,0.118,ok
J09270+3902,FOS,,y0pe0703t_c4f.fits,0.118,ok
J09270+3902,FOS,,y0pe0703t_c5f.fits,0.118,ok
J09270+3902,FOS,,y0pe0703t_c7f.fits,0.118,ok
J09270+3902,FOS,,y0pe0704t_c0f.fits,0.098,ok
J09270+3902,FOS,,y0pe0704t_c1f.fits,0.098,ok
J09270+3902,FOS,,y0pe0704t_c2f.fits,0.098,ok
J09270+3902,FOS,,y0pe0704t_c4f.fits,0.098,ok
J09270+3902,FOS,,y0pe0704t_c5f.fits,0.098,ok
J09270+3902,FOS,,y0pe0704t_c7f.fits,0.098,ok
J09270+3902,FOS,,y1170102t_c0f.fits,0.184,ok
J09270+3902,FOS,,y1170102t_c1f.fits,0.184,ok
J09270+3902,FOS,,y1170102t_c2f.fits,0.184,ok
J09270+3902,FOS,,y1170102t_c4f.fits,0.184,ok
J09270+3902,FOS,,y1170102t_c5f.fits,0.184,ok
J09270+3902,FOS,,y1170102t_c7f.fits,0.184,ok
J09270+3902,FOS,,y1170103t_c0f.fits,0.118,ok
J09270+3902,FOS,,y1170103t_c1f.fits,0.118,ok
J09270+3902,FOS,,y1170103t_c2f.fits,0.118,ok
J09270+3902,FOS,,y1170103t_c4f.fits,0.118,ok
J09270+3902,FOS,,y1170103t_c5f.fits,0.118,ok
J09270+3902,FOS,,y1170103t_c7f.fits,0.118,ok
J09270+3902,FOS,,y1170104t_c0f.fits,0.098,ok
J09270+3902,FOS,,y1170104t_c1f.fits,0.098,ok
J09270+3902,FOS,,y1170104t_c2f.fits,0.098,ok
J09270+3902,FOS,,y1170104t_c4f.fits,0.098,ok
J09270+3902,FOS,,y1170104t_c5f.fits,0.098,ok
J09270+3902,FOS,,y1170104t_c7f.fits,0.098,ok
J11586+6254,FOS,,y1hi0u02t_c0f.fits,0.075,ok
J11586+6254,FOS,,y1hi0u02t_c1f.fits,0.075,ok
J11586+6254,FOS,,y1hi0u02t_c2f.fits,0.075,ok
J11586+6254,FOS,,y1hi0u02t_c4f.fits,0.075,ok
J11586+6254,FOS,,y1hi0u02t_c5f.fits,0.075,ok
J11586+6254,FOS,,y1hi0u02t_c7f.fits,0.075,ok
J15147+3650,FOS,,y0rv1703t_c0f.fits,0.383,ok
J15147+3650,FOS,,y0rv1703t_c1f.fits,0.383,ok
J15147+3650,FOS,,y0rv1703t_c2f.fits,0.383,ok
J15147+3650,FOS,,y0rv1703t_c4f.fits,0.383,ok
J15147+3650,FOS,,y0rv1703t_c5f.fits,0.383,ok
J15147+3650,FOS,,y0rv1703t_c7f.fits,0.383,ok
J15147+3650,FOS,,y0rv1704t_c0f.fits,0.383,ok
J15147+3650,FOS,,y0rv1704t_c1f.fits,0.383,ok
J15147+3650,FOS,,y0rv1704t_c2f.fits,0.383,ok
J15147+3650,FOS,,y0rv1704t_c4f.fits,0.383,ok
J15147+3650,FOS,,y0rv1704t_c5f.fits,0.383,ok
J15147+3650,FOS,,y0rv1704t_c7f.fits,0.383,ok
J15147+3650,FOS,,y0rv1705t_c0f.fits,0.383,ok
J15147+3650,FOS,,y0rv1705t_c1f.fits,0.383,ok
J15147+3650,FOS,,y0rv1705t_c2f.fits,0.383,ok
J15147+3650,FOS,,y0rv1705t_c4f.fits,0.383,ok
J15147+3650,FOS,,y0rv1705t_c5f.fits,0.383,ok
J15147+3650,FOS,,y0rv1705t_c7f.fits,0.383,ok
J15147+3650,FOS,,y0rv1706t_c0f.fits,0.366,ok
J15147+3650,FOS,,y0rv1706t_c1f.fits,0.366,ok
J15147+3650,FOS,,y0rv1706t_c2f.fits,0.366,ok
J15147+3650,FOS,,y0rv1706t_c4f.fits,0.366,ok
J15147+3650,FOS,,y0rv1706t_c5f.fits,0.366,ok
J15147+3650,FOS,,y0rv1706t_c7f.fits,0.366,ok
J16142+2604,FOS,,y1hk0p02t_c0f.fits,0.075,ok
J16142+2604,FOS,,y1hk0p02t_c1f.fits,0.075,ok
J16142+2604,FOS,,y1hk0p02t_c2f.fits,0.075,ok
J16142+2604,FOS,,y1hk0p02t_c4f.fits,0.075,ok
J16142+2604,FOS,,y1hk0p02t_c5f.fits,0.075,ok
J16142+2604,FOS,,y1hk0p02t_c7f.fits,0.075,ok
J2203+3145,COS,,leo924010_x1dsum.fits,1.817,ok
J2203+3145,COS,,leo924xnq_x1d.fits,3.39,ok
J2203+3145,COS,,leo924xrq_x1d.fits,3.39,ok
J2203+3145,COS,,leo924xtq_x1d.fits,3.39,ok
J2203+3145,COS,,leo924xvq_x1d.fits,3.39,ok
J2203+3145,FOS,,y0pe0j02t_c0f.fits,0.075,ok
J2203+3145,FOS,,y0pe0j02t_c1f.fits,0.075,ok
J2203+3145,FOS,,y0pe0j02t_c2f.fits,0.075,ok
J2203+3145,FOS,,y0pe0j02t_c4f.fits,0.075,ok
J2203+3145,FOS,,y0pe0j02t_c5f.fits,0.075,ok
J2203+3145,FOS,,y0pe0j02t_c7f.fits,0.075,ok
J2203+3145,FOS,,y0pe0j03t_c0f.fits,0.075,ok
J2203+3145,FOS,,y0pe0j03t_c1f.fits,0.075,ok
J2203+3145,FOS,,y0pe0j03t_c2f.fits,0.075,ok
J2203+3145,FOS,,y0pe0j03t_c4f.fits,0.075,ok
J2203+3145,FOS,,y0pe0j03t_c5f.fits,0.075,ok
J2203+3145,FOS,,y0pe0j03t_c7f.fits,0.075,ok
J2203+3145,FOS,,y0pe0j04t_c0f.fits,0.066,ok
J2203+3145,FOS,,y0pe0j04t_c1f.fits,0.066,ok
J2203+3145,FOS,,y0pe0j04t_c2f.fits,0.066,ok
J2203+3145,FOS,,y0pe0j04t_c4f.fits,0.066,ok
J2203+3145,FOS,,y0pe0j04t_c5f.fits,0.066,ok
J2203+3145,FOS,,y0pe0j04t_c7f.fits,0.066,ok
J2203+3145,FOS,,y0pe0k02t_c0f.fits,0.04,ok
J2203+3145,FOS,,y0pe0k02t_c1f.fits,0.04,ok
J2203+3145,FOS,,y0pe0k02t_c2f.fits,0.04,ok
J2203+3145,FOS,,y0pe0k02t_c4f.fits,0.04,ok
J2203+3145,FOS,,y0pe0k02t_c5f.fits,0.04,ok
J2203+3145,FOS,,y0pe0k02t_c7f.fits,0.04,ok
J2203+3145,FOS,,y0pe0k03t_c0f.fits,0.04,ok
J2203+3145,FOS,,y0pe0k03t_c1f.fits,0.04,ok
J2203+3145,FOS,,y0pe0k03t_c2f.fits,0.04,ok
J2203+3145,FOS,,y0pe0k03t_c4f.fits,0.04,ok
J2203+3145,FOS,,y0pe0k03t_c5f.fits,0.04,ok
J2203+3145,FOS,,y0pe0k03t_c7f.fits,0.04,ok
LB 10193,STIS,,ocuv26010_sx1.fits,0.081,ok
LB 10203,COS,,lbs350030_x1dsum.fits,1.947,ok
LB 10203,COS,,lbs350040_x1dsum.fits,1.944,ok
LB 10203,COS,,lbs350jrq_x1d.fits,3.39,ok
LB 10203,COS,,lbs350khq_x1d.fits,3.39,ok
LB 10203,COS,,lcob02010_x1dsum.fits,0.04,ok
LB 10203,COS,,lcob02bmq_x1d.fits,0.043,ok
LB 10203,COS,,lcob02buq_x1d.fits,0.043,ok
LB 10203,COS,,lcob02c3q_x1d.fits,0.043,ok
LB 10203,COS,,lcob02cbq_x1d.fits,0.043,ok
LB 10203,COS,,lcob52010_x1dsum.fits,1.817,ok
LB 10203,COS,,lcob52i4q_x1d.fits,3.39,ok
LB 10203,COS,,lcob52jeq_x1d.fits,3.39,ok
LB 10203,COS,,lcob52jjq_x1d.fits,3.39,ok
LB 10203,COS,,lcob52jlq_x1d.fits,3.39,ok
LB 10203,FOS,,y3ag0502t_c0f.fits,0.147,ok
LB 10203,FOS,,y3ag0502t_c1f.fits,0.147,ok
LB 10203,FOS,,y3ag0502t_c2f.fits,0.147,ok
LB 10203,FOS,,y3ag0502t_c4f.fits,0.147,ok
LB 10203,FOS,,y3ag0502t_c5f.fits,0.147,ok
LB 10203,FOS,,y3ag0502t_c7f.fits,0.147,ok
LB 10203,FOS,,y3ag0503t_c0f.fits,0.207,ok
LB 10203,FOS,,y3ag0503t_c1f.fits,0.207,ok
LB 10203,FOS,,y3ag0503t_c2f.fits,0.207,ok
LB 10203,FOS,,y3ag0503t_c4f.fits,0.207,ok
LB 10203,FOS,,y3ag0503t_c5f.fits,0.207,ok
LB 10203,FOS,,y3ag0503t_c7f.fits,0.207,ok
LB 1727,COS,,lb4f03010_x1dsum.fits,1.814,ok
LB 1727,COS,,lb4f03icq_x1d.fits,3.39,ok
LB 1727,COS,,lb4f03ies_x1d.fits,3.39,ok
LB 1727,COS,,lb4f03igq_x1d.fits,3.39,ok
LB 1727,COS,,lb4f04010_x1dsum.fits,1.947,ok
LB 1727,COS,,lb4f04020_x1dsum.fits,1.947,ok
LB 1727,COS,,lb4f04030_x1dsum.fits,1.947,ok
LB 1727,COS,,lb4f04040_x1dsum.fits,1.947,ok
LB 1727,COS,,lb4f04leq_x1d.fits,3.39,ok
LB 1727,COS,,lb4f04ljq_x1d.fits,3.39,ok
LB 1727,COS,,lb4f04lmq_x1d.fits,3.39,ok
LB 1727,COS,,lb4f04loq_x1d.fits,3.39,ok
LB 1727,COS,,lb4f33010_x1dsum.fits,1.944,ok
LB 1727,COS,,lb4f33020_x1dsum.fits,1.947,ok
LB 1727,COS,,lb4f33030_x1dsum.fits,1.947,ok
LB 1727,COS,,lb4f33luq_x1d.fits,3.39,ok
LB 1727,COS,,lb4f33lwq_x1d.fits,3.39,ok
LB 1727,COS,,lb4f33lyq_x1d.fits,3.39,ok
LB 2126,FOS,,y1hi0r02t_c0f.fits,0.075,ok
LB 2126,FOS,,y1hi0r02t_c1f.fits,0.075,ok
LB 2126,FOS,,y1hi0r02t_c2f.fits,0.075,ok
LB 2126,FOS,,y1hi0r02t_c4f.fits,0.075,ok
LB 2126,FOS,,y1hi0r02t_c5f.fits,0.075,ok
LB 2126,FOS,,y1hi0r02t_c7f.fits,0.075,ok
LB 2126,FOS,,y1hi0s02t_c0f.fits,0.058,ok
LB 2126,FOS,,y1hi0s02t_c1f.fits,0.058,ok
LB 2126,FOS,,y1hi0s02t_c2f.fits,0.058,ok
LB 2126,FOS,,y1hi0s02t_c4f.fits,0.058,ok
LB 2126,FOS,,y1hi0s02t_c5f.fits,0.058,ok
LB 2126,FOS,,y1hi0s02t_c7f.fits,0.058,ok
LB 2126,FOS,,y2sg0102t_c0f.fits,0.095,ok
LB 2126,FOS,,y2sg0102t_c1f.fits,0.095,ok
LB 2126,FOS,,y2sg0102t_c2f.fits,0.095,ok
LB 2126,FOS,,y2sg0102t_c4f.fits,0.095,ok
LB 2126,FOS,,y2sg0102t_c5f.fits,0.095,ok
LB 2126,FOS,,y2sg0102t_c7f.fits,0.095,ok
LB 2126,FOS,,y2sg0104t_c0f.fits,0.069,ok
LB 2126,FOS,,y2sg0104t_c1f.fits,0.069,ok
LB 2126,FOS,,y2sg0104t_c2f.fits,0.069,ok
LB 2126,FOS,,y2sg0104t_c4f.fits,0.069,ok
LB 2126,FOS,,y2sg0104t_c5f.fits,0.069,ok
LB 2126,FOS,,y2sg0104t_c7f.fits,0.069,ok
LB 2126,FOS,,y2sg0105t_c0f.fits,0.043,ok
LB 2126,FOS,,y2sg0105t_c1f.fits,0.043,ok
LB 2126,FOS,,y2sg0105t_c2f.fits,0.043,ok
LB 2126,FOS,,y2sg0105t_c4f.fits,0.043,ok
LB 2126,FOS,,y2sg0105t_c5f.fits,0.043,ok
LB 2126,FOS,,y2sg0105t_c7f.fits,0.043,ok
LB 2126,FOS,,y2sg0106t_c0f.fits,0.06,ok
LB 2126,FOS,,y2sg0106t_c1f.fits,0.06,ok
LB 2126,FOS,,y2sg0106t_c2f.fits,0.06,ok
LB 2126,FOS,,y2sg0106t_c4f.fits,0.06,ok
LB 2126,FOS,,y2sg0106t_c5f.fits,0.06,ok
LB 2126,FOS,,y2sg0106t_c7f.fits,0.06,ok
LB 9388,COS,,ldi315010_x1dsum.fits,0.245,ok
LB 9388,COS,,ldi315020_x1dsum.fits,1.814,ok
LB 9388,COS,,ldi315030_x1dsum.fits,0.259,ok
LB 9388,COS,,ldi315ecq_x1d.fits,0.429,ok
LB 9388,COS,,ldi315eeq_x1d.fits,0.429,ok
LB 9388,COS,,ldi315egq_x1d.fits,3.39,ok
LB 9388,COS,,ldi315eiq_x1d.fits,3.39,ok
LB 9388,COS,,ldi315ekq_x1d.fits,3.39,ok
LB 9388,COS,,ldi315emq_x1d.fits,3.39,ok
LB 9388,COS,,ldi315eoq_x1d.fits,0.429,ok
LB2136,FOS,,y2dz0302t_c0f.fits,0.06,ok
LB2136,FOS,,y2dz0302t_c1f.fits,0.06,ok
LB2136,FOS,,y2dz0302t_c2f.fits,0.06,ok
LB2136,FOS,,y2dz0302t_c4f.fits,0.06,ok
LB2136,FOS,,y2dz0302t_c5f.fits,0.06,ok
LB2136,FOS,,y2dz0302t_c7f.fits,0.06,ok
LB2136,FOS,,y2dz0303t_c0f.fits,0.121,ok
LB2136,FOS,,y2dz0303t_c1f.fits,0.121,ok
LB2136,FOS,,y2dz0303t_c2f.fits,0.121,ok
LB2136,FOS,,y2dz0303t_c4f.fits,0.121,ok
LB2136,FOS,,y2dz0303t_c5f.fits,0.121,ok
LB2136,FOS,,y2dz0303t_c7f.fits,0.121,ok
LB2136,FOS,,y2dz0304t_c0f.fits,0.06,ok
LB2136,FOS,,y2dz0304t_c1f.fits,0.06,ok
LB2136,FOS,,y2dz0304t_c2f.fits,0.06,ok
LB2136,FOS,,y2dz0304t_c4f.fits,0.06,ok
LB2136,FOS,,y2dz0304t_c5f.fits,0.06,ok
LB2136,FOS,,y2dz0304t_c7f.fits,0.06,ok
LBQS 0019-0145B,STIS,,o59y02010_x1d.fits,0.078,ok
LBQS 0100+0205,COS,,ldhf3a010_x1dsum.fits,1.814,ok
LBQS 0100+0205,COS,,ldhf3ae9q_x1d.fits,3.39,ok
LBQS 0100+0205,COS,,ldhf3aebq_x1d.fits,3.39,ok
LBQS 0100+0205,COS,,ldhf3aefq_x1d.fits,3.39,ok
LBQS 0100+0205,COS,,ldhf3aehq_x1d.fits,3.39,ok
LBQS 0100+0205,COS,,ldhf3b010_x1dsum.fits,1.814,ok
LBQS 0100+0205,COS,,ldhf3brjq_x1d.fits,3.39,ok
LBQS 0100+0205,COS,,ldhf3brlq_x1d.fits,3.39,ok
LBQS 0100+0205,COS,,ldhf3brnq_x1d.fits,3.39,ok
LBQS 0100+0205,COS,,ldhf3brpq_x1d.fits,3.39,ok
LBQS 0100+0205,FOS,,y1hh0302t_c0f.fits,0.075,ok
LBQS 0100+0205,FOS,,y1hh0302t_c1f.fits,0.075,ok
LBQS 0100+0205,FOS,,y1hh0302t_c2f.fits,0.075,ok
LBQS 0100+0205,FOS,,y1hh0302t_c4f.fits,0.075,ok
LBQS 0100+0205,FOS,,y1hh0302t_c5f.fits,0.075,ok
LBQS 0100+0205,FOS,,y1hh0302t_c7f.fits,0.075,ok
LBQS 0100+0205,FOS,,y36u0105t_c0f.fits,0.043,ok
LBQS 0100+0205,FOS,,y36u0105t_c1f.fits,0.043,ok
LBQS 0100+0205,FOS,,y36u0105t_c2f.fits,0.043,ok
LBQS 0100+0205,FOS,,y36u0105t_c4f.fits,0.043,ok
LBQS 0100+0205,FOS,,y36u0105t_c5f.fits,0.043,ok
LBQS 0100+0205,FOS,,y36u0105t_c7f.fits,0.043,ok
LBQS 0100+0205,FOS,,y36u0106t_c0f.fits,0.043,ok
LBQS 0100+0205,FOS,,y36u0106t_c1f.fits,0.043,ok
LBQS 0100+0205,FOS,,y36u0106t_c2f.fits,0.043,ok
LBQS 0100+0205,FOS,,y36u0106t_c4f.fits,0.043,ok
LBQS 0100+0205,FOS,,y36u0106t_c5f.fits,0.043,ok
LBQS 0100+0205,FOS,,y36u0106t_c7f.fits,0.043,ok
LBQS 0100+0205,FOS,,y36u0107t_c0f.fits,0.101,ok
LBQS 0100+0205,FOS,,y36u0107t_c1f.fits,0.101,ok
LBQS 0100+0205,FOS,,y36u0107t_c2f.fits,0.101,ok
LBQS 0100+0205,FOS,,y36u0107t_c4f.fits,0.101,ok
LBQS 0100+0205,FOS,,y36u0107t_c5f.fits,0.101,ok
LBQS 0100+0205,FOS,,y36u0107t_c7f.fits,0.101,ok
LBQS 0100+0205,FOS,,y36u0108t_c0f.fits,0.121,ok
LBQS 0100+0205,FOS,,y36u0108t_c1f.fits,0.121,ok
LBQS 0100+0205,FOS,,y36u0108t_c2f.fits,0.121,ok
LBQS 0100+0205,FOS,,y36u0108t_c4f.fits,0.121,ok
LBQS 0100+0205,FOS,,y36u0108t_c5f.fits,0.121,ok
LBQS 0100+0205,FOS,,y36u0108t_c7f.fits,0.121,ok
LBQS 1222+1640,COS,,lf1321010_x1dsum.fits,0.245,ok
LBQS 1222+1640,COS,,lf1321020_x1dsum.fits,1.817,ok
LBQS 1222+1640,COS,,lf1321esq_x1d.fits,0.429,ok
LBQS 1222+1640,COS,,lf1321evq_x1d.fits,0.429,ok
LBQS 1222+1640,COS,,lf1321f0q_x1d.fits,3.39,ok
LBQS 1222+1640,COS,,lf1321faq_x1d.fits,3.39,ok
LBQS 1222+1640,COS,,lf1321fiq_x1d.fits,3.39,ok
LBQS 1230-0015,COS,,lb5n15010_x1dsum.fits,1.947,ok
LBQS 1230-0015,COS,,lb5n15020_x1dsum.fits,1.944,ok
LBQS 1230-0015,COS,,lb5n15030_x1dsum.fits,1.947,ok
LBQS 1230-0015,COS,,lb5n15040_x1dsum.fits,1.944,ok
LBQS 1230-0015,COS,,lb5n15llq_x1d.fits,3.39,ok
LBQS 1230-0015,COS,,lb5n15m2q_x1d.fits,3.39,ok
LBQS 1230-0015,COS,,lb5n15mjq_x1d.fits,3.39,ok
LBQS 1230-0015,COS,,lb5n15mpq_x1d.fits,3.39,ok
LBQS 1230-0015,COS,,lbp250010_x1dsum.fits,1.947,ok
LBQS 1230-0015,COS,,lbp250020_x1dsum.fits,1.944,ok
LBQS 1230-0015,COS,,lbp250o2q_x1d.fits,3.39,ok
LBQS 1230-0015,COS,,lbp250o4q_x1d.fits,3.39,ok
LBQS 1230-0015,COS,,lf1306010_x1dsum.fits,0.245,ok
LBQS 1230-0015,COS,,lf1306u7q_x1d.fits,0.429,ok
LBQS 1230-0015,COS,,lf1306u9q_x1d.fits,0.429,ok
LBQS 1235+1807,STIS,,o56b03010_x1d.fits,0.078,ok
LBQS 1235+1807,STIS,,o56b03020_x1d.fits,0.078,ok
LBQS 1235+1807,STIS,,o56b03030_x1d.fits,0.078,ok
LBQS 1340-0020,STIS,,o8ex50010_x1d.fits,0.078,ok
LBQS 1340-0038,COS,,lb5n39010_x1dsum.fits,1.947,ok
LBQS 1340-0038,COS,,lb5n39020_x1dsum.fits,1.944,ok
LBQS 1340-0038,COS,,lb5n39030_x1dsum.fits,1.947,ok
LBQS 1340-0038,COS,,lb5n39040_x1dsum.fits,1.944,ok
LBQS 1340-0038,COS,,lb5n39fgq_x1d.fits,3.39,ok
LBQS 1340-0038,COS,,lb5n39ftq_x1d.fits,3.39,ok
LBQS 1340-0038,COS,,lb5n39fvq_x1d.fits,3.39,ok
LBQS 1340-0038,COS,,lb5n39gaq_x1d.fits,3.39,ok
LBQS 1340-0038,COS,,lc1c12010_x1dsum.fits,1.817,ok
LBQS 1340-0038,COS,,lc1c12kyq_x1d.fits,3.39,ok
LBQS 1340-0038,COS,,lc1c12l1q_x1d.fits,3.39,ok
LBQS 1340-0038,COS,,ley208010_x1dsum.fits,0.259,ok
LBQS 1340-0038,COS,,ley208020_x1dsum.fits,0.245,ok
LBQS 1340-0038,COS,,ley208buq_x1d.fits,0.429,ok
LBQS 1340-0038,COS,,ley208bxq_x1d.fits,0.429,ok
LBQS 1340-0038,COS,,ley208c1q_x1d.fits,0.429,ok
LBQS 1340-0038,COS,,ley209010_x1dsum.fits,0.259,ok
LBQS 1340-0038,COS,,ley209020_x1dsum.fits,0.245,ok
LBQS 1340-0038,COS,,ley209fzq_x1d.fits,0.429,ok
LBQS 1340-0038,COS,,ley209g2q_x1d.fits,0.429,ok
LBQS 1340-0038,COS,,ley209g6q_x1d.fits,0.429,ok
LBQS 1340-0038,COS,,ley210010_x1dsum.fits,0.245,ok
LBQS 1340-0038,COS,,ley210020_x1dsum.fits,0.259,ok
LBQS 1340-0038,COS,,ley210uuq_x1d.fits,0.429,ok
LBQS 1340-0038,COS,,ley210v1q_x1d.fits,0.429,ok
LBQS 1340-0038,COS,,ley210v5q_x1d.fits,0.429,ok
LBQS 1340-0038,COS,,ley2z3010_x1dsum.fits,0.259,ok
LBQS 1340-0038,COS,,ley2z3f4q_x1d.fits,0.429,ok
LBQS 1340-0038,FOS,,y29c0b02t_c0f.fits,0.13,ok
LBQS 1340-0038,FOS,,y29c0b02t_c1f.fits,0.13,ok
LBQS 1340-0038,FOS,,y29c0b02t_c2f.fits,0.13,ok
LBQS 1340-0038,FOS,,y29c0b02t_c4f.fits,0.13,ok
LBQS 1340-0038,FOS,,y29c0b02t_c5f.fits,0.13,ok
LBQS 1340-0038,FOS,,y29c0b02t_c7f.fits,0.13,ok
LBQS 2350-0045B,STIS,,o8ex76010_x1d.fits,0.078,ok
LBQS-1338-0038,COS,,le2j17010_x1dsum.fits,0.93,ok
LBQS-1338-0038,COS,,le2j17fvq_x1d.fits,1.719,ok
LBQS-1338-0038,COS,,le2j17h2q_x1d.fits,1.719,ok
LBQS-1338-0038,COS,,le2j17hvq_x1d.fits,1.719,ok
LBQS-1338-0038,COS,,le2j17i2q_x1d.fits,1.719,ok
LBQS0003+0146,FOS,,y29c0102t_c0f.fits,0.13,ok
LBQS0003+0146,FOS,,y29c0102t_c1f.fits,0.13,ok
LBQS0003+0146,FOS,,y29c0102t_c2f.fits,0.13,ok
LBQS0003+0146,FOS,,y29c0102t_c4f.fits,0.13,ok
LBQS0003+0146,FOS,,y29c0102t_c5f.fits,0.13,ok
LBQS0003+0146,FOS,,y29c0102t_c7f.fits,0.13,ok
LBQS0017+0209,FOS,,y29c0202t_c0f.fits,0.13,ok
LBQS0017+0209,FOS,,y29c0202t_c1f.fits,0.13,ok
LBQS0017+0209,FOS,,y29c0202t_c2f.fits,0.13,ok
LBQS0017+0209,FOS,,y29c0202t_c4f.fits,0.13,ok
LBQS0017+0209,FOS,,y29c0202t_c5f.fits,0.13,ok
LBQS0017+0209,FOS,,y29c0202t_c7f.fits,0.13,ok
LBQS0017+0209,FOS,,y29c0203t_c0f.fits,0.06,ok
LBQS0017+0209,FOS,,y29c0203t_c1f.fits,0.06,ok
LBQS0017+0209,FOS,,y29c0203t_c2f.fits,0.06,ok
LBQS0017+0209,FOS,,y29c0203t_c4f.fits,0.06,ok
LBQS0017+0209,FOS,,y29c0203t_c5f.fits,0.06,ok
LBQS0017+0209,FOS,,y29c0203t_c7f.fits,0.06,ok
LBQS0017+0209,FOS,,y2gq1m01t_c0f.fits,0.043,ok
LBQS0017+0209,FOS,,y2gq1m01t_c1f.fits,0.043,ok
LBQS0017+0209,FOS,,y2gq1m01t_c2f.fits,0.043,ok
LBQS0017+0209,FOS,,y2gq1m01t_c4f.fits,0.043,ok
LBQS0017+0209,FOS,,y2gq1m01t_c5f.fits,0.043,ok
LBQS0017+0209,FOS,,y2gq1m01t_c7f.fits,0.043,ok
LBQS1132-0302,FOS,,y29c0502t_c0f.fits,0.13,ok
LBQS1132-0302,FOS,,y29c0502t_c1f.fits,0.13,ok
LBQS1132-0302,FOS,,y29c0502t_c2f.fits,0.13,ok
LBQS1132-0302,FOS,,y29c0502t_c4f.fits,0.13,ok
LBQS1132-0302,FOS,,y29c0502t_c5f.fits,0.13,ok
LBQS1132-0302,FOS,,y29c0502t_c7f.fits,0.13,ok
LBQS1132-0302,FOS,,y29c0503t_c0f.fits,0.078,ok
LBQS1132-0302,FOS,,y29c0503t_c1f.fits,0.078,ok
LBQS1132-0302,FOS,,y29c0503t_c2f.fits,0.078,ok
LBQS1132-0302,FOS,,y29c0503t_c4f.fits,0.078,ok
LBQS1132-0302,FOS,,y29c0503t_c5f.fits,0.078,ok
LBQS1132-0302,FOS,,y29c0503t_c7f.fits,0.078,ok
LBQS1138+0204,FOS,,y29c0602t_c0f.fits,0.121,ok
LBQS1138+0204,FOS,,y29c0602t_c1f.fits,0.121,ok
LBQS1138+0204,FOS,,y29c0602t_c2f.fits,0.121,ok
LBQS1138+0204,FOS,,y29c0602t_c4f.fits,0.121,ok
LBQS1138+0204,FOS,,y29c0602t_c5f.fits,0.121,ok
LBQS1138+0204,FOS,,y29c0602t_c7f.fits,0.121,ok
LBQS1138+0204,FOS,,y29c0603t_c0f.fits,0.078,ok
LBQS1138+0204,FOS,,y29c0603t_c1f.fits,0.078,ok
LBQS1138+0204,FOS,,y29c0603t_c2f.fits,0.078,ok
LBQS1138+0204,FOS,,y29c0603t_c4f.fits,0.078,ok
LBQS1138+0204,FOS,,y29c0603t_c5f.fits,0.078,ok
LBQS1138+0204,FOS,,y29c0603t_c7f.fits,0.078,ok
LBQS1144-0115,FOS,,y29c0702t_c0f.fits,0.13,ok
LBQS1144-0115,FOS,,y29c0702t_c1f.fits,0.13,ok
LBQS1144-0115,FOS,,y29c0702t_c2f.fits,0.13,ok
LBQS1144-0115,FOS,,y29c0702t_c4f.fits,0.13,ok
LBQS1144-0115,FOS,,y29c0702t_c5f.fits,0.13,ok
LBQS1144-0115,FOS,,y29c0702t_c7f.fits,0.13,ok
LBQS1144-0115,FOS,,y29c0703t_c0f.fits,0.17,ok
LBQS1144-0115,FOS,,y29c0703t_c1f.fits,0.17,ok
LBQS1144-0115,FOS,,y29c0703t_c2f.fits,0.17,ok
LBQS1144-0115,FOS,,y29c0703t_c4f.fits,0.17,ok
LBQS1144-0115,FOS,,y29c0703t_c5f.fits,0.17,ok
LBQS1144-0115,FOS,,y29c0703t_c7f.fits,0.17,ok
LBQS1230+0947,FOS,,y1hi1302t_c0f.fits,0.075,ok
LBQS1230+0947,FOS,,y1hi1302t_c1f.fits,0.075,ok
LBQS1230+0947,FOS,,y1hi1302t_c2f.fits,0.075,ok
LBQS1230+0947,FOS,,y1hi1302t_c4f.fits,0.075,ok
LBQS1230+0947,FOS,,y1hi1302t_c5f.fits,0.075,ok
LBQS1230+0947,FOS,,y1hi1302t_c7f.fits,0.075,ok
LBQS1317-0142,FOS,,y29c0a02t_c0f.fits,0.13,ok
LBQS1317-0142,FOS,,y29c0a02t_c1f.fits,0.13,ok
LBQS1317-0142,FOS,,y29c0a02t_c2f.fits,0.13,ok
LBQS1317-0142,FOS,,y29c0a02t_c4f.fits,0.13,ok
LBQS1317-0142,FOS,,y29c0a02t_c5f.fits,0.13,ok
LBQS1317-0142,FOS,,y29c0a02t_c7f.fits,0.13,ok
LBQS1317-0142,FOS,,y29c0a03t_c0f.fits,0.13,ok
LBQS1317-0142,FOS,,y29c0a03t_c1f.fits,0.13,ok
LBQS1317-0142,FOS,,y29c0a03t_c2f.fits,0.13,ok
LBQS1317-0142,FOS,,y29c0a03t_c4f.fits,0.13,ok
LBQS1317-0142,FOS,,y29c0a03t_c5f.fits,0.13,ok
LBQS1317-0142,FOS,,y29c0a03t_c7f.fits,0.13,ok
LEDA 10293,COS,,lbk202010_x1dsum.fits,1.814,ok
LEDA 10293,COS,,lbk202020_x1dsum.fits,1.817,ok
LEDA 10293,COS,,lbk202pyq_x1d.fits,3.39,ok
LEDA 10293,COS,,lbk202q2q_x1d.fits,3.39,ok
LEDA 10293,COS,,lbk202q4q_x1d.fits,3.39,ok
LEDA 10293,COS,,lbk202q9q_x1d.fits,3.39,ok
LEDA 138607,COS,,lbho70010_x1dsum.fits,1.947,ok
LEDA 138607,COS,,lbho70020_x1dsum.fits,1.814,ok
LEDA 138607,COS,,lbho70030_x1dsum.fits,1.817,ok
LEDA 138607,COS,,lbho70040_x1dsum.fits,1.944,ok
LEDA 138607,COS,,lbho70yyq_x1d.fits,3.39,ok
LEDA 138607,COS,,lbho70z1q_x1d.fits,3.39,ok
LEDA 138607,COS,,lbho70z9q_x1d.fits,3.39,ok
LEDA 138607,COS,,lbho70zjq_x1d.fits,3.39,ok
LEDA 138607,COS,,lbho70znq_x1d.fits,3.39,ok
LEDA 138607,COS,,lbho70zxq_x1d.fits,3.39,ok
LEDA 1440438,COS,,ldnj18010_x1dsum.fits,1.947,ok
LEDA 1440438,COS,,ldnj18020_x1dsum.fits,1.817,ok
LEDA 1440438,COS,,ldnj18myq_x1d.fits,3.39,ok
LEDA 1440438,COS,,ldnj18n1q_x1d.fits,3.39,ok
LEDA 1440438,COS,,ldnj18n9q_x1d.fits,3.39,ok
LEDA 1440438,COS,,ldnj18ndq_x1d.fits,3.39,ok
LEDA 1440438,COS,,ldnj18nhq_x1d.fits,3.39,ok
LEDA 1440438,COS,,ldnj19010_x1dsum.fits,1.947,ok
LEDA 1440438,COS,,ldnj19020_x1dsum.fits,1.817,ok
LEDA 1440438,COS,,ldnj19030_x1dsum.fits,1.817,ok
LEDA 1440438,COS,,ldnj19040_x1dsum.fits,1.817,ok
LEDA 1440438,COS,,ldnj19agq_x1d.fits,3.39,ok
LEDA 1440438,COS,,ldnj19amq_x1d.fits,3.39,ok
LEDA 1440438,COS,,ldnj19ayq_x1d.fits,3.39,ok
LEDA 1440438,COS,,ldnj19b5q_x1d.fits,3.39,ok
LEDA 1440438,COS,,ldnj19bdq_x1d.fits,3.39,ok
LEDA 1440438,COS,,ldnj19bnq_x1d.fits,3.39,ok
LEDA 1440438,COS,,ldnj19byq_x1d.fits,3.39,ok
LEDA 1771917,COS,,lcxv18030_x1dsum.fits,1.814,ok
LEDA 1771917,COS,,lcxv18040_x1dsum.fits,1.814,ok
LEDA 1771917,COS,,lcxv18mvq_x1d.fits,3.39,ok
LEDA 1771917,COS,,lcxv18mzq_x1d.fits,3.39,ok
LEDA 1771917,COS,,lcxv18n5q_x1d.fits,3.39,ok
LEDA 1771917,COS,,lcxv18nbq_x1d.fits,3.39,ok
LEDA 1771917,COS,,lcxv18nhq_x1d.fits,3.39,ok
LEDA 1771917,COS,,lcxv18nmq_x1d.fits,3.39,ok
LEDA 1771917,COS,,lcxv18nsq_x1d.fits,3.39,ok
LEDA 1771917,COS,,lcxv19050_x1dsum.fits,1.944,ok
LEDA 1771917,COS,,lcxv19060_x1dsum.fits,1.814,ok
LEDA 1771917,COS,,lcxv19070_x1dsum.fits,1.814,ok
LEDA 1771917,COS,,lcxv19dqq_x1d.fits,3.39,ok
LEDA 1771917,COS,,lcxv19dtq_x1d.fits,3.39,ok
LEDA 1771917,COS,,lcxv19dyq_x1d.fits,3.39,ok
LEDA 1771917,COS,,lcxv19e3q_x1d.fits,3.39,ok
LEDA 1771917,COS,,lcxv19e9q_x1d.fits,3.39,ok
LEDA 1771917,COS,,lcxv19eeq_x1d.fits,3.39,ok
LEDA 1771917,COS,,lcxv19ekq_x1d.fits,3.39,ok
LEDA 1771917,COS,,lcxv19epq_x1d.fits,3.39,ok
LEDA 1771917,COS,,lcxv19evq_x1d.fits,3.39,ok
LEDA 1790,COS,,lbp402010_x1dsum.fits,1.814,ok
LEDA 1790,COS,,lbp402020_x1dsum.fits,1.814,ok
LEDA 1790,COS,,lbp402neq_x1d.fits,3.39,ok
LEDA 1790,COS,,lbp402ngq_x1d.fits,3.39,ok
LEDA 1790,COS,,lbp402niq_x1d.fits,3.39,ok
LEDA 1790,COS,,lbp402nxq_x1d.fits,3.39,ok
LEDA 1790,STIS,,odl708010_sx1.fits,0.081,ok
LEDA 1790,STIS,,odl708020_sx1.fits,0.081,ok
LEDA 1790,STIS,,odl708030_sx1.fits,0.081,ok
LEDA 1790,STIS,,odl708040_sx1.fits,0.081,ok
LEDA 1790,FOS,,y27o0302t_c0f.fits,0.06,ok
LEDA 1790,FOS,,y27o0302t_c1f.fits,0.06,ok
LEDA 1790,FOS,,y27o0302t_c2f.fits,0.06,ok
LEDA 1790,FOS,,y27o0302t_c4f.fits,0.06,ok
LEDA 1790,FOS,,y27o0302t_c5f.fits,0.06,ok
LEDA 1790,FOS,,y27o0302t_c7f.fits,0.06,ok
LEDA 1790,FOS,,y2jk0102t_c0f.fits,0.086,ok
LEDA 1790,FOS,,y2jk0102t_c1f.fits,0.086,ok
LEDA 1790,FOS,,y2jk0102t_c2f.fits,0.086,ok
LEDA 1790,FOS,,y2jk0102t_c4f.fits,0.086,ok
LEDA 1790,FOS,,y2jk0102t_c5f.fits,0.086,ok
LEDA 1790,FOS,,y2jk0102t_c7f.fits,0.086,ok
LEDA 1790,FOS,,y2jk0103t_c0f.fits,0.101,ok
LEDA 1790,FOS,,y2jk0103t_c1f.fits,0.101,ok
LEDA 1790,FOS,,y2jk0103t_c2f.fits,0.101,ok
LEDA 1790,FOS,,y2jk0103t_c4f.fits,0.101,ok
LEDA 1790,FOS,,y2jk0103t_c5f.fits,0.101,ok
LEDA 1790,FOS,,y2jk0103t_c7f.fits,0.101,ok
LEDA 1790,FOS,,y2jk0104t_c0f.fits,0.101,ok
LEDA 1790,FOS,,y2jk0104t_c1f.fits,0.101,ok
LEDA 1790,FOS,,y2jk0104t_c2f.fits,0.101,ok
LEDA 1790,FOS,,y2jk0104t_c4f.fits,0.101,ok
LEDA 1790,FOS,,y2jk0104t_c5f.fits,0.101,ok
LEDA 1790,FOS,,y2jk0104t_c7f.fits,0.101,ok
LEDA 1790,FOS,,y2jk0105t_c0f.fits,0.101,ok
LEDA 1790,FOS,,y2jk0105t_c1f.fits,0.101,ok
LEDA 1790,FOS,,y2jk0105t_c2f.fits,0.101,ok
LEDA 1790,FOS,,y2jk0105t_c4f.fits,0.101,ok
LEDA 1790,FOS,,y2jk0105t_c5f.fits,0.101,ok
LEDA 1790,FOS,,y2jk0105t_c7f.fits,0.101,ok
LEDA 1790,FOS,,y2jk0106t_c0f.fits,0.095,ok
LEDA 1790,FOS,,y2jk0106t_c1f.fits,0.095,ok
LEDA 1790,FOS,,y2jk0106t_c2f.fits,0.095,ok
LEDA 1790,FOS,,y2jk0106t_c4f.fits,0.095,ok
LEDA 1790,FOS,,y2jk0106t_c5f.fits,0.095,ok
LEDA 1790,FOS,,y2jk0106t_c7f.fits,0.095,ok
LEDA 1790,FOS,,y2jk0108t_c0f.fits,0.069,ok
LEDA 1790,FOS,,y2jk0108t_c1f.fits,0.069,ok
LEDA 1790,FOS,,y2jk0108t_c2f.fits,0.069,ok
LEDA 1790,FOS,,y2jk0108t_c4f.fits,0.069,ok
LEDA 1790,FOS,,y2jk0108t_c5f.fits,0.069,ok
LEDA 1790,FOS,,y2jk0108t_c7f.fits,0.069,ok
LEDA 1790,FOS,,y2jk0109t_c0f.fits,0.086,ok
LEDA 1790,FOS,,y2jk0109t_c1f.fits,0.086,ok
LEDA 1790,FOS,,y2jk0109t_c2f.fits,0.086,ok
LEDA 1790,FOS,,y2jk0109t_c4f.fits,0.086,ok
LEDA 1790,FOS,,y2jk0109t_c5f.fits,0.086,ok
LEDA 1790,FOS,,y2jk0109t_c7f.fits,0.086,ok
LEDA 2100384,COS,,lcxv01050_x1dsum.fits,1.814,ok
LEDA 2100384,COS,,lcxv01060_x1dsum.fits,1.814,ok
LEDA 2100384,COS,,lcxv01070_x1dsum.fits,1.814,ok
LEDA 2100384,COS,,lcxv01080_x1dsum.fits,1.814,ok
LEDA 2100384,COS,,lcxv01i9q_x1d.fits,3.39,ok
LEDA 2100384,COS,,lcxv01icq_x1d.fits,3.39,ok
LEDA 2100384,COS,,lcxv01ihq_x1d.fits,3.39,ok
LEDA 2100384,COS,,lcxv01inq_x1d.fits,3.39,ok
LEDA 2100384,COS,,lcxv01isq_x1d.fits,3.39,ok
LEDA 2100384,COS,,lcxv01iyq_x1d.fits,3.39,ok
LEDA 2100384,COS,,lcxv01j4q_x1d.fits,3.39,ok
LEDA 2100384,COS,,lcxv01jaq_x1d.fits,3.39,ok
LEDA 2100384,COS,,lcxv01jgq_x1d.fits,3.39,ok
LEDA 2100384,COS,,lcxv01jmq_x1d.fits,3.39,ok
LEDA 2100384,COS,,lcxv01jqq_x1d.fits,3.39,ok
LEDA 2100384,COS,,lcxv01juq_x1d.fits,3.39,ok
LEDA 2100384,COS,,lcxv01jyq_x1d.fits,3.39,ok
LEDA 2100384,COS,,lcxv01k4q_x1d.fits,3.39,ok
LEDA 2100384,COS,,lcxv01k9q_x1d.fits,3.39,ok
LEDA 2100384,COS,,lcxv01kfq_x1d.fits,3.39,ok
LEDA 2149945,COS,,le2j09010_x1dsum.fits,0.93,ok
LEDA 2149945,COS,,le2j09020_x1dsum.fits,1.814,ok
LEDA 2149945,COS,,le2j09030_x1dsum.fits,1.814,ok
LEDA 2149945,COS,,le2j09040_x1dsum.fits,0.245,ok
LEDA 2149945,COS,,le2j09d2q_x1d.fits,1.719,ok
LEDA 2149945,COS,,le2j09d4q_x1d.fits,1.719,ok
LEDA 2149945,COS,,le2j09d6q_x1d.fits,1.719,ok
LEDA 2149945,COS,,le2j09d8q_x1d.fits,1.719,ok
LEDA 2149945,COS,,le2j09daq_x1d.fits,3.39,ok
LEDA 2149945,COS,,le2j09dcq_x1d.fits,3.39,ok
LEDA 2149945,COS,,le2j09deq_x1d.fits,3.39,ok
LEDA 2149945,COS,,le2j09dgq_x1d.fits,3.39,ok
LEDA 2149945,COS,,le2j09diq_x1d.fits,3.39,ok
LEDA 2149945,COS,,le2j09dkq_x1d.fits,3.39,ok
LEDA 2149945,COS,,le2j09dmq_x1d.fits,3.39,ok
LEDA 2149945,COS,,le2j09doq_x1d.fits,3.39,ok
LEDA 2149945,COS,,le2j09e0q_x1d.fits,0.429,ok
LEDA 2149945,COS,,le2j09e2q_x1d.fits,0.429,ok
LEDA 2149945,COS,,le2j09e5q_x1d.fits,0.429,ok
LEDA 2149945,COS,,le2j09e7q_x1d.fits,0.429,ok
LEDA 2149945,FOS,,y38o0102t_c0f.fits,0.086,ok
LEDA 2149945,FOS,,y38o0102t_c1f.fits,0.086,ok
LEDA 2149945,FOS,,y38o0102t_c2f.fits,0.086,ok
LEDA 2149945,FOS,,y38o0102t_c4f.fits,0.086,ok
LEDA 2149945,FOS,,y38o0102t_c5f.fits,0.086,ok
LEDA 2149945,FOS,,y38o0102t_c7f.fits,0.086,ok
LEDA 2149945,FOS,,y38o0103t_c0f.fits,0.121,ok
LEDA 2149945,FOS,,y38o0103t_c1f.fits,0.121,ok
LEDA 2149945,FOS,,y38o0103t_c2f.fits,0.121,ok
LEDA 2149945,FOS,,y38o0103t_c4f.fits,0.121,ok
LEDA 2149945,FOS,,y38o0103t_c5f.fits,0.121,ok
LEDA 2149945,FOS,,y38o0103t_c7f.fits,0.121,ok
LEDA 2149945,FOS,,y38o0104t_c0f.fits,0.06,ok
LEDA 2149945,FOS,,y38o0104t_c1f.fits,0.06,ok
LEDA 2149945,FOS,,y38o0104t_c2f.fits,0.06,ok
LEDA 2149945,FOS,,y38o0104t_c4f.fits,0.06,ok
LEDA 2149945,FOS,,y38o0104t_c5f.fits,0.06,ok
LEDA 2149945,FOS,,y38o0104t_c7f.fits,0.06,ok
LEDA 2149945,FOS,,y38o0105t_c0f.fits,0.121,ok
LEDA 2149945,FOS,,y38o0105t_c1f.fits,0.121,ok
LEDA 2149945,FOS,,y38o0105t_c2f.fits,0.121,ok
LEDA 2149945,FOS,,y38o0105t_c4f.fits,0.121,ok
LEDA 2149945,FOS,,y38o0105t_c5f.fits,0.121,ok
LEDA 2149945,FOS,,y38o0105t_c7f.fits,0.121,ok
LEDA 2149945,FOS,,y38o0106t_c0f.fits,0.043,ok
LEDA 2149945,FOS,,y38o0106t_c1f.fits,0.043,ok
LEDA 2149945,FOS,,y38o0106t_c2f.fits,0.043,ok
LEDA 2149945,FOS,,y38o0106t_c4f.fits,0.043,ok
LEDA 2149945,FOS,,y38o0106t_c5f.fits,0.043,ok
LEDA 2149945,FOS,,y38o0106t_c7f.fits,0.043,ok
LEDA 2816068,COS,,lesy01010_x1dsum.fits,0.93,ok
LEDA 2816068,COS,,lesy01ogq_x1d.fits,1.719,ok
LEDA 2816068,COS,,lesy01ouq_x1d.fits,1.719,ok
LEDA 2816068,COS,,lesy01owq_x1d.fits,1.719,ok
LEDA 2816068,COS,,lesy01ozq_x1d.fits,1.719,ok
LEDA 2816068,COS,,lesy02010_x1dsum.fits,0.043,ok
LEDA 2816068,COS,,lesy02r3q_x1d.fits,0.046,ok
LEDA 2816068,COS,,lesy02r5q_x1d.fits,0.046,ok
LEDA 2816068,COS,,lesy02r7q_x1d.fits,0.046,ok
LEDA 2816068,COS,,lesy02r9q_x1d.fits,0.046,ok
LEDA 2816068,COS,,lesy03010_x1dsum.fits,0.043,ok
LEDA 2816068,COS,,lesy03wkq_x1d.fits,0.046,ok
LEDA 2816068,COS,,lesy03woq_x1d.fits,0.046,ok
LEDA 2816068,COS,,lesy03wqq_x1d.fits,0.046,ok
LEDA 2816068,COS,,lesy03wtq_x1d.fits,0.046,ok
LEDA 2816068,COS,,lesy04010_x1dsum.fits,0.93,ok
LEDA 2816068,COS,,lesy04m1q_x1d.fits,1.719,ok
LEDA 2816068,COS,,lesy04m3q_x1d.fits,1.719,ok
LEDA 2816068,COS,,lesy04m8q_x1d.fits,1.719,ok
LEDA 2816068,COS,,lesy04maq_x1d.fits,1.719,ok
LEDA 2816068,COS,,lesy05010_x1dsum.fits,0.93,ok
LEDA 2816068,COS,,lesy05dvq_x1d.fits,1.719,ok
LEDA 2816068,COS,,lesy05dyq_x1d.fits,1.719,ok
LEDA 2816068,COS,,lesy05e0q_x1d.fits,1.719,ok
LEDA 2816068,COS,,lesy05e2q_x1d.fits,1.719,ok
LEDA 29208,COS,,lccv02010_x1dsum.fits,1.947,ok
LEDA 29208,COS,,lccv02020_x1dsum.fits,1.944,ok
LEDA 29208,COS,,lccv02030_x1dsum.fits,1.944,ok
LEDA 29208,COS,,lccv02040_x1dsum.fits,1.944,ok
LEDA 29208,COS,,lccv02050_x1dsum.fits,1.944,ok
LEDA 29208,COS,,lccv02060_x1dsum.fits,1.944,ok
LEDA 29208,COS,,lccv02070_x1dsum.fits,1.944,ok
LEDA 29208,COS,,lccv02080_x1dsum.fits,1.944,ok
LEDA 29208,COS,,lccv02p1q_x1d.fits,3.39,ok
LEDA 29208,COS,,lccv02p3q_x1d.fits,3.39,ok
LEDA 29208,COS,,lccv02pcq_x1d.fits,3.39,ok
LEDA 29208,COS,,lccv02pfq_x1d.fits,3.39,ok
LEDA 29208,COS,,lccv02q5q_x1d.fits,3.39,ok
LEDA 29208,COS,,lccv02q7q_x1d.fits,3.39,ok
LEDA 29208,COS,,lccv02q9q_x1d.fits,3.39,ok
LEDA 29208,COS,,lccv02qbq_x1d.fits,3.39,ok
LEDA 29208,FOS,,y33s0302t_c0f.fits,0.043,ok
LEDA 29208,FOS,,y33s0302t_c1f.fits,0.043,ok
LEDA 29208,FOS,,y33s0302t_c2f.fits,0.043,ok
LEDA 29208,FOS,,y33s0302t_c4f.fits,0.043,ok
LEDA 29208,FOS,,y33s0302t_c5f.fits,0.043,ok
LEDA 29208,FOS,,y33s0302t_c7f.fits,0.043,ok
LEDA 29208,FOS,,y33s0303t_c0f.fits,0.043,ok
LEDA 29208,FOS,,y33s0303t_c1f.fits,0.043,ok
LEDA 29208,FOS,,y33s0303t_c2f.fits,0.043,ok
LEDA 29208,FOS,,y33s0303t_c4f.fits,0.043,ok
LEDA 29208,FOS,,y33s0303t_c5f.fits,0.043,ok
LEDA 29208,FOS,,y33s0303t_c7f.fits,0.043,ok
LEDA 29208,FOS,,y33s0304t_c0f.fits,0.069,ok
LEDA 29208,FOS,,y33s0304t_c1f.fits,0.069,ok
LEDA 29208,FOS,,y33s0304t_c2f.fits,0.069,ok
LEDA 29208,FOS,,y33s0304t_c4f.fits,0.069,ok
LEDA 29208,FOS,,y33s0304t_c5f.fits,0.069,ok
LEDA 29208,FOS,,y33s0304t_c7f.fits,0.069,ok
LEDA 29208,FOS,,y33s0305t_c0f.fits,0.112,ok
LEDA 29208,FOS,,y33s0305t_c1f.fits,0.112,ok
LEDA 29208,FOS,,y33s0305t_c2f.fits,0.112,ok
LEDA 29208,FOS,,y33s0305t_c4f.fits,0.112,ok
LEDA 29208,FOS,,y33s0305t_c5f.fits,0.112,ok
LEDA 29208,FOS,,y33s0305t_c7f.fits,0.112,ok
LEDA 29208,FOS,,y38o0202t_c0f.fits,0.052,ok
LEDA 29208,FOS,,y38o0202t_c1f.fits,0.052,ok
LEDA 29208,FOS,,y38o0202t_c2f.fits,0.052,ok
LEDA 29208,FOS,,y38o0202t_c4f.fits,0.052,ok
LEDA 29208,FOS,,y38o0202t_c5f.fits,0.052,ok
LEDA 29208,FOS,,y38o0202t_c7f.fits,0.052,ok
LEDA 29208,FOS,,y38o0203t_c0f.fits,0.06,ok
LEDA 29208,FOS,,y38o0203t_c1f.fits,0.06,ok
LEDA 29208,FOS,,y38o0203t_c2f.fits,0.06,ok
LEDA 29208,FOS,,y38o0203t_c4f.fits,0.06,ok
LEDA 29208,FOS,,y38o0203t_c5f.fits,0.06,ok
LEDA 29208,FOS,,y38o0203t_c7f.fits,0.06,ok
LEDA 29208,FOS,,y38o0204t_c0f.fits,0.121,ok
LEDA 29208,FOS,,y38o0204t_c1f.fits,0.121,ok
LEDA 29208,FOS,,y38o0204t_c2f.fits,0.121,ok
LEDA 29208,FOS,,y38o0204t_c4f.fits,0.121,ok
LEDA 29208,FOS,,y38o0204t_c5f.fits,0.121,ok
LEDA 29208,FOS,,y38o0204t_c7f.fits,0.121,ok
LEDA 29208,FOS,,y38o0205t_c0f.fits,0.121,ok
LEDA 29208,FOS,,y38o0205t_c1f.fits,0.121,ok
LEDA 29208,FOS,,y38o0205t_c2f.fits,0.121,ok
LEDA 29208,FOS,,y38o0205t_c4f.fits,0.121,ok
LEDA 29208,FOS,,y38o0205t_c5f.fits,0.121,ok
LEDA 29208,FOS,,y38o0205t_c7f.fits,0.121,ok
LEDA 29208,FOS,,y38o0206t_c0f.fits,0.112,ok
LEDA 29208,FOS,,y38o0206t_c1f.fits,0.112,ok
LEDA 29208,FOS,,y38o0206t_c2f.fits,0.112,ok
LEDA 29208,FOS,,y38o0206t_c4f.fits,0.112,ok
LEDA 29208,FOS,,y38o0206t_c5f.fits,0.112,ok
LEDA 29208,FOS,,y38o0206t_c7f.fits,0.112,ok
LEDA 29208,FOS,,y38o0207t_c0f.fits,0.052,ok
LEDA 29208,FOS,,y38o0207t_c1f.fits,0.052,ok
LEDA 29208,FOS,,y38o0207t_c2f.fits,0.052,ok
LEDA 29208,FOS,,y38o0207t_c4f.fits,0.052,ok
LEDA 29208,FOS,,y38o0207t_c5f.fits,0.052,ok
LEDA 29208,FOS,,y38o0207t_c7f.fits,0.052,ok
LEDA 29208,FOS,,y38o0208t_c0f.fits,0.121,ok
LEDA 29208,FOS,,y38o0208t_c1f.fits,0.121,ok
LEDA 29208,FOS,,y38o0208t_c2f.fits,0.121,ok
LEDA 29208,FOS,,y38o0208t_c4f.fits,0.121,ok
LEDA 29208,FOS,,y38o0208t_c5f.fits,0.121,ok
LEDA 29208,FOS,,y38o0208t_c7f.fits,0.121,ok
LEDA 29208,FOS,,y38o0209t_c0f.fits,0.052,ok
LEDA 29208,FOS,,y38o0209t_c1f.fits,0.052,ok
LEDA 29208,FOS,,y38o0209t_c2f.fits,0.052,ok
LEDA 29208,FOS,,y38o0209t_c4f.fits,0.052,ok
LEDA 29208,FOS,,y38o0209t_c5f.fits,0.052,ok
LEDA 29208,FOS,,y38o0209t_c7f.fits,0.052,ok
LEDA 3095439,COS,,lb2f03060_x1dsum.fits,1.947,ok
LEDA 3095439,COS,,lb2f03070_x1dsum.fits,1.817,ok
LEDA 3095439,COS,,lb2f03oeq_x1d.fits,3.39,ok
LEDA 3095439,COS,,lb2f03p1q_x1d.fits,3.39,ok
LEDA 3095439,COS,,lb2f03pqq_x1d.fits,3.39,ok
LEDA 3095439,COS,,lb2f03q6q_x1d.fits,3.39,ok
LEDA 3095485,STIS,,o8p802010_x1d.fits,0.078,ok
LEDA 3095485,STIS,,o8p802020_x1d.fits,0.078,ok
LEDA 3095485,STIS,,o8p802030_x1d.fits,0.078,ok
LEDA 3095485,STIS,,o8p802040_x1d.fits,0.078,ok
LEDA 3095485,STIS,,o8p802050_x1d.fits,0.078,ok
LEDA 3095485,STIS,,o8p802060_x1d.fits,0.078,ok
LEDA 3095555,COS,,lcxv16030_x1dsum.fits,1.814,ok
LEDA 3095555,COS,,lcxv16040_x1dsum.fits,1.814,ok
LEDA 3095555,COS,,lcxv16tlq_x1d.fits,3.39,ok
LEDA 3095555,COS,,lcxv16tsq_x1d.fits,3.39,ok
LEDA 3095555,COS,,lcxv16tyq_x1d.fits,3.39,ok
LEDA 3095555,COS,,lcxv16u3q_x1d.fits,3.39,ok
LEDA 3095555,COS,,lcxv16u9q_x1d.fits,3.39,ok
LEDA 3095555,COS,,lcxv16ueq_x1d.fits,3.39,ok
LEDA 3095555,COS,,lcxv16ukq_x1d.fits,3.39,ok
LEDA 3095555,COS,,lcxv16upq_x1d.fits,3.39,ok
LEDA 3095555,COS,,lcxv17050_x1dsum.fits,1.814,ok
LEDA 3095555,COS,,lcxv17060_x1dsum.fits,1.814,ok
LEDA 3095555,COS,,lcxv17fuq_x1d.fits,3.39,ok
LEDA 3095555,COS,,lcxv17gpq_x1d.fits,3.39,ok
LEDA 3095555,COS,,lcxv17gvq_x1d.fits,3.39,ok
LEDA 3095555,COS,,lcxv17h0q_x1d.fits,3.39,ok
LEDA 3095555,COS,,lcxv17h6q_x1d.fits,3.39,ok
LEDA 3095555,COS,,lcxv17hbq_x1d.fits,3.39,ok
LEDA 3095555,COS,,lcxv17hhq_x1d.fits,3.39,ok
LEDA 3095555,COS,,lcxv17hmq_x1d.fits,3.39,ok
LEDA 3095694,COS,,lb3j04010_x1dsum.fits,1.944,ok
LEDA 3095694,COS,,lb3j04020_x1dsum.fits,1.944,ok
LEDA 3095694,COS,,lb3j04030_x1dsum.fits,1.814,ok
LEDA 3095694,COS,,lb3j04040_x1dsum.fits,1.944,ok
LEDA 3095694,COS,,lb3j04gxq_x1d.fits,3.39,ok
LEDA 3095694,COS,,lb3j04h3q_x1d.fits,3.39,ok
LEDA 3095694,COS,,lb3j04h6q_x1d.fits,3.39,ok
LEDA 3095694,COS,,lb3j04h8q_x1d.fits,3.39,ok
LEDA 3095694,COS,,lb3j04hcq_x1d.fits,3.39,ok
LEDA 3095876,COS,,lf7v10010_x1dsum.fits,1.814,ok
LEDA 3095876,COS,,lf7v10igq_x1d.fits,3.39,ok
LEDA 3095876,COS,,lf7v10iiq_x1d.fits,3.39,ok
LEDA 3095876,COS,,lf7v10ikq_x1d.fits,3.39,ok
LEDA 3095876,COS,,lf7v10imq_x1d.fits,3.39,ok
LEDA 3095898,COS,,lbho52010_x1dsum.fits,1.947,ok
LEDA 3095898,COS,,lbho52020_x1dsum.fits,1.944,ok
LEDA 3095898,COS,,lbho52030_x1dsum.fits,1.947,ok
LEDA 3095898,COS,,lbho52040_x1dsum.fits,1.944,ok
LEDA 3095898,COS,,lbho52y8q_x1d.fits,3.39,ok
LEDA 3095898,COS,,lbho52yaq_x1d.fits,3.39,ok
LEDA 3095898,COS,,lbho52ycq_x1d.fits,3.39,ok
LEDA 3095898,COS,,lbho52yeq_x1d.fits,3.39,ok
LEDA 3096080,COS,,lcp135010_x1dsum.fits,1.814,ok
LEDA 3096080,COS,,lcp135v5q_x1d.fits,3.39,ok
LEDA 3096080,COS,,lcp135v7q_x1d.fits,3.39,ok
LEDA 3096578,COS,,lc8y11010_x1dsum.fits,1.814,ok
LEDA 3096578,COS,,lc8y11020_x1dsum.fits,1.817,ok
LEDA 3096578,COS,,lc8y11jbq_x1d.fits,3.39,ok
LEDA 3096578,COS,,lc8y11k2q_x1d.fits,3.39,ok
LEDA 3096578,COS,,lc8y11k6q_x1d.fits,3.39,ok
LEDA 3096578,COS,,lc8y11keq_x1d.fits,3.39,ok
LEDA 3096578,COS,,lc8y11khq_x1d.fits,3.39,ok
LEDA 3096578,COS,,lc8y11kpq_x1d.fits,3.39,ok
LEDA 3096578,COS,,lc8y11ksq_x1d.fits,3.39,ok
LEDA 3096578,COS,,lc8y11l2q_x1d.fits,3.39,ok
LEDA 3237,COS,,lcxv15010_x1dsum.fits,1.814,ok
LEDA 3237,COS,,lcxv15020_x1dsum.fits,1.814,ok
LEDA 3237,COS,,lcxv15030_x1dsum.fits,1.814,ok
LEDA 3237,COS,,lcxv15040_x1dsum.fits,1.814,ok
LEDA 3237,COS,,lcxv15kbq_x1d.fits,3.39,ok
LEDA 3237,COS,,lcxv15kdq_x1d.fits,3.39,ok
LEDA 3237,COS,,lcxv15kfq_x1d.fits,3.39,ok
LEDA 3237,COS,,lcxv15khq_x1d.fits,3.39,ok
LEDA 3237,COS,,lcxv15kjq_x1d.fits,3.39,ok
LEDA 3237,COS,,lcxv15kmq_x1d.fits,3.39,ok
LEDA 3237,COS,,lcxv15koq_x1d.fits,3.39,ok
LEDA 3237,COS,,lcxv15kqq_x1d.fits,3.39,ok
LEDA 3237,COS,,lcxv15ksq_x1d.fits,3.39,ok
LEDA 3237,COS,,lcxv15kuq_x1d.fits,3.39,ok
LEDA 3237,COS,,lcxv15kwq_x1d.fits,3.39,ok
LEDA 3237,COS,,lcxv15kyq_x1d.fits,3.39,ok
LEDA 3237,COS,,lcxv15l0q_x1d.fits,3.39,ok
LEDA 3237,COS,,lcxv15l2q_x1d.fits,3.39,ok
LEDA 3237,COS,,lcxv15l4q_x1d.fits,3.39,ok
LEDA 3237,COS,,lcxv15l6q_x1d.fits,3.39,ok
LEDA 3237,COS,,le2j01010_x1dsum.fits,0.93,ok
LEDA 3237,COS,,le2j01txq_x1d.fits,1.719,ok
LEDA 3237,COS,,le2j01tzq_x1d.fits,1.719,ok
LEDA 3237,COS,,le2j01u1q_x1d.fits,1.719,ok
LEDA 3237,COS,,le2j01u3q_x1d.fits,1.719,ok
LEDA 3237,STIS,,o6ct03010_sx1.fits,0.081,ok
LEDA 3237,STIS,,odl709010_sx1.fits,0.081,ok
LEDA 3237,STIS,,odl709020_sx1.fits,0.081,ok
LEDA 3237,STIS,,odl709030_sx1.fits,0.081,ok
LEDA 3237,STIS,,odl709040_sx1.fits,0.081,ok
LEDA 3237,FOS,,y1hh0202t_c0f.fits,0.075,ok
LEDA 3237,FOS,,y1hh0202t_c1f.fits,0.075,ok
LEDA 3237,FOS,,y1hh0202t_c2f.fits,0.075,ok
LEDA 3237,FOS,,y1hh0202t_c4f.fits,0.075,ok
LEDA 3237,FOS,,y1hh0202t_c5f.fits,0.075,ok
LEDA 3237,FOS,,y1hh0202t_c7f.fits,0.075,ok
LEDA 34449,STIS,,o8s701010_x1d.fits,0.078,ok
LEDA 34449,STIS,,o8s701020_x1d.fits,0.078,ok
LEDA 34449,STIS,,o8s701030_x1d.fits,0.078,ok
LEDA 34449,FOS,,y38o0302t_c0f.fits,0.078,ok
LEDA 34449,FOS,,y38o0302t_c1f.fits,0.078,ok
LEDA 34449,FOS,,y38o0302t_c2f.fits,0.078,ok
LEDA 34449,FOS,,y38o0302t_c4f.fits,0.078,ok
LEDA 34449,FOS,,y38o0302t_c5f.fits,0.078,ok
LEDA 34449,FOS,,y38o0302t_c7f.fits,0.078,ok
LEDA 34449,FOS,,y38o0303t_c0f.fits,0.112,ok
LEDA 34449,FOS,,y38o0303t_c1f.fits,0.112,ok
LEDA 34449,FOS,,y38o0303t_c2f.fits,0.112,ok
LEDA 34449,FOS,,y38o0303t_c4f.fits,0.112,ok
LEDA 34449,FOS,,y38o0303t_c5f.fits,0.112,ok
LEDA 34449,FOS,,y38o0303t_c7f.fits,0.112,ok
LEDA 34449,FOS,,y38o0304t_c0f.fits,0.112,ok
LEDA 34449,FOS,,y38o0304t_c1f.fits,0.112,ok
LEDA 34449,FOS,,y38o0304t_c2f.fits,0.112,ok
LEDA 34449,FOS,,y38o0304t_c4f.fits,0.112,ok
LEDA 34449,FOS,,y38o0304t_c5f.fits,0.112,ok
LEDA 34449,FOS,,y38o0304t_c7f.fits,0.112,ok
LEDA 34449,FOS,,y38o0305t_c0f.fits,0.052,ok
LEDA 34449,FOS,,y38o0305t_c1f.fits,0.052,ok
LEDA 34449,FOS,,y38o0305t_c2f.fits,0.052,ok
LEDA 34449,FOS,,y38o0305t_c4f.fits,0.052,ok
LEDA 34449,FOS,,y38o0305t_c5f.fits,0.052,ok
LEDA 34449,FOS,,y38o0305t_c7f.fits,0.052,ok
LEDA 34449,FOS,,y38o0306t_c0f.fits,0.086,ok
LEDA 34449,FOS,,y38o0306t_c1f.fits,0.086,ok
LEDA 34449,FOS,,y38o0306t_c2f.fits,0.086,ok
LEDA 34449,FOS,,y38o0306t_c4f.fits,0.086,ok
LEDA 34449,FOS,,y38o0306t_c5f.fits,0.086,ok
LEDA 34449,FOS,,y38o0306t_c7f.fits,0.086,ok
LEDA 34449,FOS,,y38o0307t_c0f.fits,0.069,ok
LEDA 34449,FOS,,y38o0307t_c1f.fits,0.069,ok
LEDA 34449,FOS,,y38o0307t_c2f.fits,0.069,ok
LEDA 34449,FOS,,y38o0307t_c4f.fits,0.069,ok
LEDA 34449,FOS,,y38o0307t_c5f.fits,0.069,ok
LEDA 34449,FOS,,y38o0307t_c7f.fits,0.069,ok
LEDA 34449,FOS,,y38o0308t_c0f.fits,0.043,ok
LEDA 34449,FOS,,y38o0308t_c1f.fits,0.043,ok
LEDA 34449,FOS,,y38o0308t_c2f.fits,0.043,ok
LEDA 34449,FOS,,y38o0308t_c4f.fits,0.043,ok
LEDA 34449,FOS,,y38o0308t_c5f.fits,0.043,ok
LEDA 34449,FOS,,y38o0308t_c7f.fits,0.043,ok
LEDA 34449,FOS,,y38o0309t_c0f.fits,0.147,ok
LEDA 34449,FOS,,y38o0309t_c1f.fits,0.147,ok
LEDA 34449,FOS,,y38o0309t_c2f.fits,0.147,ok
LEDA 34449,FOS,,y38o0309t_c4f.fits,0.147,ok
LEDA 34449,FOS,,y38o0309t_c5f.fits,0.147,ok
LEDA 34449,FOS,,y38o0309t_c7f.fits,0.147,ok
LEDA 34449,FOS,,y38o030at_c0f.fits,0.043,ok
LEDA 34449,FOS,,y38o030at_c1f.fits,0.043,ok
LEDA 34449,FOS,,y38o030at_c2f.fits,0.043,ok
LEDA 34449,FOS,,y38o030at_c4f.fits,0.043,ok
LEDA 34449,FOS,,y38o030at_c5f.fits,0.043,ok
LEDA 34449,FOS,,y38o030at_c7f.fits,0.043,ok
LEDA 34449,FOS,,y3ai1005t_c0f.fits,0.043,ok
LEDA 34449,FOS,,y3ai1005t_c1f.fits,0.043,ok
LEDA 34449,FOS,,y3ai1005t_c2f.fits,0.043,ok
LEDA 34449,FOS,,y3ai1005t_c4f.fits,0.043,ok
LEDA 34449,FOS,,y3ai1005t_c5f.fits,0.043,ok
LEDA 34449,FOS,,y3ai1005t_c7f.fits,0.043,ok
LEDA 34449,FOS,,y3ai1006t_c0f.fits,0.121,ok
LEDA 34449,FOS,,y3ai1006t_c1f.fits,0.121,ok
LEDA 34449,FOS,,y3ai1006t_c2f.fits,0.121,ok
LEDA 34449,FOS,,y3ai1006t_c4f.fits,0.121,ok
LEDA 34449,FOS,,y3ai1006t_c5f.fits,0.121,ok
LEDA 34449,FOS,,y3ai1006t_c7f.fits,0.121,ok
LEDA 34449,FOS,,y3ai1007t_c0f.fits,0.121,ok
LEDA 34449,FOS,,y3ai1007t_c1f.fits,0.121,ok
LEDA 34449,FOS,,y3ai1007t_c2f.fits,0.121,ok
LEDA 34449,FOS,,y3ai1007t_c4f.fits,0.121,ok
LEDA 34449,FOS,,y3ai1007t_c5f.fits,0.121,ok
LEDA 34449,FOS,,y3ai1007t_c7f.fits,0.121,ok
LEDA 34449,FOS,,y3ai1008t_c0f.fits,0.121,ok
LEDA 34449,FOS,,y3ai1008t_c1f.fits,0.121,ok
LEDA 34449,FOS,,y3ai1008t_c2f.fits,0.121,ok
LEDA 34449,FOS,,y3ai1008t_c4f.fits,0.121,ok
LEDA 34449,FOS,,y3ai1008t_c5f.fits,0.121,ok
LEDA 34449,FOS,,y3ai1008t_c7f.fits,0.121,ok
LEDA 34449,FOS,,y3ai1009t_c0f.fits,0.121,ok
LEDA 34449,FOS,,y3ai1009t_c1f.fits,0.121,ok
LEDA 34449,FOS,,y3ai1009t_c2f.fits,0.121,ok
LEDA 34449,FOS,,y3ai1009t_c4f.fits,0.121,ok
LEDA 34449,FOS,,y3ai1009t_c5f.fits,0.121,ok
LEDA 34449,FOS,,y3ai1009t_c7f.fits,0.121,ok
LEDA 34449,FOS,,y3ai100at_c0f.fits,0.121,ok
LEDA 34449,FOS,,y3ai100at_c1f.fits,0.121,ok
LEDA 34449,FOS,,y3ai100at_c2f.fits,0.121,ok
LEDA 34449,FOS,,y3ai100at_c4f.fits,0.121,ok
LEDA 34449,FOS,,y3ai100at_c5f.fits,0.121,ok
LEDA 34449,FOS,,y3ai100at_c7f.fits,0.121,ok
LEDA 34449,FOS,,y3ai100bt_c0f.fits,0.199,ok
LEDA 34449,FOS,,y3ai100bt_c1f.fits,0.199,ok
LEDA 34449,FOS,,y3ai100bt_c2f.fits,0.199,ok
LEDA 34449,FOS,,y3ai100bt_c4f.fits,0.199,ok
LEDA 34449,FOS,,y3ai100bt_c5f.fits,0.199,ok
LEDA 34449,FOS,,y3ai100bt_c7f.fits,0.199,ok
LEDA 34449,FOS,,y3ai100ct_c0f.fits,0.181,ok
LEDA 34449,FOS,,y3ai100ct_c1f.fits,0.181,ok
LEDA 34449,FOS,,y3ai100ct_c2f.fits,0.181,ok
LEDA 34449,FOS,,y3ai100ct_c4f.fits,0.181,ok
LEDA 34449,FOS,,y3ai100ct_c5f.fits,0.181,ok
LEDA 34449,FOS,,y3ai100ct_c7f.fits,0.181,ok
LEDA 34449,FOS,,y3ai100dt_c0f.fits,0.043,ok
LEDA 34449,FOS,,y3ai100dt_c1f.fits,0.043,ok
LEDA 34449,FOS,,y3ai100dt_c2f.fits,0.043,ok
LEDA 34449,FOS,,y3ai100dt_c4f.fits,0.043,ok
LEDA 34449,FOS,,y3ai100dt_c5f.fits,0.043,ok
LEDA 34449,FOS,,y3ai100dt_c7f.fits,0.043,ok
LEDA 34570,COS,,lb4l02030_x1dsum.fits,1.944,ok
LEDA 34570,COS,,lb4l02040_x1dsum.fits,1.944,ok
LEDA 34570,COS,,lb4l02050_x1dsum.fits,1.944,ok
LEDA 34570,COS,,lb4l02060_x1dsum.fits,1.944,ok
LEDA 34570,COS,,lb4l02070_x1dsum.fits,1.947,ok
LEDA 34570,COS,,lb4l02080_x1dsum.fits,1.944,ok
LEDA 34570,COS,,lb4l02090_x1dsum.fits,1.814,ok
LEDA 34570,COS,,lb4l02m4q_x1d.fits,3.39,ok
LEDA 34570,COS,,lb4l02m7q_x1d.fits,3.39,ok
LEDA 34570,COS,,lb4l02maq_x1d.fits,3.39,ok
LEDA 34570,COS,,lb4l02mcq_x1d.fits,3.39,ok
LEDA 34570,COS,,lb4l02mgq_x1d.fits,3.39,ok
LEDA 34570,COS,,lb4l02miq_x1d.fits,3.39,ok
LEDA 34570,COS,,lb4l02mlq_x1d.fits,3.39,ok
LEDA 34570,COS,,lb4l02moq_x1d.fits,3.39,ok
LEDA 34570,FOS,,y38o0402t_c0f.fits,0.078,ok
LEDA 34570,FOS,,y38o0402t_c1f.fits,0.078,ok
LEDA 34570,FOS,,y38o0402t_c2f.fits,0.078,ok
LEDA 34570,FOS,,y38o0402t_c4f.fits,0.078,ok
LEDA 34570,FOS,,y38o0402t_c5f.fits,0.078,ok
LEDA 34570,FOS,,y38o0402t_c7f.fits,0.078,ok
LEDA 34570,FOS,,y38o0403t_c0f.fits,0.112,ok
LEDA 34570,FOS,,y38o0403t_c1f.fits,0.112,ok
LEDA 34570,FOS,,y38o0403t_c2f.fits,0.112,ok
LEDA 34570,FOS,,y38o0403t_c4f.fits,0.112,ok
LEDA 34570,FOS,,y38o0403t_c5f.fits,0.112,ok
LEDA 34570,FOS,,y38o0403t_c7f.fits,0.112,ok
LEDA 34570,FOS,,y38o0404t_c0f.fits,0.043,ok
LEDA 34570,FOS,,y38o0404t_c1f.fits,0.043,ok
LEDA 34570,FOS,,y38o0404t_c2f.fits,0.043,ok
LEDA 34570,FOS,,y38o0404t_c4f.fits,0.043,ok
LEDA 34570,FOS,,y38o0404t_c5f.fits,0.043,ok
LEDA 34570,FOS,,y38o0404t_c7f.fits,0.043,ok
LEDA 34570,FOS,,y38o0405t_c0f.fits,0.086,ok
LEDA 34570,FOS,,y38o0405t_c1f.fits,0.086,ok
LEDA 34570,FOS,,y38o0405t_c2f.fits,0.086,ok
LEDA 34570,FOS,,y38o0405t_c4f.fits,0.086,ok
LEDA 34570,FOS,,y38o0405t_c5f.fits,0.086,ok
LEDA 34570,FOS,,y38o0405t_c7f.fits,0.086,ok
LEDA 34570,FOS,,y38o0406t_c0f.fits,0.06,ok
LEDA 34570,FOS,,y38o0406t_c1f.fits,0.06,ok
LEDA 34570,FOS,,y38o0406t_c2f.fits,0.06,ok
LEDA 34570,FOS,,y38o0406t_c4f.fits,0.06,ok
LEDA 34570,FOS,,y38o0406t_c5f.fits,0.06,ok
LEDA 34570,FOS,,y38o0406t_c7f.fits,0.06,ok
LEDA 34570,FOS,,y38o0407t_c0f.fits,0.043,ok
LEDA 34570,FOS,,y38o0407t_c1f.fits,0.043,ok
LEDA 34570,FOS,,y38o0407t_c2f.fits,0.043,ok
LEDA 34570,FOS,,y38o0407t_c4f.fits,0.043,ok
LEDA 34570,FOS,,y38o0407t_c5f.fits,0.043,ok
LEDA 34570,FOS,,y38o0407t_c7f.fits,0.043,ok
LEDA 38224,COS,,lbho72010_x1dsum.fits,1.947,ok
LEDA 38224,COS,,lbho72020_x1dsum.fits,1.814,ok
LEDA 38224,COS,,lbho72030_x1dsum.fits,1.817,ok
LEDA 38224,COS,,lbho72040_x1dsum.fits,1.944,ok
LEDA 38224,COS,,lbho72u0q_x1d.fits,3.39,ok
LEDA 38224,COS,,lbho72u3q_x1d.fits,3.39,ok
LEDA 38224,COS,,lbho72ubq_x1d.fits,3.39,ok
LEDA 38224,COS,,lbho72ulq_x1d.fits,3.39,ok
LEDA 38224,COS,,lbho72upq_x1d.fits,3.39,ok
LEDA 38224,COS,,lbho72uzq_x1d.fits,3.39,ok
LEDA 38224,COS,,le2j04010_x1dsum.fits,0.93,ok
LEDA 38224,COS,,le2j04020_x1dsum.fits,0.93,ok
LEDA 38224,COS,,le2j04bgq_x1d.fits,1.719,ok
LEDA 38224,COS,,le2j04biq_x1d.fits,1.719,ok
LEDA 38224,COS,,le2j04bkq_x1d.fits,1.719,ok
LEDA 38224,COS,,le2j04bmq_x1d.fits,1.719,ok
LEDA 38224,COS,,le2j04boq_x1d.fits,1.719,ok
LEDA 38224,COS,,le2j04bwq_x1d.fits,1.719,ok
LEDA 38224,COS,,le2j04c3q_x1d.fits,1.719,ok
LEDA 38224,COS,,le2j04c6q_x1d.fits,1.719,ok
LEDA 38224,FOS,,y17j0203t_c0f.fits,0.415,ok
LEDA 38224,FOS,,y17j0203t_c1f.fits,0.415,ok
LEDA 38224,FOS,,y17j0203t_c2f.fits,0.415,ok
LEDA 38224,FOS,,y17j0203t_c4f.fits,0.415,ok
LEDA 38224,FOS,,y17j0203t_c5f.fits,0.415,ok
LEDA 38224,FOS,,y17j0203t_c7f.fits,0.415,ok
LEDA 38224,FOS,,y17j0204t_c0f.fits,0.415,ok
LEDA 38224,FOS,,y17j0204t_c1f.fits,0.415,ok
LEDA 38224,FOS,,y17j0204t_c2f.fits,0.415,ok
LEDA 38224,FOS,,y17j0204t_c4f.fits,0.415,ok
LEDA 38224,FOS,,y17j0204t_c5f.fits,0.415,ok
LEDA 38224,FOS,,y17j0204t_c7f.fits,0.415,ok
LEDA 38224,FOS,,y17j0205t_c0f.fits,0.331,ok
LEDA 38224,FOS,,y17j0205t_c1f.fits,0.331,ok
LEDA 38224,FOS,,y17j0205t_c2f.fits,0.331,ok
LEDA 38224,FOS,,y17j0205t_c4f.fits,0.331,ok
LEDA 38224,FOS,,y17j0205t_c5f.fits,0.331,ok
LEDA 38224,FOS,,y17j0205t_c7f.fits,0.331,ok
LEDA 38224,FOS,,y38o0602t_c0f.fits,0.043,ok
LEDA 38224,FOS,,y38o0602t_c1f.fits,0.043,ok
LEDA 38224,FOS,,y38o0602t_c2f.fits,0.043,ok
LEDA 38224,FOS,,y38o0602t_c4f.fits,0.043,ok
LEDA 38224,FOS,,y38o0602t_c5f.fits,0.043,ok
LEDA 38224,FOS,,y38o0602t_c7f.fits,0.043,ok
LEDA 38224,FOS,,y38o0603t_c0f.fits,0.101,ok
LEDA 38224,FOS,,y38o0603t_c1f.fits,0.101,ok
LEDA 38224,FOS,,y38o0603t_c2f.fits,0.101,ok
LEDA 38224,FOS,,y38o0603t_c4f.fits,0.101,ok
LEDA 38224,FOS,,y38o0603t_c5f.fits,0.101,ok
LEDA 38224,FOS,,y38o0603t_c7f.fits,0.101,ok
LEDA 38224,FOS,,y38o0604t_c0f.fits,0.112,ok
LEDA 38224,FOS,,y38o0604t_c1f.fits,0.112,ok
LEDA 38224,FOS,,y38o0604t_c2f.fits,0.112,ok
LEDA 38224,FOS,,y38o0604t_c4f.fits,0.112,ok
LEDA 38224,FOS,,y38o0604t_c5f.fits,0.112,ok
LEDA 38224,FOS,,y38o0604t_c7f.fits,0.112,ok
LEDA 38224,FOS,,y38o0605t_c0f.fits,0.121,ok
LEDA 38224,FOS,,y38o0605t_c1f.fits,0.121,ok
LEDA 38224,FOS,,y38o0605t_c2f.fits,0.121,ok
LEDA 38224,FOS,,y38o0605t_c4f.fits,0.121,ok
LEDA 38224,FOS,,y38o0605t_c5f.fits,0.121,ok
LEDA 38224,FOS,,y38o0605t_c7f.fits,0.121,ok
LEDA 45656,COS,,lbp411010_x1dsum.fits,1.814,ok
LEDA 45656,COS,,lbp411020_x1dsum.fits,1.814,ok
LEDA 45656,COS,,lbp411p3q_x1d.fits,3.39,ok
LEDA 45656,COS,,lbp411p5q_x1d.fits,3.39,ok
LEDA 45656,COS,,lbp411p7q_x1d.fits,3.39,ok
LEDA 45656,COS,,lbp411p9q_x1d.fits,3.39,ok
LEDA 45656,COS,,le2j12010_x1dsum.fits,0.93,ok
LEDA 45656,COS,,le2j12a4q_x1d.fits,1.719,ok
LEDA 45656,COS,,le2j12apq_x1d.fits,1.719,ok
LEDA 45656,COS,,le2j12avq_x1d.fits,1.719,ok
LEDA 45656,COS,,le2j12zzq_x1d.fits,1.719,ok
LEDA 45656,STIS,,odl714020_sx1.fits,0.081,ok
LEDA 45656,STIS,,odl714030_sx1.fits,0.081,ok
LEDA 45656,STIS,,odl714040_sx1.fits,0.081,ok
LEDA 45656,STIS,,odl759010_sx1.fits,0.081,ok
LEDA 45656,STIS,,odl759020_sx1.fits,0.081,ok
LEDA 45656,STIS,,odl759030_sx1.fits,0.081,ok
LEDA 45656,STIS,,odl759040_sx1.fits,0.081,ok
LEDA 45656,FOS,,y1hk0102t_c0f.fits,0.066,ok
LEDA 45656,FOS,,y1hk0102t_c1f.fits,0.066,ok
LEDA 45656,FOS,,y1hk0102t_c2f.fits,0.066,ok
LEDA 45656,FOS,,y1hk0102t_c4f.fits,0.066,ok
LEDA 45656,FOS,,y1hk0102t_c5f.fits,0.066,ok
LEDA 45656,FOS,,y1hk0102t_c7f.fits,0.066,ok
LEDA 50824,COS,,lbp414010_x1dsum.fits,1.814,ok
LEDA 50824,COS,,lbp414020_x1dsum.fits,1.814,ok
LEDA 50824,COS,,lbp414niq_x1d.fits,3.39,ok
LEDA 50824,COS,,lbp414nkq_x1d.fits,3.39,ok
LEDA 50824,COS,,lbp414nmq_x1d.fits,3.39,ok
LEDA 50824,COS,,lbp414noq_x1d.fits,3.39,ok
LEDA 50824,COS,,lc9904010_x1dsum.fits,1.814,ok
LEDA 50824,COS,,lc9904020_x1dsum.fits,1.814,ok
LEDA 50824,COS,,lc9904030_x1dsum.fits,1.814,ok
LEDA 50824,COS,,lc9904a4q_x1d.fits,3.39,ok
LEDA 50824,COS,,lc9904abq_x1d.fits,3.39,ok
LEDA 50824,COS,,lc9904adq_x1d.fits,3.39,ok
LEDA 50824,COS,,lc9904afq_x1d.fits,3.39,ok
LEDA 50824,COS,,lc9904akq_x1d.fits,3.39,ok
LEDA 50824,COS,,lc9904asq_x1d.fits,3.39,ok
LEDA 50824,COS,,lc9904avq_x1d.fits,3.39,ok
LEDA 50824,COS,,lc9904b2q_x1d.fits,3.39,ok
LEDA 50824,COS,,lc9904b5q_x1d.fits,3.39,ok
LEDA 50824,COS,,lc9904bcq_x1d.fits,3.39,ok
LEDA 50824,COS,,lc9904beq_x1d.fits,3.39,ok
LEDA 50824,COS,,lc9904bgq_x1d.fits,3.39,ok
LEDA 50824,COS,,ld2n01010_x1dsum.fits,1.814,ok
LEDA 50824,COS,,ld2n01020_x1dsum.fits,1.814,ok
LEDA 50824,COS,,ld2n01030_x1dsum.fits,1.814,ok
LEDA 50824,COS,,ld2n01nlq_x1d.fits,3.39,ok
LEDA 50824,COS,,ld2n01nsq_x1d.fits,3.39,ok
LEDA 50824,COS,,ld2n01nuq_x1d.fits,3.39,ok
LEDA 50824,COS,,ld2n01nwq_x1d.fits,3.39,ok
LEDA 50824,COS,,ld2n01nzq_x1d.fits,3.39,ok
LEDA 50824,COS,,ld2n01o5q_x1d.fits,3.39,ok
LEDA 50824,COS,,ld2n01o7q_x1d.fits,3.39,ok
LEDA 50824,COS,,ld2n01o9q_x1d.fits,3.39,ok
LEDA 50824,COS,,ld2n01ocq_x1d.fits,3.39,ok
LEDA 50824,COS,,ld2n01ojq_x1d.fits,3.39,ok
LEDA 50824,COS,,ld2n01olq_x1d.fits,3.39,ok
LEDA 50824,COS,,ld2n01onq_x1d.fits,3.39,ok
LEDA 50824,COS,,lddy01010_x1dsum.fits,1.814,ok
LEDA 50824,COS,,lddy01020_x1dsum.fits,1.814,ok
LEDA 50824,COS,,lddy01030_x1dsum.fits,1.814,ok
LEDA 50824,COS,,lddy01hbq_x1d.fits,3.39,ok
LEDA 50824,COS,,lddy01hdq_x1d.fits,3.39,ok
LEDA 50824,COS,,lddy01hgq_x1d.fits,3.39,ok
LEDA 50824,COS,,lddy01hiq_x1d.fits,3.39,ok
LEDA 50824,COS,,lddy01hkq_x1d.fits,3.39,ok
LEDA 50824,COS,,lddy01hmq_x1d.fits,3.39,ok
LEDA 50824,COS,,lddy01hoq_x1d.fits,3.39,ok
LEDA 50824,COS,,lddy01hqq_x1d.fits,3.39,ok
LEDA 50824,COS,,lddy01hsq_x1d.fits,3.39,ok
LEDA 50824,COS,,lddy01huq_x1d.fits,3.39,ok
LEDA 50824,COS,,lddy01hwq_x1d.fits,3.39,ok
LEDA 50824,COS,,lddy01hyq_x1d.fits,3.39,ok
LEDA 50824,FOS,,y11u0103t_c0f.fits,0.204,ok
LEDA 50824,FOS,,y11u0103t_c1f.fits,0.204,ok
LEDA 50824,FOS,,y11u0103t_c2f.fits,0.204,ok
LEDA 50824,FOS,,y11u0103t_c4f.fits,0.204,ok
LEDA 50824,FOS,,y11u0103t_c5f.fits,0.204,ok
LEDA 50824,FOS,,y11u0103t_c7f.fits,0.204,ok
LEDA 50824,FOS,,y11u0104t_c0f.fits,0.461,ok
LEDA 50824,FOS,,y11u0104t_c1f.fits,0.461,ok
LEDA 50824,FOS,,y11u0104t_c2f.fits,0.461,ok
LEDA 50824,FOS,,y11u0104t_c4f.fits,0.461,ok
LEDA 50824,FOS,,y11u0104t_c5f.fits,0.461,ok
LEDA 50824,FOS,,y11u0104t_c7f.fits,0.461,ok
LEDA 50824,FOS,,y11u0202t_c0f.fits,0.622,ok
LEDA 50824,FOS,,y11u0202t_c1f.fits,0.622,ok
LEDA 50824,FOS,,y11u0202t_c2f.fits,0.622,ok
LEDA 50824,FOS,,y11u0202t_c4f.fits,0.622,ok
LEDA 50824,FOS,,y11u0202t_c5f.fits,0.622,ok
LEDA 50824,FOS,,y11u0202t_c7f.fits,0.622,ok
LEDA 50824,FOS,,y11u0203t_c0f.fits,0.622,ok
LEDA 50824,FOS,,y11u0203t_c1f.fits,0.622,ok
LEDA 50824,FOS,,y11u0203t_c2f.fits,0.622,ok
LEDA 50824,FOS,,y11u0203t_c4f.fits,0.622,ok
LEDA 50824,FOS,,y11u0203t_c5f.fits,0.622,ok
LEDA 50824,FOS,,y11u0203t_c7f.fits,0.622,ok
LEDA 50824,FOS,,y11u0204t_c0f.fits,0.622,ok
LEDA 50824,FOS,,y11u0204t_c1f.fits,0.622,ok
LEDA 50824,FOS,,y11u0204t_c2f.fits,0.622,ok
LEDA 50824,FOS,,y11u0204t_c4f.fits,0.622,ok
LEDA 50824,FOS,,y11u0204t_c5f.fits,0.622,ok
LEDA 50824,FOS,,y11u0204t_c7f.fits,0.622,ok
LEDA 51016,COS,,lecy13010_x1dsum.fits,1.817,ok
LEDA 51016,COS,,lecy13020_x1dsum.fits,1.817,ok
LEDA 51016,COS,,lecy13030_x1dsum.fits,1.814,ok
LEDA 51016,COS,,lecy13z1q_x1d.fits,3.39,ok
LEDA 51016,COS,,lecy13z5q_x1d.fits,3.39,ok
LEDA 51016,COS,,lecy13z7q_x1d.fits,3.39,ok
LEDA 51016,COS,,lecy13z9q_x1d.fits,3.39,ok
LEDA 51016,COS,,lecy13zbq_x1d.fits,3.39,ok
LEDA 51016,COS,,lecy13zdq_x1d.fits,3.39,ok
LEDA 51016,COS,,lecy13zfq_x1d.fits,3.39,ok
LEDA 51016,COS,,lecy13zhq_x1d.fits,3.39,ok
LEDA 51016,STIS,,of9m13010_sx1.fits,0.081,ok
LEDA 51016,STIS,,of9m13020_sx1.fits,0.081,ok
LEDA 51016,STIS,,of9m13040_x1d.fits,0.078,ok
LEDA 51016,STIS,,of9m13050_x1d.fits,0.078,ok
LEDA 51016,STIS,,of9m63010_sx1.fits,0.0,error
LEDA 51016,STIS,,of9m63020_sx1.fits,0.0,error
LEDA 51016,FOS,,y10q0203t_c0f.fits,0.374,ok
LEDA 51016,FOS,,y10q0203t_c1f.fits,0.374,ok
LEDA 51016,FOS,,y10q0203t_c2f.fits,0.374,ok
LEDA 51016,FOS,,y10q0203t_c4f.fits,0.374,ok
LEDA 51016,FOS,,y10q0203t_c5f.fits,0.374,ok
LEDA 51016,FOS,,y10q0203t_c7f.fits,0.374,ok
LEDA 51016,FOS,,y38o1102t_c0f.fits,0.043,ok
LEDA 51016,FOS,,y38o1102t_c1f.fits,0.043,ok
LEDA 51016,FOS,,y38o1102t_c2f.fits,0.043,ok
LEDA 51016,FOS,,y38o1102t_c4f.fits,0.043,ok
LEDA 51016,FOS,,y38o1102t_c5f.fits,0.043,ok
LEDA 51016,FOS,,y38o1102t_c7f.fits,0.043,ok
LEDA 51016,FOS,,y38o1103t_c0f.fits,0.121,ok
LEDA 51016,FOS,,y38o1103t_c1f.fits,0.121,ok
LEDA 51016,FOS,,y38o1103t_c2f.fits,0.121,ok
LEDA 51016,FOS,,y38o1103t_c4f.fits,0.121,ok
LEDA 51016,FOS,,y38o1103t_c5f.fits,0.121,ok
LEDA 51016,FOS,,y38o1103t_c7f.fits,0.121,ok
LEDA 51016,FOS,,y38o1104t_c0f.fits,0.101,ok
LEDA 51016,FOS,,y38o1104t_c1f.fits,0.101,ok
LEDA 51016,FOS,,y38o1104t_c2f.fits,0.101,ok
LEDA 51016,FOS,,y38o1104t_c4f.fits,0.101,ok
LEDA 51016,FOS,,y38o1104t_c5f.fits,0.101,ok
LEDA 51016,FOS,,y38o1104t_c7f.fits,0.101,ok
LEDA 51016,FOS,,y38o1105t_c0f.fits,0.121,ok
LEDA 51016,FOS,,y38o1105t_c1f.fits,0.121,ok
LEDA 51016,FOS,,y38o1105t_c2f.fits,0.121,ok
LEDA 51016,FOS,,y38o1105t_c4f.fits,0.121,ok
LEDA 51016,FOS,,y38o1105t_c5f.fits,0.121,ok
LEDA 51016,FOS,,y38o1105t_c7f.fits,0.121,ok
LEDA 52314,COS,,lbp415010_x1dsum.fits,1.814,ok
LEDA 52314,COS,,lbp415020_x1dsum.fits,1.814,ok
LEDA 52314,COS,,lbp415tbq_x1d.fits,3.39,ok
LEDA 52314,COS,,lbp415tdq_x1d.fits,3.39,ok
LEDA 52314,COS,,lbp415tfq_x1d.fits,3.39,ok
LEDA 52314,COS,,lbp415thq_x1d.fits,3.39,ok
LEDA 52314,COS,,le2j05010_x1dsum.fits,0.93,ok
LEDA 52314,COS,,le2j05i8q_x1d.fits,1.719,ok
LEDA 52314,COS,,le2j05ibq_x1d.fits,1.719,ok
LEDA 52314,COS,,le2j05ieq_x1d.fits,1.719,ok
LEDA 52314,COS,,le2j05igq_x1d.fits,1.719,ok
LEDA 52314,STIS,,o6mz4g010_x1d.fits,0.078,ok
LEDA 54782,STIS,,of9m15010_sx1.fits,0.081,ok
LEDA 54782,STIS,,of9m15020_sx1.fits,0.081,ok
LEDA 54782,STIS,,of9m15030_sx1.fits,0.081,ok
LEDA 54782,STIS,,of9m15040_x1d.fits,0.078,ok
LEDA 54782,STIS,,of9m15050_x1d.fits,0.078,ok
LEDA 54782,STIS,,of9m15060_x1d.fits,0.078,ok
LEDA 82580,COS,,lccv03010_x1dsum.fits,1.947,ok
LEDA 82580,COS,,lccv03020_x1dsum.fits,1.814,ok
LEDA 82580,COS,,lccv03030_x1dsum.fits,1.814,ok
LEDA 82580,COS,,lccv03040_x1dsum.fits,1.944,ok
LEDA 82580,COS,,lccv03050_x1dsum.fits,1.947,ok
LEDA 82580,COS,,lccv03060_x1dsum.fits,1.944,ok
LEDA 82580,COS,,lccv03070_x1dsum.fits,1.944,ok
LEDA 82580,COS,,lccv03080_x1dsum.fits,1.944,ok
LEDA 82580,COS,,lccv03okq_x1d.fits,3.39,ok
LEDA 82580,COS,,lccv03orq_x1d.fits,3.39,ok
LEDA 82580,COS,,lccv03ouq_x1d.fits,3.39,ok
LEDA 82580,COS,,lccv03p1q_x1d.fits,3.39,ok
LEDA 82580,COS,,lccv03p6q_x1d.fits,3.39,ok
LEDA 82580,COS,,lccv03pdq_x1d.fits,3.39,ok
LEDA 82580,COS,,lccv03pgq_x1d.fits,3.39,ok
LEDA 82580,COS,,lccv03pnq_x1d.fits,3.39,ok
LEDA 82580,COS,,lccv03pqq_x1d.fits,3.39,ok
LEDA 82580,COS,,lccv03pxq_x1d.fits,3.39,ok
LEDA 88588,STIS,,o56j02010_x1d.fits,0.078,ok
LEDA 88588,STIS,,o56j02020_x1d.fits,0.078,ok
LEDA 88588,STIS,,o56j02030_x1d.fits,0.078,ok
LEDA 88588,STIS,,o56j02040_x1d.fits,0.078,ok
LEDA 88588,STIS,,o56j02050_x1d.fits,0.078,ok
LEDA 88588,STIS,,o56j02060_x1d.fits,0.078,ok
LEDA 88588,STIS,,o56j02070_x1d.fits,0.078,ok
LEDA 88588,STIS,,o56j02080_x1d.fits,0.078,ok
LEDA 88835,COS,,ldjr01010_x1dsum.fits,1.814,ok
LEDA 88835,COS,,ldjr01020_x1dsum.fits,1.814,ok
LEDA 88835,COS,,ldjr01030_x1dsum.fits,1.814,ok
LEDA 88835,COS,,ldjr01ckq_x1d.fits,3.39,ok
LEDA 88835,COS,,ldjr01crq_x1d.fits,3.39,ok
LEDA 88835,COS,,ldjr01ctq_x1d.fits,3.39,ok
LEDA 88835,COS,,ldjr01cvq_x1d.fits,3.39,ok
LEDA 88835,COS,,ldjr01cxq_x1d.fits,3.39,ok
LEDA 88835,COS,,ldjr01czq_x1d.fits,3.39,ok
LEDA 88835,COS,,ldjr01d3q_x1d.fits,3.39,ok
LEDA 88835,COS,,ldjr01d5q_x1d.fits,3.39,ok
LEDA 88835,COS,,ldjr01d7q_x1d.fits,3.39,ok
LEDA 88835,COS,,ldjr01d9q_x1d.fits,3.39,ok
LEDA 88835,STIS,,o56j01010_x1d.fits,0.078,ok
LEDA 88835,STIS,,o56j01020_x1d.fits,0.078,ok
LEDA 88835,STIS,,o56j01030_x1d.fits,0.078,ok
LEDA 88835,STIS,,o56j01050_x1d.fits,0.078,ok
LEDA 88835,STIS,,o56j01060_x1d.fits,0.078,ok
LEDA 88835,STIS,,o56j01070_x1d.fits,0.078,ok
LEDA 89176,COS,,lc1203010_x1dsum.fits,1.817,ok
LEDA 89176,COS,,lc1203020_x1dsum.fits,1.817,ok
LEDA 89176,COS,,lc1203leq_x1d.fits,3.39,ok
LEDA 89176,COS,,lc1203lgq_x1d.fits,3.39,ok
LEDA 89176,COS,,lc1203liq_x1d.fits,3.39,ok
LEDA 89176,COS,,lc1203lkq_x1d.fits,3.39,ok
LEDA 89176,COS,,lc1203lmq_x1d.fits,3.39,ok
LEDA 89176,COS,,lc1203loq_x1d.fits,3.39,ok
LEDA 89176,COS,,lc1203lqq_x1d.fits,3.39,ok
LEDA 89176,COS,,lc1203lsq_x1d.fits,3.39,ok
LEDA 994116,COS,,lb1406010_x1dsum.fits,1.817,ok
LEDA 994116,COS,,lb1406nmq_x1d.fits,3.39,ok
LEDA 994116,COS,,lb1406okq_x1d.fits,3.39,ok
MC0042+101,FOS,,y2dz0d02t_c0f.fits,0.13,ok
MC0042+101,FOS,,y2dz0d02t_c1f.fits,0.13,ok
MC0042+101,FOS,,y2dz0d02t_c2f.fits,0.13,ok
MC0042+101,FOS,,y2dz0d02t_c4f.fits,0.13,ok
MC0042+101,FOS,,y2dz0d02t_c5f.fits,0.13,ok
MC0042+101,FOS,,y2dz0d02t_c7f.fits,0.13,ok
MC0042+101,FOS,,y2dz0d03t_c0f.fits,0.086,ok
MC0042+101,FOS,,y2dz0d03t_c1f.fits,0.086,ok
MC0042+101,FOS,,y2dz0d03t_c2f.fits,0.086,ok
MC0042+101,FOS,,y2dz0d03t_c4f.fits,0.086,ok
MC0042+101,FOS,,y2dz0d03t_c5f.fits,0.086,ok
MC0042+101,FOS,,y2dz0d03t_c7f.fits,0.086,ok
MC0042+101,FOS,,y2dz0d04t_c0f.fits,0.101,ok
MC0042+101,FOS,,y2dz0d04t_c1f.fits,0.101,ok
MC0042+101,FOS,,y2dz0d04t_c2f.fits,0.101,ok
MC0042+101,FOS,,y2dz0d04t_c4f.fits,0.101,ok
MC0042+101,FOS,,y2dz0d04t_c5f.fits,0.101,ok
MC0042+101,FOS,,y2dz0d04t_c7f.fits,0.101,ok
MC1104+167,FOS,,y1450903t_c0f.fits,0.469,ok
MC1104+167,FOS,,y1450903t_c1f.fits,0.469,ok
MC1104+167,FOS,,y1450903t_c2f.fits,0.469,ok
MC1104+167,FOS,,y1450903t_c4f.fits,0.469,ok
MC1104+167,FOS,,y1450903t_c5f.fits,0.469,ok
MC1104+167,FOS,,y1450903t_c7f.fits,0.469,ok
MC1104+167,FOS,,y1450904t_c0f.fits,0.469,ok
MC1104+167,FOS,,y1450904t_c1f.fits,0.469,ok
MC1104+167,FOS,,y1450904t_c2f.fits,0.469,ok
MC1104+167,FOS,,y1450904t_c4f.fits,0.469,ok
MC1104+167,FOS,,y1450904t_c5f.fits,0.469,ok
MC1104+167,FOS,,y1450904t_c7f.fits,0.469,ok
MC1104+167,FOS,,y1450905t_c0f.fits,0.314,ok
MC1104+167,FOS,,y1450905t_c1f.fits,0.314,ok
MC1104+167,FOS,,y1450905t_c2f.fits,0.314,ok
MC1104+167,FOS,,y1450905t_c4f.fits,0.314,ok
MC1104+167,FOS,,y1450905t_c5f.fits,0.314,ok
MC1104+167,FOS,,y1450905t_c7f.fits,0.314,ok
MC1104+167,FOS,,y1450906t_c0f.fits,0.158,ok
MC1104+167,FOS,,y1450906t_c1f.fits,0.158,ok
MC1104+167,FOS,,y1450906t_c2f.fits,0.158,ok
MC1104+167,FOS,,y1450906t_c4f.fits,0.158,ok
MC1104+167,FOS,,y1450906t_c5f.fits,0.158,ok
MC1104+167,FOS,,y1450906t_c7f.fits,0.158,ok
MC1118+12,FOS,,y2dz0a02t_c0f.fits,0.13,ok
MC1118+12,FOS,,y2dz0a02t_c1f.fits,0.13,ok
MC1118+12,FOS,,y2dz0a02t_c2f.fits,0.13,ok
MC1118+12,FOS,,y2dz0a02t_c4f.fits,0.13,ok
MC1118+12,FOS,,y2dz0a02t_c5f.fits,0.13,ok
MC1118+12,FOS,,y2dz0a02t_c7f.fits,0.13,ok
MC1118+12,FOS,,y2dz0a03t_c0f.fits,0.095,ok
MC1118+12,FOS,,y2dz0a03t_c1f.fits,0.095,ok
MC1118+12,FOS,,y2dz0a03t_c2f.fits,0.095,ok
MC1118+12,FOS,,y2dz0a03t_c4f.fits,0.095,ok
MC1118+12,FOS,,y2dz0a03t_c5f.fits,0.095,ok
MC1118+12,FOS,,y2dz0a03t_c7f.fits,0.095,ok
MC1118+12,FOS,,y2dz0a04t_c0f.fits,0.086,ok
MC1118+12,FOS,,y2dz0a04t_c1f.fits,0.086,ok
MC1118+12,FOS,,y2dz0a04t_c2f.fits,0.086,ok
MC1118+12,FOS,,y2dz0a04t_c4f.fits,0.086,ok
MC1118+12,FOS,,y2dz0a04t_c5f.fits,0.086,ok
MC1118+12,FOS,,y2dz0a04t_c7f.fits,0.086,ok
MC1146+111,FOS,,y1f90303t_c0f.fits,0.176,ok
MC1146+111,FOS,,y1f90303t_c1f.fits,0.176,ok
MC1146+111,FOS,,y1f90303t_c2f.fits,0.176,ok
MC1146+111,FOS,,y1f90303t_c4f.fits,0.176,ok
MC1146+111,FOS,,y1f90303t_c5f.fits,0.176,ok
MC1146+111,FOS,,y1f90303t_c7f.fits,0.176,ok
MC1146+111,FOS,,y1f90304t_c0f.fits,0.176,ok
MC1146+111,FOS,,y1f90304t_c1f.fits,0.176,ok
MC1146+111,FOS,,y1f90304t_c2f.fits,0.176,ok
MC1146+111,FOS,,y1f90304t_c4f.fits,0.176,ok
MC1146+111,FOS,,y1f90304t_c5f.fits,0.176,ok
MC1146+111,FOS,,y1f90304t_c7f.fits,0.176,ok
MC1146+111,FOS,,y2rj0503t_c0f.fits,0.078,ok
MC1146+111,FOS,,y2rj0503t_c1f.fits,0.078,ok
MC1146+111,FOS,,y2rj0503t_c2f.fits,0.078,ok
MC1146+111,FOS,,y2rj0503t_c4f.fits,0.078,ok
MC1146+111,FOS,,y2rj0503t_c5f.fits,0.078,ok
MC1146+111,FOS,,y2rj0503t_c7f.fits,0.078,ok
MC1146+111,FOS,,y2rj0505t_c0f.fits,0.199,ok
MC1146+111,FOS,,y2rj0505t_c1f.fits,0.199,ok
MC1146+111,FOS,,y2rj0505t_c2f.fits,0.199,ok
MC1146+111,FOS,,y2rj0505t_c4f.fits,0.199,ok
MC1146+111,FOS,,y2rj0505t_c5f.fits,0.199,ok
MC1146+111,FOS,,y2rj0505t_c7f.fits,0.199,ok
MC1146+111,FOS,,y2rj0507t_c0f.fits,0.199,ok
MC1146+111,FOS,,y2rj0507t_c1f.fits,0.199,ok
MC1146+111,FOS,,y2rj0507t_c2f.fits,0.199,ok
MC1146+111,FOS,,y2rj0507t_c4f.fits,0.199,ok
MC1146+111,FOS,,y2rj0507t_c5f.fits,0.199,ok
MC1146+111,FOS,,y2rj0507t_c7f.fits,0.199,ok
MC1146+111,FOS,,y2rj0509t_c0f.fits,0.199,ok
MC1146+111,FOS,,y2rj0509t_c1f.fits,0.199,ok
MC1146+111,FOS,,y2rj0509t_c2f.fits,0.199,ok
MC1146+111,FOS,,y2rj0509t_c4f.fits,0.199,ok
MC1146+111,FOS,,y2rj0509t_c5f.fits,0.199,ok
MC1146+111,FOS,,y2rj0509t_c7f.fits,0.199,ok
MCG+13-07-002,COS,,lb4r10030_x1dsum.fits,1.947,ok
MCG+13-07-002,COS,,lb4r10040_x1dsum.fits,1.944,ok
MCG+13-07-002,COS,,lb4r10050_x1dsum.fits,1.944,ok
MCG+13-07-002,COS,,lb4r10060_x1dsum.fits,1.944,ok
MCG+13-07-002,COS,,lb4r10070_x1dsum.fits,1.944,ok
MCG+13-07-002,COS,,lb4r10080_x1dsum.fits,1.947,ok
MCG+13-07-002,COS,,lb4r10090_x1dsum.fits,1.944,ok
MCG+13-07-002,COS,,lb4r100a0_x1dsum.fits,1.944,ok
MCG+13-07-002,COS,,lb4r100b0_x1dsum.fits,1.944,ok
MCG+13-07-002,COS,,lb4r10z4q_x1d.fits,3.39,ok
MCG+13-07-002,COS,,lb4r10z7q_x1d.fits,3.39,ok
MCG+13-07-002,COS,,lb4r10z9q_x1d.fits,3.39,ok
MCG+13-07-002,COS,,lb4r10zcq_x1d.fits,3.39,ok
MCG+13-07-002,COS,,lb4r10zeq_x1d.fits,3.39,ok
MCG+13-07-002,COS,,lb4r10ziq_x1d.fits,3.39,ok
MCG+13-07-002,COS,,lb4r10zkq_x1d.fits,3.39,ok
MCG+13-07-002,COS,,lb4r10znq_x1d.fits,3.39,ok
MCG+13-07-002,COS,,lb4r10zqq_x1d.fits,3.39,ok
MR 2251-178,COS,,lbgb03010_x1dsum.fits,1.944,ok
MR 2251-178,COS,,lbgb03020_x1dsum.fits,1.944,ok
MR 2251-178,COS,,lbgb03030_x1dsum.fits,1.944,ok
MR 2251-178,COS,,lbgb03040_x1dsum.fits,1.944,ok
MR 2251-178,COS,,lbgb03050_x1dsum.fits,1.947,ok
MR 2251-178,COS,,lbgb03060_x1dsum.fits,1.944,ok
MR 2251-178,COS,,lbgb03070_x1dsum.fits,1.944,ok
MR 2251-178,COS,,lbgb03080_x1dsum.fits,1.944,ok
MR 2251-178,COS,,lbgb03doq_x1d.fits,3.39,ok
MR 2251-178,COS,,lbgb03dqq_x1d.fits,3.39,ok
MR 2251-178,COS,,lbgb03dsq_x1d.fits,3.39,ok
MR 2251-178,COS,,lbgb03duq_x1d.fits,3.39,ok
MR 2251-178,COS,,lbgb03dwq_x1d.fits,3.39,ok
MR 2251-178,COS,,lbgb03dyq_x1d.fits,3.39,ok
MR 2251-178,COS,,lbgb03e0q_x1d.fits,3.39,ok
MR 2251-178,COS,,lbgb03e2q_x1d.fits,3.39,ok
MR 2251-178,COS,,lehv01010_x1dsum.fits,1.814,ok
MR 2251-178,COS,,lehv01020_x1dsum.fits,1.814,ok
MR 2251-178,COS,,lehv01030_x1dsum.fits,1.814,ok
MR 2251-178,COS,,lehv01niq_x1d.fits,3.39,ok
MR 2251-178,COS,,lehv01nkq_x1d.fits,3.39,ok
MR 2251-178,COS,,lehv01nmq_x1d.fits,3.39,ok
MR 2251-178,COS,,lehv01noq_x1d.fits,3.39,ok
MR 2251-178,COS,,lehv01nqq_x1d.fits,3.39,ok
MR 2251-178,COS,,lehv01nsq_x1d.fits,3.39,ok
MR 2251-178,COS,,lehv01nuq_x1d.fits,3.39,ok
MR 2251-178,COS,,lehv01nwq_x1d.fits,3.39,ok
MR 2251-178,STIS,,o4ec03010_x1d.fits,0.078,ok
MR 2251-178,STIS,,o4ec03020_x1d.fits,0.078,ok
MR 2251-178,STIS,,o4ec03030_x1d.fits,0.078,ok
MR 2251-178,STIS,,o4ec03040_x1d.fits,0.078,ok
MR 2251-178,STIS,,o4ec03050_x1d.fits,0.078,ok
MR 2251-178,FOS,,y3ai2005t_c0f.fits,0.112,ok
MR 2251-178,FOS,,y3ai2005t_c1f.fits,0.112,ok
MR 2251-178,FOS,,y3ai2005t_c2f.fits,0.112,ok
MR 2251-178,FOS,,y3ai2005t_c4f.fits,0.112,ok
MR 2251-178,FOS,,y3ai2005t_c5f.fits,0.112,ok
MR 2251-178,FOS,,y3ai2005t_c7f.fits,0.112,ok
MR 2251-178,FOS,,y3ai2006t_c0f.fits,0.112,ok
MR 2251-178,FOS,,y3ai2006t_c1f.fits,0.112,ok
MR 2251-178,FOS,,y3ai2006t_c2f.fits,0.112,ok
MR 2251-178,FOS,,y3ai2006t_c4f.fits,0.112,ok
MR 2251-178,FOS,,y3ai2006t_c5f.fits,0.112,ok
MR 2251-178,FOS,,y3ai2006t_c7f.fits,0.112,ok
MR 2251-178,FOS,,y3ai2007t_c0f.fits,0.156,ok
MR 2251-178,FOS,,y3ai2007t_c1f.fits,0.156,ok
MR 2251-178,FOS,,y3ai2007t_c2f.fits,0.156,ok
MR 2251-178,FOS,,y3ai2007t_c4f.fits,0.156,ok
MR 2251-178,FOS,,y3ai2007t_c5f.fits,0.156,ok
MR 2251-178,FOS,,y3ai2007t_c7f.fits,0.156,ok
MR 2251-178,FOS,,y3ai2008t_c0f.fits,0.052,ok
MR 2251-178,FOS,,y3ai2008t_c1f.fits,0.052,ok
MR 2251-178,FOS,,y3ai2008t_c2f.fits,0.052,ok
MR 2251-178,FOS,,y3ai2008t_c4f.fits,0.052,ok
MR 2251-178,FOS,,y3ai2008t_c5f.fits,0.052,ok
MR 2251-178,FOS,,y3ai2008t_c7f.fits,0.052,ok
Mrk 1014,COS,,lbp404010_x1dsum.fits,1.814,ok
Mrk 1014,COS,,lbp404020_x1dsum.fits,1.814,ok
Mrk 1014,COS,,lbp404vhq_x1d.fits,3.39,ok
Mrk 1014,COS,,lbp404vjq_x1d.fits,3.39,ok
Mrk 1014,COS,,lbp404vlq_x1d.fits,3.39,ok
Mrk 1014,COS,,lbp404vrq_x1d.fits,3.39,ok
Mrk 1014,STIS,,odl710010_sx1.fits,0.081,ok
Mrk 1014,STIS,,odl710020_sx1.fits,0.081,ok
Mrk 1014,STIS,,odl710030_sx1.fits,0.081,ok
Mrk 1014,STIS,,odl710040_sx1.fits,0.081,ok
Mrk 1014,STIS,,odl758010_sx1.fits,0.081,ok
Mrk 1014,STIS,,odl758020_sx1.fits,0.081,ok
Mrk 1014,STIS,,odl758030_sx1.fits,0.081,ok
Mrk 1014,STIS,,odl758040_sx1.fits,0.081,ok
Mrk 1018,COS,,ld3o01010_x1dsum.fits,0.93,ok
Mrk 1018,COS,,ld3o01ncq_x1d.fits,1.719,ok
Mrk 1018,COS,,ld3o01nfq_x1d.fits,1.719,ok
Mrk 1018,COS,,ld3o01nhq_x1d.fits,1.719,ok
Mrk 1018,COS,,ld3o01njq_x1d.fits,1.719,ok
Mrk 1018,COS,,ldcq01010_x1dsum.fits,0.933,ok
Mrk 1018,COS,,ldcq01c7q_x1d.fits,1.719,ok
Mrk 1018,COS,,ldcq01c9q_x1d.fits,1.719,ok
Mrk 1018,COS,,ldcq01cqq_x1d.fits,1.719,ok
Mrk 1018,COS,,ldcq01ddq_x1d.fits,1.719,ok
Mrk 1018,COS,,ldr401010_x1dsum.fits,0.933,ok
Mrk 1018,COS,,ldr401020_x1dsum.fits,1.817,ok
Mrk 1018,COS,,ldr401c6q_x1d.fits,1.719,ok
Mrk 1018,COS,,ldr401caq_x1d.fits,1.719,ok
Mrk 1018,COS,,ldr401ceq_x1d.fits,1.719,ok
Mrk 1018,COS,,ldr401cgq_x1d.fits,1.719,ok
Mrk 1018,COS,,ldr401ciq_x1d.fits,3.39,ok
Mrk 1018,COS,,ldr401ckq_x1d.fits,3.39,ok
Mrk 1018,COS,,ldr401cmq_x1d.fits,3.39,ok
Mrk 1018,COS,,ldr401coq_x1d.fits,3.39,ok
Mrk 1018,COS,,ldr402010_x1dsum.fits,0.933,ok
Mrk 1018,COS,,ldr402fhq_x1d.fits,1.719,ok
Mrk 1018,COS,,ldr402g7q_x1d.fits,1.719,ok
Mrk 1018,COS,,ldr402geq_x1d.fits,1.719,ok
Mrk 1018,COS,,ldr402guq_x1d.fits,1.719,ok
Mrk 1018,COS,,ldr403010_x1dsum.fits,0.933,ok
Mrk 1018,COS,,ldr403cgq_x1d.fits,1.719,ok
Mrk 1018,COS,,ldr403cjq_x1d.fits,1.719,ok
Mrk 1018,COS,,ldr403clq_x1d.fits,1.719,ok
Mrk 1018,COS,,ldr403cnq_x1d.fits,1.719,ok
Mrk 1018,COS,,ldrr01010_x1dsum.fits,0.933,ok
Mrk 1018,COS,,ldrr01s7q_x1d.fits,1.719,ok
Mrk 1018,COS,,ldrr01s9q_x1d.fits,1.719,ok
Mrk 1018,COS,,ldrr01sdq_x1d.fits,1.719,ok
Mrk 1018,COS,,ldrr01sfq_x1d.fits,1.719,ok
Mrk 1018,COS,,ldrr02010_x1dsum.fits,0.933,ok
Mrk 1018,COS,,ldrr02cwq_x1d.fits,1.719,ok
Mrk 1018,COS,,ldrr02czq_x1d.fits,1.719,ok
Mrk 1018,COS,,ldrr02dfq_x1d.fits,1.719,ok
Mrk 1018,COS,,ldrr02dhq_x1d.fits,1.719,ok
Mrk 1018,COS,,ldwq01010_x1dsum.fits,0.933,ok
Mrk 1018,COS,,ldwq01vrq_x1d.fits,1.719,ok
Mrk 1018,COS,,ldwq01vtq_x1d.fits,1.719,ok
Mrk 1018,COS,,ldwq01w6q_x1d.fits,1.719,ok
Mrk 1018,COS,,ldwq01wgq_x1d.fits,1.719,ok
Mrk 1018,COS,,ldwq01xeq_x1d.fits,1.719,ok
Mrk 1018,COS,,ldwq01xgq_x1d.fits,1.719,ok
Mrk 1018,COS,,ldwq02010_x1dsum.fits,0.933,ok
Mrk 1018,COS,,ldwq02diq_x1d.fits,1.719,ok
Mrk 1018,COS,,ldwq02dkq_x1d.fits,1.719,ok
Mrk 1018,COS,,ldwq02doq_x1d.fits,1.719,ok
Mrk 1018,COS,,ldwq02drq_x1d.fits,1.719,ok
Mrk 1018,COS,,ldwq02dtq_x1d.fits,1.719,ok
Mrk 1018,COS,,ldwq02dvq_x1d.fits,1.719,ok
Mrk 1018,FOS,,y3870102t_c0f.fits,0.052,ok
Mrk 1018,FOS,,y3870102t_c1f.fits,0.052,ok
Mrk 1018,FOS,,y3870102t_c2f.fits,0.052,ok
Mrk 1018,FOS,,y3870102t_c4f.fits,0.052,ok
Mrk 1018,FOS,,y3870102t_c5f.fits,0.052,ok
Mrk 1018,FOS,,y3870102t_c7f.fits,0.052,ok
Mrk 1044,COS,,lbgu17010_x1dsum.fits,1.944,ok
Mrk 1044,COS,,lbgu17020_x1dsum.fits,1.944,ok
Mrk 1044,COS,,lbgu17030_x1dsum.fits,1.944,ok
Mrk 1044,COS,,lbgu17040_x1dsum.fits,1.944,ok
Mrk 1044,COS,,lbgu17050_x1dsum.fits,1.944,ok
Mrk 1044,COS,,lbgu17060_x1dsum.fits,1.944,ok
Mrk 1044,COS,,lbgu17070_x1dsum.fits,1.944,ok
Mrk 1044,COS,,lbgu17080_x1dsum.fits,1.944,ok
Mrk 1044,COS,,lbgu17qnq_x1d.fits,3.39,ok
Mrk 1044,COS,,lbgu17qpq_x1d.fits,3.39,ok
Mrk 1044,COS,,lbgu17qrq_x1d.fits,3.39,ok
Mrk 1044,COS,,lbgu17qtq_x1d.fits,3.39,ok
Mrk 1044,COS,,lbgu17qvq_x1d.fits,3.39,ok
Mrk 1044,COS,,lbgu17qxq_x1d.fits,3.39,ok
Mrk 1044,COS,,lbgu17qzq_x1d.fits,3.39,ok
Mrk 1044,COS,,lbgu17r1q_x1d.fits,3.39,ok
Mrk 1044,STIS,,o8k401010_x1d.fits,0.078,ok
Mrk 1044,STIS,,o8k401020_x1d.fits,0.078,ok
Mrk 1044,STIS,,o8k401030_x1d.fits,0.078,ok
Mrk 1044,STIS,,o8k401040_x1d.fits,0.078,ok
Mrk 1044,STIS,,o8k401050_x1d.fits,0.078,ok
Mrk 1044,STIS,,o8k401060_x1d.fits,0.078,ok
Mrk 1044,STIS,,o8k401070_x1d.fits,0.078,ok
Mrk 1044,STIS,,o8k401080_x1d.fits,0.078,ok
Mrk 1044,STIS,,o8k401090_x1d.fits,0.078,ok
Mrk 1044,STIS,,o8k4010a0_x1d.fits,0.078,ok
Mrk 1044,STIS,,obgu01010_x1d.fits,0.081,ok
Mrk 1044,STIS,,obgu01020_x1d.fits,0.081,ok
Mrk 1044,STIS,,obgu01030_x1d.fits,0.081,ok
Mrk 106,COS,,lbgb02010_x1dsum.fits,1.944,ok
Mrk 106,COS,,lbgb02020_x1dsum.fits,1.944,ok
Mrk 106,COS,,lbgb02030_x1dsum.fits,1.944,ok
Mrk 106,COS,,lbgb02040_x1dsum.fits,1.944,ok
Mrk 106,COS,,lbgb02050_x1dsum.fits,1.944,ok
Mrk 106,COS,,lbgb02060_x1dsum.fits,1.947,ok
Mrk 106,COS,,lbgb02070_x1dsum.fits,1.944,ok
Mrk 106,COS,,lbgb02080_x1dsum.fits,1.944,ok
Mrk 106,COS,,lbgb02090_x1dsum.fits,1.944,ok
Mrk 106,COS,,lbgb020a0_x1dsum.fits,1.944,ok
Mrk 106,COS,,lbgb02vlq_x1d.fits,3.39,ok
Mrk 106,COS,,lbgb02w3q_x1d.fits,3.39,ok
Mrk 106,COS,,lbgb02w6q_x1d.fits,3.39,ok
Mrk 106,COS,,lbgb02x3q_x1d.fits,3.39,ok
Mrk 106,COS,,lbgb02xbq_x1d.fits,3.39,ok
Mrk 106,COS,,lbgb02xhq_x1d.fits,3.39,ok
Mrk 106,COS,,lbgb02xnq_x1d.fits,3.39,ok
Mrk 106,COS,,lbgb02xrq_x1d.fits,3.39,ok
Mrk 106,COS,,lbgb02xuq_x1d.fits,3.39,ok
Mrk 106,COS,,lbgb02xyq_x1d.fits,3.39,ok
Mrk 110,COS,,ldye01010_x1dsum.fits,1.814,ok
Mrk 110,COS,,ldye01020_x1dsum.fits,1.814,ok
Mrk 110,COS,,ldye01030_x1dsum.fits,1.814,ok
Mrk 110,COS,,ldye01gxq_x1d.fits,3.39,ok
Mrk 110,COS,,ldye01gzq_x1d.fits,3.39,ok
Mrk 110,COS,,ldye01h1q_x1d.fits,3.39,ok
Mrk 110,COS,,ldye01h3q_x1d.fits,3.39,ok
Mrk 110,COS,,ldye01h5q_x1d.fits,3.39,ok
Mrk 110,COS,,ldye01h7q_x1d.fits,3.39,ok
Mrk 110,COS,,ldye01h9q_x1d.fits,3.39,ok
Mrk 110,COS,,ldye01hbq_x1d.fits,3.39,ok
Mrk 110,STIS,,o4n352010_x1d.fits,0.078,ok
Mrk 110,STIS,,odqz01010_x1d.fits,0.078,ok
Mrk 110,STIS,,odqz01020_x1d.fits,0.078,ok
Mrk 110,STIS,,odqz01030_x1d.fits,0.081,ok
Mrk 110,STIS,,odqz01040_x1d.fits,0.081,ok
Mrk 110,STIS,,odqz01050_x1d.fits,0.081,ok
Mrk 110,STIS,,odqz01060_x1d.fits,0.081,ok
Mrk 110,STIS,,odqz01070_x1d.fits,0.081,ok
Mrk 110,STIS,,odqz01080_x1d.fits,0.081,ok
Mrk 110,STIS,,odqz02010_x1d.fits,0.078,ok
Mrk 110,STIS,,odqz02020_x1d.fits,0.078,ok
Mrk 110,STIS,,odqz02030_x1d.fits,0.081,ok
Mrk 110,STIS,,odqz02040_x1d.fits,0.081,ok
Mrk 110,STIS,,odqz02050_x1d.fits,0.081,ok
Mrk 110,STIS,,odqz02060_x1d.fits,0.081,ok
Mrk 110,STIS,,odqz02070_x1d.fits,0.081,ok
Mrk 110,STIS,,odqz02080_x1d.fits,0.081,ok
Mrk 110,STIS,,odqz03010_x1d.fits,0.078,ok
Mrk 110,STIS,,odqz03020_x1d.fits,0.078,ok
Mrk 110,STIS,,odqz03030_x1d.fits,0.081,ok
Mrk 110,STIS,,odqz03040_x1d.fits,0.081,ok
Mrk 110,STIS,,odqz03050_x1d.fits,0.081,ok
Mrk 110,STIS,,odqz03060_x1d.fits,0.081,ok
Mrk 110,STIS,,odqz03070_x1d.fits,0.081,ok
Mrk 110,STIS,,odqz03080_x1d.fits,0.081,ok
Mrk 1148,COS,,lcxv21050_x1dsum.fits,1.814,ok
Mrk 1148,COS,,lcxv21060_x1dsum.fits,1.814,ok
Mrk 1148,COS,,lcxv21070_x1dsum.fits,1.814,ok
Mrk 1148,COS,,lcxv21080_x1dsum.fits,1.814,ok
Mrk 1148,COS,,lcxv21icq_x1d.fits,3.39,ok
Mrk 1148,COS,,lcxv21ifq_x1d.fits,3.39,ok
Mrk 1148,COS,,lcxv21ikq_x1d.fits,3.39,ok
Mrk 1148,COS,,lcxv21iqq_x1d.fits,3.39,ok
Mrk 1148,COS,,lcxv21iuq_x1d.fits,3.39,ok
Mrk 1148,COS,,lcxv21iyq_x1d.fits,3.39,ok
Mrk 1148,COS,,lcxv21j2q_x1d.fits,3.39,ok
Mrk 1148,COS,,lcxv21j7q_x1d.fits,3.39,ok
Mrk 1148,COS,,lcxv21jdq_x1d.fits,3.39,ok
Mrk 1148,COS,,lcxv21jhq_x1d.fits,3.39,ok
Mrk 1148,COS,,lcxv21jlq_x1d.fits,3.39,ok
Mrk 1148,COS,,lcxv21jqq_x1d.fits,3.39,ok
Mrk 1148,COS,,lcxv21jwq_x1d.fits,3.39,ok
Mrk 1148,COS,,lcxv21k0q_x1d.fits,3.39,ok
Mrk 1148,COS,,lcxv21k4q_x1d.fits,3.39,ok
Mrk 1148,COS,,lcxv21k9q_x1d.fits,3.39,ok
Mrk 1179,COS,,lcxv23050_x1dsum.fits,1.814,ok
Mrk 1179,COS,,lcxv23060_x1dsum.fits,1.814,ok
Mrk 1179,COS,,lcxv23070_x1dsum.fits,1.814,ok
Mrk 1179,COS,,lcxv23080_x1dsum.fits,1.814,ok
Mrk 1179,COS,,lcxv23dwq_x1d.fits,3.39,ok
Mrk 1179,COS,,lcxv23dzq_x1d.fits,3.39,ok
Mrk 1179,COS,,lcxv23e4q_x1d.fits,3.39,ok
Mrk 1179,COS,,lcxv23eaq_x1d.fits,3.39,ok
Mrk 1179,COS,,lcxv23efq_x1d.fits,3.39,ok
Mrk 1179,COS,,lcxv23elq_x1d.fits,3.39,ok
Mrk 1179,COS,,lcxv23erq_x1d.fits,3.39,ok
Mrk 1179,COS,,lcxv23exq_x1d.fits,3.39,ok
Mrk 1179,COS,,lcxv23f3q_x1d.fits,3.39,ok
Mrk 1179,COS,,lcxv23f9q_x1d.fits,3.39,ok
Mrk 1179,COS,,lcxv23fdq_x1d.fits,3.39,ok
Mrk 1179,COS,,lcxv23fhq_x1d.fits,3.39,ok
Mrk 1179,COS,,lcxv23flq_x1d.fits,3.39,ok
Mrk 1179,COS,,lcxv23frq_x1d.fits,3.39,ok
Mrk 1179,COS,,lcxv23fwq_x1d.fits,3.39,ok
Mrk 1179,COS,,lcxv23g2q_x1d.fits,3.39,ok
Mrk 1253,COS,,lccv01010_x1dsum.fits,1.947,ok
Mrk 1253,COS,,lccv01020_x1dsum.fits,1.944,ok
Mrk 1253,COS,,lccv01030_x1dsum.fits,1.944,ok
Mrk 1253,COS,,lccv01040_x1dsum.fits,1.944,ok
Mrk 1253,COS,,lccv01050_x1dsum.fits,1.944,ok
Mrk 1253,COS,,lccv01060_x1dsum.fits,1.944,ok
Mrk 1253,COS,,lccv01070_x1dsum.fits,1.944,ok
Mrk 1253,COS,,lccv01080_x1dsum.fits,1.944,ok
Mrk 1253,COS,,lccv01rcq_x1d.fits,3.39,ok
Mrk 1253,COS,,lccv01rfq_x1d.fits,3.39,ok
Mrk 1253,COS,,lccv01rnq_x1d.fits,3.39,ok
Mrk 1253,COS,,lccv01rrq_x1d.fits,3.39,ok
Mrk 1253,COS,,lccv01ryq_x1d.fits,3.39,ok
Mrk 1253,COS,,lccv01s0q_x1d.fits,3.39,ok
Mrk 1253,COS,,lccv01s2q_x1d.fits,3.39,ok
Mrk 1253,COS,,lccv01s4q_x1d.fits,3.39,ok
Mrk 1298,COS,,lbp408010_x1dsum.fits,1.814,ok
Mrk 1298,COS,,lbp408020_x1dsum.fits,1.814,ok
Mrk 1298,COS,,lbp408tsq_x1d.fits,3.39,ok
Mrk 1298,COS,,lbp408tuq_x1d.fits,3.39,ok
Mrk 1298,COS,,lbp408twq_x1d.fits,3.39,ok
Mrk 1298,COS,,lbp408tyq_x1d.fits,3.39,ok
Mrk 1298,COS,,lcbx01010_x1dsum.fits,1.814,ok
Mrk 1298,COS,,lcbx01020_x1dsum.fits,1.814,ok
Mrk 1298,COS,,lcbx01030_x1dsum.fits,1.814,ok
Mrk 1298,COS,,lcbx01kmq_x1d.fits,3.39,ok
Mrk 1298,COS,,lcbx01ktq_x1d.fits,3.39,ok
Mrk 1298,COS,,lcbx01l0q_x1d.fits,3.39,ok
Mrk 1298,COS,,lcbx01laq_x1d.fits,3.39,ok
Mrk 1298,COS,,lcbx01lhq_x1d.fits,3.39,ok
Mrk 1298,COS,,lcbx01ljq_x1d.fits,3.39,ok
Mrk 1298,COS,,lcbx01llq_x1d.fits,3.39,ok
Mrk 1298,COS,,lcbx01lnq_x1d.fits,3.39,ok
Mrk 1298,COS,,lcbx02010_x1dsum.fits,1.814,ok
Mrk 1298,COS,,lcbx02020_x1dsum.fits,1.814,ok
Mrk 1298,COS,,lcbx02030_x1dsum.fits,1.814,ok
Mrk 1298,COS,,lcbx02hoq_x1d.fits,3.39,ok
Mrk 1298,COS,,lcbx02hvq_x1d.fits,3.39,ok
Mrk 1298,COS,,lcbx02hxq_x1d.fits,3.39,ok
Mrk 1298,COS,,lcbx02i0q_x1d.fits,3.39,ok
Mrk 1298,COS,,lcbx02i7q_x1d.fits,3.39,ok
Mrk 1298,COS,,lcbx02i9q_x1d.fits,3.39,ok
Mrk 1298,COS,,lcbx02ibq_x1d.fits,3.39,ok
Mrk 1298,COS,,lcbx02idq_x1d.fits,3.39,ok
Mrk 1298,COS,,lcbx03010_x1dsum.fits,1.814,ok
Mrk 1298,COS,,lcbx03020_x1dsum.fits,1.814,ok
Mrk 1298,COS,,lcbx03030_x1dsum.fits,1.814,ok
Mrk 1298,COS,,lcbx03bgq_x1d.fits,3.39,ok
Mrk 1298,COS,,lcbx03bnq_x1d.fits,3.39,ok
Mrk 1298,COS,,lcbx03bpq_x1d.fits,3.39,ok
Mrk 1298,COS,,lcbx03buq_x1d.fits,3.39,ok
Mrk 1298,COS,,lcbx03bxq_x1d.fits,3.39,ok
Mrk 1298,COS,,lcbx03c1q_x1d.fits,3.39,ok
Mrk 1298,COS,,lcbx03c5q_x1d.fits,3.39,ok
Mrk 1298,COS,,lcbx03c8q_x1d.fits,3.39,ok
Mrk 1298,COS,,lcn701010_x1dsum.fits,1.814,ok
Mrk 1298,COS,,lcn701020_x1dsum.fits,1.814,ok
Mrk 1298,COS,,lcn701030_x1dsum.fits,1.814,ok
Mrk 1298,COS,,lcn701kmq_x1d.fits,3.39,ok
Mrk 1298,COS,,lcn701koq_x1d.fits,3.39,ok
Mrk 1298,COS,,lcn701ksq_x1d.fits,3.39,ok
Mrk 1298,COS,,lcn701kwq_x1d.fits,3.39,ok
Mrk 1298,COS,,lcn701kyq_x1d.fits,3.39,ok
Mrk 1298,COS,,lcn701l0q_x1d.fits,3.39,ok
Mrk 1298,COS,,lcn701l2q_x1d.fits,3.39,ok
Mrk 1298,COS,,lcn701l4q_x1d.fits,3.39,ok
Mrk 1310,STIS,,oc1503010_x1d.fits,0.081,ok
Mrk 1310,STIS,,oc1503020_x1d.fits,0.081,ok
Mrk 1310,STIS,,oc1503030_x1d.fits,0.081,ok
Mrk 1310,STIS,,oc1503040_x1d.fits,0.078,ok
Mrk 1310,STIS,,oc1503050_x1d.fits,0.078,ok
Mrk 1310,STIS,,oc1503060_x1d.fits,0.078,ok
Mrk 1310,STIS,,oc1503070_x1d.fits,0.078,ok
Mrk 1383,STIS,,o4ec01010_x1d.fits,0.078,ok
Mrk 1383,STIS,,o4ec01020_x1d.fits,0.078,ok
Mrk 1383,STIS,,o4ec01030_x1d.fits,0.078,ok
Mrk 1383,STIS,,o4ec01040_x1d.fits,0.078,ok
Mrk 1383,STIS,,o8pg01010_x1d.fits,1.757,ok
Mrk 1383,STIS,,o8pg01020_x1d.fits,6.949,ok
Mrk 1383,STIS,,o8pg02010_x1d.fits,1.757,ok
Mrk 1383,STIS,,o8pg02020_x1d.fits,1.757,ok
Mrk 1392,STIS,,o8rs98010_x1d.fits,0.078,ok
Mrk 142,STIS,,of9m12010_x1d.fits,0.078,ok
Mrk 142,STIS,,of9m12020_x1d.fits,0.078,ok
Mrk 142,STIS,,of9m12030_x1d.fits,0.078,ok
Mrk 142,STIS,,of9m12040_x1d.fits,0.078,ok
Mrk 142,STIS,,of9m12050_x1d.fits,0.078,ok
Mrk 1501,COS,,lbp401010_x1dsum.fits,1.814,ok
Mrk 1501,COS,,lbp401020_x1dsum.fits,1.814,ok
Mrk 1501,COS,,lbp401r0q_x1d.fits,3.39,ok
Mrk 1501,COS,,lbp401r2q_x1d.fits,3.39,ok
Mrk 1501,COS,,lbp401r4q_x1d.fits,3.39,ok
Mrk 1501,COS,,lbp401r7q_x1d.fits,3.39,ok
Mrk 1501,FOS,,y0p80203t_c0f.fits,0.084,ok
Mrk 1501,FOS,,y0p80203t_c1f.fits,0.084,ok
Mrk 1501,FOS,,y0p80203t_c2f.fits,0.084,ok
Mrk 1501,FOS,,y0p80203t_c4f.fits,0.084,ok
Mrk 1501,FOS,,y0p80203t_c5f.fits,0.084,ok
Mrk 1501,FOS,,y0p80203t_c7f.fits,0.084,ok
Mrk 1501,FOS,,y0p80204t_c0f.fits,0.084,ok
Mrk 1501,FOS,,y0p80204t_c1f.fits,0.084,ok
Mrk 1501,FOS,,y0p80204t_c2f.fits,0.084,ok
Mrk 1501,FOS,,y0p80204t_c4f.fits,0.084,ok
Mrk 1501,FOS,,y0p80204t_c5f.fits,0.084,ok
Mrk 1501,FOS,,y0p80204t_c7f.fits,0.084,ok
Mrk 1501,FOS,,y0p80205t_c0f.fits,0.084,ok
Mrk 1501,FOS,,y0p80205t_c1f.fits,0.084,ok
Mrk 1501,FOS,,y0p80205t_c2f.fits,0.084,ok
Mrk 1501,FOS,,y0p80205t_c4f.fits,0.084,ok
Mrk 1501,FOS,,y0p80205t_c5f.fits,0.084,ok
Mrk 1501,FOS,,y0p80205t_c7f.fits,0.084,ok
Mrk 1501,FOS,,y0p80206t_c0f.fits,0.084,ok
Mrk 1501,FOS,,y0p80206t_c1f.fits,0.084,ok
Mrk 1501,FOS,,y0p80206t_c2f.fits,0.084,ok
Mrk 1501,FOS,,y0p80206t_c4f.fits,0.084,ok
Mrk 1501,FOS,,y0p80206t_c5f.fits,0.084,ok
Mrk 1501,FOS,,y0p80206t_c7f.fits,0.084,ok
Mrk 1502,COS,,lbp403010_x1dsum.fits,1.814,ok
Mrk 1502,COS,,lbp403020_x1dsum.fits,1.814,ok
Mrk 1502,COS,,lbp403wuq_x1d.fits,3.39,ok
Mrk 1502,COS,,lbp403wxq_x1d.fits,3.39,ok
Mrk 1502,COS,,lbp403wzq_x1d.fits,3.39,ok
Mrk 1502,COS,,lbp403xdq_x1d.fits,3.39,ok
Mrk 1502,COS,,lckr01010_x1dsum.fits,1.947,ok
Mrk 1502,COS,,lckr01020_x1dsum.fits,1.944,ok
Mrk 1502,COS,,lckr01030_x1dsum.fits,1.814,ok
Mrk 1502,COS,,lckr01040_x1dsum.fits,1.814,ok
Mrk 1502,COS,,lckr01050_x1dsum.fits,1.814,ok
Mrk 1502,COS,,lckr01nrq_x1d.fits,3.39,ok
Mrk 1502,COS,,lckr01ntq_x1d.fits,3.39,ok
Mrk 1502,COS,,lckr01nvq_x1d.fits,3.39,ok
Mrk 1502,COS,,lckr01nxq_x1d.fits,3.39,ok
Mrk 1502,COS,,lckr01nzq_x1d.fits,3.39,ok
Mrk 1502,COS,,lckr01o3q_x1d.fits,3.39,ok
Mrk 1502,COS,,lckr01o6q_x1d.fits,3.39,ok
Mrk 1502,COS,,lckr01o8q_x1d.fits,3.39,ok
Mrk 1502,COS,,lckr01odq_x1d.fits,3.39,ok
Mrk 1502,COS,,lckr02010_x1dsum.fits,1.947,ok
Mrk 1502,COS,,lckr02020_x1dsum.fits,1.944,ok
Mrk 1502,COS,,lckr02030_x1dsum.fits,1.814,ok
Mrk 1502,COS,,lckr02040_x1dsum.fits,1.814,ok
Mrk 1502,COS,,lckr02050_x1dsum.fits,1.814,ok
Mrk 1502,COS,,lckr02tpq_x1d.fits,3.39,ok
Mrk 1502,COS,,lckr02trq_x1d.fits,3.39,ok
Mrk 1502,COS,,lckr02tvq_x1d.fits,3.39,ok
Mrk 1502,COS,,lckr02u8q_x1d.fits,3.39,ok
Mrk 1502,COS,,lckr02ucq_x1d.fits,3.39,ok
Mrk 1502,COS,,lckr02unq_x1d.fits,3.39,ok
Mrk 1502,COS,,lckr02uuq_x1d.fits,3.39,ok
Mrk 1502,COS,,lckr02v2q_x1d.fits,3.39,ok
Mrk 1502,COS,,lckr02v4q_x1d.fits,3.39,ok
Mrk 1502,STIS,,o6ct02010_sx1.fits,0.081,ok
Mrk 1502,FOS,,y0zv0102t_c0f.fits,0.357,ok
Mrk 1502,FOS,,y0zv0102t_c1f.fits,0.357,ok
Mrk 1502,FOS,,y0zv0102t_c2f.fits,0.357,ok
Mrk 1502,FOS,,y0zv0102t_c4f.fits,0.357,ok
Mrk 1502,FOS,,y0zv0102t_c5f.fits,0.357,ok
Mrk 1502,FOS,,y0zv0102t_c7f.fits,0.357,ok
Mrk 1502,FOS,,y15v0102m_c0f.fits,0.167,ok
Mrk 1502,FOS,,y15v0102m_c1f.fits,0.167,ok
Mrk 1502,FOS,,y15v0102m_c2f.fits,0.167,ok
Mrk 1502,FOS,,y15v0102m_c3f.fits,0.513,ok
Mrk 1502,FOS,,y15v0102m_c4f.fits,0.167,ok
Mrk 1502,FOS,,y15v0102m_c5f.fits,0.167,ok
Mrk 1502,FOS,,y15v0102m_c7f.fits,0.167,ok
Mrk 1502,FOS,,y15v0103m_c0f.fits,0.167,ok
Mrk 1502,FOS,,y15v0103m_c1f.fits,0.167,ok
Mrk 1502,FOS,,y15v0103m_c2f.fits,0.167,ok
Mrk 1502,FOS,,y15v0103m_c3f.fits,0.513,ok
Mrk 1502,FOS,,y15v0103m_c4f.fits,0.167,ok
Mrk 1502,FOS,,y15v0103m_c5f.fits,0.167,ok
Mrk 1502,FOS,,y15v0103m_c7f.fits,0.167,ok
Mrk 1502,FOS,,y15v0104t_c0f.fits,0.167,ok
Mrk 1502,FOS,,y15v0104t_c1f.fits,0.167,ok
Mrk 1502,FOS,,y15v0104t_c2f.fits,0.167,ok
Mrk 1502,FOS,,y15v0104t_c3f.fits,0.513,ok
Mrk 1502,FOS,,y15v0104t_c4f.fits,0.167,ok
Mrk 1502,FOS,,y15v0104t_c5f.fits,0.167,ok
Mrk 1502,FOS,,y15v0104t_c7f.fits,0.167,ok
Mrk 1502,FOS,,y15v0105t_c0f.fits,0.167,ok
Mrk 1502,FOS,,y15v0105t_c1f.fits,0.167,ok
Mrk 1502,FOS,,y15v0105t_c2f.fits,0.167,ok
Mrk 1502,FOS,,y15v0105t_c3f.fits,0.513,ok
Mrk 1502,FOS,,y15v0105t_c4f.fits,0.167,ok
Mrk 1502,FOS,,y15v0105t_c5f.fits,0.167,ok
Mrk 1502,FOS,,y15v0105t_c7f.fits,0.167,ok
Mrk 1502,FOS,,y15v0106t_c0f.fits,0.167,ok
Mrk 1502,FOS,,y15v0106t_c1f.fits,0.167,ok
Mrk 1502,FOS,,y15v0106t_c2f.fits,0.167,ok
Mrk 1502,FOS,,y15v0106t_c3f.fits,0.513,ok
Mrk 1502,FOS,,y15v0106t_c4f.fits,0.167,ok
Mrk 1502,FOS,,y15v0106t_c5f.fits,0.167,ok
Mrk 1502,FOS,,y15v0106t_c7f.fits,0.167,ok
Mrk 1502,FOS,,y15v0107t_c0f.fits,0.167,ok
Mrk 1502,FOS,,y15v0107t_c1f.fits,0.167,ok
Mrk 1502,FOS,,y15v0107t_c2f.fits,0.167,ok
Mrk 1502,FOS,,y15v0107t_c3f.fits,0.513,ok
Mrk 1502,FOS,,y15v0107t_c4f.fits,0.167,ok
Mrk 1502,FOS,,y15v0107t_c5f.fits,0.167,ok
Mrk 1502,FOS,,y15v0107t_c7f.fits,0.167,ok
Mrk 1502,FOS,,y26c0102t_c0f.fits,0.13,ok
Mrk 1502,FOS,,y26c0102t_c1f.fits,0.13,ok
Mrk 1502,FOS,,y26c0102t_c2f.fits,0.13,ok
Mrk 1502,FOS,,y26c0102t_c4f.fits,0.13,ok
Mrk 1502,FOS,,y26c0102t_c5f.fits,0.13,ok
Mrk 1502,FOS,,y26c0102t_c7f.fits,0.13,ok
Mrk 1502,FOS,,y26c0103t_c0f.fits,0.199,ok
Mrk 1502,FOS,,y26c0103t_c1f.fits,0.199,ok
Mrk 1502,FOS,,y26c0103t_c2f.fits,0.199,ok
Mrk 1502,FOS,,y26c0103t_c4f.fits,0.199,ok
Mrk 1502,FOS,,y26c0103t_c5f.fits,0.199,ok
Mrk 1502,FOS,,y26c0103t_c7f.fits,0.199,ok
Mrk 1502,FOS,,y26c0104t_c0f.fits,0.199,ok
Mrk 1502,FOS,,y26c0104t_c1f.fits,0.199,ok
Mrk 1502,FOS,,y26c0104t_c2f.fits,0.199,ok
Mrk 1502,FOS,,y26c0104t_c4f.fits,0.199,ok
Mrk 1502,FOS,,y26c0104t_c5f.fits,0.199,ok
Mrk 1502,FOS,,y26c0104t_c7f.fits,0.199,ok
Mrk 1502,FOS,,y26c0105t_c0f.fits,0.181,ok
Mrk 1502,FOS,,y26c0105t_c1f.fits,0.181,ok
Mrk 1502,FOS,,y26c0105t_c2f.fits,0.181,ok
Mrk 1502,FOS,,y26c0105t_c4f.fits,0.181,ok
Mrk 1502,FOS,,y26c0105t_c5f.fits,0.181,ok
Mrk 1502,FOS,,y26c0105t_c7f.fits,0.181,ok
Mrk 1502,FOS,,y26c0202t_c0f.fits,0.075,ok
Mrk 1502,FOS,,y26c0202t_c1f.fits,0.075,ok
Mrk 1502,FOS,,y26c0202t_c2f.fits,0.075,ok
Mrk 1502,FOS,,y26c0202t_c4f.fits,0.075,ok
Mrk 1502,FOS,,y26c0202t_c5f.fits,0.075,ok
Mrk 1502,FOS,,y26c0202t_c7f.fits,0.075,ok
Mrk 1502,FOS,,y26c0203t_c0f.fits,0.107,ok
Mrk 1502,FOS,,y26c0203t_c1f.fits,0.107,ok
Mrk 1502,FOS,,y26c0203t_c2f.fits,0.107,ok
Mrk 1502,FOS,,y26c0203t_c4f.fits,0.107,ok
Mrk 1502,FOS,,y26c0203t_c5f.fits,0.107,ok
Mrk 1502,FOS,,y26c0203t_c7f.fits,0.107,ok
Mrk 1502,FOS,,y26c0204t_c0f.fits,0.107,ok
Mrk 1502,FOS,,y26c0204t_c1f.fits,0.107,ok
Mrk 1502,FOS,,y26c0204t_c2f.fits,0.107,ok
Mrk 1502,FOS,,y26c0204t_c4f.fits,0.107,ok
Mrk 1502,FOS,,y26c0204t_c5f.fits,0.107,ok
Mrk 1502,FOS,,y26c0204t_c7f.fits,0.107,ok
Mrk 1502,FOS,,y26c0205t_c0f.fits,0.107,ok
Mrk 1502,FOS,,y26c0205t_c1f.fits,0.107,ok
Mrk 1502,FOS,,y26c0205t_c2f.fits,0.107,ok
Mrk 1502,FOS,,y26c0205t_c4f.fits,0.107,ok
Mrk 1502,FOS,,y26c0205t_c5f.fits,0.107,ok
Mrk 1502,FOS,,y26c0205t_c7f.fits,0.107,ok
Mrk 1502,FOS,,y26c0206t_c0f.fits,0.107,ok
Mrk 1502,FOS,,y26c0206t_c1f.fits,0.107,ok
Mrk 1502,FOS,,y26c0206t_c2f.fits,0.107,ok
Mrk 1502,FOS,,y26c0206t_c4f.fits,0.107,ok
Mrk 1502,FOS,,y26c0206t_c5f.fits,0.107,ok
Mrk 1502,FOS,,y26c0206t_c7f.fits,0.107,ok
Mrk 1502,FOS,,y26c0207t_c0f.fits,0.107,ok
Mrk 1502,FOS,,y26c0207t_c1f.fits,0.107,ok
Mrk 1502,FOS,,y26c0207t_c2f.fits,0.107,ok
Mrk 1502,FOS,,y26c0207t_c4f.fits,0.107,ok
Mrk 1502,FOS,,y26c0207t_c5f.fits,0.107,ok
Mrk 1502,FOS,,y26c0207t_c7f.fits,0.107,ok
Mrk 1502,FOS,,y26c0208t_c0f.fits,0.107,ok
Mrk 1502,FOS,,y26c0208t_c1f.fits,0.107,ok
Mrk 1502,FOS,,y26c0208t_c2f.fits,0.107,ok
Mrk 1502,FOS,,y26c0208t_c4f.fits,0.107,ok
Mrk 1502,FOS,,y26c0208t_c5f.fits,0.107,ok
Mrk 1502,FOS,,y26c0208t_c7f.fits,0.107,ok
Mrk 1502,FOS,,y26c0302t_c0f.fits,0.075,ok
Mrk 1502,FOS,,y26c0302t_c1f.fits,0.075,ok
Mrk 1502,FOS,,y26c0302t_c2f.fits,0.075,ok
Mrk 1502,FOS,,y26c0302t_c4f.fits,0.075,ok
Mrk 1502,FOS,,y26c0302t_c5f.fits,0.075,ok
Mrk 1502,FOS,,y26c0302t_c7f.fits,0.075,ok
Mrk 1502,FOS,,y26c0303t_c0f.fits,0.107,ok
Mrk 1502,FOS,,y26c0303t_c1f.fits,0.107,ok
Mrk 1502,FOS,,y26c0303t_c2f.fits,0.107,ok
Mrk 1502,FOS,,y26c0303t_c4f.fits,0.107,ok
Mrk 1502,FOS,,y26c0303t_c5f.fits,0.107,ok
Mrk 1502,FOS,,y26c0303t_c7f.fits,0.107,ok
Mrk 1502,FOS,,y26c0304t_c0f.fits,0.107,ok
Mrk 1502,FOS,,y26c0304t_c1f.fits,0.107,ok
Mrk 1502,FOS,,y26c0304t_c2f.fits,0.107,ok
Mrk 1502,FOS,,y26c0304t_c4f.fits,0.107,ok
Mrk 1502,FOS,,y26c0304t_c5f.fits,0.107,ok
Mrk 1502,FOS,,y26c0304t_c7f.fits,0.107,ok
Mrk 1502,FOS,,y26c0305t_c0f.fits,0.107,ok
Mrk 1502,FOS,,y26c0305t_c1f.fits,0.107,ok
Mrk 1502,FOS,,y26c0305t_c2f.fits,0.107,ok
Mrk 1502,FOS,,y26c0305t_c4f.fits,0.107,ok
Mrk 1502,FOS,,y26c0305t_c5f.fits,0.107,ok
Mrk 1502,FOS,,y26c0305t_c7f.fits,0.107,ok
Mrk 1502,FOS,,y26c0306t_c0f.fits,0.107,ok
Mrk 1502,FOS,,y26c0306t_c1f.fits,0.107,ok
Mrk 1502,FOS,,y26c0306t_c2f.fits,0.107,ok
Mrk 1502,FOS,,y26c0306t_c4f.fits,0.107,ok
Mrk 1502,FOS,,y26c0306t_c5f.fits,0.107,ok
Mrk 1502,FOS,,y26c0306t_c7f.fits,0.107,ok
Mrk 1502,FOS,,y26c0307t_c0f.fits,0.107,ok
Mrk 1502,FOS,,y26c0307t_c1f.fits,0.107,ok
Mrk 1502,FOS,,y26c0307t_c2f.fits,0.107,ok
Mrk 1502,FOS,,y26c0307t_c4f.fits,0.107,ok
Mrk 1502,FOS,,y26c0307t_c5f.fits,0.107,ok
Mrk 1502,FOS,,y26c0307t_c7f.fits,0.107,ok
Mrk 1502,FOS,,y26c0308t_c0f.fits,0.107,ok
Mrk 1502,FOS,,y26c0308t_c1f.fits,0.107,ok
Mrk 1502,FOS,,y26c0308t_c2f.fits,0.107,ok
Mrk 1502,FOS,,y26c0308t_c4f.fits,0.107,ok
Mrk 1502,FOS,,y26c0308t_c5f.fits,0.107,ok
Mrk 1502,FOS,,y26c0308t_c7f.fits,0.107,ok
Mrk 1513,COS,,lb4q07040_x1dsum.fits,1.944,ok
Mrk 1513,COS,,lb4q07050_x1dsum.fits,1.944,ok
Mrk 1513,COS,,lb4q07060_x1dsum.fits,1.944,ok
Mrk 1513,COS,,lb4q07070_x1dsum.fits,1.944,ok
Mrk 1513,COS,,lb4q07080_x1dsum.fits,1.947,ok
Mrk 1513,COS,,lb4q07090_x1dsum.fits,1.944,ok
Mrk 1513,COS,,lb4q070a0_x1dsum.fits,1.944,ok
Mrk 1513,COS,,lb4q070b0_x1dsum.fits,1.944,ok
Mrk 1513,COS,,lb4q07uvq_x1d.fits,3.39,ok
Mrk 1513,COS,,lb4q07vnq_x1d.fits,3.39,ok
Mrk 1513,COS,,lb4q07vrq_x1d.fits,3.39,ok
Mrk 1513,COS,,lb4q07vtq_x1d.fits,3.39,ok
Mrk 1513,COS,,lb4q07w5q_x1d.fits,3.39,ok
Mrk 1513,COS,,lb4q07w7q_x1d.fits,3.39,ok
Mrk 1513,COS,,lb4q07wlq_x1d.fits,3.39,ok
Mrk 1513,COS,,lb4q07woq_x1d.fits,3.39,ok
Mrk 1513,STIS,,o4ec10010_x1d.fits,0.078,ok
Mrk 1513,STIS,,o4ec10020_x1d.fits,0.078,ok
Mrk 1513,STIS,,o4ec10030_x1d.fits,0.078,ok
Mrk 1513,STIS,,o4ec10040_x1d.fits,0.078,ok
Mrk 1513,STIS,,o4ec10050_x1d.fits,0.078,ok
Mrk 1513,STIS,,o4ec10060_x1d.fits,0.078,ok
Mrk 205,FOS,,y0na0103t_c0f.fits,0.374,ok
Mrk 205,FOS,,y0na0103t_c1f.fits,0.374,ok
Mrk 205,FOS,,y0na0103t_c2f.fits,0.374,ok
Mrk 205,FOS,,y0na0103t_c4f.fits,0.374,ok
Mrk 205,FOS,,y0na0103t_c5f.fits,0.374,ok
Mrk 205,FOS,,y0na0103t_c7f.fits,0.374,ok
Mrk 205,FOS,,y0na0104t_c0f.fits,0.04,ok
Mrk 205,FOS,,y0na0104t_c1f.fits,0.04,ok
Mrk 205,FOS,,y0na0104t_c2f.fits,0.04,ok
Mrk 205,FOS,,y0na0104t_c4f.fits,0.04,ok
Mrk 205,FOS,,y0na0104t_c5f.fits,0.04,ok
Mrk 205,FOS,,y0na0104t_c7f.fits,0.04,ok
Mrk 205,FOS,,y0na0105t_c0f.fits,0.504,ok
Mrk 205,FOS,,y0na0105t_c1f.fits,0.504,ok
Mrk 205,FOS,,y0na0105t_c2f.fits,0.504,ok
Mrk 205,FOS,,y0na0105t_c4f.fits,0.504,ok
Mrk 205,FOS,,y0na0105t_c5f.fits,0.504,ok
Mrk 205,FOS,,y0na0105t_c7f.fits,0.504,ok
Mrk 205,FOS,,y0na0106t_c0f.fits,0.415,ok
Mrk 205,FOS,,y0na0106t_c1f.fits,0.415,ok
Mrk 205,FOS,,y0na0106t_c2f.fits,0.415,ok
Mrk 205,FOS,,y0na0106t_c4f.fits,0.415,ok
Mrk 205,FOS,,y0na0106t_c5f.fits,0.415,ok
Mrk 205,FOS,,y0na0106t_c7f.fits,0.415,ok
Mrk 205,FOS,,y1hi0x02t_c0f.fits,0.058,ok
Mrk 205,FOS,,y1hi0x02t_c1f.fits,0.058,ok
Mrk 205,FOS,,y1hi0x02t_c2f.fits,0.058,ok
Mrk 205,FOS,,y1hi0x02t_c4f.fits,0.058,ok
Mrk 205,FOS,,y1hi0x02t_c5f.fits,0.058,ok
Mrk 205,FOS,,y1hi0x02t_c7f.fits,0.058,ok
Mrk 231,COS,,lbp410010_x1dsum.fits,1.814,ok
Mrk 231,COS,,lbp410020_x1dsum.fits,1.814,ok
Mrk 231,COS,,lbp410030_x1dsum.fits,1.814,ok
Mrk 231,COS,,lbp410040_x1dsum.fits,1.814,ok
Mrk 231,COS,,lbp410050_x1dsum.fits,1.814,ok
Mrk 231,COS,,lbp410060_x1dsum.fits,1.814,ok
Mrk 231,COS,,lbp410070_x1dsum.fits,1.814,ok
Mrk 231,COS,,lbp410080_x1dsum.fits,1.814,ok
Mrk 231,COS,,lbp410090_x1dsum.fits,1.814,ok
Mrk 231,COS,,lbp4100a0_x1dsum.fits,1.814,ok
Mrk 231,COS,,lbp410huq_x1d.fits,3.39,ok
Mrk 231,COS,,lbp410hwq_x1d.fits,3.39,ok
Mrk 231,COS,,lbp410hyq_x1d.fits,3.39,ok
Mrk 231,COS,,lbp410i0q_x1d.fits,3.39,ok
Mrk 231,COS,,lbp410i2q_x1d.fits,3.39,ok
Mrk 231,COS,,lbp410i4q_x1d.fits,3.39,ok
Mrk 231,COS,,lbp410i6q_x1d.fits,3.39,ok
Mrk 231,COS,,lbp410i8q_x1d.fits,3.39,ok
Mrk 231,COS,,lbp410iaq_x1d.fits,3.39,ok
Mrk 231,COS,,lbp410icq_x1d.fits,3.39,ok
Mrk 231,COS,,lbp410ieq_x1d.fits,3.39,ok
Mrk 231,COS,,lbp410igq_x1d.fits,3.39,ok
Mrk 231,COS,,lbp410iiq_x1d.fits,3.39,ok
Mrk 231,COS,,lbp410ikq_x1d.fits,3.39,ok
Mrk 231,COS,,lbp410imq_x1d.fits,3.39,ok
Mrk 231,COS,,lbp410ioq_x1d.fits,3.39,ok
Mrk 231,COS,,lbp410iqq_x1d.fits,3.39,ok
Mrk 231,COS,,lbp410isq_x1d.fits,3.39,ok
Mrk 231,COS,,lbp410j2q_x1d.fits,3.39,ok
Mrk 231,COS,,lbp410j6q_x1d.fits,3.39,ok
Mrk 231,COS,,lc8w01010_x1dsum.fits,1.814,ok
Mrk 231,COS,,lc8w01020_x1dsum.fits,0.93,ok
Mrk 231,COS,,lc8w01bgq_x1d.fits,3.39,ok
Mrk 231,COS,,lc8w01bnq_x1d.fits,3.39,ok
Mrk 231,COS,,lc8w01bpq_x1d.fits,3.39,ok
Mrk 231,COS,,lc8w01brq_x1d.fits,3.39,ok
Mrk 231,COS,,lc8w01buq_x1d.fits,3.39,ok
Mrk 231,COS,,lc8w01c1q_x1d.fits,3.39,ok
Mrk 231,COS,,lc8w01c3q_x1d.fits,3.39,ok
Mrk 231,COS,,lc8w01c5q_x1d.fits,3.39,ok
Mrk 231,COS,,lc8w01c8q_x1d.fits,3.39,ok
Mrk 231,COS,,lc8w01cfq_x1d.fits,3.39,ok
Mrk 231,COS,,lc8w01chq_x1d.fits,3.39,ok
Mrk 231,COS,,lc8w01cjq_x1d.fits,3.39,ok
Mrk 231,COS,,lc8w01cmq_x1d.fits,3.39,ok
Mrk 231,COS,,lc8w01ctq_x1d.fits,3.39,ok
Mrk 231,COS,,lc8w01cvq_x1d.fits,3.39,ok
Mrk 231,COS,,lc8w01cxq_x1d.fits,3.39,ok
Mrk 231,COS,,lc8w01d0q_x1d.fits,3.39,ok
Mrk 231,COS,,lc8w01d7q_x1d.fits,3.39,ok
Mrk 231,COS,,lc8w01d9q_x1d.fits,3.39,ok
Mrk 231,COS,,lc8w01dbq_x1d.fits,3.39,ok
Mrk 231,COS,,lc8w01deq_x1d.fits,1.719,ok
Mrk 231,COS,,lc8w01djq_x1d.fits,1.719,ok
Mrk 231,COS,,lc8w01dnq_x1d.fits,1.719,ok
Mrk 231,COS,,lc8w01dqq_x1d.fits,1.719,ok
Mrk 231,STIS,,oc8w02010_x1d.fits,0.078,ok
Mrk 231,STIS,,oc8w02020_x1d.fits,0.078,ok
Mrk 231,STIS,,oc8w02030_x1d.fits,0.078,ok
Mrk 231,STIS,,oc8w02040_x1d.fits,0.078,ok
Mrk 231,FOS,,y15w0202t_c0f.fits,0.167,ok
Mrk 231,FOS,,y15w0202t_c1f.fits,0.167,ok
Mrk 231,FOS,,y15w0202t_c2f.fits,0.167,ok
Mrk 231,FOS,,y15w0202t_c3f.fits,0.513,ok
Mrk 231,FOS,,y15w0202t_c4f.fits,0.167,ok
Mrk 231,FOS,,y15w0202t_c5f.fits,0.167,ok
Mrk 231,FOS,,y15w0202t_c7f.fits,0.167,ok
Mrk 231,FOS,,y15w0203t_c0f.fits,0.167,ok
Mrk 231,FOS,,y15w0203t_c1f.fits,0.167,ok
Mrk 231,FOS,,y15w0203t_c2f.fits,0.167,ok
Mrk 231,FOS,,y15w0203t_c3f.fits,0.513,ok
Mrk 231,FOS,,y15w0203t_c4f.fits,0.167,ok
Mrk 231,FOS,,y15w0203t_c5f.fits,0.167,ok
Mrk 231,FOS,,y15w0203t_c7f.fits,0.167,ok
Mrk 231,FOS,,y15w0204t_c0f.fits,0.167,ok
Mrk 231,FOS,,y15w0204t_c1f.fits,0.167,ok
Mrk 231,FOS,,y15w0204t_c2f.fits,0.167,ok
Mrk 231,FOS,,y15w0204t_c3f.fits,0.513,ok
Mrk 231,FOS,,y15w0204t_c4f.fits,0.167,ok
Mrk 231,FOS,,y15w0204t_c5f.fits,0.167,ok
Mrk 231,FOS,,y15w0204t_c7f.fits,0.167,ok
Mrk 231,FOS,,y15w0205t_c0f.fits,0.167,ok
Mrk 231,FOS,,y15w0205t_c1f.fits,0.167,ok
Mrk 231,FOS,,y15w0205t_c2f.fits,0.167,ok
Mrk 231,FOS,,y15w0205t_c3f.fits,0.513,ok
Mrk 231,FOS,,y15w0205t_c4f.fits,0.167,ok
Mrk 231,FOS,,y15w0205t_c5f.fits,0.167,ok
Mrk 231,FOS,,y15w0205t_c7f.fits,0.167,ok
Mrk 231,FOS,,y15w0206t_c0f.fits,0.167,ok
Mrk 231,FOS,,y15w0206t_c1f.fits,0.167,ok
Mrk 231,FOS,,y15w0206t_c2f.fits,0.167,ok
Mrk 231,FOS,,y15w0206t_c3f.fits,0.513,ok
Mrk 231,FOS,,y15w0206t_c4f.fits,0.167,ok
Mrk 231,FOS,,y15w0206t_c5f.fits,0.167,ok
Mrk 231,FOS,,y15w0206t_c7f.fits,0.167,ok
Mrk 231,FOS,,y15w0207t_c0f.fits,0.167,ok
Mrk 231,FOS,,y15w0207t_c1f.fits,0.167,ok
Mrk 231,FOS,,y15w0207t_c2f.fits,0.167,ok
Mrk 231,FOS,,y15w0207t_c3f.fits,0.513,ok
Mrk 231,FOS,,y15w0207t_c4f.fits,0.167,ok
Mrk 231,FOS,,y15w0207t_c5f.fits,0.167,ok
Mrk 231,FOS,,y15w0207t_c7f.fits,0.167,ok
Mrk 231,FOS,,y3gs0404t_c0f.fits,0.06,ok
Mrk 231,FOS,,y3gs0404t_c1f.fits,0.06,ok
Mrk 231,FOS,,y3gs0404t_c2f.fits,0.06,ok
Mrk 231,FOS,,y3gs0404t_c4f.fits,0.06,ok
Mrk 231,FOS,,y3gs0404t_c5f.fits,0.06,ok
Mrk 231,FOS,,y3gs0404t_c7f.fits,0.06,ok
Mrk 279,COS,,lbgu21010_x1dsum.fits,1.944,ok
Mrk 279,COS,,lbgu21020_x1dsum.fits,1.944,ok
Mrk 279,COS,,lbgu21030_x1dsum.fits,1.944,ok
Mrk 279,COS,,lbgu21040_x1dsum.fits,1.944,ok
Mrk 279,COS,,lbgu21050_x1dsum.fits,1.944,ok
Mrk 279,COS,,lbgu21060_x1dsum.fits,1.944,ok
Mrk 279,COS,,lbgu21070_x1dsum.fits,1.944,ok
Mrk 279,COS,,lbgu21080_x1dsum.fits,1.944,ok
Mrk 279,COS,,lbgu21f6q_x1d.fits,3.39,ok
Mrk 279,COS,,lbgu21f8q_x1d.fits,3.39,ok
Mrk 279,COS,,lbgu21faq_x1d.fits,3.39,ok
Mrk 279,COS,,lbgu21fcq_x1d.fits,3.39,ok
Mrk 279,COS,,lbgu21ffq_x1d.fits,3.39,ok
Mrk 279,COS,,lbgu21fjq_x1d.fits,3.39,ok
Mrk 279,COS,,lbgu21flq_x1d.fits,3.39,ok
Mrk 279,COS,,lbgu21fnq_x1d.fits,3.39,ok
Mrk 279,STIS,,o6jm01010_x1d.fits,1.716,ok
Mrk 279,STIS,,o6jm01020_x1d.fits,1.716,ok
Mrk 279,STIS,,o6jm01030_x1d.fits,1.716,ok
Mrk 279,STIS,,o6jm01040_x1d.fits,1.716,ok
Mrk 279,STIS,,o6jm01050_x1d.fits,1.716,ok
Mrk 279,STIS,,o8k101010_x1d.fits,1.757,ok
Mrk 279,STIS,,o8k101020_x1d.fits,1.757,ok
Mrk 279,STIS,,o8k101030_x1d.fits,1.757,ok
Mrk 279,STIS,,o8k102010_x1d.fits,1.757,ok
Mrk 279,STIS,,o8k102020_x1d.fits,1.757,ok
Mrk 279,STIS,,o8k102030_x1d.fits,1.757,ok
Mrk 279,STIS,,o8k103010_x1d.fits,1.757,ok
Mrk 279,STIS,,o8k103020_x1d.fits,1.757,ok
Mrk 279,STIS,,o8k103030_x1d.fits,1.757,ok
Mrk 279,STIS,,o8k103040_x1d.fits,1.757,ok
Mrk 279,STIS,,o8k104010_x1d.fits,1.757,ok
Mrk 279,STIS,,o8k104020_x1d.fits,1.757,ok
Mrk 279,STIS,,o8k104030_x1d.fits,1.757,ok
Mrk 279,STIS,,o8k105010_x1d.fits,1.757,ok
Mrk 279,STIS,,o8k105020_x1d.fits,1.757,ok
Mrk 279,STIS,,o8k105030_x1d.fits,1.757,ok
Mrk 279,STIS,,obgu05010_x1d.fits,0.081,ok
Mrk 279,STIS,,obgu05020_x1d.fits,0.081,ok
Mrk 279,STIS,,obgu05030_x1d.fits,0.081,ok
Mrk 279,STIS,,oehb01010_x1d.fits,0.081,ok
Mrk 279,STIS,,oehb01020_x1d.fits,0.081,ok
Mrk 279,STIS,,oehb01030_x1d.fits,0.081,ok
Mrk 279,STIS,,oehb01040_x1d.fits,0.078,ok
Mrk 279,STIS,,oehb01050_x1d.fits,0.078,ok
Mrk 279,STIS,,oeoe01010_x1d.fits,0.078,ok
Mrk 279,STIS,,oeoe01020_x1d.fits,0.078,ok
Mrk 279,STIS,,oeoe01030_sx1.fits,0.081,ok
Mrk 279,STIS,,oeoe01040_sx1.fits,0.081,ok
Mrk 279,STIS,,oeoe02030_sx1.fits,0.081,ok
Mrk 279,STIS,,oeoe02040_sx1.fits,0.081,ok
Mrk 279,STIS,,oeoe02j0q_x1d.fits,0.078,ok
Mrk 279,STIS,,oeoe02j3q_x1d.fits,0.078,ok
Mrk 279,STIS,,oeoe03030_sx1.fits,0.081,ok
Mrk 279,STIS,,oeoe03040_sx1.fits,0.081,ok
Mrk 279,STIS,,oeoe03pjq_x1d.fits,0.078,ok
Mrk 279,STIS,,oeoe03pmq_x1d.fits,0.078,ok
Mrk 279,STIS,,oeoe04040_sx1.fits,0.081,ok
Mrk 279,STIS,,oeoe05040_sx1.fits,0.081,ok
Mrk 279,STIS,,oeoe06030_sx1.fits,0.081,ok
Mrk 279,STIS,,oeoe06040_sx1.fits,0.081,ok
Mrk 279,STIS,,oeoe06gqq_x1d.fits,0.078,ok
Mrk 279,STIS,,oeoe06gtq_x1d.fits,0.078,ok
Mrk 279,STIS,,oeoe07030_sx1.fits,0.081,ok
Mrk 279,STIS,,oeoe07040_sx1.fits,0.081,ok
Mrk 279,STIS,,oeoe07l7q_x1d.fits,0.078,ok
Mrk 279,STIS,,oeoe07laq_x1d.fits,0.078,ok
Mrk 279,STIS,,oeoe08030_sx1.fits,0.081,ok
Mrk 279,STIS,,oeoe08040_sx1.fits,0.081,ok
Mrk 279,STIS,,oeoe08qmq_x1d.fits,0.078,ok
Mrk 279,STIS,,oeoe08qpq_x1d.fits,0.078,ok
Mrk 279,STIS,,oeoe09030_sx1.fits,0.081,ok
Mrk 279,STIS,,oeoe09040_sx1.fits,0.081,ok
Mrk 279,STIS,,oeoe09uiq_x1d.fits,0.078,ok
Mrk 279,STIS,,oeoe09ulq_x1d.fits,0.078,ok
Mrk 279,STIS,,oeoe10030_sx1.fits,0.081,ok
Mrk 279,STIS,,oeoe10040_sx1.fits,0.081,ok
Mrk 279,STIS,,oeoe10zrq_x1d.fits,0.078,ok
Mrk 279,STIS,,oeoe10zuq_x1d.fits,0.078,ok
Mrk 279,STIS,,oeoe11030_sx1.fits,0.081,ok
Mrk 279,STIS,,oeoe11040_sx1.fits,0.081,ok
Mrk 279,STIS,,oeoe11jaq_x1d.fits,0.078,ok
Mrk 279,STIS,,oeoe11jdq_x1d.fits,0.078,ok
Mrk 279,STIS,,oeoe12030_sx1.fits,0.081,ok
Mrk 279,STIS,,oeoe12040_sx1.fits,0.081,ok
Mrk 279,STIS,,oeoe12b2q_x1d.fits,0.078,ok
Mrk 279,STIS,,oeoe12b5q_x1d.fits,0.078,ok
Mrk 279,STIS,,oeoe13030_sx1.fits,0.081,ok
Mrk 279,STIS,,oeoe13040_sx1.fits,0.081,ok
Mrk 279,STIS,,oeoe13l0q_x1d.fits,0.078,ok
Mrk 279,STIS,,oeoe13l3q_x1d.fits,0.078,ok
Mrk 279,STIS,,oeoe14030_sx1.fits,0.081,ok
Mrk 279,STIS,,oeoe14040_sx1.fits,0.081,ok
Mrk 279,STIS,,oeoe14ptq_x1d.fits,0.078,ok
Mrk 279,STIS,,oeoe14pwq_x1d.fits,0.078,ok
Mrk 279,STIS,,oeoe15030_sx1.fits,0.081,ok
Mrk 279,STIS,,oeoe15040_sx1.fits,0.081,ok
Mrk 279,STIS,,oeoe15xkq_x1d.fits,0.078,ok
Mrk 279,STIS,,oeoe15xnq_x1d.fits,0.078,ok
Mrk 279,STIS,,oeoe16030_sx1.fits,0.081,ok
Mrk 279,STIS,,oeoe16040_sx1.fits,0.081,ok
Mrk 279,STIS,,oeoe16bzq_x1d.fits,0.078,ok
Mrk 279,STIS,,oeoe16c2q_x1d.fits,0.078,ok
Mrk 279,STIS,,oeoe17030_sx1.fits,0.081,ok
Mrk 279,STIS,,oeoe17040_sx1.fits,0.081,ok
Mrk 279,STIS,,oeoe17fqq_x1d.fits,0.078,ok
Mrk 279,STIS,,oeoe17ftq_x1d.fits,0.078,ok
Mrk 279,STIS,,oeoe18030_sx1.fits,0.081,ok
Mrk 279,STIS,,oeoe18040_sx1.fits,0.081,ok
Mrk 279,STIS,,oeoe18mqq_x1d.fits,0.078,ok
Mrk 279,STIS,,oeoe18mtq_x1d.fits,0.078,ok
Mrk 279,STIS,,oeoe19040_sx1.fits,0.081,ok
Mrk 279,STIS,,oeoe20030_sx1.fits,0.081,ok
Mrk 279,STIS,,oeoe20040_sx1.fits,0.081,ok
Mrk 279,STIS,,oeoe20faq_x1d.fits,0.078,ok
Mrk 279,STIS,,oeoe20fdq_x1d.fits,0.078,ok
Mrk 279,STIS,,oeoe21030_sx1.fits,0.081,ok
Mrk 279,STIS,,oeoe21040_sx1.fits,0.081,ok
Mrk 279,STIS,,oeoe21ihq_x1d.fits,0.078,ok
Mrk 279,STIS,,oeoe21ikq_x1d.fits,0.078,ok
Mrk 279,STIS,,oeoe22030_sx1.fits,0.081,ok
Mrk 279,STIS,,oeoe22040_sx1.fits,0.081,ok
Mrk 279,STIS,,oeoe22q1q_x1d.fits,0.078,ok
Mrk 279,STIS,,oeoe22q4q_x1d.fits,0.078,ok
Mrk 279,STIS,,oeoe23030_sx1.fits,0.081,ok
Mrk 279,STIS,,oeoe23040_sx1.fits,0.081,ok
Mrk 279,STIS,,oeoe23wpq_x1d.fits,0.078,ok
Mrk 279,STIS,,oeoe23wsq_x1d.fits,0.078,ok
Mrk 279,STIS,,oeoe24030_sx1.fits,0.081,ok
Mrk 279,STIS,,oeoe24040_sx1.fits,0.081,ok
Mrk 279,STIS,,oeoe24d6q_x1d.fits,0.078,ok
Mrk 279,STIS,,oeoe24d9q_x1d.fits,0.078,ok
Mrk 279,STIS,,oeoe25010_x1d.fits,0.078,ok
Mrk 279,STIS,,oeoe25020_x1d.fits,0.078,ok
Mrk 279,STIS,,oeoe25030_sx1.fits,0.081,ok
Mrk 279,STIS,,oeoe25040_sx1.fits,0.081,ok
Mrk 279,STIS,,oeoe26030_sx1.fits,0.081,ok
Mrk 279,STIS,,oeoe26040_sx1.fits,0.081,ok
Mrk 279,STIS,,oeoe26ppq_x1d.fits,0.078,ok
Mrk 279,STIS,,oeoe26psq_x1d.fits,0.078,ok
Mrk 279,STIS,,oeoe27030_sx1.fits,0.081,ok
Mrk 279,STIS,,oeoe27040_sx1.fits,0.081,ok
Mrk 279,STIS,,oeoe27ceq_x1d.fits,0.078,ok
Mrk 279,STIS,,oeoe27chq_x1d.fits,0.078,ok
Mrk 279,STIS,,oeoe28030_sx1.fits,0.081,ok
Mrk 279,STIS,,oeoe28040_sx1.fits,0.081,ok
Mrk 279,STIS,,oeoe28ieq_x1d.fits,0.078,ok
Mrk 279,STIS,,oeoe28ihq_x1d.fits,0.078,ok
Mrk 279,STIS,,oeoe29030_sx1.fits,0.081,ok
Mrk 279,STIS,,oeoe29040_sx1.fits,0.081,ok
Mrk 279,STIS,,oeoe29m6q_x1d.fits,0.078,ok
Mrk 279,STIS,,oeoe29m9q_x1d.fits,0.078,ok
Mrk 279,STIS,,oeoe30030_sx1.fits,0.081,ok
Mrk 279,STIS,,oeoe30040_sx1.fits,0.081,ok
Mrk 279,STIS,,oeoe30qfq_x1d.fits,0.078,ok
Mrk 279,STIS,,oeoe30qiq_x1d.fits,0.078,ok
Mrk 279,STIS,,oeoe31030_sx1.fits,0.081,ok
Mrk 279,STIS,,oeoe31040_sx1.fits,0.081,ok
Mrk 279,STIS,,oeoe31v7q_x1d.fits,0.078,ok
Mrk 279,STIS,,oeoe31vaq_x1d.fits,0.078,ok
Mrk 279,STIS,,oeoe32030_sx1.fits,0.081,ok
Mrk 279,STIS,,oeoe32040_sx1.fits,0.081,ok
Mrk 279,STIS,,oeoe32bcq_x1d.fits,0.078,ok
Mrk 279,STIS,,oeoe32bfq_x1d.fits,0.078,ok
Mrk 279,STIS,,oeoe33030_sx1.fits,0.081,ok
Mrk 279,STIS,,oeoe33040_sx1.fits,0.081,ok
Mrk 279,STIS,,oeoe33ipq_x1d.fits,0.078,ok
Mrk 279,STIS,,oeoe33isq_x1d.fits,0.078,ok
Mrk 279,STIS,,oeoe34030_sx1.fits,0.081,ok
Mrk 279,STIS,,oeoe34040_sx1.fits,0.081,ok
Mrk 279,STIS,,oeoe34cfq_x1d.fits,0.078,ok
Mrk 279,STIS,,oeoe34ciq_x1d.fits,0.078,ok
Mrk 279,STIS,,oeoe35030_sx1.fits,0.081,ok
Mrk 279,STIS,,oeoe35040_sx1.fits,0.081,ok
Mrk 279,STIS,,oeoe35leq_x1d.fits,0.078,ok
Mrk 279,STIS,,oeoe35lhq_x1d.fits,0.078,ok
Mrk 279,STIS,,oeoe36030_sx1.fits,0.081,ok
Mrk 279,STIS,,oeoe36040_sx1.fits,0.081,ok
Mrk 279,STIS,,oeoe36tyq_x1d.fits,0.078,ok
Mrk 279,STIS,,oeoe36u1q_x1d.fits,0.078,ok
Mrk 279,STIS,,oeoe37030_sx1.fits,0.081,ok
Mrk 279,STIS,,oeoe37040_sx1.fits,0.081,ok
Mrk 279,STIS,,oeoe37xuq_x1d.fits,0.078,ok
Mrk 279,STIS,,oeoe37xxq_x1d.fits,0.078,ok
Mrk 279,STIS,,oeoe38030_sx1.fits,0.081,ok
Mrk 279,STIS,,oeoe38040_sx1.fits,0.081,ok
Mrk 279,STIS,,oeoe38k1q_x1d.fits,0.078,ok
Mrk 279,STIS,,oeoe38k4q_x1d.fits,0.078,ok
Mrk 279,STIS,,oeoe40030_sx1.fits,0.081,ok
Mrk 279,STIS,,oeoe40040_sx1.fits,0.081,ok
Mrk 279,STIS,,oeoe40t3q_x1d.fits,0.078,ok
Mrk 279,STIS,,oeoe40t6q_x1d.fits,0.078,ok
Mrk 279,STIS,,oeoe41030_sx1.fits,0.081,ok
Mrk 279,STIS,,oeoe41040_sx1.fits,0.081,ok
Mrk 279,STIS,,oeoe41cxq_x1d.fits,0.078,ok
Mrk 279,STIS,,oeoe41d0q_x1d.fits,0.078,ok
Mrk 279,STIS,,oeoe42030_sx1.fits,0.081,ok
Mrk 279,STIS,,oeoe42040_sx1.fits,0.081,ok
Mrk 279,STIS,,oeoe42gyq_x1d.fits,0.078,ok
Mrk 279,STIS,,oeoe42h1q_x1d.fits,0.078,ok
Mrk 279,STIS,,oeoe44030_sx1.fits,0.081,ok
Mrk 279,STIS,,oeoe44040_sx1.fits,0.081,ok
Mrk 279,STIS,,oeoe44s9q_x1d.fits,0.078,ok
Mrk 279,STIS,,oeoe44scq_x1d.fits,0.078,ok
Mrk 279,STIS,,oeoe45030_sx1.fits,0.081,ok
Mrk 279,STIS,,oeoe45040_sx1.fits,0.081,ok
Mrk 279,STIS,,oeoe45y6q_x1d.fits,0.078,ok
Mrk 279,STIS,,oeoe45y9q_x1d.fits,0.078,ok
Mrk 279,STIS,,oeoe46040_sx1.fits,0.081,ok
Mrk 279,STIS,,oeoe47030_sx1.fits,0.081,ok
Mrk 279,STIS,,oeoe47040_sx1.fits,0.081,ok
Mrk 279,STIS,,oeoe47gwq_x1d.fits,0.078,ok
Mrk 279,STIS,,oeoe47gzq_x1d.fits,0.078,ok
Mrk 279,STIS,,oeoe48030_sx1.fits,0.081,ok
Mrk 279,STIS,,oeoe48040_sx1.fits,0.081,ok
Mrk 279,STIS,,oeoe48leq_x1d.fits,0.078,ok
Mrk 279,STIS,,oeoe48lhq_x1d.fits,0.078,ok
Mrk 279,STIS,,oeoe49030_sx1.fits,0.081,ok
Mrk 279,STIS,,oeoe49040_sx1.fits,0.081,ok
Mrk 279,STIS,,oeoe49rtq_x1d.fits,0.078,ok
Mrk 279,STIS,,oeoe49rwq_x1d.fits,0.078,ok
Mrk 279,STIS,,oeoe50010_x1d.fits,0.078,ok
Mrk 279,STIS,,oeoe50020_x1d.fits,0.078,ok
Mrk 279,STIS,,oeoe50030_sx1.fits,0.081,ok
Mrk 279,STIS,,oeoe50040_sx1.fits,0.081,ok
Mrk 279,STIS,,oeoe51030_sx1.fits,0.081,ok
Mrk 279,STIS,,oeoe51040_sx1.fits,0.081,ok
Mrk 279,STIS,,oeoe51cdq_x1d.fits,0.078,ok
Mrk 279,STIS,,oeoe51cgq_x1d.fits,0.078,ok
Mrk 279,STIS,,oeoe52010_x1d.fits,0.078,ok
Mrk 279,STIS,,oeoe52020_x1d.fits,0.078,ok
Mrk 279,STIS,,oeoe52030_sx1.fits,0.081,ok
Mrk 279,STIS,,oeoe52040_sx1.fits,0.081,ok
Mrk 279,STIS,,oeoe53030_sx1.fits,0.081,ok
Mrk 279,STIS,,oeoe53040_sx1.fits,0.081,ok
Mrk 279,STIS,,oeoe53eqq_x1d.fits,0.078,ok
Mrk 279,STIS,,oeoe53etq_x1d.fits,0.078,ok
Mrk 279,STIS,,oeoe54030_sx1.fits,0.081,ok
Mrk 279,STIS,,oeoe54040_sx1.fits,0.081,ok
Mrk 279,STIS,,oeoe54ibq_x1d.fits,0.078,ok
Mrk 279,STIS,,oeoe54ieq_x1d.fits,0.078,ok
Mrk 279,STIS,,oeoe55030_sx1.fits,0.081,ok
Mrk 279,STIS,,oeoe55040_sx1.fits,0.081,ok
Mrk 279,STIS,,oeoe55nnq_x1d.fits,0.078,ok
Mrk 279,STIS,,oeoe55nqq_x1d.fits,0.078,ok
Mrk 279,STIS,,oeoe56030_sx1.fits,0.081,ok
Mrk 279,STIS,,oeoe56040_sx1.fits,0.081,ok
Mrk 279,STIS,,oeoe56siq_x1d.fits,0.078,ok
Mrk 279,STIS,,oeoe56slq_x1d.fits,0.078,ok
Mrk 290,COS,,lb4q02010_x1dsum.fits,1.944,ok
Mrk 290,COS,,lb4q02020_x1dsum.fits,1.944,ok
Mrk 290,COS,,lb4q02030_x1dsum.fits,1.944,ok
Mrk 290,COS,,lb4q02040_x1dsum.fits,1.944,ok
Mrk 290,COS,,lb4q02050_x1dsum.fits,1.947,ok
Mrk 290,COS,,lb4q02060_x1dsum.fits,1.944,ok
Mrk 290,COS,,lb4q02070_x1dsum.fits,1.944,ok
Mrk 290,COS,,lb4q02080_x1dsum.fits,1.944,ok
Mrk 290,COS,,lb4q02opq_x1d.fits,3.39,ok
Mrk 290,COS,,lb4q02ovq_x1d.fits,3.39,ok
Mrk 290,COS,,lb4q02oxq_x1d.fits,3.39,ok
Mrk 290,COS,,lb4q02p2q_x1d.fits,3.39,ok
Mrk 290,COS,,lb4q02p8q_x1d.fits,3.39,ok
Mrk 290,COS,,lb4q02pbq_x1d.fits,3.39,ok
Mrk 290,COS,,lb4q02pgq_x1d.fits,3.39,ok
Mrk 290,COS,,lb4q02pqq_x1d.fits,3.39,ok
Mrk 290,STIS,,o5dy01010_x1d.fits,2.629,ok
Mrk 290,STIS,,o5dy01020_x1d.fits,7.836,ok
Mrk 290,STIS,,o5dy02010_x1d.fits,2.704,ok
Mrk 290,STIS,,o5dy02020_x1d.fits,8.061,ok
Mrk 290,STIS,,o5dy03010_x1d.fits,2.704,ok
Mrk 290,STIS,,o5dy03020_x1d.fits,8.061,ok
Mrk 335,COS,,lb4q05010_x1dsum.fits,1.944,ok
Mrk 335,COS,,lb4q05020_x1dsum.fits,1.944,ok
Mrk 335,COS,,lb4q05030_x1dsum.fits,1.944,ok
Mrk 335,COS,,lb4q05040_x1dsum.fits,1.944,ok
Mrk 335,COS,,lb4q05hlq_x1d.fits,3.39,ok
Mrk 335,COS,,lb4q05hnq_x1d.fits,3.39,ok
Mrk 335,COS,,lb4q05hpq_x1d.fits,3.39,ok
Mrk 335,COS,,lb4q05hrq_x1d.fits,3.39,ok
Mrk 335,COS,,lb4q06010_x1dsum.fits,1.944,ok
Mrk 335,COS,,lb4q06020_x1dsum.fits,1.944,ok
Mrk 335,COS,,lb4q06030_x1dsum.fits,1.944,ok
Mrk 335,COS,,lb4q06040_x1dsum.fits,1.944,ok
Mrk 335,COS,,lb4q06050_x1dsum.fits,1.814,ok
Mrk 335,COS,,lb4q06060_x1dsum.fits,1.944,ok
Mrk 335,COS,,lb4q06070_x1dsum.fits,1.944,ok
Mrk 335,COS,,lb4q06080_x1dsum.fits,1.944,ok
Mrk 335,COS,,lb4q06c5q_x1d.fits,3.39,ok
Mrk 335,COS,,lb4q06c7q_x1d.fits,3.39,ok
Mrk 335,COS,,lb4q06c9q_x1d.fits,3.39,ok
Mrk 335,COS,,lb4q06ccq_x1d.fits,3.39,ok
Mrk 335,COS,,lb4q06cwq_x1d.fits,3.39,ok
Mrk 335,COS,,lb4q06cyq_x1d.fits,3.39,ok
Mrk 335,COS,,lb4q06d0q_x1d.fits,3.39,ok
Mrk 335,COS,,lb4q06d2q_x1d.fits,3.39,ok
Mrk 335,COS,,lb4q06dcq_x1d.fits,3.39,ok
Mrk 335,COS,,lckg01010_x1dsum.fits,1.944,ok
Mrk 335,COS,,lckg01020_x1dsum.fits,1.944,ok
Mrk 335,COS,,lckg01030_x1dsum.fits,1.814,ok
Mrk 335,COS,,lckg01040_x1dsum.fits,1.944,ok
Mrk 335,COS,,lckg01050_x1dsum.fits,1.814,ok
Mrk 335,COS,,lckg01060_x1dsum.fits,1.814,ok
Mrk 335,COS,,lckg01070_x1dsum.fits,1.814,ok
Mrk 335,COS,,lckg01bzq_x1d.fits,3.39,ok
Mrk 335,COS,,lckg01c1q_x1d.fits,3.39,ok
Mrk 335,COS,,lckg01c4q_x1d.fits,3.39,ok
Mrk 335,COS,,lckg01c6q_x1d.fits,3.39,ok
Mrk 335,COS,,lckg01ceq_x1d.fits,3.39,ok
Mrk 335,COS,,lckg01clq_x1d.fits,3.39,ok
Mrk 335,COS,,lckg01cnq_x1d.fits,3.39,ok
Mrk 335,COS,,lckg01cpq_x1d.fits,3.39,ok
Mrk 335,COS,,lckg01csq_x1d.fits,3.39,ok
Mrk 335,COS,,lckg01czq_x1d.fits,3.39,ok
Mrk 335,COS,,lckg01d4q_x1d.fits,3.39,ok
Mrk 335,COS,,lckg01d9q_x1d.fits,3.39,ok
Mrk 335,COS,,lckg01dcq_x1d.fits,3.39,ok
Mrk 335,COS,,lckg02010_x1dsum.fits,1.814,ok
Mrk 335,COS,,lckg02q3q_x1d.fits,3.39,ok
Mrk 335,COS,,lckg02qtq_x1d.fits,3.39,ok
Mrk 335,COS,,lckg02qvq_x1d.fits,3.39,ok
Mrk 335,COS,,lckg02qzq_x1d.fits,3.39,ok
Mrk 335,COS,,lckg02r1q_x1d.fits,3.39,ok
Mrk 335,COS,,lckg02rjq_x1d.fits,3.39,ok
Mrk 335,COS,,lckg02rmq_x1d.fits,3.39,ok
Mrk 335,COS,,lckg02rpq_x1d.fits,3.39,ok
Mrk 335,COS,,ldrv01010_x1dsum.fits,1.817,ok
Mrk 335,COS,,ldrv01020_x1dsum.fits,1.814,ok
Mrk 335,COS,,ldrv01e1q_x1d.fits,3.39,ok
Mrk 335,COS,,ldrv01e8q_x1d.fits,3.39,ok
Mrk 335,COS,,ldrv01evq_x1d.fits,3.39,ok
Mrk 335,COS,,ldrv01f0q_x1d.fits,3.39,ok
Mrk 335,COS,,ldrv01f6q_x1d.fits,3.39,ok
Mrk 335,COS,,ldrv01f8q_x1d.fits,3.39,ok
Mrk 335,STIS,,o8n504010_x1d.fits,1.757,ok
Mrk 335,STIS,,o8n504020_x1d.fits,1.757,ok
Mrk 335,STIS,,o8n504030_x1d.fits,1.757,ok
Mrk 335,STIS,,o8n505010_x1d.fits,1.757,ok
Mrk 335,STIS,,o8n505020_x1d.fits,1.757,ok
Mrk 335,STIS,,o8n505030_x1d.fits,1.757,ok
Mrk 335,STIS,,o8n505040_x1d.fits,1.757,ok
Mrk 335,FOS,,y29e0202t_c0f.fits,0.078,ok
Mrk 335,FOS,,y29e0202t_c1f.fits,0.078,ok
Mrk 335,FOS,,y29e0202t_c2f.fits,0.078,ok
Mrk 335,FOS,,y29e0202t_c4f.fits,0.078,ok
Mrk 335,FOS,,y29e0202t_c5f.fits,0.078,ok
Mrk 335,FOS,,y29e0202t_c7f.fits,0.078,ok
Mrk 335,FOS,,y29e0203t_c0f.fits,0.06,ok
Mrk 335,FOS,,y29e0203t_c1f.fits,0.06,ok
Mrk 335,FOS,,y29e0203t_c2f.fits,0.06,ok
Mrk 335,FOS,,y29e0203t_c4f.fits,0.06,ok
Mrk 335,FOS,,y29e0203t_c5f.fits,0.06,ok
Mrk 335,FOS,,y29e0203t_c7f.fits,0.06,ok
Mrk 335,FOS,,y29e0204t_c0f.fits,0.069,ok
Mrk 335,FOS,,y29e0204t_c1f.fits,0.069,ok
Mrk 335,FOS,,y29e0204t_c2f.fits,0.069,ok
Mrk 335,FOS,,y29e0204t_c4f.fits,0.069,ok
Mrk 335,FOS,,y29e0204t_c5f.fits,0.069,ok
Mrk 335,FOS,,y29e0204t_c7f.fits,0.069,ok
Mrk 335,FOS,,y29e0205t_c0f.fits,0.043,ok
Mrk 335,FOS,,y29e0205t_c1f.fits,0.043,ok
Mrk 335,FOS,,y29e0205t_c2f.fits,0.043,ok
Mrk 335,FOS,,y29e0205t_c4f.fits,0.043,ok
Mrk 335,FOS,,y29e0205t_c5f.fits,0.043,ok
Mrk 335,FOS,,y29e0205t_c7f.fits,0.043,ok
Mrk 335,FOS,,y29e0206t_c0f.fits,0.043,ok
Mrk 335,FOS,,y29e0206t_c1f.fits,0.043,ok
Mrk 335,FOS,,y29e0206t_c2f.fits,0.043,ok
Mrk 335,FOS,,y29e0206t_c4f.fits,0.043,ok
Mrk 335,FOS,,y29e0206t_c5f.fits,0.043,ok
Mrk 335,FOS,,y29e0206t_c7f.fits,0.043,ok
Mrk 335,FOS,,y2gq0301t_c0f.fits,0.043,ok
Mrk 335,FOS,,y2gq0301t_c1f.fits,0.043,ok
Mrk 335,FOS,,y2gq0301t_c2f.fits,0.043,ok
Mrk 335,FOS,,y2gq0301t_c4f.fits,0.043,ok
Mrk 335,FOS,,y2gq0301t_c5f.fits,0.043,ok
Mrk 335,FOS,,y2gq0301t_c7f.fits,0.043,ok
Mrk 352,COS,,lcxv07050_x1dsum.fits,1.814,ok
Mrk 352,COS,,lcxv07060_x1dsum.fits,1.814,ok
Mrk 352,COS,,lcxv07070_x1dsum.fits,1.814,ok
Mrk 352,COS,,lcxv07080_x1dsum.fits,1.814,ok
Mrk 352,COS,,lcxv07noq_x1d.fits,3.39,ok
Mrk 352,COS,,lcxv07nrq_x1d.fits,3.39,ok
Mrk 352,COS,,lcxv07nwq_x1d.fits,3.39,ok
Mrk 352,COS,,lcxv07o2q_x1d.fits,3.39,ok
Mrk 352,COS,,lcxv07o6q_x1d.fits,3.39,ok
Mrk 352,COS,,lcxv07oaq_x1d.fits,3.39,ok
Mrk 352,COS,,lcxv07oeq_x1d.fits,3.39,ok
Mrk 352,COS,,lcxv07ojq_x1d.fits,3.39,ok
Mrk 352,COS,,lcxv07opq_x1d.fits,3.39,ok
Mrk 352,COS,,lcxv07otq_x1d.fits,3.39,ok
Mrk 352,COS,,lcxv07oxq_x1d.fits,3.39,ok
Mrk 352,COS,,lcxv07p2q_x1d.fits,3.39,ok
Mrk 352,COS,,lcxv07pbq_x1d.fits,3.39,ok
Mrk 352,COS,,lcxv07pfq_x1d.fits,3.39,ok
Mrk 352,COS,,lcxv07pkq_x1d.fits,3.39,ok
Mrk 352,COS,,lcxv07ptq_x1d.fits,3.39,ok
Mrk 40,STIS,,oc1501010_x1d.fits,0.081,ok
Mrk 40,STIS,,oc1501020_x1d.fits,0.081,ok
Mrk 40,STIS,,oc1501030_x1d.fits,0.081,ok
Mrk 40,STIS,,oc1501040_x1d.fits,0.078,ok
Mrk 40,STIS,,oc1501050_x1d.fits,0.078,ok
Mrk 40,STIS,,oc1501060_x1d.fits,0.078,ok
Mrk 40,STIS,,oc1501070_x1d.fits,0.078,ok
Mrk 40,STIS,,oc1501080_x1d.fits,0.078,ok
Mrk 478,COS,,lbp416010_x1dsum.fits,1.814,ok
Mrk 478,COS,,lbp416020_x1dsum.fits,1.814,ok
Mrk 478,COS,,lbp416a3q_x1d.fits,3.39,ok
Mrk 478,COS,,lbp416a5q_x1d.fits,3.39,ok
Mrk 478,COS,,lbp416a8q_x1d.fits,3.39,ok
Mrk 478,COS,,lbp416aaq_x1d.fits,3.39,ok
Mrk 478,STIS,,o4ec14010_x1d.fits,0.078,ok
Mrk 478,STIS,,o4ec14020_x1d.fits,0.078,ok
Mrk 478,STIS,,o4ec14030_x1d.fits,0.078,ok
Mrk 478,STIS,,o4ec14040_x1d.fits,0.078,ok
Mrk 478,STIS,,o4ec14050_x1d.fits,0.078,ok
Mrk 478,STIS,,o4ec14060_x1d.fits,0.078,ok
Mrk 478,STIS,,o6ct37010_sx1.fits,0.081,ok
Mrk 478,STIS,,of9m11010_x1d.fits,0.078,ok
Mrk 478,STIS,,of9m11020_x1d.fits,0.078,ok
Mrk 478,STIS,,of9m11030_x1d.fits,0.078,ok
Mrk 478,FOS,,y1hk0l02t_c0f.fits,0.075,ok
Mrk 478,FOS,,y1hk0l02t_c1f.fits,0.075,ok
Mrk 478,FOS,,y1hk0l02t_c2f.fits,0.075,ok
Mrk 478,FOS,,y1hk0l02t_c4f.fits,0.075,ok
Mrk 478,FOS,,y1hk0l02t_c5f.fits,0.075,ok
Mrk 478,FOS,,y1hk0l02t_c7f.fits,0.075,ok
Mrk 478,FOS,,y38o1402t_c0f.fits,0.043,ok
Mrk 478,FOS,,y38o1402t_c1f.fits,0.043,ok
Mrk 478,FOS,,y38o1402t_c2f.fits,0.043,ok
Mrk 478,FOS,,y38o1402t_c4f.fits,0.043,ok
Mrk 478,FOS,,y38o1402t_c5f.fits,0.043,ok
Mrk 478,FOS,,y38o1402t_c7f.fits,0.043,ok
Mrk 478,FOS,,y38o1403t_c0f.fits,0.095,ok
Mrk 478,FOS,,y38o1403t_c1f.fits,0.095,ok
Mrk 478,FOS,,y38o1403t_c2f.fits,0.095,ok
Mrk 478,FOS,,y38o1403t_c4f.fits,0.095,ok
Mrk 478,FOS,,y38o1403t_c5f.fits,0.095,ok
Mrk 478,FOS,,y38o1403t_c7f.fits,0.095,ok
Mrk 478,FOS,,y38o1404t_c0f.fits,0.043,ok
Mrk 478,FOS,,y38o1404t_c1f.fits,0.043,ok
Mrk 478,FOS,,y38o1404t_c2f.fits,0.043,ok
Mrk 478,FOS,,y38o1404t_c4f.fits,0.043,ok
Mrk 478,FOS,,y38o1404t_c5f.fits,0.043,ok
Mrk 478,FOS,,y38o1404t_c7f.fits,0.043,ok
Mrk 478,FOS,,y38o1405t_c0f.fits,0.101,ok
Mrk 478,FOS,,y38o1405t_c1f.fits,0.101,ok
Mrk 478,FOS,,y38o1405t_c2f.fits,0.101,ok
Mrk 478,FOS,,y38o1405t_c4f.fits,0.101,ok
Mrk 478,FOS,,y38o1405t_c5f.fits,0.101,ok
Mrk 478,FOS,,y38o1405t_c7f.fits,0.101,ok
Mrk 486,COS,,lbi607010_x1dsum.fits,1.944,ok
Mrk 486,COS,,lbi607020_x1dsum.fits,1.814,ok
Mrk 486,COS,,lbi607tnq_x1d.fits,3.39,ok
Mrk 486,COS,,lbi607tuq_x1d.fits,3.39,ok
Mrk 486,COS,,lbi607tyq_x1d.fits,3.39,ok
Mrk 486,FOS,,y1el0302t_c0f.fits,0.167,ok
Mrk 486,FOS,,y1el0302t_c1f.fits,0.167,ok
Mrk 486,FOS,,y1el0302t_c2f.fits,0.167,ok
Mrk 486,FOS,,y1el0302t_c3f.fits,0.513,ok
Mrk 486,FOS,,y1el0302t_c4f.fits,0.167,ok
Mrk 486,FOS,,y1el0302t_c5f.fits,0.167,ok
Mrk 486,FOS,,y1el0302t_c7f.fits,0.167,ok
Mrk 486,FOS,,y1el0303t_c0f.fits,0.167,ok
Mrk 486,FOS,,y1el0303t_c1f.fits,0.167,ok
Mrk 486,FOS,,y1el0303t_c2f.fits,0.167,ok
Mrk 486,FOS,,y1el0303t_c3f.fits,0.513,ok
Mrk 486,FOS,,y1el0303t_c4f.fits,0.167,ok
Mrk 486,FOS,,y1el0303t_c5f.fits,0.167,ok
Mrk 486,FOS,,y1el0303t_c7f.fits,0.167,ok
Mrk 486,FOS,,y1el0304t_c0f.fits,0.167,ok
Mrk 486,FOS,,y1el0304t_c1f.fits,0.167,ok
Mrk 486,FOS,,y1el0304t_c2f.fits,0.167,ok
Mrk 486,FOS,,y1el0304t_c3f.fits,0.513,ok
Mrk 486,FOS,,y1el0304t_c4f.fits,0.167,ok
Mrk 486,FOS,,y1el0304t_c5f.fits,0.167,ok
Mrk 486,FOS,,y1el0304t_c7f.fits,0.167,ok
Mrk 493,STIS,,o92x16010_x1d.fits,0.081,ok
Mrk 493,STIS,,o92x16020_x1d.fits,0.081,ok
Mrk 493,STIS,,o92x16030_x1d.fits,0.081,ok
Mrk 493,STIS,,od5u01010_x1d.fits,0.081,ok
Mrk 493,STIS,,od5u01020_x1d.fits,0.081,ok
Mrk 493,STIS,,od5u01030_x1d.fits,0.081,ok
Mrk 493,STIS,,od5u01040_x1d.fits,0.081,ok
Mrk 493,STIS,,od5u01050_x1d.fits,0.081,ok
Mrk 493,STIS,,od5u01060_x1d.fits,0.081,ok
Mrk 493,STIS,,od5u01070_x1d.fits,0.081,ok
Mrk 493,STIS,,od5u01080_x1d.fits,0.081,ok
Mrk 493,STIS,,od5u01090_x1d.fits,0.081,ok
Mrk 493,STIS,,od5u010a0_x1d.fits,0.081,ok
Mrk 493,STIS,,od5u010b0_x1d.fits,0.081,ok
Mrk 493,STIS,,od5u010c0_x1d.fits,0.081,ok
Mrk 493,STIS,,od5u010d0_x1d.fits,0.081,ok
Mrk 493,STIS,,od5u010e0_x1d.fits,0.081,ok
Mrk 493,STIS,,od5u02010_x1d.fits,0.078,ok
Mrk 493,STIS,,od5u02020_x1d.fits,0.078,ok
Mrk 493,STIS,,od5u02030_x1d.fits,0.078,ok
Mrk 493,STIS,,od5u02040_x1d.fits,0.078,ok
Mrk 493,STIS,,od5u02050_x1d.fits,0.078,ok
Mrk 493,STIS,,od5u03010_x1d.fits,0.078,ok
Mrk 493,STIS,,od5u03020_x1d.fits,0.078,ok
Mrk 493,STIS,,od5u03030_x1d.fits,0.078,ok
Mrk 493,STIS,,od5u03040_x1d.fits,0.078,ok
Mrk 493,STIS,,od5u03050_x1d.fits,0.078,ok
Mrk 493,FOS,,y3790302t_c0f.fits,0.086,ok
Mrk 493,FOS,,y3790302t_c1f.fits,0.086,ok
Mrk 493,FOS,,y3790302t_c2f.fits,0.086,ok
Mrk 493,FOS,,y3790302t_c4f.fits,0.086,ok
Mrk 493,FOS,,y3790302t_c5f.fits,0.086,ok
Mrk 493,FOS,,y3790302t_c7f.fits,0.086,ok
Mrk 493,FOS,,y3790303t_c0f.fits,0.101,ok
Mrk 493,FOS,,y3790303t_c1f.fits,0.101,ok
Mrk 493,FOS,,y3790303t_c2f.fits,0.101,ok
Mrk 493,FOS,,y3790303t_c4f.fits,0.101,ok
Mrk 493,FOS,,y3790303t_c5f.fits,0.101,ok
Mrk 493,FOS,,y3790303t_c7f.fits,0.101,ok
Mrk 493,FOS,,y3790304t_c0f.fits,0.043,ok
Mrk 493,FOS,,y3790304t_c1f.fits,0.043,ok
Mrk 493,FOS,,y3790304t_c2f.fits,0.043,ok
Mrk 493,FOS,,y3790304t_c4f.fits,0.043,ok
Mrk 493,FOS,,y3790304t_c5f.fits,0.043,ok
Mrk 493,FOS,,y3790304t_c7f.fits,0.043,ok
Mrk 493,FOS,,y3790305t_c0f.fits,0.138,ok
Mrk 493,FOS,,y3790305t_c1f.fits,0.138,ok
Mrk 493,FOS,,y3790305t_c2f.fits,0.138,ok
Mrk 493,FOS,,y3790305t_c4f.fits,0.138,ok
Mrk 493,FOS,,y3790305t_c5f.fits,0.138,ok
Mrk 493,FOS,,y3790305t_c7f.fits,0.138,ok
Mrk 493,FOS,,y3790306t_c0f.fits,0.069,ok
Mrk 493,FOS,,y3790306t_c1f.fits,0.069,ok
Mrk 493,FOS,,y3790306t_c2f.fits,0.069,ok
Mrk 493,FOS,,y3790306t_c4f.fits,0.069,ok
Mrk 493,FOS,,y3790306t_c5f.fits,0.069,ok
Mrk 493,FOS,,y3790306t_c7f.fits,0.069,ok
Mrk 493,FOS,,y3790307t_c0f.fits,0.121,ok
Mrk 493,FOS,,y3790307t_c1f.fits,0.121,ok
Mrk 493,FOS,,y3790307t_c2f.fits,0.121,ok
Mrk 493,FOS,,y3790307t_c4f.fits,0.121,ok
Mrk 493,FOS,,y3790307t_c5f.fits,0.121,ok
Mrk 493,FOS,,y3790307t_c7f.fits,0.121,ok
Mrk 493,FOS,,y3790308t_c0f.fits,0.101,ok
Mrk 493,FOS,,y3790308t_c1f.fits,0.101,ok
Mrk 493,FOS,,y3790308t_c2f.fits,0.101,ok
Mrk 493,FOS,,y3790308t_c4f.fits,0.101,ok
Mrk 493,FOS,,y3790308t_c5f.fits,0.101,ok
Mrk 493,FOS,,y3790308t_c7f.fits,0.101,ok
Mrk 50,STIS,,oc1502010_x1d.fits,0.081,ok
Mrk 50,STIS,,oc1502020_x1d.fits,0.081,ok
Mrk 50,STIS,,oc1502030_x1d.fits,0.081,ok
Mrk 50,STIS,,oc1502040_x1d.fits,0.078,ok
Mrk 50,STIS,,oc1502050_x1d.fits,0.078,ok
Mrk 50,STIS,,oc1502060_x1d.fits,0.078,ok
Mrk 50,STIS,,oc1502070_x1d.fits,0.078,ok
Mrk 509,COS,,lbdh01010_x1dsum.fits,1.944,ok
Mrk 509,COS,,lbdh01020_x1dsum.fits,1.944,ok
Mrk 509,COS,,lbdh01030_x1dsum.fits,1.817,ok
Mrk 509,COS,,lbdh01040_x1dsum.fits,1.944,ok
Mrk 509,COS,,lbdh01smq_x1d.fits,3.39,ok
Mrk 509,COS,,lbdh01srq_x1d.fits,3.39,ok
Mrk 509,COS,,lbdh01stq_x1d.fits,3.39,ok
Mrk 509,COS,,lbdh01svq_x1d.fits,3.39,ok
Mrk 509,COS,,lbdh01sxq_x1d.fits,3.39,ok
Mrk 509,COS,,lbdh02010_x1dsum.fits,1.944,ok
Mrk 509,COS,,lbdh02020_x1dsum.fits,1.944,ok
Mrk 509,COS,,lbdh02030_x1dsum.fits,1.947,ok
Mrk 509,COS,,lbdh02040_x1dsum.fits,1.814,ok
Mrk 509,COS,,lbdh02wrq_x1d.fits,3.39,ok
Mrk 509,COS,,lbdh02wyq_x1d.fits,3.39,ok
Mrk 509,COS,,lbdh02x0q_x1d.fits,3.39,ok
Mrk 509,COS,,lbdh02x2q_x1d.fits,3.39,ok
Mrk 509,COS,,lbdh02x4q_x1d.fits,3.39,ok
Mrk 509,COS,,lc0t01010_x1dsum.fits,1.814,ok
Mrk 509,COS,,lc0t01020_x1dsum.fits,1.814,ok
Mrk 509,COS,,lc0t01030_x1dsum.fits,1.817,ok
Mrk 509,COS,,lc0t01cxq_x1d.fits,3.39,ok
Mrk 509,COS,,lc0t01czq_x1d.fits,3.39,ok
Mrk 509,COS,,lc0t01d4q_x1d.fits,3.39,ok
Mrk 509,COS,,lc0t01dgq_x1d.fits,3.39,ok
Mrk 509,COS,,lc0t01diq_x1d.fits,3.39,ok
Mrk 509,COS,,lc0t01drq_x1d.fits,3.39,ok
Mrk 509,COS,,lc0t01dwq_x1d.fits,3.39,ok
Mrk 509,COS,,lc0t01e5q_x1d.fits,3.39,ok
Mrk 509,COS,,lc0t01eaq_x1d.fits,3.39,ok
Mrk 509,COS,,lc0t02010_x1dsum.fits,1.814,ok
Mrk 509,COS,,lc0t02020_x1dsum.fits,1.814,ok
Mrk 509,COS,,lc0t02030_x1dsum.fits,1.817,ok
Mrk 509,COS,,lc0t02uaq_x1d.fits,3.39,ok
Mrk 509,COS,,lc0t02ucq_x1d.fits,3.39,ok
Mrk 509,COS,,lc0t02ueq_x1d.fits,3.39,ok
Mrk 509,COS,,lc0t02ulq_x1d.fits,3.39,ok
Mrk 509,COS,,lc0t02uoq_x1d.fits,3.39,ok
Mrk 509,COS,,lc0t02uqq_x1d.fits,3.39,ok
Mrk 509,COS,,lc0t02usq_x1d.fits,3.39,ok
Mrk 509,COS,,lc0t02uuq_x1d.fits,3.39,ok
Mrk 509,COS,,lc0t02uwq_x1d.fits,3.39,ok
Mrk 509,STIS,,o6ap01010_x1d.fits,1.716,ok
Mrk 509,STIS,,o6ap01020_x1d.fits,1.716,ok
Mrk 509,STIS,,o6ap01030_x1d.fits,1.716,ok
Mrk 509,STIS,,o6ap01040_x1d.fits,0.976,ok
Mrk 509,STIS,,obgu07010_x1d.fits,0.081,ok
Mrk 509,STIS,,obgu07020_x1d.fits,0.081,ok
Mrk 509,STIS,,obgu07030_x1d.fits,0.081,ok
Mrk 509,STIS,,odjh01010_x1d.fits,0.078,ok
Mrk 509,STIS,,odjh01020_x1d.fits,0.078,ok
Mrk 509,STIS,,odjh01030_x1d.fits,0.078,ok
Mrk 509,STIS,,odjh01040_x1d.fits,0.078,ok
Mrk 509,STIS,,odjh01050_x1d.fits,0.078,ok
Mrk 509,STIS,,odjh01060_x1d.fits,0.081,ok
Mrk 509,STIS,,odjh01070_x1d.fits,0.081,ok
Mrk 509,STIS,,odjh01080_x1d.fits,0.081,ok
Mrk 509,STIS,,odjh01090_x1d.fits,0.081,ok
Mrk 509,STIS,,odjh010a0_x1d.fits,0.081,ok
Mrk 509,STIS,,odjh010b0_x1d.fits,0.081,ok
Mrk 509,STIS,,odjh010c0_x1d.fits,0.081,ok
Mrk 509,STIS,,odjh010d0_x1d.fits,0.081,ok
Mrk 509,FOS,,y0ya0302t_c0f.fits,0.098,ok
Mrk 509,FOS,,y0ya0302t_c1f.fits,0.098,ok
Mrk 509,FOS,,y0ya0302t_c2f.fits,0.098,ok
Mrk 509,FOS,,y0ya0302t_c4f.fits,0.098,ok
Mrk 509,FOS,,y0ya0302t_c5f.fits,0.098,ok
Mrk 509,FOS,,y0ya0302t_c7f.fits,0.098,ok
Mrk 509,FOS,,y0ya0303t_c0f.fits,0.098,ok
Mrk 509,FOS,,y0ya0303t_c1f.fits,0.098,ok
Mrk 509,FOS,,y0ya0303t_c2f.fits,0.098,ok
Mrk 509,FOS,,y0ya0303t_c4f.fits,0.098,ok
Mrk 509,FOS,,y0ya0303t_c5f.fits,0.098,ok
Mrk 509,FOS,,y0ya0303t_c7f.fits,0.098,ok
Mrk 509,FOS,,y0ya0304t_c0f.fits,0.084,ok
Mrk 509,FOS,,y0ya0304t_c1f.fits,0.084,ok
Mrk 509,FOS,,y0ya0304t_c2f.fits,0.084,ok
Mrk 509,FOS,,y0ya0304t_c4f.fits,0.084,ok
Mrk 509,FOS,,y0ya0304t_c5f.fits,0.084,ok
Mrk 509,FOS,,y0ya0304t_c7f.fits,0.084,ok
Mrk 509,FOS,,y0ya0305t_c0f.fits,0.049,ok
Mrk 509,FOS,,y0ya0305t_c1f.fits,0.049,ok
Mrk 509,FOS,,y0ya0305t_c2f.fits,0.049,ok
Mrk 509,FOS,,y0ya0305t_c4f.fits,0.049,ok
Mrk 509,FOS,,y0ya0305t_c5f.fits,0.049,ok
Mrk 509,FOS,,y0ya0305t_c7f.fits,0.049,ok
Mrk 771,COS,,lbp409010_x1dsum.fits,1.814,ok
Mrk 771,COS,,lbp409020_x1dsum.fits,1.814,ok
Mrk 771,COS,,lbp409qrq_x1d.fits,3.39,ok
Mrk 771,COS,,lbp409qtq_x1d.fits,3.39,ok
Mrk 771,COS,,lbp409qwq_x1d.fits,3.39,ok
Mrk 771,COS,,lbp409qyq_x1d.fits,3.39,ok
Mrk 771,STIS,,o4ec07010_x1d.fits,0.078,ok
Mrk 771,STIS,,o4ec07020_x1d.fits,0.078,ok
Mrk 771,STIS,,o4ec07030_x1d.fits,0.078,ok
Mrk 771,STIS,,o4ec07040_x1d.fits,0.078,ok
Mrk 771,STIS,,o4n305010_x1d.fits,0.078,ok
Mrk 817,COS,,lacd01010_x1dsum.fits,1.944,ok
Mrk 817,COS,,lacd01020_x1dsum.fits,1.944,ok
Mrk 817,COS,,lacd01030_x1dsum.fits,1.944,ok
Mrk 817,COS,,lacd01040_x1dsum.fits,1.944,ok
Mrk 817,COS,,lacd01050_x1dsum.fits,1.944,ok
Mrk 817,COS,,lacd01060_x1dsum.fits,1.944,ok
Mrk 817,COS,,lacd01070_x1dsum.fits,1.944,ok
Mrk 817,COS,,lacd01080_x1dsum.fits,1.944,ok
Mrk 817,COS,,lacd01gjq_x1d.fits,3.39,ok
Mrk 817,COS,,lacd01haq_x1d.fits,3.39,ok
Mrk 817,COS,,lacd01hcq_x1d.fits,3.39,ok
Mrk 817,COS,,lacd01hfq_x1d.fits,3.39,ok
Mrk 817,COS,,lacd01hjq_x1d.fits,3.39,ok
Mrk 817,COS,,lacd01hoq_x1d.fits,3.39,ok
Mrk 817,COS,,lacd01hqq_x1d.fits,3.39,ok
Mrk 817,COS,,lacd01hsq_x1d.fits,3.39,ok
Mrk 817,COS,,lb4q01010_x1dsum.fits,1.944,ok
Mrk 817,COS,,lb4q01020_x1dsum.fits,1.944,ok
Mrk 817,COS,,lb4q01030_x1dsum.fits,1.944,ok
Mrk 817,COS,,lb4q01040_x1dsum.fits,1.944,ok
Mrk 817,COS,,lb4q01050_x1dsum.fits,1.944,ok
Mrk 817,COS,,lb4q01060_x1dsum.fits,1.944,ok
Mrk 817,COS,,lb4q01070_x1dsum.fits,1.944,ok
Mrk 817,COS,,lb4q01080_x1dsum.fits,1.944,ok
Mrk 817,COS,,lb4q01bnq_x1d.fits,3.39,ok
Mrk 817,COS,,lb4q01bpq_x1d.fits,3.39,ok
Mrk 817,COS,,lb4q01brq_x1d.fits,3.39,ok
Mrk 817,COS,,lb4q01btq_x1d.fits,3.39,ok
Mrk 817,COS,,lb4q01bvq_x1d.fits,3.39,ok
Mrk 817,COS,,lb4q01bxq_x1d.fits,3.39,ok
Mrk 817,COS,,lb4q01bzq_x1d.fits,3.39,ok
Mrk 817,COS,,lb4q01c4q_x1d.fits,3.39,ok
Mrk 817,COS,,lede01010_x1dsum.fits,1.814,ok
Mrk 817,COS,,lede01020_x1dsum.fits,1.814,ok
Mrk 817,COS,,lede01030_x1dsum.fits,1.814,ok
Mrk 817,COS,,lede01icq_x1d.fits,3.39,ok
Mrk 817,COS,,lede01ieq_x1d.fits,3.39,ok
Mrk 817,COS,,lede01igq_x1d.fits,3.39,ok
Mrk 817,COS,,lede01iiq_x1d.fits,3.39,ok
Mrk 817,COS,,lede01iqq_x1d.fits,3.39,ok
Mrk 817,COS,,lede01isq_x1d.fits,3.39,ok
Mrk 817,COS,,lede01iuq_x1d.fits,3.39,ok
Mrk 817,COS,,lede01iwq_x1d.fits,3.39,ok
Mrk 817,COS,,lede02010_x1dsum.fits,1.814,ok
Mrk 817,COS,,lede02020_x1dsum.fits,1.814,ok
Mrk 817,COS,,lede02030_x1dsum.fits,1.814,ok
Mrk 817,COS,,lede02vbq_x1d.fits,3.39,ok
Mrk 817,COS,,lede02vdq_x1d.fits,3.39,ok
Mrk 817,COS,,lede02vfq_x1d.fits,3.39,ok
Mrk 817,COS,,lede02vhq_x1d.fits,3.39,ok
Mrk 817,COS,,lede02vjq_x1d.fits,3.39,ok
Mrk 817,COS,,lede02vlq_x1d.fits,3.39,ok
Mrk 817,COS,,lede02vnq_x1d.fits,3.39,ok
Mrk 817,COS,,lede02vpq_x1d.fits,3.39,ok
Mrk 817,COS,,lede03010_x1dsum.fits,1.814,ok
Mrk 817,COS,,lede03020_x1dsum.fits,1.814,ok
Mrk 817,COS,,lede03030_x1dsum.fits,1.814,ok
Mrk 817,COS,,lede03g0q_x1d.fits,3.39,ok
Mrk 817,COS,,lede03g2q_x1d.fits,3.39,ok
Mrk 817,COS,,lede03g4q_x1d.fits,3.39,ok
Mrk 817,COS,,lede03g6q_x1d.fits,3.39,ok
Mrk 817,COS,,lede03g8q_x1d.fits,3.39,ok
Mrk 817,COS,,lede03gaq_x1d.fits,3.39,ok
Mrk 817,COS,,lede03gcq_x1d.fits,3.39,ok
Mrk 817,COS,,lede03geq_x1d.fits,3.39,ok
Mrk 817,COS,,lede04010_x1dsum.fits,1.814,ok
Mrk 817,COS,,lede04020_x1dsum.fits,1.814,ok
Mrk 817,COS,,lede04030_x1dsum.fits,1.814,ok
Mrk 817,COS,,lede04maq_x1d.fits,3.39,ok
Mrk 817,COS,,lede04mcq_x1d.fits,3.39,ok
Mrk 817,COS,,lede04meq_x1d.fits,3.39,ok
Mrk 817,COS,,lede04mgq_x1d.fits,3.39,ok
Mrk 817,COS,,lede04miq_x1d.fits,3.39,ok
Mrk 817,COS,,lede04mkq_x1d.fits,3.39,ok
Mrk 817,COS,,lede04mmq_x1d.fits,3.39,ok
Mrk 817,COS,,lede04moq_x1d.fits,3.39,ok
Mrk 817,COS,,lede05010_x1dsum.fits,1.814,ok
Mrk 817,COS,,lede05020_x1dsum.fits,1.814,ok
Mrk 817,COS,,lede05030_x1dsum.fits,1.814,ok
Mrk 817,COS,,lede05qcq_x1d.fits,3.39,ok
Mrk 817,COS,,lede05qeq_x1d.fits,3.39,ok
Mrk 817,COS,,lede05qgq_x1d.fits,3.39,ok
Mrk 817,COS,,lede05qiq_x1d.fits,3.39,ok
Mrk 817,COS,,lede05qlq_x1d.fits,3.39,ok
Mrk 817,COS,,lede05r6q_x1d.fits,3.39,ok
Mrk 817,COS,,lede05r8q_x1d.fits,3.39,ok
Mrk 817,COS,,lede05raq_x1d.fits,3.39,ok
Mrk 817,COS,,lede06010_x1dsum.fits,1.814,ok
Mrk 817,COS,,lede06020_x1dsum.fits,1.814,ok
Mrk 817,COS,,lede06030_x1dsum.fits,1.814,ok
Mrk 817,COS,,lede06yyq_x1d.fits,3.39,ok
Mrk 817,COS,,lede06z0q_x1d.fits,3.39,ok
Mrk 817,COS,,lede06z2q_x1d.fits,3.39,ok
Mrk 817,COS,,lede06z4q_x1d.fits,3.39,ok
Mrk 817,COS,,lede06z7q_x1d.fits,3.39,ok
Mrk 817,COS,,lede06z9q_x1d.fits,3.39,ok
Mrk 817,COS,,lede06zbq_x1d.fits,3.39,ok
Mrk 817,COS,,lede06zdq_x1d.fits,3.39,ok
Mrk 817,COS,,lede07010_x1dsum.fits,1.814,ok
Mrk 817,COS,,lede07020_x1dsum.fits,1.814,ok
Mrk 817,COS,,lede07030_x1dsum.fits,1.814,ok
Mrk 817,COS,,lede07jyq_x1d.fits,3.39,ok
Mrk 817,COS,,lede07k0q_x1d.fits,3.39,ok
Mrk 817,COS,,lede07k2q_x1d.fits,3.39,ok
Mrk 817,COS,,lede07k4q_x1d.fits,3.39,ok
Mrk 817,COS,,lede07k6q_x1d.fits,3.39,ok
Mrk 817,COS,,lede07k8q_x1d.fits,3.39,ok
Mrk 817,COS,,lede07kaq_x1d.fits,3.39,ok
Mrk 817,COS,,lede07kcq_x1d.fits,3.39,ok
Mrk 817,COS,,lede08010_x1dsum.fits,1.814,ok
Mrk 817,COS,,lede08020_x1dsum.fits,1.814,ok
Mrk 817,COS,,lede08030_x1dsum.fits,1.814,ok
Mrk 817,COS,,lede08f3q_x1d.fits,3.39,ok
Mrk 817,COS,,lede08f5q_x1d.fits,3.39,ok
Mrk 817,COS,,lede08f7q_x1d.fits,3.39,ok
Mrk 817,COS,,lede08fcq_x1d.fits,3.39,ok
Mrk 817,COS,,lede08feq_x1d.fits,3.39,ok
Mrk 817,COS,,lede08fgq_x1d.fits,3.39,ok
Mrk 817,COS,,lede08fiq_x1d.fits,3.39,ok
Mrk 817,COS,,lede08fkq_x1d.fits,3.39,ok
Mrk 817,COS,,lede09010_x1dsum.fits,1.814,ok
Mrk 817,COS,,lede09020_x1dsum.fits,1.814,ok
Mrk 817,COS,,lede09030_x1dsum.fits,1.814,ok
Mrk 817,COS,,lede09a1q_x1d.fits,3.39,ok
Mrk 817,COS,,lede09a3q_x1d.fits,3.39,ok
Mrk 817,COS,,lede09a5q_x1d.fits,3.39,ok
Mrk 817,COS,,lede09a7q_x1d.fits,3.39,ok
Mrk 817,COS,,lede09a9q_x1d.fits,3.39,ok
Mrk 817,COS,,lede09abq_x1d.fits,3.39,ok
Mrk 817,COS,,lede09adq_x1d.fits,3.39,ok
Mrk 817,COS,,lede09afq_x1d.fits,3.39,ok
Mrk 817,COS,,lede0a010_x1dsum.fits,1.814,ok
Mrk 817,COS,,lede0a020_x1dsum.fits,1.814,ok
Mrk 817,COS,,lede0a030_x1dsum.fits,1.814,ok
Mrk 817,COS,,lede0aetq_x1d.fits,3.39,ok
Mrk 817,COS,,lede0aevq_x1d.fits,3.39,ok
Mrk 817,COS,,lede0aexq_x1d.fits,3.39,ok
Mrk 817,COS,,lede0aezq_x1d.fits,3.39,ok
Mrk 817,COS,,lede0af2q_x1d.fits,3.39,ok
Mrk 817,COS,,lede0af5q_x1d.fits,3.39,ok
Mrk 817,COS,,lede0af7q_x1d.fits,3.39,ok
Mrk 817,COS,,lede0af9q_x1d.fits,3.39,ok
Mrk 817,COS,,lede0b010_x1dsum.fits,1.814,ok
Mrk 817,COS,,lede0b020_x1dsum.fits,1.814,ok
Mrk 817,COS,,lede0b030_x1dsum.fits,1.814,ok
Mrk 817,COS,,lede0bj1q_x1d.fits,3.39,ok
Mrk 817,COS,,lede0bj3q_x1d.fits,3.39,ok
Mrk 817,COS,,lede0bj5q_x1d.fits,3.39,ok
Mrk 817,COS,,lede0bj7q_x1d.fits,3.39,ok
Mrk 817,COS,,lede0bj9q_x1d.fits,3.39,ok
Mrk 817,COS,,lede0bjbq_x1d.fits,3.39,ok
Mrk 817,COS,,lede0bjdq_x1d.fits,3.39,ok
Mrk 817,COS,,lede0bjyq_x1d.fits,3.39,ok
Mrk 817,COS,,lede0c010_x1dsum.fits,1.814,ok
Mrk 817,COS,,lede0c020_x1dsum.fits,1.814,ok
Mrk 817,COS,,lede0c030_x1dsum.fits,1.814,ok
Mrk 817,COS,,lede0cvpq_x1d.fits,3.39,ok
Mrk 817,COS,,lede0cvrq_x1d.fits,3.39,ok
Mrk 817,COS,,lede0cvtq_x1d.fits,3.39,ok
Mrk 817,COS,,lede0cvvq_x1d.fits,3.39,ok
Mrk 817,COS,,lede0cvxq_x1d.fits,3.39,ok
Mrk 817,COS,,lede0cvzq_x1d.fits,3.39,ok
Mrk 817,COS,,lede0cw1q_x1d.fits,3.39,ok
Mrk 817,COS,,lede0cw3q_x1d.fits,3.39,ok
Mrk 817,COS,,lede0d010_x1dsum.fits,1.814,ok
Mrk 817,COS,,lede0d020_x1dsum.fits,1.814,ok
Mrk 817,COS,,lede0d030_x1dsum.fits,1.814,ok
Mrk 817,COS,,lede0df6q_x1d.fits,3.39,ok
Mrk 817,COS,,lede0df8q_x1d.fits,3.39,ok
Mrk 817,COS,,lede0dfaq_x1d.fits,3.39,ok
Mrk 817,COS,,lede0dfcq_x1d.fits,3.39,ok
Mrk 817,COS,,lede0dfeq_x1d.fits,3.39,ok
Mrk 817,COS,,lede0dfgq_x1d.fits,3.39,ok
Mrk 817,COS,,lede0dfiq_x1d.fits,3.39,ok
Mrk 817,COS,,lede0dfoq_x1d.fits,3.39,ok
Mrk 817,COS,,lede0i010_x1dsum.fits,1.814,ok
Mrk 817,COS,,lede0i020_x1dsum.fits,1.814,ok
Mrk 817,COS,,lede0i030_x1dsum.fits,1.814,ok
Mrk 817,COS,,lede0iknq_x1d.fits,3.39,ok
Mrk 817,COS,,lede0ikpq_x1d.fits,3.39,ok
Mrk 817,COS,,lede0ikrq_x1d.fits,3.39,ok
Mrk 817,COS,,lede0iktq_x1d.fits,3.39,ok
Mrk 817,COS,,lede0ikvq_x1d.fits,3.39,ok
Mrk 817,COS,,lede0ikxq_x1d.fits,3.39,ok
Mrk 817,COS,,lede0ikzq_x1d.fits,3.39,ok
Mrk 817,COS,,lede0il1q_x1d.fits,3.39,ok
Mrk 817,COS,,lede0j010_x1dsum.fits,1.814,ok
Mrk 817,COS,,lede0j020_x1dsum.fits,1.814,ok
Mrk 817,COS,,lede0j030_x1dsum.fits,1.814,ok
Mrk 817,COS,,lede0jw1q_x1d.fits,3.39,ok
Mrk 817,COS,,lede0jw3q_x1d.fits,3.39,ok
Mrk 817,COS,,lede0jw5q_x1d.fits,3.39,ok
Mrk 817,COS,,lede0jw7q_x1d.fits,3.39,ok
Mrk 817,COS,,lede0jw9q_x1d.fits,3.39,ok
Mrk 817,COS,,lede0jwbq_x1d.fits,3.39,ok
Mrk 817,COS,,lede0jwdq_x1d.fits,3.39,ok
Mrk 817,COS,,lede0jwfq_x1d.fits,3.39,ok
Mrk 817,COS,,lede0k010_x1dsum.fits,1.814,ok
Mrk 817,COS,,lede0k020_x1dsum.fits,1.814,ok
Mrk 817,COS,,lede0k030_x1dsum.fits,1.814,ok
Mrk 817,COS,,lede0kf5q_x1d.fits,3.39,ok
Mrk 817,COS,,lede0kf7q_x1d.fits,3.39,ok
Mrk 817,COS,,lede0kf9q_x1d.fits,3.39,ok
Mrk 817,COS,,lede0kfbq_x1d.fits,3.39,ok
Mrk 817,COS,,lede0kfeq_x1d.fits,3.39,ok
Mrk 817,COS,,lede0kfgq_x1d.fits,3.39,ok
Mrk 817,COS,,lede0kfiq_x1d.fits,3.39,ok
Mrk 817,COS,,lede0kfkq_x1d.fits,3.39,ok
Mrk 817,COS,,lede0l010_x1dsum.fits,1.814,ok
Mrk 817,COS,,lede0l020_x1dsum.fits,1.814,ok
Mrk 817,COS,,lede0l030_x1dsum.fits,1.814,ok
Mrk 817,COS,,lede0loxq_x1d.fits,3.39,ok
Mrk 817,COS,,lede0lozq_x1d.fits,3.39,ok
Mrk 817,COS,,lede0lp1q_x1d.fits,3.39,ok
Mrk 817,COS,,lede0lp3q_x1d.fits,3.39,ok
Mrk 817,COS,,lede0lp5q_x1d.fits,3.39,ok
Mrk 817,COS,,lede0lp7q_x1d.fits,3.39,ok
Mrk 817,COS,,lede0lp9q_x1d.fits,3.39,ok
Mrk 817,COS,,lede0lpbq_x1d.fits,3.39,ok
Mrk 817,COS,,lede0m010_x1dsum.fits,1.814,ok
Mrk 817,COS,,lede0m020_x1dsum.fits,1.814,ok
Mrk 817,COS,,lede0m030_x1dsum.fits,1.814,ok
Mrk 817,COS,,lede0ma1q_x1d.fits,3.39,ok
Mrk 817,COS,,lede0ma4q_x1d.fits,3.39,ok
Mrk 817,COS,,lede0ma6q_x1d.fits,3.39,ok
Mrk 817,COS,,lede0mz6q_x1d.fits,3.39,ok
Mrk 817,COS,,lede0mz8q_x1d.fits,3.39,ok
Mrk 817,COS,,lede0mzaq_x1d.fits,3.39,ok
Mrk 817,COS,,lede0mzvq_x1d.fits,3.39,ok
Mrk 817,COS,,lede0mzxq_x1d.fits,3.39,ok
Mrk 817,COS,,lede0n010_x1dsum.fits,1.814,ok
Mrk 817,COS,,lede0n020_x1dsum.fits,1.814,ok
Mrk 817,COS,,lede0n030_x1dsum.fits,1.814,ok
Mrk 817,COS,,lede0njbq_x1d.fits,3.39,ok
Mrk 817,COS,,lede0njeq_x1d.fits,3.39,ok
Mrk 817,COS,,lede0njgq_x1d.fits,3.39,ok
Mrk 817,COS,,lede0njiq_x1d.fits,3.39,ok
Mrk 817,COS,,lede0njkq_x1d.fits,3.39,ok
Mrk 817,COS,,lede0njmq_x1d.fits,3.39,ok
Mrk 817,COS,,lede0njoq_x1d.fits,3.39,ok
Mrk 817,COS,,lede0nk9q_x1d.fits,3.39,ok
Mrk 817,COS,,lede0o010_x1dsum.fits,1.814,ok
Mrk 817,COS,,lede0o020_x1dsum.fits,1.814,ok
Mrk 817,COS,,lede0o030_x1dsum.fits,1.814,ok
Mrk 817,COS,,lede0oglq_x1d.fits,3.39,ok
Mrk 817,COS,,lede0ognq_x1d.fits,3.39,ok
Mrk 817,COS,,lede0ogpq_x1d.fits,3.39,ok
Mrk 817,COS,,lede0ogrq_x1d.fits,3.39,ok
Mrk 817,COS,,lede0ogtq_x1d.fits,3.39,ok
Mrk 817,COS,,lede0ogvq_x1d.fits,3.39,ok
Mrk 817,COS,,lede0ogxq_x1d.fits,3.39,ok
Mrk 817,COS,,lede0ogzq_x1d.fits,3.39,ok
Mrk 817,COS,,lede0p010_x1dsum.fits,1.814,ok
Mrk 817,COS,,lede0p020_x1dsum.fits,1.814,ok
Mrk 817,COS,,lede0p030_x1dsum.fits,1.814,ok
Mrk 817,COS,,lede0psiq_x1d.fits,3.39,ok
Mrk 817,COS,,lede0pskq_x1d.fits,3.39,ok
Mrk 817,COS,,lede0psmq_x1d.fits,3.39,ok
Mrk 817,COS,,lede0psoq_x1d.fits,3.39,ok
Mrk 817,COS,,lede0psqq_x1d.fits,3.39,ok
Mrk 817,COS,,lede0pssq_x1d.fits,3.39,ok
Mrk 817,COS,,lede0psuq_x1d.fits,3.39,ok
Mrk 817,COS,,lede0pswq_x1d.fits,3.39,ok
Mrk 817,COS,,lede0q010_x1dsum.fits,1.814,ok
Mrk 817,COS,,lede0q020_x1dsum.fits,1.814,ok
Mrk 817,COS,,lede0q030_x1dsum.fits,1.814,ok
Mrk 817,COS,,lede0qc2q_x1d.fits,3.39,ok
Mrk 817,COS,,lede0qc4q_x1d.fits,3.39,ok
Mrk 817,COS,,lede0qc6q_x1d.fits,3.39,ok
Mrk 817,COS,,lede0qc8q_x1d.fits,3.39,ok
Mrk 817,COS,,lede0qcaq_x1d.fits,3.39,ok
Mrk 817,COS,,lede0qccq_x1d.fits,3.39,ok
Mrk 817,COS,,lede0qceq_x1d.fits,3.39,ok
Mrk 817,COS,,lede0qcgq_x1d.fits,3.39,ok
Mrk 817,COS,,lede0r010_x1dsum.fits,1.814,ok
Mrk 817,COS,,lede0r020_x1dsum.fits,1.814,ok
Mrk 817,COS,,lede0r030_x1dsum.fits,1.814,ok
Mrk 817,COS,,lede0ra6q_x1d.fits,3.39,ok
Mrk 817,COS,,lede0ra8q_x1d.fits,3.39,ok
Mrk 817,COS,,lede0rabq_x1d.fits,3.39,ok
Mrk 817,COS,,lede0ragq_x1d.fits,3.39,ok
Mrk 817,COS,,lede0raiq_x1d.fits,3.39,ok
Mrk 817,COS,,lede0ranq_x1d.fits,3.39,ok
Mrk 817,COS,,lede0rapq_x1d.fits,3.39,ok
Mrk 817,COS,,lede0rarq_x1d.fits,3.39,ok
Mrk 817,COS,,lede0t010_x1dsum.fits,1.814,ok
Mrk 817,COS,,lede0t020_x1dsum.fits,1.814,ok
Mrk 817,COS,,lede0t030_x1dsum.fits,1.814,ok
Mrk 817,COS,,lede0to1q_x1d.fits,3.39,ok
Mrk 817,COS,,lede0to4q_x1d.fits,3.39,ok
Mrk 817,COS,,lede0to6q_x1d.fits,3.39,ok
Mrk 817,COS,,lede0tobq_x1d.fits,3.39,ok
Mrk 817,COS,,lede0togq_x1d.fits,3.39,ok
Mrk 817,COS,,lede0toiq_x1d.fits,3.39,ok
Mrk 817,COS,,lede0tokq_x1d.fits,3.39,ok
Mrk 817,COS,,lede0tomq_x1d.fits,3.39,ok
Mrk 817,COS,,lede0u010_x1dsum.fits,1.814,ok
Mrk 817,COS,,lede0u020_x1dsum.fits,1.814,ok
Mrk 817,COS,,lede0u030_x1dsum.fits,1.814,ok
Mrk 817,COS,,lede0uzeq_x1d.fits,3.39,ok
Mrk 817,COS,,lede0uzhq_x1d.fits,3.39,ok
Mrk 817,COS,,lede0uzjq_x1d.fits,3.39,ok
Mrk 817,COS,,lede0uzoq_x1d.fits,3.39,ok
Mrk 817,COS,,lede0uztq_x1d.fits,3.39,ok
Mrk 817,COS,,lede0uzvq_x1d.fits,3.39,ok
Mrk 817,COS,,lede0uzxq_x1d.fits,3.39,ok
Mrk 817,COS,,lede0uzzq_x1d.fits,3.39,ok
Mrk 817,COS,,lede0x010_x1dsum.fits,1.814,ok
Mrk 817,COS,,lede0xgrq_x1d.fits,3.39,ok
Mrk 817,COS,,lede0xgtq_x1d.fits,3.39,ok
Mrk 817,COS,,lede0xgvq_x1d.fits,3.39,ok
Mrk 817,COS,,lede0xgyq_x1d.fits,3.39,ok
Mrk 817,COS,,lede0y010_x1dsum.fits,1.944,ok
Mrk 817,COS,,lede0y020_x1dsum.fits,1.944,ok
Mrk 817,COS,,lede0yh2q_x1d.fits,3.39,ok
Mrk 817,COS,,lede0yh4q_x1d.fits,3.39,ok
Mrk 817,COS,,lede0z010_x1dsum.fits,1.814,ok
Mrk 817,COS,,lede0z020_x1dsum.fits,1.814,ok
Mrk 817,COS,,lede0z030_x1dsum.fits,1.814,ok
Mrk 817,COS,,lede0z040_x1dsum.fits,0.043,ok
Mrk 817,COS,,lede0zz2q_x1d.fits,3.39,ok
Mrk 817,COS,,lede0zz4q_x1d.fits,3.39,ok
Mrk 817,COS,,lede0zz6q_x1d.fits,3.39,ok
Mrk 817,COS,,lede0zz8q_x1d.fits,3.39,ok
Mrk 817,COS,,lede0zzaq_x1d.fits,3.39,ok
Mrk 817,COS,,lede0zzcq_x1d.fits,3.39,ok
Mrk 817,COS,,lede0zzeq_x1d.fits,3.39,ok
Mrk 817,COS,,lede0zzgq_x1d.fits,3.39,ok
Mrk 817,COS,,lede0zziq_x1d.fits,0.046,ok
Mrk 817,COS,,lede0zzkq_x1d.fits,0.046,ok
Mrk 817,COS,,lede0zzmq_x1d.fits,0.046,ok
Mrk 817,COS,,lede0zzoq_x1d.fits,0.046,ok
Mrk 817,COS,,lede10010_x1dsum.fits,1.814,ok
Mrk 817,COS,,lede10020_x1dsum.fits,1.814,ok
Mrk 817,COS,,lede10030_x1dsum.fits,1.814,ok
Mrk 817,COS,,lede10iyq_x1d.fits,3.39,ok
Mrk 817,COS,,lede10j0q_x1d.fits,3.39,ok
Mrk 817,COS,,lede10j2q_x1d.fits,3.39,ok
Mrk 817,COS,,lede10j4q_x1d.fits,3.39,ok
Mrk 817,COS,,lede10j6q_x1d.fits,3.39,ok
Mrk 817,COS,,lede10j8q_x1d.fits,3.39,ok
Mrk 817,COS,,lede10jaq_x1d.fits,3.39,ok
Mrk 817,COS,,lede10jcq_x1d.fits,3.39,ok
Mrk 817,COS,,lede11010_x1dsum.fits,1.814,ok
Mrk 817,COS,,lede11020_x1dsum.fits,1.814,ok
Mrk 817,COS,,lede11030_x1dsum.fits,1.814,ok
Mrk 817,COS,,lede11a4q_x1d.fits,3.39,ok
Mrk 817,COS,,lede11a6q_x1d.fits,3.39,ok
Mrk 817,COS,,lede11a8q_x1d.fits,3.39,ok
Mrk 817,COS,,lede11aaq_x1d.fits,3.39,ok
Mrk 817,COS,,lede11adq_x1d.fits,3.39,ok
Mrk 817,COS,,lede11afq_x1d.fits,3.39,ok
Mrk 817,COS,,lede11ahq_x1d.fits,3.39,ok
Mrk 817,COS,,lede11ajq_x1d.fits,3.39,ok
Mrk 817,COS,,lede12010_x1dsum.fits,1.814,ok
Mrk 817,COS,,lede12020_x1dsum.fits,1.814,ok
Mrk 817,COS,,lede12030_x1dsum.fits,1.814,ok
Mrk 817,COS,,lede12lzq_x1d.fits,3.39,ok
Mrk 817,COS,,lede12m1q_x1d.fits,3.39,ok
Mrk 817,COS,,lede12m3q_x1d.fits,3.39,ok
Mrk 817,COS,,lede12m5q_x1d.fits,3.39,ok
Mrk 817,COS,,lede12m7q_x1d.fits,3.39,ok
Mrk 817,COS,,lede12m9q_x1d.fits,3.39,ok
Mrk 817,COS,,lede12mbq_x1d.fits,3.39,ok
Mrk 817,COS,,lede12mdq_x1d.fits,3.39,ok
Mrk 817,COS,,lede14010_x1dsum.fits,1.814,ok
Mrk 817,COS,,lede14020_x1dsum.fits,1.814,ok
Mrk 817,COS,,lede14030_x1dsum.fits,1.814,ok
Mrk 817,COS,,lede14jzq_x1d.fits,3.39,ok
Mrk 817,COS,,lede14k1q_x1d.fits,3.39,ok
Mrk 817,COS,,lede14k3q_x1d.fits,3.39,ok
Mrk 817,COS,,lede14k5q_x1d.fits,3.39,ok
Mrk 817,COS,,lede14k7q_x1d.fits,3.39,ok
Mrk 817,COS,,lede14k9q_x1d.fits,3.39,ok
Mrk 817,COS,,lede14kbq_x1d.fits,3.39,ok
Mrk 817,COS,,lede14kdq_x1d.fits,3.39,ok
Mrk 817,COS,,lede15010_x1dsum.fits,1.814,ok
Mrk 817,COS,,lede15020_x1dsum.fits,1.814,ok
Mrk 817,COS,,lede15030_x1dsum.fits,1.814,ok
Mrk 817,COS,,lede15ngq_x1d.fits,3.39,ok
Mrk 817,COS,,lede15niq_x1d.fits,3.39,ok
Mrk 817,COS,,lede15nkq_x1d.fits,3.39,ok
Mrk 817,COS,,lede15nmq_x1d.fits,3.39,ok
Mrk 817,COS,,lede15noq_x1d.fits,3.39,ok
Mrk 817,COS,,lede15nqq_x1d.fits,3.39,ok
Mrk 817,COS,,lede15nsq_x1d.fits,3.39,ok
Mrk 817,COS,,lede15nuq_x1d.fits,3.39,ok
Mrk 817,COS,,lede16010_x1dsum.fits,1.814,ok
Mrk 817,COS,,lede16020_x1dsum.fits,1.814,ok
Mrk 817,COS,,lede16030_x1dsum.fits,1.814,ok
Mrk 817,COS,,lede16vzq_x1d.fits,3.39,ok
Mrk 817,COS,,lede16w2q_x1d.fits,3.39,ok
Mrk 817,COS,,lede16w4q_x1d.fits,3.39,ok
Mrk 817,COS,,lede16w6q_x1d.fits,3.39,ok
Mrk 817,COS,,lede16w8q_x1d.fits,3.39,ok
Mrk 817,COS,,lede16waq_x1d.fits,3.39,ok
Mrk 817,COS,,lede16wcq_x1d.fits,3.39,ok
Mrk 817,COS,,lede16weq_x1d.fits,3.39,ok
Mrk 817,COS,,lede17010_x1dsum.fits,1.814,ok
Mrk 817,COS,,lede17020_x1dsum.fits,1.814,ok
Mrk 817,COS,,lede17030_x1dsum.fits,1.814,ok
Mrk 817,COS,,lede17hqq_x1d.fits,3.39,ok
Mrk 817,COS,,lede17hsq_x1d.fits,3.39,ok
Mrk 817,COS,,lede17huq_x1d.fits,3.39,ok
Mrk 817,COS,,lede17hwq_x1d.fits,3.39,ok
Mrk 817,COS,,lede17hyq_x1d.fits,3.39,ok
Mrk 817,COS,,lede17i0q_x1d.fits,3.39,ok
Mrk 817,COS,,lede17i2q_x1d.fits,3.39,ok
Mrk 817,COS,,lede17i4q_x1d.fits,3.39,ok
Mrk 817,COS,,lede18010_x1dsum.fits,1.814,ok
Mrk 817,COS,,lede18020_x1dsum.fits,1.814,ok
Mrk 817,COS,,lede18030_x1dsum.fits,1.814,ok
Mrk 817,COS,,lede18s8q_x1d.fits,3.39,ok
Mrk 817,COS,,lede18saq_x1d.fits,3.39,ok
Mrk 817,COS,,lede18scq_x1d.fits,3.39,ok
Mrk 817,COS,,lede18seq_x1d.fits,3.39,ok
Mrk 817,COS,,lede18sgq_x1d.fits,3.39,ok
Mrk 817,COS,,lede18siq_x1d.fits,3.39,ok
Mrk 817,COS,,lede18skq_x1d.fits,3.39,ok
Mrk 817,COS,,lede18smq_x1d.fits,3.39,ok
Mrk 817,COS,,lede19010_x1dsum.fits,1.814,ok
Mrk 817,COS,,lede19020_x1dsum.fits,1.814,ok
Mrk 817,COS,,lede19030_x1dsum.fits,1.814,ok
Mrk 817,COS,,lede19msq_x1d.fits,3.39,ok
Mrk 817,COS,,lede19muq_x1d.fits,3.39,ok
Mrk 817,COS,,lede19mwq_x1d.fits,3.39,ok
Mrk 817,COS,,lede19myq_x1d.fits,3.39,ok
Mrk 817,COS,,lede19n1q_x1d.fits,3.39,ok
Mrk 817,COS,,lede19n3q_x1d.fits,3.39,ok
Mrk 817,COS,,lede19n5q_x1d.fits,3.39,ok
Mrk 817,COS,,lede19n7q_x1d.fits,3.39,ok
Mrk 817,COS,,lede1a010_x1dsum.fits,0.043,ok
Mrk 817,COS,,lede1a020_x1dsum.fits,0.043,ok
Mrk 817,COS,,lede1a030_x1dsum.fits,0.043,ok
Mrk 817,COS,,lede1ajaq_x1d.fits,0.046,ok
Mrk 817,COS,,lede1ajcq_x1d.fits,0.046,ok
Mrk 817,COS,,lede1ajeq_x1d.fits,0.046,ok
Mrk 817,COS,,lede1ajgq_x1d.fits,0.046,ok
Mrk 817,COS,,lede1ajiq_x1d.fits,0.046,ok
Mrk 817,COS,,lede1ajkq_x1d.fits,0.046,ok
Mrk 817,COS,,lede1ajmq_x1d.fits,0.046,ok
Mrk 817,COS,,lede1ajoq_x1d.fits,0.046,ok
Mrk 817,COS,,lede1b010_x1dsum.fits,1.814,ok
Mrk 817,COS,,lede1b020_x1dsum.fits,1.814,ok
Mrk 817,COS,,lede1b030_x1dsum.fits,1.814,ok
Mrk 817,COS,,lede1bvgq_x1d.fits,3.39,ok
Mrk 817,COS,,lede1bviq_x1d.fits,3.39,ok
Mrk 817,COS,,lede1bvkq_x1d.fits,3.39,ok
Mrk 817,COS,,lede1bvmq_x1d.fits,3.39,ok
Mrk 817,COS,,lede1bvoq_x1d.fits,3.39,ok
Mrk 817,COS,,lede1bvqq_x1d.fits,3.39,ok
Mrk 817,COS,,lede1bvsq_x1d.fits,3.39,ok
Mrk 817,COS,,lede1bvuq_x1d.fits,3.39,ok
Mrk 817,COS,,lede1c010_x1dsum.fits,1.814,ok
Mrk 817,COS,,lede1c020_x1dsum.fits,1.814,ok
Mrk 817,COS,,lede1c030_x1dsum.fits,1.814,ok
Mrk 817,COS,,lede1cf2q_x1d.fits,3.39,ok
Mrk 817,COS,,lede1cf4q_x1d.fits,3.39,ok
Mrk 817,COS,,lede1cf6q_x1d.fits,3.39,ok
Mrk 817,COS,,lede1cf8q_x1d.fits,3.39,ok
Mrk 817,COS,,lede1cfaq_x1d.fits,3.39,ok
Mrk 817,COS,,lede1cfcq_x1d.fits,3.39,ok
Mrk 817,COS,,lede1cfeq_x1d.fits,3.39,ok
Mrk 817,COS,,lede1cfgq_x1d.fits,3.39,ok
Mrk 817,COS,,lede1d010_x1dsum.fits,0.043,ok
Mrk 817,COS,,lede1d020_x1dsum.fits,0.043,ok
Mrk 817,COS,,lede1d030_x1dsum.fits,0.043,ok
Mrk 817,COS,,lede1dkfq_x1d.fits,0.046,ok
Mrk 817,COS,,lede1dkhq_x1d.fits,0.046,ok
Mrk 817,COS,,lede1dkjq_x1d.fits,0.046,ok
Mrk 817,COS,,lede1dklq_x1d.fits,0.046,ok
Mrk 817,COS,,lede1dknq_x1d.fits,0.046,ok
Mrk 817,COS,,lede1dkpq_x1d.fits,0.046,ok
Mrk 817,COS,,lede1dkrq_x1d.fits,0.046,ok
Mrk 817,COS,,lede1dktq_x1d.fits,0.046,ok
Mrk 817,COS,,lede1e010_x1dsum.fits,1.814,ok
Mrk 817,COS,,lede1e020_x1dsum.fits,1.814,ok
Mrk 817,COS,,lede1e030_x1dsum.fits,1.814,ok
Mrk 817,COS,,lede1ejlq_x1d.fits,3.39,ok
Mrk 817,COS,,lede1ejnq_x1d.fits,3.39,ok
Mrk 817,COS,,lede1ejpq_x1d.fits,3.39,ok
Mrk 817,COS,,lede1ejrq_x1d.fits,3.39,ok
Mrk 817,COS,,lede1ejtq_x1d.fits,3.39,ok
Mrk 817,COS,,lede1ejvq_x1d.fits,3.39,ok
Mrk 817,COS,,lede1ejxq_x1d.fits,3.39,ok
Mrk 817,COS,,lede1ejzq_x1d.fits,3.39,ok
Mrk 817,COS,,lede1f010_x1dsum.fits,0.043,ok
Mrk 817,COS,,lede1f020_x1dsum.fits,0.043,ok
Mrk 817,COS,,lede1f030_x1dsum.fits,0.043,ok
Mrk 817,COS,,lede1ftfq_x1d.fits,0.046,ok
Mrk 817,COS,,lede1fthq_x1d.fits,0.046,ok
Mrk 817,COS,,lede1ftjq_x1d.fits,0.046,ok
Mrk 817,COS,,lede1ftlq_x1d.fits,0.046,ok
Mrk 817,COS,,lede1ftoq_x1d.fits,0.046,ok
Mrk 817,COS,,lede1ftqq_x1d.fits,0.046,ok
Mrk 817,COS,,lede1fumq_x1d.fits,0.046,ok
Mrk 817,COS,,lede1fuoq_x1d.fits,0.046,ok
Mrk 817,COS,,lede1g010_x1dsum.fits,1.814,ok
Mrk 817,COS,,lede1g020_x1dsum.fits,1.814,ok
Mrk 817,COS,,lede1g030_x1dsum.fits,1.814,ok
Mrk 817,COS,,lede1gaeq_x1d.fits,3.39,ok
Mrk 817,COS,,lede1gahq_x1d.fits,3.39,ok
Mrk 817,COS,,lede1gajq_x1d.fits,3.39,ok
Mrk 817,COS,,lede1gamq_x1d.fits,3.39,ok
Mrk 817,COS,,lede1gaoq_x1d.fits,3.39,ok
Mrk 817,COS,,lede1gaqq_x1d.fits,3.39,ok
Mrk 817,COS,,lede1gbiq_x1d.fits,3.39,ok
Mrk 817,COS,,lede1gbkq_x1d.fits,3.39,ok
Mrk 817,COS,,lede1h010_x1dsum.fits,1.814,ok
Mrk 817,COS,,lede1h020_x1dsum.fits,1.814,ok
Mrk 817,COS,,lede1h030_x1dsum.fits,1.814,ok
Mrk 817,COS,,lede1hhcq_x1d.fits,3.39,ok
Mrk 817,COS,,lede1hheq_x1d.fits,3.39,ok
Mrk 817,COS,,lede1hhgq_x1d.fits,3.39,ok
Mrk 817,COS,,lede1hhiq_x1d.fits,3.39,ok
Mrk 817,COS,,lede1hhkq_x1d.fits,3.39,ok
Mrk 817,COS,,lede1hhmq_x1d.fits,3.39,ok
Mrk 817,COS,,lede1hhoq_x1d.fits,3.39,ok
Mrk 817,COS,,lede1hhqq_x1d.fits,3.39,ok
Mrk 817,COS,,lede1i010_x1dsum.fits,1.814,ok
Mrk 817,COS,,lede1i020_x1dsum.fits,1.814,ok
Mrk 817,COS,,lede1i030_x1dsum.fits,1.814,ok
Mrk 817,COS,,lede1irbq_x1d.fits,3.39,ok
Mrk 817,COS,,lede1irdq_x1d.fits,3.39,ok
Mrk 817,COS,,lede1irfq_x1d.fits,3.39,ok
Mrk 817,COS,,lede1irhq_x1d.fits,3.39,ok
Mrk 817,COS,,lede1irjq_x1d.fits,3.39,ok
Mrk 817,COS,,lede1irlq_x1d.fits,3.39,ok
Mrk 817,COS,,lede1irnq_x1d.fits,3.39,ok
Mrk 817,COS,,lede1irpq_x1d.fits,3.39,ok
Mrk 817,COS,,lede1j010_x1dsum.fits,0.043,ok
Mrk 817,COS,,lede1j020_x1dsum.fits,0.043,ok
Mrk 817,COS,,lede1j030_x1dsum.fits,0.043,ok
Mrk 817,COS,,lede1jayq_x1d.fits,0.046,ok
Mrk 817,COS,,lede1jb0q_x1d.fits,0.046,ok
Mrk 817,COS,,lede1jb2q_x1d.fits,0.046,ok
Mrk 817,COS,,lede1jb4q_x1d.fits,0.046,ok
Mrk 817,COS,,lede1jb6q_x1d.fits,0.046,ok
Mrk 817,COS,,lede1jb8q_x1d.fits,0.046,ok
Mrk 817,COS,,lede1jbaq_x1d.fits,0.046,ok
Mrk 817,COS,,lede1jbcq_x1d.fits,0.046,ok
Mrk 817,COS,,lede1k010_x1dsum.fits,0.043,ok
Mrk 817,COS,,lede1k020_x1dsum.fits,0.043,ok
Mrk 817,COS,,lede1k030_x1dsum.fits,0.043,ok
Mrk 817,COS,,lede1kmqq_x1d.fits,0.046,ok
Mrk 817,COS,,lede1kmsq_x1d.fits,0.046,ok
Mrk 817,COS,,lede1kmuq_x1d.fits,0.046,ok
Mrk 817,COS,,lede1kmwq_x1d.fits,0.046,ok
Mrk 817,COS,,lede1kmyq_x1d.fits,0.046,ok
Mrk 817,COS,,lede1kn0q_x1d.fits,0.046,ok
Mrk 817,COS,,lede1kn2q_x1d.fits,0.046,ok
Mrk 817,COS,,lede1kn4q_x1d.fits,0.046,ok
Mrk 817,COS,,lede1l010_x1dsum.fits,0.043,ok
Mrk 817,COS,,lede1l020_x1dsum.fits,0.043,ok
Mrk 817,COS,,lede1l030_x1dsum.fits,0.043,ok
Mrk 817,COS,,lede1ljoq_x1d.fits,0.046,ok
Mrk 817,COS,,lede1ljqq_x1d.fits,0.046,ok
Mrk 817,COS,,lede1ljsq_x1d.fits,0.046,ok
Mrk 817,COS,,lede1ljuq_x1d.fits,0.046,ok
Mrk 817,COS,,lede1ljwq_x1d.fits,0.046,ok
Mrk 817,COS,,lede1ljzq_x1d.fits,0.046,ok
Mrk 817,COS,,lede1lk4q_x1d.fits,0.046,ok
Mrk 817,COS,,lede1lk6q_x1d.fits,0.046,ok
Mrk 817,COS,,lede1m010_x1dsum.fits,1.814,ok
Mrk 817,COS,,lede1m020_x1dsum.fits,1.814,ok
Mrk 817,COS,,lede1m030_x1dsum.fits,1.814,ok
Mrk 817,COS,,lede1mtsq_x1d.fits,3.39,ok
Mrk 817,COS,,lede1mtuq_x1d.fits,3.39,ok
Mrk 817,COS,,lede1mtwq_x1d.fits,3.39,ok
Mrk 817,COS,,lede1mu1q_x1d.fits,3.39,ok
Mrk 817,COS,,lede1mu3q_x1d.fits,3.39,ok
Mrk 817,COS,,lede1mu5q_x1d.fits,3.39,ok
Mrk 817,COS,,lede1mu7q_x1d.fits,3.39,ok
Mrk 817,COS,,lede1mu9q_x1d.fits,3.39,ok
Mrk 817,COS,,lede1n010_x1dsum.fits,1.814,ok
Mrk 817,COS,,lede1n020_x1dsum.fits,1.814,ok
Mrk 817,COS,,lede1n030_x1dsum.fits,1.814,ok
Mrk 817,COS,,lede1noiq_x1d.fits,3.39,ok
Mrk 817,COS,,lede1nokq_x1d.fits,3.39,ok
Mrk 817,COS,,lede1nomq_x1d.fits,3.39,ok
Mrk 817,COS,,lede1nooq_x1d.fits,3.39,ok
Mrk 817,COS,,lede1noqq_x1d.fits,3.39,ok
Mrk 817,COS,,lede1nosq_x1d.fits,3.39,ok
Mrk 817,COS,,lede1nouq_x1d.fits,3.39,ok
Mrk 817,COS,,lede1nowq_x1d.fits,3.39,ok
Mrk 817,COS,,lede1o010_x1dsum.fits,1.814,ok
Mrk 817,COS,,lede1o020_x1dsum.fits,1.814,ok
Mrk 817,COS,,lede1o030_x1dsum.fits,1.814,ok
Mrk 817,COS,,lede1oceq_x1d.fits,3.39,ok
Mrk 817,COS,,lede1ocgq_x1d.fits,3.39,ok
Mrk 817,COS,,lede1ociq_x1d.fits,3.39,ok
Mrk 817,COS,,lede1ockq_x1d.fits,3.39,ok
Mrk 817,COS,,lede1ocmq_x1d.fits,3.39,ok
Mrk 817,COS,,lede1ocoq_x1d.fits,3.39,ok
Mrk 817,COS,,lede1ocqq_x1d.fits,3.39,ok
Mrk 817,COS,,lede1ocsq_x1d.fits,3.39,ok
Mrk 817,COS,,lede1p010_x1dsum.fits,1.814,ok
Mrk 817,COS,,lede1p020_x1dsum.fits,1.814,ok
Mrk 817,COS,,lede1p030_x1dsum.fits,1.814,ok
Mrk 817,COS,,lede1pkjq_x1d.fits,3.39,ok
Mrk 817,COS,,lede1pklq_x1d.fits,3.39,ok
Mrk 817,COS,,lede1pknq_x1d.fits,3.39,ok
Mrk 817,COS,,lede1pkpq_x1d.fits,3.39,ok
Mrk 817,COS,,lede1pkrq_x1d.fits,3.39,ok
Mrk 817,COS,,lede1pktq_x1d.fits,3.39,ok
Mrk 817,COS,,lede1pkvq_x1d.fits,3.39,ok
Mrk 817,COS,,lede1pkxq_x1d.fits,3.39,ok
Mrk 817,COS,,lede1q010_x1dsum.fits,1.814,ok
Mrk 817,COS,,lede1q020_x1dsum.fits,1.814,ok
Mrk 817,COS,,lede1q030_x1dsum.fits,1.814,ok
Mrk 817,COS,,lede1qspq_x1d.fits,3.39,ok
Mrk 817,COS,,lede1qsrq_x1d.fits,3.39,ok
Mrk 817,COS,,lede1qstq_x1d.fits,3.39,ok
Mrk 817,COS,,lede1qsvq_x1d.fits,3.39,ok
Mrk 817,COS,,lede1qsxq_x1d.fits,3.39,ok
Mrk 817,COS,,lede1qszq_x1d.fits,3.39,ok
Mrk 817,COS,,lede1qt1q_x1d.fits,3.39,ok
Mrk 817,COS,,lede1qt3q_x1d.fits,3.39,ok
Mrk 817,COS,,lede1r010_x1dsum.fits,1.814,ok
Mrk 817,COS,,lede1r020_x1dsum.fits,0.043,ok
Mrk 817,COS,,lede1r030_x1dsum.fits,0.043,ok
Mrk 817,COS,,lede1rmeq_x1d.fits,3.39,ok
Mrk 817,COS,,lede1rmgq_x1d.fits,3.39,ok
Mrk 817,COS,,lede1rmiq_x1d.fits,3.39,ok
Mrk 817,COS,,lede1rmkq_x1d.fits,3.39,ok
Mrk 817,COS,,lede1rmmq_x1d.fits,0.046,ok
Mrk 817,COS,,lede1rmoq_x1d.fits,0.046,ok
Mrk 817,COS,,lede1rmqq_x1d.fits,0.046,ok
Mrk 817,COS,,lede1rmsq_x1d.fits,0.046,ok
Mrk 817,COS,,lede1s010_x1dsum.fits,1.814,ok
Mrk 817,COS,,lede1suaq_x1d.fits,3.39,ok
Mrk 817,COS,,lede1sucq_x1d.fits,3.39,ok
Mrk 817,COS,,lede1sueq_x1d.fits,3.39,ok
Mrk 817,COS,,lede1sugq_x1d.fits,3.39,ok
Mrk 817,COS,,lede1t010_x1dsum.fits,1.944,ok
Mrk 817,COS,,lede1t020_x1dsum.fits,1.944,ok
Mrk 817,COS,,lede1tukq_x1d.fits,3.39,ok
Mrk 817,COS,,lede1tumq_x1d.fits,3.39,ok
Mrk 817,COS,,lede1u010_x1dsum.fits,1.814,ok
Mrk 817,COS,,lede1ucsq_x1d.fits,3.39,ok
Mrk 817,COS,,lede1ucuq_x1d.fits,3.39,ok
Mrk 817,COS,,lede1ucwq_x1d.fits,3.39,ok
Mrk 817,COS,,lede1ucyq_x1d.fits,3.39,ok
Mrk 817,COS,,lede1v010_x1dsum.fits,1.944,ok
Mrk 817,COS,,lede1v020_x1dsum.fits,1.944,ok
Mrk 817,COS,,lede1vd2q_x1d.fits,3.39,ok
Mrk 817,COS,,lede1vd4q_x1d.fits,3.39,ok
Mrk 817,COS,,lede1w010_x1dsum.fits,1.814,ok
Mrk 817,COS,,lede1w020_x1dsum.fits,1.814,ok
Mrk 817,COS,,lede1w030_x1dsum.fits,1.814,ok
Mrk 817,COS,,lede1wsvq_x1d.fits,3.39,ok
Mrk 817,COS,,lede1wsxq_x1d.fits,3.39,ok
Mrk 817,COS,,lede1wszq_x1d.fits,3.39,ok
Mrk 817,COS,,lede1wt1q_x1d.fits,3.39,ok
Mrk 817,COS,,lede1wt3q_x1d.fits,3.39,ok
Mrk 817,COS,,lede1wt5q_x1d.fits,3.39,ok
Mrk 817,COS,,lede1wt7q_x1d.fits,3.39,ok
Mrk 817,COS,,lede1wt9q_x1d.fits,3.39,ok
Mrk 817,COS,,lede1x010_x1dsum.fits,0.043,ok
Mrk 817,COS,,lede1x020_x1dsum.fits,0.043,ok
Mrk 817,COS,,lede1x030_x1dsum.fits,0.043,ok
Mrk 817,COS,,lede1xz3q_x1d.fits,0.046,ok
Mrk 817,COS,,lede1xz5q_x1d.fits,0.046,ok
Mrk 817,COS,,lede1xz7q_x1d.fits,0.046,ok
Mrk 817,COS,,lede1xzcq_x1d.fits,0.046,ok
Mrk 817,COS,,lede1xzeq_x1d.fits,0.046,ok
Mrk 817,COS,,lede1xzgq_x1d.fits,0.046,ok
Mrk 817,COS,,lede1xziq_x1d.fits,0.046,ok
Mrk 817,COS,,lede1xzkq_x1d.fits,0.046,ok
Mrk 817,COS,,lede1y010_x1dsum.fits,0.043,ok
Mrk 817,COS,,lede1y020_x1dsum.fits,0.043,ok
Mrk 817,COS,,lede1y030_x1dsum.fits,0.043,ok
Mrk 817,COS,,lede1ykxq_x1d.fits,0.046,ok
Mrk 817,COS,,lede1ykzq_x1d.fits,0.046,ok
Mrk 817,COS,,lede1yl1q_x1d.fits,0.046,ok
Mrk 817,COS,,lede1yl3q_x1d.fits,0.046,ok
Mrk 817,COS,,lede1yl5q_x1d.fits,0.046,ok
Mrk 817,COS,,lede1yl7q_x1d.fits,0.046,ok
Mrk 817,COS,,lede1yl9q_x1d.fits,0.046,ok
Mrk 817,COS,,lede1ylbq_x1d.fits,0.046,ok
Mrk 817,COS,,lede1z010_x1dsum.fits,0.043,ok
Mrk 817,COS,,lede1z020_x1dsum.fits,0.043,ok
Mrk 817,COS,,lede1z030_x1dsum.fits,0.043,ok
Mrk 817,COS,,lede1zlsq_x1d.fits,0.046,ok
Mrk 817,COS,,lede1zluq_x1d.fits,0.046,ok
Mrk 817,COS,,lede1zlwq_x1d.fits,0.046,ok
Mrk 817,COS,,lede1zlyq_x1d.fits,0.046,ok
Mrk 817,COS,,lede1zm0q_x1d.fits,0.046,ok
Mrk 817,COS,,lede1zm2q_x1d.fits,0.046,ok
Mrk 817,COS,,lede1zm4q_x1d.fits,0.046,ok
Mrk 817,COS,,lede1zm6q_x1d.fits,0.046,ok
Mrk 817,COS,,lede20010_x1dsum.fits,1.814,ok
Mrk 817,COS,,lede20020_x1dsum.fits,1.814,ok
Mrk 817,COS,,lede20030_x1dsum.fits,1.814,ok
Mrk 817,COS,,lede20alq_x1d.fits,3.39,ok
Mrk 817,COS,,lede20anq_x1d.fits,3.39,ok
Mrk 817,COS,,lede20apq_x1d.fits,3.39,ok
Mrk 817,COS,,lede20arq_x1d.fits,3.39,ok
Mrk 817,COS,,lede20atq_x1d.fits,3.39,ok
Mrk 817,COS,,lede20avq_x1d.fits,3.39,ok
Mrk 817,COS,,lede20axq_x1d.fits,3.39,ok
Mrk 817,COS,,lede20azq_x1d.fits,3.39,ok
Mrk 817,COS,,lede21010_x1dsum.fits,1.814,ok
Mrk 817,COS,,lede21020_x1dsum.fits,1.814,ok
Mrk 817,COS,,lede21030_x1dsum.fits,1.814,ok
Mrk 817,COS,,lede21keq_x1d.fits,3.39,ok
Mrk 817,COS,,lede21kgq_x1d.fits,3.39,ok
Mrk 817,COS,,lede21kiq_x1d.fits,3.39,ok
Mrk 817,COS,,lede21kkq_x1d.fits,3.39,ok
Mrk 817,COS,,lede21kmq_x1d.fits,3.39,ok
Mrk 817,COS,,lede21koq_x1d.fits,3.39,ok
Mrk 817,COS,,lede21kqq_x1d.fits,3.39,ok
Mrk 817,COS,,lede21ksq_x1d.fits,3.39,ok
Mrk 817,COS,,lede22010_x1dsum.fits,1.814,ok
Mrk 817,COS,,lede22020_x1dsum.fits,1.814,ok
Mrk 817,COS,,lede22030_x1dsum.fits,1.814,ok
Mrk 817,COS,,lede22loq_x1d.fits,3.39,ok
Mrk 817,COS,,lede22lqq_x1d.fits,3.39,ok
Mrk 817,COS,,lede22lsq_x1d.fits,3.39,ok
Mrk 817,COS,,lede22luq_x1d.fits,3.39,ok
Mrk 817,COS,,lede22lwq_x1d.fits,3.39,ok
Mrk 817,COS,,lede22lyq_x1d.fits,3.39,ok
Mrk 817,COS,,lede22m0q_x1d.fits,3.39,ok
Mrk 817,COS,,lede22m2q_x1d.fits,3.39,ok
Mrk 817,COS,,lede23010_x1dsum.fits,1.814,ok
Mrk 817,COS,,lede23020_x1dsum.fits,1.814,ok
Mrk 817,COS,,lede23030_x1dsum.fits,1.814,ok
Mrk 817,COS,,lede23upq_x1d.fits,3.39,ok
Mrk 817,COS,,lede23urq_x1d.fits,3.39,ok
Mrk 817,COS,,lede23utq_x1d.fits,3.39,ok
Mrk 817,COS,,lede23uvq_x1d.fits,3.39,ok
Mrk 817,COS,,lede23uxq_x1d.fits,3.39,ok
Mrk 817,COS,,lede23uzq_x1d.fits,3.39,ok
Mrk 817,COS,,lede23v1q_x1d.fits,3.39,ok
Mrk 817,COS,,lede23v3q_x1d.fits,3.39,ok
Mrk 817,COS,,lede24010_x1dsum.fits,1.814,ok
Mrk 817,COS,,lede24020_x1dsum.fits,1.814,ok
Mrk 817,COS,,lede24030_x1dsum.fits,1.814,ok
Mrk 817,COS,,lede24jsq_x1d.fits,3.39,ok
Mrk 817,COS,,lede24juq_x1d.fits,3.39,ok
Mrk 817,COS,,lede24jwq_x1d.fits,3.39,ok
Mrk 817,COS,,lede24jyq_x1d.fits,3.39,ok
Mrk 817,COS,,lede24k0q_x1d.fits,3.39,ok
Mrk 817,COS,,lede24k2q_x1d.fits,3.39,ok
Mrk 817,COS,,lede24k4q_x1d.fits,3.39,ok
Mrk 817,COS,,lede24k6q_x1d.fits,3.39,ok
Mrk 817,COS,,lede25010_x1dsum.fits,1.814,ok
Mrk 817,COS,,lede25020_x1dsum.fits,1.814,ok
Mrk 817,COS,,lede25030_x1dsum.fits,1.814,ok
Mrk 817,COS,,lede25rzq_x1d.fits,3.39,ok
Mrk 817,COS,,lede25s1q_x1d.fits,3.39,ok
Mrk 817,COS,,lede25s3q_x1d.fits,3.39,ok
Mrk 817,COS,,lede25s5q_x1d.fits,3.39,ok
Mrk 817,COS,,lede25s7q_x1d.fits,3.39,ok
Mrk 817,COS,,lede25s9q_x1d.fits,3.39,ok
Mrk 817,COS,,lede25sbq_x1d.fits,3.39,ok
Mrk 817,COS,,lede25sdq_x1d.fits,3.39,ok
Mrk 817,COS,,lede26010_x1dsum.fits,1.814,ok
Mrk 817,COS,,lede26020_x1dsum.fits,1.814,ok
Mrk 817,COS,,lede26030_x1dsum.fits,1.814,ok
Mrk 817,COS,,lede26k2q_x1d.fits,3.39,ok
Mrk 817,COS,,lede26k4q_x1d.fits,3.39,ok
Mrk 817,COS,,lede26k6q_x1d.fits,3.39,ok
Mrk 817,COS,,lede26k8q_x1d.fits,3.39,ok
Mrk 817,COS,,lede26kaq_x1d.fits,3.39,ok
Mrk 817,COS,,lede26kcq_x1d.fits,3.39,ok
Mrk 817,COS,,lede26keq_x1d.fits,3.39,ok
Mrk 817,COS,,lede26kgq_x1d.fits,3.39,ok
Mrk 817,COS,,lede27010_x1dsum.fits,1.814,ok
Mrk 817,COS,,lede27020_x1dsum.fits,1.814,ok
Mrk 817,COS,,lede27030_x1dsum.fits,1.814,ok
Mrk 817,COS,,lede27qjq_x1d.fits,3.39,ok
Mrk 817,COS,,lede27qlq_x1d.fits,3.39,ok
Mrk 817,COS,,lede27qnq_x1d.fits,3.39,ok
Mrk 817,COS,,lede27qpq_x1d.fits,3.39,ok
Mrk 817,COS,,lede27qrq_x1d.fits,3.39,ok
Mrk 817,COS,,lede27qtq_x1d.fits,3.39,ok
Mrk 817,COS,,lede27qvq_x1d.fits,3.39,ok
Mrk 817,COS,,lede27qxq_x1d.fits,3.39,ok
Mrk 817,COS,,lede28010_x1dsum.fits,1.814,ok
Mrk 817,COS,,lede28020_x1dsum.fits,1.814,ok
Mrk 817,COS,,lede28030_x1dsum.fits,1.814,ok
Mrk 817,COS,,lede28a5q_x1d.fits,3.39,ok
Mrk 817,COS,,lede28a7q_x1d.fits,3.39,ok
Mrk 817,COS,,lede28a9q_x1d.fits,3.39,ok
Mrk 817,COS,,lede28abq_x1d.fits,3.39,ok
Mrk 817,COS,,lede28adq_x1d.fits,3.39,ok
Mrk 817,COS,,lede28afq_x1d.fits,3.39,ok
Mrk 817,COS,,lede28ahq_x1d.fits,3.39,ok
Mrk 817,COS,,lede28ajq_x1d.fits,3.39,ok
Mrk 817,COS,,lede29010_x1dsum.fits,1.814,ok
Mrk 817,COS,,lede29020_x1dsum.fits,1.814,ok
Mrk 817,COS,,lede29030_x1dsum.fits,1.814,ok
Mrk 817,COS,,lede29hzq_x1d.fits,3.39,ok
Mrk 817,COS,,lede29i1q_x1d.fits,3.39,ok
Mrk 817,COS,,lede29i3q_x1d.fits,3.39,ok
Mrk 817,COS,,lede29i5q_x1d.fits,3.39,ok
Mrk 817,COS,,lede29i8q_x1d.fits,3.39,ok
Mrk 817,COS,,lede29iaq_x1d.fits,3.39,ok
Mrk 817,COS,,lede29icq_x1d.fits,3.39,ok
Mrk 817,COS,,lede29ieq_x1d.fits,3.39,ok
Mrk 817,COS,,lede2a010_x1dsum.fits,1.814,ok
Mrk 817,COS,,lede2a020_x1dsum.fits,1.814,ok
Mrk 817,COS,,lede2a030_x1dsum.fits,1.814,ok
Mrk 817,COS,,lede2ataq_x1d.fits,3.39,ok
Mrk 817,COS,,lede2atcq_x1d.fits,3.39,ok
Mrk 817,COS,,lede2ateq_x1d.fits,3.39,ok
Mrk 817,COS,,lede2atgq_x1d.fits,3.39,ok
Mrk 817,COS,,lede2atiq_x1d.fits,3.39,ok
Mrk 817,COS,,lede2atkq_x1d.fits,3.39,ok
Mrk 817,COS,,lede2atmq_x1d.fits,3.39,ok
Mrk 817,COS,,lede2atoq_x1d.fits,3.39,ok
Mrk 817,COS,,lede2b010_x1dsum.fits,1.814,ok
Mrk 817,COS,,lede2b020_x1dsum.fits,1.814,ok
Mrk 817,COS,,lede2b030_x1dsum.fits,1.814,ok
Mrk 817,COS,,lede2bb4q_x1d.fits,3.39,ok
Mrk 817,COS,,lede2bb6q_x1d.fits,3.39,ok
Mrk 817,COS,,lede2bb8q_x1d.fits,3.39,ok
Mrk 817,COS,,lede2bbaq_x1d.fits,3.39,ok
Mrk 817,COS,,lede2bbcq_x1d.fits,3.39,ok
Mrk 817,COS,,lede2bbhq_x1d.fits,3.39,ok
Mrk 817,COS,,lede2bbjq_x1d.fits,3.39,ok
Mrk 817,COS,,lede2bblq_x1d.fits,3.39,ok
Mrk 817,COS,,lede2c010_x1dsum.fits,1.814,ok
Mrk 817,COS,,lede2c020_x1dsum.fits,1.814,ok
Mrk 817,COS,,lede2c030_x1dsum.fits,1.814,ok
Mrk 817,COS,,lede2cisq_x1d.fits,3.39,ok
Mrk 817,COS,,lede2ciuq_x1d.fits,3.39,ok
Mrk 817,COS,,lede2ciwq_x1d.fits,3.39,ok
Mrk 817,COS,,lede2ciyq_x1d.fits,3.39,ok
Mrk 817,COS,,lede2cj0q_x1d.fits,3.39,ok
Mrk 817,COS,,lede2cj2q_x1d.fits,3.39,ok
Mrk 817,COS,,lede2cj4q_x1d.fits,3.39,ok
Mrk 817,COS,,lede2cj6q_x1d.fits,3.39,ok
Mrk 817,COS,,lede2d010_x1dsum.fits,1.814,ok
Mrk 817,COS,,lede2d020_x1dsum.fits,1.814,ok
Mrk 817,COS,,lede2d030_x1dsum.fits,1.814,ok
Mrk 817,COS,,lede2dokq_x1d.fits,3.39,ok
Mrk 817,COS,,lede2domq_x1d.fits,3.39,ok
Mrk 817,COS,,lede2dorq_x1d.fits,3.39,ok
Mrk 817,COS,,lede2dotq_x1d.fits,3.39,ok
Mrk 817,COS,,lede2dowq_x1d.fits,3.39,ok
Mrk 817,COS,,lede2doyq_x1d.fits,3.39,ok
Mrk 817,COS,,lede2dp0q_x1d.fits,3.39,ok
Mrk 817,COS,,lede2dp3q_x1d.fits,3.39,ok
Mrk 817,COS,,lede2e010_x1dsum.fits,1.814,ok
Mrk 817,COS,,lede2e020_x1dsum.fits,1.814,ok
Mrk 817,COS,,lede2e030_x1dsum.fits,1.814,ok
Mrk 817,COS,,lede2eyeq_x1d.fits,3.39,ok
Mrk 817,COS,,lede2eygq_x1d.fits,3.39,ok
Mrk 817,COS,,lede2eyiq_x1d.fits,3.39,ok
Mrk 817,COS,,lede2eylq_x1d.fits,3.39,ok
Mrk 817,COS,,lede2eynq_x1d.fits,3.39,ok
Mrk 817,COS,,lede2eyqq_x1d.fits,3.39,ok
Mrk 817,COS,,lede2eysq_x1d.fits,3.39,ok
Mrk 817,COS,,lede2eyuq_x1d.fits,3.39,ok
Mrk 817,COS,,lede2f010_x1dsum.fits,1.814,ok
Mrk 817,COS,,lede2f020_x1dsum.fits,1.814,ok
Mrk 817,COS,,lede2f030_x1dsum.fits,1.814,ok
Mrk 817,COS,,lede2fhvq_x1d.fits,3.39,ok
Mrk 817,COS,,lede2fhxq_x1d.fits,3.39,ok
Mrk 817,COS,,lede2fhzq_x1d.fits,3.39,ok
Mrk 817,COS,,lede2fi1q_x1d.fits,3.39,ok
Mrk 817,COS,,lede2fi3q_x1d.fits,3.39,ok
Mrk 817,COS,,lede2fi5q_x1d.fits,3.39,ok
Mrk 817,COS,,lede2fi7q_x1d.fits,3.39,ok
Mrk 817,COS,,lede2fi9q_x1d.fits,3.39,ok
Mrk 817,COS,,lede2g010_x1dsum.fits,1.814,ok
Mrk 817,COS,,lede2g020_x1dsum.fits,1.814,ok
Mrk 817,COS,,lede2g030_x1dsum.fits,1.814,ok
Mrk 817,COS,,lede2gf0q_x1d.fits,3.39,ok
Mrk 817,COS,,lede2gf2q_x1d.fits,3.39,ok
Mrk 817,COS,,lede2gf4q_x1d.fits,3.39,ok
Mrk 817,COS,,lede2gf6q_x1d.fits,3.39,ok
Mrk 817,COS,,lede2gf8q_x1d.fits,3.39,ok
Mrk 817,COS,,lede2gfaq_x1d.fits,3.39,ok
Mrk 817,COS,,lede2gfcq_x1d.fits,3.39,ok
Mrk 817,COS,,lede2gfxq_x1d.fits,3.39,ok
Mrk 817,COS,,lede2h010_x1dsum.fits,1.814,ok
Mrk 817,COS,,lede2h020_x1dsum.fits,1.814,ok
Mrk 817,COS,,lede2h030_x1dsum.fits,1.814,ok
Mrk 817,COS,,lede2hqxq_x1d.fits,3.39,ok
Mrk 817,COS,,lede2hqzq_x1d.fits,3.39,ok
Mrk 817,COS,,lede2hr1q_x1d.fits,3.39,ok
Mrk 817,COS,,lede2hr3q_x1d.fits,3.39,ok
Mrk 817,COS,,lede2hr5q_x1d.fits,3.39,ok
Mrk 817,COS,,lede2hr7q_x1d.fits,3.39,ok
Mrk 817,COS,,lede2hr9q_x1d.fits,3.39,ok
Mrk 817,COS,,lede2hrbq_x1d.fits,3.39,ok
Mrk 817,COS,,lede2i010_x1dsum.fits,1.814,ok
Mrk 817,COS,,lede2i020_x1dsum.fits,1.814,ok
Mrk 817,COS,,lede2i030_x1dsum.fits,1.814,ok
Mrk 817,COS,,lede2ib3q_x1d.fits,3.39,ok
Mrk 817,COS,,lede2ib5q_x1d.fits,3.39,ok
Mrk 817,COS,,lede2ib7q_x1d.fits,3.39,ok
Mrk 817,COS,,lede2ib9q_x1d.fits,3.39,ok
Mrk 817,COS,,lede2ibbq_x1d.fits,3.39,ok
Mrk 817,COS,,lede2ibdq_x1d.fits,3.39,ok
Mrk 817,COS,,lede2ibfq_x1d.fits,3.39,ok
Mrk 817,COS,,lede2ibhq_x1d.fits,3.39,ok
Mrk 817,COS,,lede2j010_x1dsum.fits,1.814,ok
Mrk 817,COS,,lede2j020_x1dsum.fits,1.814,ok
Mrk 817,COS,,lede2j030_x1dsum.fits,1.814,ok
Mrk 817,COS,,lede2jjoq_x1d.fits,3.39,ok
Mrk 817,COS,,lede2jjqq_x1d.fits,3.39,ok
Mrk 817,COS,,lede2jjsq_x1d.fits,3.39,ok
Mrk 817,COS,,lede2jjuq_x1d.fits,3.39,ok
Mrk 817,COS,,lede2jjwq_x1d.fits,3.39,ok
Mrk 817,COS,,lede2jjyq_x1d.fits,3.39,ok
Mrk 817,COS,,lede2jk0q_x1d.fits,3.39,ok
Mrk 817,COS,,lede2jk2q_x1d.fits,3.39,ok
Mrk 817,COS,,lede2k010_x1dsum.fits,1.814,ok
Mrk 817,COS,,lede2k020_x1dsum.fits,1.814,ok
Mrk 817,COS,,lede2k030_x1dsum.fits,1.814,ok
Mrk 817,COS,,lede2kkaq_x1d.fits,3.39,ok
Mrk 817,COS,,lede2kkcq_x1d.fits,3.39,ok
Mrk 817,COS,,lede2kkhq_x1d.fits,3.39,ok
Mrk 817,COS,,lede2kkjq_x1d.fits,3.39,ok
Mrk 817,COS,,lede2kkmq_x1d.fits,3.39,ok
Mrk 817,COS,,lede2kkoq_x1d.fits,3.39,ok
Mrk 817,COS,,lede2kkqq_x1d.fits,3.39,ok
Mrk 817,COS,,lede2kktq_x1d.fits,3.39,ok
Mrk 817,COS,,lede2l010_x1dsum.fits,1.814,ok
Mrk 817,COS,,lede2l020_x1dsum.fits,1.814,ok
Mrk 817,COS,,lede2l030_x1dsum.fits,1.814,ok
Mrk 817,COS,,lede2ls0q_x1d.fits,3.39,ok
Mrk 817,COS,,lede2ls2q_x1d.fits,3.39,ok
Mrk 817,COS,,lede2ls4q_x1d.fits,3.39,ok
Mrk 817,COS,,lede2ls6q_x1d.fits,3.39,ok
Mrk 817,COS,,lede2ls8q_x1d.fits,3.39,ok
Mrk 817,COS,,lede2lsaq_x1d.fits,3.39,ok
Mrk 817,COS,,lede2lscq_x1d.fits,3.39,ok
Mrk 817,COS,,lede2lseq_x1d.fits,3.39,ok
Mrk 817,COS,,lede2m010_x1dsum.fits,1.814,ok
Mrk 817,COS,,lede2m020_x1dsum.fits,1.814,ok
Mrk 817,COS,,lede2m030_x1dsum.fits,1.814,ok
Mrk 817,COS,,lede2mauq_x1d.fits,3.39,ok
Mrk 817,COS,,lede2mawq_x1d.fits,3.39,ok
Mrk 817,COS,,lede2mayq_x1d.fits,3.39,ok
Mrk 817,COS,,lede2mb0q_x1d.fits,3.39,ok
Mrk 817,COS,,lede2mb2q_x1d.fits,3.39,ok
Mrk 817,COS,,lede2mb4q_x1d.fits,3.39,ok
Mrk 817,COS,,lede2mb6q_x1d.fits,3.39,ok
Mrk 817,COS,,lede2mb8q_x1d.fits,3.39,ok
Mrk 817,COS,,lede2n010_x1dsum.fits,1.814,ok
Mrk 817,COS,,lede2n020_x1dsum.fits,1.814,ok
Mrk 817,COS,,lede2n030_x1dsum.fits,1.814,ok
Mrk 817,COS,,lede2nknq_x1d.fits,3.39,ok
Mrk 817,COS,,lede2nkqq_x1d.fits,3.39,ok
Mrk 817,COS,,lede2nkuq_x1d.fits,3.39,ok
Mrk 817,COS,,lede2nkwq_x1d.fits,3.39,ok
Mrk 817,COS,,lede2nkyq_x1d.fits,3.39,ok
Mrk 817,COS,,lede2nl3q_x1d.fits,3.39,ok
Mrk 817,COS,,lede2nl5q_x1d.fits,3.39,ok
Mrk 817,COS,,lede2nl7q_x1d.fits,3.39,ok
Mrk 817,COS,,lede2o010_x1dsum.fits,1.814,ok
Mrk 817,COS,,lede2o020_x1dsum.fits,1.814,ok
Mrk 817,COS,,lede2o030_x1dsum.fits,1.814,ok
Mrk 817,COS,,lede2ogxq_x1d.fits,3.39,ok
Mrk 817,COS,,lede2ogzq_x1d.fits,3.39,ok
Mrk 817,COS,,lede2oh1q_x1d.fits,3.39,ok
Mrk 817,COS,,lede2oh7q_x1d.fits,3.39,ok
Mrk 817,COS,,lede2oh9q_x1d.fits,3.39,ok
Mrk 817,COS,,lede2ohbq_x1d.fits,3.39,ok
Mrk 817,COS,,lede2ohdq_x1d.fits,3.39,ok
Mrk 817,COS,,lede2ohhq_x1d.fits,3.39,ok
Mrk 817,COS,,lede2p010_x1dsum.fits,1.814,ok
Mrk 817,COS,,lede2p020_x1dsum.fits,1.814,ok
Mrk 817,COS,,lede2p030_x1dsum.fits,1.814,ok
Mrk 817,COS,,lede2pu8q_x1d.fits,3.39,ok
Mrk 817,COS,,lede2puaq_x1d.fits,3.39,ok
Mrk 817,COS,,lede2pucq_x1d.fits,3.39,ok
Mrk 817,COS,,lede2pueq_x1d.fits,3.39,ok
Mrk 817,COS,,lede2pugq_x1d.fits,3.39,ok
Mrk 817,COS,,lede2puiq_x1d.fits,3.39,ok
Mrk 817,COS,,lede2pukq_x1d.fits,3.39,ok
Mrk 817,COS,,lede2pumq_x1d.fits,3.39,ok
Mrk 817,COS,,lede2q010_x1dsum.fits,1.814,ok
Mrk 817,COS,,lede2q020_x1dsum.fits,1.814,ok
Mrk 817,COS,,lede2q030_x1dsum.fits,1.814,ok
Mrk 817,COS,,lede2qcuq_x1d.fits,3.39,ok
Mrk 817,COS,,lede2qcwq_x1d.fits,3.39,ok
Mrk 817,COS,,lede2qcyq_x1d.fits,3.39,ok
Mrk 817,COS,,lede2qd0q_x1d.fits,3.39,ok
Mrk 817,COS,,lede2qd2q_x1d.fits,3.39,ok
Mrk 817,COS,,lede2qd4q_x1d.fits,3.39,ok
Mrk 817,COS,,lede2qd6q_x1d.fits,3.39,ok
Mrk 817,COS,,lede2qd8q_x1d.fits,3.39,ok
Mrk 817,COS,,lede2r010_x1dsum.fits,1.814,ok
Mrk 817,COS,,lede2r020_x1dsum.fits,1.814,ok
Mrk 817,COS,,lede2r030_x1dsum.fits,1.814,ok
Mrk 817,COS,,lede2rl6q_x1d.fits,3.39,ok
Mrk 817,COS,,lede2rl8q_x1d.fits,3.39,ok
Mrk 817,COS,,lede2rlaq_x1d.fits,3.39,ok
Mrk 817,COS,,lede2rlcq_x1d.fits,3.39,ok
Mrk 817,COS,,lede2rleq_x1d.fits,3.39,ok
Mrk 817,COS,,lede2rlgq_x1d.fits,3.39,ok
Mrk 817,COS,,lede2rliq_x1d.fits,3.39,ok
Mrk 817,COS,,lede2rlkq_x1d.fits,3.39,ok
Mrk 817,COS,,lede2s010_x1dsum.fits,1.814,ok
Mrk 817,COS,,lede2s020_x1dsum.fits,1.814,ok
Mrk 817,COS,,lede2s030_x1dsum.fits,1.814,ok
Mrk 817,COS,,lede2sk1q_x1d.fits,3.39,ok
Mrk 817,COS,,lede2sk4q_x1d.fits,3.39,ok
Mrk 817,COS,,lede2sk6q_x1d.fits,3.39,ok
Mrk 817,COS,,lede2sk8q_x1d.fits,3.39,ok
Mrk 817,COS,,lede2skaq_x1d.fits,3.39,ok
Mrk 817,COS,,lede2skcq_x1d.fits,3.39,ok
Mrk 817,COS,,lede2skeq_x1d.fits,3.39,ok
Mrk 817,COS,,lede2skgq_x1d.fits,3.39,ok
Mrk 817,COS,,lede2t010_x1dsum.fits,1.814,ok
Mrk 817,COS,,lede2t020_x1dsum.fits,1.814,ok
Mrk 817,COS,,lede2t030_x1dsum.fits,1.814,ok
Mrk 817,COS,,lede2tr7q_x1d.fits,3.39,ok
Mrk 817,COS,,lede2tr9q_x1d.fits,3.39,ok
Mrk 817,COS,,lede2trbq_x1d.fits,3.39,ok
Mrk 817,COS,,lede2trdq_x1d.fits,3.39,ok
Mrk 817,COS,,lede2trfq_x1d.fits,3.39,ok
Mrk 817,COS,,lede2trhq_x1d.fits,3.39,ok
Mrk 817,COS,,lede2trjq_x1d.fits,3.39,ok
Mrk 817,COS,,lede2trlq_x1d.fits,3.39,ok
Mrk 817,COS,,lede2u010_x1dsum.fits,1.814,ok
Mrk 817,COS,,lede2u020_x1dsum.fits,1.814,ok
Mrk 817,COS,,lede2u030_x1dsum.fits,1.814,ok
Mrk 817,COS,,lede2ua2q_x1d.fits,3.39,ok
Mrk 817,COS,,lede2ua4q_x1d.fits,3.39,ok
Mrk 817,COS,,lede2ua6q_x1d.fits,3.39,ok
Mrk 817,COS,,lede2ua8q_x1d.fits,3.39,ok
Mrk 817,COS,,lede2uaaq_x1d.fits,3.39,ok
Mrk 817,COS,,lede2uzvq_x1d.fits,3.39,ok
Mrk 817,COS,,lede2uzxq_x1d.fits,3.39,ok
Mrk 817,COS,,lede2uzzq_x1d.fits,3.39,ok
Mrk 817,COS,,lede2y010_x1dsum.fits,1.814,ok
Mrk 817,COS,,lede2y020_x1dsum.fits,1.814,ok
Mrk 817,COS,,lede2y030_x1dsum.fits,1.814,ok
Mrk 817,COS,,lede2yd3q_x1d.fits,3.39,ok
Mrk 817,COS,,lede2yd5q_x1d.fits,3.39,ok
Mrk 817,COS,,lede2yd7q_x1d.fits,3.39,ok
Mrk 817,COS,,lede2yd9q_x1d.fits,3.39,ok
Mrk 817,COS,,lede2ydbq_x1d.fits,3.39,ok
Mrk 817,COS,,lede2yddq_x1d.fits,3.39,ok
Mrk 817,COS,,lede2ydfq_x1d.fits,3.39,ok
Mrk 817,COS,,lede2ydhq_x1d.fits,3.39,ok
Mrk 817,COS,,lede2z010_x1dsum.fits,1.814,ok
Mrk 817,COS,,lede2z020_x1dsum.fits,1.814,ok
Mrk 817,COS,,lede2z030_x1dsum.fits,1.814,ok
Mrk 817,COS,,lede2zo6q_x1d.fits,3.39,ok
Mrk 817,COS,,lede2zo8q_x1d.fits,3.39,ok
Mrk 817,COS,,lede2zoaq_x1d.fits,3.39,ok
Mrk 817,COS,,lede2zocq_x1d.fits,3.39,ok
Mrk 817,COS,,lede2zoeq_x1d.fits,3.39,ok
Mrk 817,COS,,lede2zogq_x1d.fits,3.39,ok
Mrk 817,COS,,lede2zoiq_x1d.fits,3.39,ok
Mrk 817,COS,,lede2zokq_x1d.fits,3.39,ok
Mrk 817,COS,,lede30010_x1dsum.fits,1.814,ok
Mrk 817,COS,,lede30020_x1dsum.fits,1.814,ok
Mrk 817,COS,,lede30030_x1dsum.fits,1.814,ok
Mrk 817,COS,,lede30sbq_x1d.fits,3.39,ok
Mrk 817,COS,,lede30sdq_x1d.fits,3.39,ok
Mrk 817,COS,,lede30sfq_x1d.fits,3.39,ok
Mrk 817,COS,,lede30shq_x1d.fits,3.39,ok
Mrk 817,COS,,lede30sjq_x1d.fits,3.39,ok
Mrk 817,COS,,lede30slq_x1d.fits,3.39,ok
Mrk 817,COS,,lede30snq_x1d.fits,3.39,ok
Mrk 817,COS,,lede30spq_x1d.fits,3.39,ok
Mrk 817,COS,,lede31010_x1dsum.fits,1.814,ok
Mrk 817,COS,,lede31020_x1dsum.fits,1.814,ok
Mrk 817,COS,,lede31030_x1dsum.fits,1.814,ok
Mrk 817,COS,,lede31d6q_x1d.fits,3.39,ok
Mrk 817,COS,,lede31d8q_x1d.fits,3.39,ok
Mrk 817,COS,,lede31daq_x1d.fits,3.39,ok
Mrk 817,COS,,lede31dcq_x1d.fits,3.39,ok
Mrk 817,COS,,lede31deq_x1d.fits,3.39,ok
Mrk 817,COS,,lede31dgq_x1d.fits,3.39,ok
Mrk 817,COS,,lede31diq_x1d.fits,3.39,ok
Mrk 817,COS,,lede31dkq_x1d.fits,3.39,ok
Mrk 817,COS,,lede32010_x1dsum.fits,1.814,ok
Mrk 817,COS,,lede32020_x1dsum.fits,1.814,ok
Mrk 817,COS,,lede32030_x1dsum.fits,1.814,ok
Mrk 817,COS,,lede32s0q_x1d.fits,3.39,ok
Mrk 817,COS,,lede32s2q_x1d.fits,3.39,ok
Mrk 817,COS,,lede32s5q_x1d.fits,3.39,ok
Mrk 817,COS,,lede32s7q_x1d.fits,3.39,ok
Mrk 817,COS,,lede32s9q_x1d.fits,3.39,ok
Mrk 817,COS,,lede32sbq_x1d.fits,3.39,ok
Mrk 817,COS,,lede32sdq_x1d.fits,3.39,ok
Mrk 817,COS,,lede32sfq_x1d.fits,3.39,ok
Mrk 817,COS,,lede33010_x1dsum.fits,1.814,ok
Mrk 817,COS,,lede33020_x1dsum.fits,1.814,ok
Mrk 817,COS,,lede33030_x1dsum.fits,1.814,ok
Mrk 817,COS,,lede33rzq_x1d.fits,3.39,ok
Mrk 817,COS,,lede33s2q_x1d.fits,3.39,ok
Mrk 817,COS,,lede33s4q_x1d.fits,3.39,ok
Mrk 817,COS,,lede33s7q_x1d.fits,3.39,ok
Mrk 817,COS,,lede33s9q_x1d.fits,3.39,ok
Mrk 817,COS,,lede33syq_x1d.fits,3.39,ok
Mrk 817,COS,,lede33t0q_x1d.fits,3.39,ok
Mrk 817,COS,,lede33t2q_x1d.fits,3.39,ok
Mrk 817,COS,,lede34010_x1dsum.fits,1.814,ok
Mrk 817,COS,,lede34020_x1dsum.fits,1.814,ok
Mrk 817,COS,,lede34030_x1dsum.fits,1.814,ok
Mrk 817,COS,,lede34lnq_x1d.fits,3.39,ok
Mrk 817,COS,,lede34lpq_x1d.fits,3.39,ok
Mrk 817,COS,,lede34lrq_x1d.fits,3.39,ok
Mrk 817,COS,,lede34luq_x1d.fits,3.39,ok
Mrk 817,COS,,lede34lwq_x1d.fits,3.39,ok
Mrk 817,COS,,lede34lyq_x1d.fits,3.39,ok
Mrk 817,COS,,lede34m0q_x1d.fits,3.39,ok
Mrk 817,COS,,lede34m3q_x1d.fits,3.39,ok
Mrk 817,COS,,lede35010_x1dsum.fits,1.814,ok
Mrk 817,COS,,lede35020_x1dsum.fits,1.814,ok
Mrk 817,COS,,lede35030_x1dsum.fits,1.814,ok
Mrk 817,COS,,lede35xrq_x1d.fits,3.39,ok
Mrk 817,COS,,lede35xtq_x1d.fits,3.39,ok
Mrk 817,COS,,lede35xvq_x1d.fits,3.39,ok
Mrk 817,COS,,lede35xxq_x1d.fits,3.39,ok
Mrk 817,COS,,lede35xzq_x1d.fits,3.39,ok
Mrk 817,COS,,lede35y1q_x1d.fits,3.39,ok
Mrk 817,COS,,lede35y3q_x1d.fits,3.39,ok
Mrk 817,COS,,lede35y5q_x1d.fits,3.39,ok
Mrk 817,COS,,lede36010_x1dsum.fits,1.814,ok
Mrk 817,COS,,lede36020_x1dsum.fits,1.814,ok
Mrk 817,COS,,lede36030_x1dsum.fits,1.814,ok
Mrk 817,COS,,lede36g0q_x1d.fits,3.39,ok
Mrk 817,COS,,lede36g2q_x1d.fits,3.39,ok
Mrk 817,COS,,lede36g4q_x1d.fits,3.39,ok
Mrk 817,COS,,lede36g6q_x1d.fits,3.39,ok
Mrk 817,COS,,lede36g8q_x1d.fits,3.39,ok
Mrk 817,COS,,lede36gaq_x1d.fits,3.39,ok
Mrk 817,COS,,lede36gcq_x1d.fits,3.39,ok
Mrk 817,COS,,lede36geq_x1d.fits,3.39,ok
Mrk 817,COS,,lede37010_x1dsum.fits,1.814,ok
Mrk 817,COS,,lede37020_x1dsum.fits,1.814,ok
Mrk 817,COS,,lede37030_x1dsum.fits,1.814,ok
Mrk 817,COS,,lede37l5q_x1d.fits,3.39,ok
Mrk 817,COS,,lede37l7q_x1d.fits,3.39,ok
Mrk 817,COS,,lede37l9q_x1d.fits,3.39,ok
Mrk 817,COS,,lede37lbq_x1d.fits,3.39,ok
Mrk 817,COS,,lede37ldq_x1d.fits,3.39,ok
Mrk 817,COS,,lede37lfq_x1d.fits,3.39,ok
Mrk 817,COS,,lede37lhq_x1d.fits,3.39,ok
Mrk 817,COS,,lede37ljq_x1d.fits,3.39,ok
Mrk 817,COS,,lede38010_x1dsum.fits,1.814,ok
Mrk 817,COS,,lede38020_x1dsum.fits,1.814,ok
Mrk 817,COS,,lede38030_x1dsum.fits,1.814,ok
Mrk 817,COS,,lede38tsq_x1d.fits,3.39,ok
Mrk 817,COS,,lede38tuq_x1d.fits,3.39,ok
Mrk 817,COS,,lede38twq_x1d.fits,3.39,ok
Mrk 817,COS,,lede38tyq_x1d.fits,3.39,ok
Mrk 817,COS,,lede38u0q_x1d.fits,3.39,ok
Mrk 817,COS,,lede38u2q_x1d.fits,3.39,ok
Mrk 817,COS,,lede38u4q_x1d.fits,3.39,ok
Mrk 817,COS,,lede38u6q_x1d.fits,3.39,ok
Mrk 817,COS,,lede39010_x1dsum.fits,1.814,ok
Mrk 817,COS,,lede39020_x1dsum.fits,1.814,ok
Mrk 817,COS,,lede39030_x1dsum.fits,1.814,ok
Mrk 817,COS,,lede39clq_x1d.fits,3.39,ok
Mrk 817,COS,,lede39cnq_x1d.fits,3.39,ok
Mrk 817,COS,,lede39cpq_x1d.fits,3.39,ok
Mrk 817,COS,,lede39crq_x1d.fits,3.39,ok
Mrk 817,COS,,lede39ctq_x1d.fits,3.39,ok
Mrk 817,COS,,lede39cvq_x1d.fits,3.39,ok
Mrk 817,COS,,lede39cxq_x1d.fits,3.39,ok
Mrk 817,COS,,lede39czq_x1d.fits,3.39,ok
Mrk 817,COS,,lede3a010_x1dsum.fits,1.814,ok
Mrk 817,COS,,lede3a020_x1dsum.fits,1.814,ok
Mrk 817,COS,,lede3a030_x1dsum.fits,1.814,ok
Mrk 817,COS,,lede3axcq_x1d.fits,3.39,ok
Mrk 817,COS,,lede3axeq_x1d.fits,3.39,ok
Mrk 817,COS,,lede3axgq_x1d.fits,3.39,ok
Mrk 817,COS,,lede3axiq_x1d.fits,3.39,ok
Mrk 817,COS,,lede3axkq_x1d.fits,3.39,ok
Mrk 817,COS,,lede3axmq_x1d.fits,3.39,ok
Mrk 817,COS,,lede3axoq_x1d.fits,3.39,ok
Mrk 817,COS,,lede3axqq_x1d.fits,3.39,ok
Mrk 817,COS,,lede3b010_x1dsum.fits,1.814,ok
Mrk 817,COS,,lede3b020_x1dsum.fits,1.814,ok
Mrk 817,COS,,lede3b030_x1dsum.fits,1.814,ok
Mrk 817,COS,,lede3bk0q_x1d.fits,3.39,ok
Mrk 817,COS,,lede3bk2q_x1d.fits,3.39,ok
Mrk 817,COS,,lede3bk4q_x1d.fits,3.39,ok
Mrk 817,COS,,lede3bk6q_x1d.fits,3.39,ok
Mrk 817,COS,,lede3bk8q_x1d.fits,3.39,ok
Mrk 817,COS,,lede3bkaq_x1d.fits,3.39,ok
Mrk 817,COS,,lede3bkcq_x1d.fits,3.39,ok
Mrk 817,COS,,lede3bkeq_x1d.fits,3.39,ok
Mrk 817,COS,,lede3c010_x1dsum.fits,1.814,ok
Mrk 817,COS,,lede3c020_x1dsum.fits,1.814,ok
Mrk 817,COS,,lede3c030_x1dsum.fits,1.814,ok
Mrk 817,COS,,lede3ck6q_x1d.fits,3.39,ok
Mrk 817,COS,,lede3ck8q_x1d.fits,3.39,ok
Mrk 817,COS,,lede3ckaq_x1d.fits,3.39,ok
Mrk 817,COS,,lede3ckcq_x1d.fits,3.39,ok
Mrk 817,COS,,lede3ckeq_x1d.fits,3.39,ok
Mrk 817,COS,,lede3ckgq_x1d.fits,3.39,ok
Mrk 817,COS,,lede3ckiq_x1d.fits,3.39,ok
Mrk 817,COS,,lede3ckkq_x1d.fits,3.39,ok
Mrk 817,COS,,lede3d010_x1dsum.fits,1.814,ok
Mrk 817,COS,,lede3d020_x1dsum.fits,1.814,ok
Mrk 817,COS,,lede3d030_x1dsum.fits,1.814,ok
Mrk 817,COS,,lede3dt1q_x1d.fits,3.39,ok
Mrk 817,COS,,lede3dt3q_x1d.fits,3.39,ok
Mrk 817,COS,,lede3dt5q_x1d.fits,3.39,ok
Mrk 817,COS,,lede3dt7q_x1d.fits,3.39,ok
Mrk 817,COS,,lede3dt9q_x1d.fits,3.39,ok
Mrk 817,COS,,lede3dtbq_x1d.fits,3.39,ok
Mrk 817,COS,,lede3dtdq_x1d.fits,3.39,ok
Mrk 817,COS,,lede3dtfq_x1d.fits,3.39,ok
Mrk 817,COS,,lede3e010_x1dsum.fits,1.814,ok
Mrk 817,COS,,lede3e020_x1dsum.fits,1.814,ok
Mrk 817,COS,,lede3e030_x1dsum.fits,1.814,ok
Mrk 817,COS,,lede3efcq_x1d.fits,3.39,ok
Mrk 817,COS,,lede3efeq_x1d.fits,3.39,ok
Mrk 817,COS,,lede3efgq_x1d.fits,3.39,ok
Mrk 817,COS,,lede3efiq_x1d.fits,3.39,ok
Mrk 817,COS,,lede3efkq_x1d.fits,3.39,ok
Mrk 817,COS,,lede3efmq_x1d.fits,3.39,ok
Mrk 817,COS,,lede3efoq_x1d.fits,3.39,ok
Mrk 817,COS,,lede3efqq_x1d.fits,3.39,ok
Mrk 817,COS,,lede3f010_x1dsum.fits,1.814,ok
Mrk 817,COS,,lede3f020_x1dsum.fits,1.814,ok
Mrk 817,COS,,lede3f030_x1dsum.fits,1.814,ok
Mrk 817,COS,,lede3fdhq_x1d.fits,3.39,ok
Mrk 817,COS,,lede3fdjq_x1d.fits,3.39,ok
Mrk 817,COS,,lede3fdlq_x1d.fits,3.39,ok
Mrk 817,COS,,lede3fdnq_x1d.fits,3.39,ok
Mrk 817,COS,,lede3fdpq_x1d.fits,3.39,ok
Mrk 817,COS,,lede3fdrq_x1d.fits,3.39,ok
Mrk 817,COS,,lede3fdtq_x1d.fits,3.39,ok
Mrk 817,COS,,lede3fe0q_x1d.fits,3.39,ok
Mrk 817,COS,,lede3g010_x1dsum.fits,1.814,ok
Mrk 817,COS,,lede3g020_x1dsum.fits,1.814,ok
Mrk 817,COS,,lede3g030_x1dsum.fits,1.814,ok
Mrk 817,COS,,lede3gmjq_x1d.fits,3.39,ok
Mrk 817,COS,,lede3gmlq_x1d.fits,3.39,ok
Mrk 817,COS,,lede3gmnq_x1d.fits,3.39,ok
Mrk 817,COS,,lede3gmpq_x1d.fits,3.39,ok
Mrk 817,COS,,lede3gmrq_x1d.fits,3.39,ok
Mrk 817,COS,,lede3gmtq_x1d.fits,3.39,ok
Mrk 817,COS,,lede3gmvq_x1d.fits,3.39,ok
Mrk 817,COS,,lede3gmxq_x1d.fits,3.39,ok
Mrk 817,COS,,lede3h010_x1dsum.fits,1.814,ok
Mrk 817,COS,,lede3h020_x1dsum.fits,1.814,ok
Mrk 817,COS,,lede3h030_x1dsum.fits,1.814,ok
Mrk 817,COS,,lede3hbeq_x1d.fits,3.39,ok
Mrk 817,COS,,lede3hbhq_x1d.fits,3.39,ok
Mrk 817,COS,,lede3hbjq_x1d.fits,3.39,ok
Mrk 817,COS,,lede3hblq_x1d.fits,3.39,ok
Mrk 817,COS,,lede3hbnq_x1d.fits,3.39,ok
Mrk 817,COS,,lede3hbpq_x1d.fits,3.39,ok
Mrk 817,COS,,lede3hbrq_x1d.fits,3.39,ok
Mrk 817,COS,,lede3hbtq_x1d.fits,3.39,ok
Mrk 817,COS,,lede3i010_x1dsum.fits,1.814,ok
Mrk 817,COS,,lede3i020_x1dsum.fits,1.814,ok
Mrk 817,COS,,lede3i030_x1dsum.fits,1.814,ok
Mrk 817,COS,,lede3irrq_x1d.fits,3.39,ok
Mrk 817,COS,,lede3irtq_x1d.fits,3.39,ok
Mrk 817,COS,,lede3irvq_x1d.fits,3.39,ok
Mrk 817,COS,,lede3irxq_x1d.fits,3.39,ok
Mrk 817,COS,,lede3irzq_x1d.fits,3.39,ok
Mrk 817,COS,,lede3is1q_x1d.fits,3.39,ok
Mrk 817,COS,,lede3is3q_x1d.fits,3.39,ok
Mrk 817,COS,,lede3is6q_x1d.fits,3.39,ok
Mrk 817,COS,,lede3l010_x1dsum.fits,1.814,ok
Mrk 817,COS,,lede3l020_x1dsum.fits,1.814,ok
Mrk 817,COS,,lede3l030_x1dsum.fits,1.814,ok
Mrk 817,COS,,lede3lppq_x1d.fits,3.39,ok
Mrk 817,COS,,lede3lprq_x1d.fits,3.39,ok
Mrk 817,COS,,lede3lptq_x1d.fits,3.39,ok
Mrk 817,COS,,lede3lpvq_x1d.fits,3.39,ok
Mrk 817,COS,,lede3lpxq_x1d.fits,3.39,ok
Mrk 817,COS,,lede3lpzq_x1d.fits,3.39,ok
Mrk 817,COS,,lede3lq1q_x1d.fits,3.39,ok
Mrk 817,COS,,lede3lq3q_x1d.fits,3.39,ok
Mrk 817,COS,,lede3m010_x1dsum.fits,1.814,ok
Mrk 817,COS,,lede3m020_x1dsum.fits,1.814,ok
Mrk 817,COS,,lede3m030_x1dsum.fits,1.814,ok
Mrk 817,COS,,lede3me4q_x1d.fits,3.39,ok
Mrk 817,COS,,lede3me6q_x1d.fits,3.39,ok
Mrk 817,COS,,lede3me8q_x1d.fits,3.39,ok
Mrk 817,COS,,lede3meaq_x1d.fits,3.39,ok
Mrk 817,COS,,lede3medq_x1d.fits,3.39,ok
Mrk 817,COS,,lede3mefq_x1d.fits,3.39,ok
Mrk 817,COS,,lede3mehq_x1d.fits,3.39,ok
Mrk 817,COS,,lede3mejq_x1d.fits,3.39,ok
Mrk 817,COS,,lede3n010_x1dsum.fits,1.814,ok
Mrk 817,COS,,lede3n020_x1dsum.fits,1.814,ok
Mrk 817,COS,,lede3n030_x1dsum.fits,1.814,ok
Mrk 817,COS,,lede3n040_x1dsum.fits,1.814,ok
Mrk 817,COS,,lede3nc4q_x1d.fits,3.39,ok
Mrk 817,COS,,lede3nc6q_x1d.fits,3.39,ok
Mrk 817,COS,,lede3nc8q_x1d.fits,3.39,ok
Mrk 817,COS,,lede3ncaq_x1d.fits,3.39,ok
Mrk 817,COS,,lede3ncdq_x1d.fits,3.39,ok
Mrk 817,COS,,lede3ncgq_x1d.fits,3.39,ok
Mrk 817,COS,,lede3ncjq_x1d.fits,3.39,ok
Mrk 817,COS,,lede3nclq_x1d.fits,3.39,ok
Mrk 817,COS,,lede3ncqq_x1d.fits,3.39,ok
Mrk 817,COS,,lede3nctq_x1d.fits,3.39,ok
Mrk 817,COS,,lede3ncwq_x1d.fits,3.39,ok
Mrk 817,COS,,lede3nd5q_x1d.fits,3.39,ok
Mrk 817,COS,,lede3p010_x1dsum.fits,1.814,ok
Mrk 817,COS,,lede3p020_x1dsum.fits,1.814,ok
Mrk 817,COS,,lede3p030_x1dsum.fits,1.814,ok
Mrk 817,COS,,lede3pr0q_x1d.fits,3.39,ok
Mrk 817,COS,,lede3pr2q_x1d.fits,3.39,ok
Mrk 817,COS,,lede3pr4q_x1d.fits,3.39,ok
Mrk 817,COS,,lede3pr6q_x1d.fits,3.39,ok
Mrk 817,COS,,lede3pr9q_x1d.fits,3.39,ok
Mrk 817,COS,,lede3prbq_x1d.fits,3.39,ok
Mrk 817,COS,,lede3prdq_x1d.fits,3.39,ok
Mrk 817,COS,,lede3prfq_x1d.fits,3.39,ok
Mrk 817,COS,,lede3q010_x1dsum.fits,1.814,ok
Mrk 817,COS,,lede3q020_x1dsum.fits,1.814,ok
Mrk 817,COS,,lede3q030_x1dsum.fits,1.814,ok
Mrk 817,COS,,lede3qa2q_x1d.fits,3.39,ok
Mrk 817,COS,,lede3qa4q_x1d.fits,3.39,ok
Mrk 817,COS,,lede3qzpq_x1d.fits,3.39,ok
Mrk 817,COS,,lede3qzrq_x1d.fits,3.39,ok
Mrk 817,COS,,lede3qztq_x1d.fits,3.39,ok
Mrk 817,COS,,lede3qzvq_x1d.fits,3.39,ok
Mrk 817,COS,,lede3qzxq_x1d.fits,3.39,ok
Mrk 817,COS,,lede3qzzq_x1d.fits,3.39,ok
Mrk 817,COS,,lede3r010_x1dsum.fits,1.814,ok
Mrk 817,COS,,lede3r020_x1dsum.fits,1.814,ok
Mrk 817,COS,,lede3r030_x1dsum.fits,1.814,ok
Mrk 817,COS,,lede3rh0q_x1d.fits,3.39,ok
Mrk 817,COS,,lede3rh2q_x1d.fits,3.39,ok
Mrk 817,COS,,lede3rh4q_x1d.fits,3.39,ok
Mrk 817,COS,,lede3rh6q_x1d.fits,3.39,ok
Mrk 817,COS,,lede3rh8q_x1d.fits,3.39,ok
Mrk 817,COS,,lede3rhaq_x1d.fits,3.39,ok
Mrk 817,COS,,lede3rhcq_x1d.fits,3.39,ok
Mrk 817,COS,,lede3rheq_x1d.fits,3.39,ok
Mrk 817,COS,,lede3s010_x1dsum.fits,1.814,ok
Mrk 817,COS,,lede3s020_x1dsum.fits,1.814,ok
Mrk 817,COS,,lede3s030_x1dsum.fits,1.814,ok
Mrk 817,COS,,lede3staq_x1d.fits,3.39,ok
Mrk 817,COS,,lede3stcq_x1d.fits,3.39,ok
Mrk 817,COS,,lede3steq_x1d.fits,3.39,ok
Mrk 817,COS,,lede3stgq_x1d.fits,3.39,ok
Mrk 817,COS,,lede3stjq_x1d.fits,3.39,ok
Mrk 817,COS,,lede3stpq_x1d.fits,3.39,ok
Mrk 817,COS,,lede3strq_x1d.fits,3.39,ok
Mrk 817,COS,,lede3sttq_x1d.fits,3.39,ok
Mrk 817,COS,,lede3u010_x1dsum.fits,1.814,ok
Mrk 817,COS,,lede3u020_x1dsum.fits,1.814,ok
Mrk 817,COS,,lede3u030_x1dsum.fits,1.814,ok
Mrk 817,COS,,lede3ua1q_x1d.fits,3.39,ok
Mrk 817,COS,,lede3ua3q_x1d.fits,3.39,ok
Mrk 817,COS,,lede3ua5q_x1d.fits,3.39,ok
Mrk 817,COS,,lede3ua7q_x1d.fits,3.39,ok
Mrk 817,COS,,lede3ua9q_x1d.fits,3.39,ok
Mrk 817,COS,,lede3uabq_x1d.fits,3.39,ok
Mrk 817,COS,,lede3uzvq_x1d.fits,3.39,ok
Mrk 817,COS,,lede3uzyq_x1d.fits,3.39,ok
Mrk 817,COS,,lede3v010_x1dsum.fits,1.814,ok
Mrk 817,COS,,lede3v020_x1dsum.fits,1.814,ok
Mrk 817,COS,,lede3v030_x1dsum.fits,1.814,ok
Mrk 817,COS,,lede3vijq_x1d.fits,3.39,ok
Mrk 817,COS,,lede3vimq_x1d.fits,3.39,ok
Mrk 817,COS,,lede3vioq_x1d.fits,3.39,ok
Mrk 817,COS,,lede3viqq_x1d.fits,3.39,ok
Mrk 817,COS,,lede3visq_x1d.fits,3.39,ok
Mrk 817,COS,,lede3viuq_x1d.fits,3.39,ok
Mrk 817,COS,,lede3viwq_x1d.fits,3.39,ok
Mrk 817,COS,,lede3viyq_x1d.fits,3.39,ok
Mrk 817,COS,,lede3w010_x1dsum.fits,1.814,ok
Mrk 817,COS,,lede3w020_x1dsum.fits,1.814,ok
Mrk 817,COS,,lede3w030_x1dsum.fits,1.814,ok
Mrk 817,COS,,lede3wduq_x1d.fits,3.39,ok
Mrk 817,COS,,lede3wdwq_x1d.fits,3.39,ok
Mrk 817,COS,,lede3wdyq_x1d.fits,3.39,ok
Mrk 817,COS,,lede3we0q_x1d.fits,3.39,ok
Mrk 817,COS,,lede3we2q_x1d.fits,3.39,ok
Mrk 817,COS,,lede3we4q_x1d.fits,3.39,ok
Mrk 817,COS,,lede3we6q_x1d.fits,3.39,ok
Mrk 817,COS,,lede3we8q_x1d.fits,3.39,ok
Mrk 817,COS,,lede3x010_x1dsum.fits,1.814,ok
Mrk 817,COS,,lede3x020_x1dsum.fits,1.814,ok
Mrk 817,COS,,lede3x030_x1dsum.fits,1.814,ok
Mrk 817,COS,,lede3xjdq_x1d.fits,3.39,ok
Mrk 817,COS,,lede3xjfq_x1d.fits,3.39,ok
Mrk 817,COS,,lede3xjhq_x1d.fits,3.39,ok
Mrk 817,COS,,lede3xjmq_x1d.fits,3.39,ok
Mrk 817,COS,,lede3xjoq_x1d.fits,3.39,ok
Mrk 817,COS,,lede3xk9q_x1d.fits,3.39,ok
Mrk 817,COS,,lede3xkhq_x1d.fits,3.39,ok
Mrk 817,COS,,lede3xkjq_x1d.fits,3.39,ok
Mrk 817,COS,,lede3y010_x1dsum.fits,1.814,ok
Mrk 817,COS,,lede3y020_x1dsum.fits,1.814,ok
Mrk 817,COS,,lede3y030_x1dsum.fits,1.814,ok
Mrk 817,COS,,lede3yq7q_x1d.fits,3.39,ok
Mrk 817,COS,,lede3yq9q_x1d.fits,3.39,ok
Mrk 817,COS,,lede3yqbq_x1d.fits,3.39,ok
Mrk 817,COS,,lede3yqdq_x1d.fits,3.39,ok
Mrk 817,COS,,lede3yqfq_x1d.fits,3.39,ok
Mrk 817,COS,,lede3yqhq_x1d.fits,3.39,ok
Mrk 817,COS,,lede3yqjq_x1d.fits,3.39,ok
Mrk 817,COS,,lede3yqlq_x1d.fits,3.39,ok
Mrk 817,COS,,lede3z010_x1dsum.fits,1.814,ok
Mrk 817,COS,,lede3z020_x1dsum.fits,1.814,ok
Mrk 817,COS,,lede3z030_x1dsum.fits,1.814,ok
Mrk 817,COS,,lede3za1q_x1d.fits,3.39,ok
Mrk 817,COS,,lede3za3q_x1d.fits,3.39,ok
Mrk 817,COS,,lede3za5q_x1d.fits,3.39,ok
Mrk 817,COS,,lede3za7q_x1d.fits,3.39,ok
Mrk 817,COS,,lede3za9q_x1d.fits,3.39,ok
Mrk 817,COS,,lede3zzuq_x1d.fits,3.39,ok
Mrk 817,COS,,lede3zzwq_x1d.fits,3.39,ok
Mrk 817,COS,,lede3zzyq_x1d.fits,3.39,ok
Mrk 817,COS,,lede40010_x1dsum.fits,1.814,ok
Mrk 817,COS,,lede40020_x1dsum.fits,1.814,ok
Mrk 817,COS,,lede40030_x1dsum.fits,1.814,ok
Mrk 817,COS,,lede40mcq_x1d.fits,3.39,ok
Mrk 817,COS,,lede40meq_x1d.fits,3.39,ok
Mrk 817,COS,,lede40mgq_x1d.fits,3.39,ok
Mrk 817,COS,,lede40miq_x1d.fits,3.39,ok
Mrk 817,COS,,lede40mkq_x1d.fits,3.39,ok
Mrk 817,COS,,lede40mmq_x1d.fits,3.39,ok
Mrk 817,COS,,lede40moq_x1d.fits,3.39,ok
Mrk 817,COS,,lede40mqq_x1d.fits,3.39,ok
Mrk 817,COS,,lede41010_x1dsum.fits,1.814,ok
Mrk 817,COS,,lede41020_x1dsum.fits,1.814,ok
Mrk 817,COS,,lede41030_x1dsum.fits,1.814,ok
Mrk 817,COS,,lede41u9q_x1d.fits,3.39,ok
Mrk 817,COS,,lede41ubq_x1d.fits,3.39,ok
Mrk 817,COS,,lede41udq_x1d.fits,3.39,ok
Mrk 817,COS,,lede41ufq_x1d.fits,3.39,ok
Mrk 817,COS,,lede41uiq_x1d.fits,3.39,ok
Mrk 817,COS,,lede41ukq_x1d.fits,3.39,ok
Mrk 817,COS,,lede41umq_x1d.fits,3.39,ok
Mrk 817,COS,,lede41uoq_x1d.fits,3.39,ok
Mrk 817,COS,,lede42010_x1dsum.fits,1.814,ok
Mrk 817,COS,,lede42020_x1dsum.fits,1.814,ok
Mrk 817,COS,,lede42030_x1dsum.fits,1.814,ok
Mrk 817,COS,,lede42hfq_x1d.fits,3.39,ok
Mrk 817,COS,,lede42hhq_x1d.fits,3.39,ok
Mrk 817,COS,,lede42hjq_x1d.fits,3.39,ok
Mrk 817,COS,,lede42hlq_x1d.fits,3.39,ok
Mrk 817,COS,,lede42hnq_x1d.fits,3.39,ok
Mrk 817,COS,,lede42hpq_x1d.fits,3.39,ok
Mrk 817,COS,,lede42hrq_x1d.fits,3.39,ok
Mrk 817,COS,,lede42htq_x1d.fits,3.39,ok
Mrk 817,COS,,lede43010_x1dsum.fits,1.814,ok
Mrk 817,COS,,lede43020_x1dsum.fits,1.814,ok
Mrk 817,COS,,lede43030_x1dsum.fits,1.814,ok
Mrk 817,COS,,lede43p8q_x1d.fits,3.39,ok
Mrk 817,COS,,lede43paq_x1d.fits,3.39,ok
Mrk 817,COS,,lede43pcq_x1d.fits,3.39,ok
Mrk 817,COS,,lede43peq_x1d.fits,3.39,ok
Mrk 817,COS,,lede43pgq_x1d.fits,3.39,ok
Mrk 817,COS,,lede43piq_x1d.fits,3.39,ok
Mrk 817,COS,,lede43pkq_x1d.fits,3.39,ok
Mrk 817,COS,,lede43pmq_x1d.fits,3.39,ok
Mrk 817,COS,,lede44010_x1dsum.fits,1.814,ok
Mrk 817,COS,,lede44020_x1dsum.fits,1.814,ok
Mrk 817,COS,,lede44030_x1dsum.fits,1.814,ok
Mrk 817,COS,,lede44grq_x1d.fits,3.39,ok
Mrk 817,COS,,lede44gtq_x1d.fits,3.39,ok
Mrk 817,COS,,lede44gvq_x1d.fits,3.39,ok
Mrk 817,COS,,lede44gxq_x1d.fits,3.39,ok
Mrk 817,COS,,lede44gzq_x1d.fits,3.39,ok
Mrk 817,COS,,lede44h1q_x1d.fits,3.39,ok
Mrk 817,COS,,lede44h3q_x1d.fits,3.39,ok
Mrk 817,COS,,lede44h5q_x1d.fits,3.39,ok
Mrk 817,COS,,lede45010_x1dsum.fits,1.814,ok
Mrk 817,COS,,lede45020_x1dsum.fits,1.814,ok
Mrk 817,COS,,lede45030_x1dsum.fits,1.814,ok
Mrk 817,COS,,lede45q3q_x1d.fits,3.39,ok
Mrk 817,COS,,lede45q5q_x1d.fits,3.39,ok
Mrk 817,COS,,lede45q7q_x1d.fits,3.39,ok
Mrk 817,COS,,lede45q9q_x1d.fits,3.39,ok
Mrk 817,COS,,lede45qbq_x1d.fits,3.39,ok
Mrk 817,COS,,lede45qdq_x1d.fits,3.39,ok
Mrk 817,COS,,lede45qfq_x1d.fits,3.39,ok
Mrk 817,COS,,lede45qhq_x1d.fits,3.39,ok
Mrk 817,COS,,lede46010_x1dsum.fits,1.814,ok
Mrk 817,COS,,lede46020_x1dsum.fits,1.814,ok
Mrk 817,COS,,lede46030_x1dsum.fits,1.814,ok
Mrk 817,COS,,lede46ynq_x1d.fits,3.39,ok
Mrk 817,COS,,lede46ypq_x1d.fits,3.39,ok
Mrk 817,COS,,lede46yrq_x1d.fits,3.39,ok
Mrk 817,COS,,lede46ytq_x1d.fits,3.39,ok
Mrk 817,COS,,lede46yvq_x1d.fits,3.39,ok
Mrk 817,COS,,lede46yxq_x1d.fits,3.39,ok
Mrk 817,COS,,lede46yzq_x1d.fits,3.39,ok
Mrk 817,COS,,lede46z1q_x1d.fits,3.39,ok
Mrk 817,COS,,lede47010_x1dsum.fits,1.814,ok
Mrk 817,COS,,lede47020_x1dsum.fits,1.814,ok
Mrk 817,COS,,lede47030_x1dsum.fits,1.814,ok
Mrk 817,COS,,lede47b4q_x1d.fits,3.39,ok
Mrk 817,COS,,lede47b6q_x1d.fits,3.39,ok
Mrk 817,COS,,lede47b8q_x1d.fits,3.39,ok
Mrk 817,COS,,lede47baq_x1d.fits,3.39,ok
Mrk 817,COS,,lede47bcq_x1d.fits,3.39,ok
Mrk 817,COS,,lede47beq_x1d.fits,3.39,ok
Mrk 817,COS,,lede47bgq_x1d.fits,3.39,ok
Mrk 817,COS,,lede47biq_x1d.fits,3.39,ok
Mrk 817,COS,,lede48010_x1dsum.fits,1.814,ok
Mrk 817,COS,,lede48020_x1dsum.fits,1.814,ok
Mrk 817,COS,,lede48030_x1dsum.fits,1.814,ok
Mrk 817,COS,,lede48t2q_x1d.fits,3.39,ok
Mrk 817,COS,,lede48t4q_x1d.fits,3.39,ok
Mrk 817,COS,,lede48t6q_x1d.fits,3.39,ok
Mrk 817,COS,,lede48t8q_x1d.fits,3.39,ok
Mrk 817,COS,,lede48taq_x1d.fits,3.39,ok
Mrk 817,COS,,lede48tcq_x1d.fits,3.39,ok
Mrk 817,COS,,lede48teq_x1d.fits,3.39,ok
Mrk 817,COS,,lede48tgq_x1d.fits,3.39,ok
Mrk 817,COS,,lede49010_x1dsum.fits,1.814,ok
Mrk 817,COS,,lede49020_x1dsum.fits,1.814,ok
Mrk 817,COS,,lede49030_x1dsum.fits,1.814,ok
Mrk 817,COS,,lede49h4q_x1d.fits,3.39,ok
Mrk 817,COS,,lede49h6q_x1d.fits,3.39,ok
Mrk 817,COS,,lede49h8q_x1d.fits,3.39,ok
Mrk 817,COS,,lede49haq_x1d.fits,3.39,ok
Mrk 817,COS,,lede49hcq_x1d.fits,3.39,ok
Mrk 817,COS,,lede49heq_x1d.fits,3.39,ok
Mrk 817,COS,,lede49hgq_x1d.fits,3.39,ok
Mrk 817,COS,,lede49hiq_x1d.fits,3.39,ok
Mrk 817,COS,,lede4a010_x1dsum.fits,1.814,ok
Mrk 817,COS,,lede4ak6q_x1d.fits,3.39,ok
Mrk 817,COS,,lede4ak8q_x1d.fits,3.39,ok
Mrk 817,COS,,lede4akaq_x1d.fits,3.39,ok
Mrk 817,COS,,lede4akcq_x1d.fits,3.39,ok
Mrk 817,COS,,lede4c010_x1dsum.fits,1.814,ok
Mrk 817,COS,,lede4c020_x1dsum.fits,1.814,ok
Mrk 817,COS,,lede4c030_x1dsum.fits,1.814,ok
Mrk 817,COS,,lede4cehq_x1d.fits,3.39,ok
Mrk 817,COS,,lede4cejq_x1d.fits,3.39,ok
Mrk 817,COS,,lede4celq_x1d.fits,3.39,ok
Mrk 817,COS,,lede4cenq_x1d.fits,3.39,ok
Mrk 817,COS,,lede4cepq_x1d.fits,3.39,ok
Mrk 817,COS,,lede4cerq_x1d.fits,3.39,ok
Mrk 817,COS,,lede4cetq_x1d.fits,3.39,ok
Mrk 817,COS,,lede4cevq_x1d.fits,3.39,ok
Mrk 817,COS,,lede4d010_x1dsum.fits,1.814,ok
Mrk 817,COS,,lede4d020_x1dsum.fits,1.814,ok
Mrk 817,COS,,lede4d030_x1dsum.fits,1.814,ok
Mrk 817,COS,,lede4dp5q_x1d.fits,3.39,ok
Mrk 817,COS,,lede4dp7q_x1d.fits,3.39,ok
Mrk 817,COS,,lede4dp9q_x1d.fits,3.39,ok
Mrk 817,COS,,lede4dpbq_x1d.fits,3.39,ok
Mrk 817,COS,,lede4dpdq_x1d.fits,3.39,ok
Mrk 817,COS,,lede4dpfq_x1d.fits,3.39,ok
Mrk 817,COS,,lede4dphq_x1d.fits,3.39,ok
Mrk 817,COS,,lede4dpjq_x1d.fits,3.39,ok
Mrk 817,COS,,lede4e010_x1dsum.fits,1.814,ok
Mrk 817,COS,,lede4epnq_x1d.fits,3.39,ok
Mrk 817,COS,,lede4eppq_x1d.fits,3.39,ok
Mrk 817,COS,,lede4eprq_x1d.fits,3.39,ok
Mrk 817,COS,,lede4eptq_x1d.fits,3.39,ok
Mrk 817,COS,,lede50010_x1dsum.fits,1.814,ok
Mrk 817,COS,,lede50020_x1dsum.fits,1.814,ok
Mrk 817,COS,,lede50030_x1dsum.fits,1.814,ok
Mrk 817,COS,,lede50wsq_x1d.fits,3.39,ok
Mrk 817,COS,,lede50wuq_x1d.fits,3.39,ok
Mrk 817,COS,,lede50wwq_x1d.fits,3.39,ok
Mrk 817,COS,,lede50wyq_x1d.fits,3.39,ok
Mrk 817,COS,,lede50x0q_x1d.fits,3.39,ok
Mrk 817,COS,,lede50x2q_x1d.fits,3.39,ok
Mrk 817,COS,,lede50x4q_x1d.fits,3.39,ok
Mrk 817,COS,,lede50x6q_x1d.fits,3.39,ok
Mrk 817,COS,,lede51010_x1dsum.fits,1.814,ok
Mrk 817,COS,,lede51020_x1dsum.fits,1.814,ok
Mrk 817,COS,,lede51030_x1dsum.fits,1.814,ok
Mrk 817,COS,,lede51h1q_x1d.fits,3.39,ok
Mrk 817,COS,,lede51h3q_x1d.fits,3.39,ok
Mrk 817,COS,,lede51h5q_x1d.fits,3.39,ok
Mrk 817,COS,,lede51h7q_x1d.fits,3.39,ok
Mrk 817,COS,,lede51h9q_x1d.fits,3.39,ok
Mrk 817,COS,,lede51hbq_x1d.fits,3.39,ok
Mrk 817,COS,,lede51hdq_x1d.fits,3.39,ok
Mrk 817,COS,,lede51hfq_x1d.fits,3.39,ok
Mrk 817,COS,,lede52010_x1dsum.fits,1.814,ok
Mrk 817,COS,,lede52mkq_x1d.fits,3.39,ok
Mrk 817,COS,,lede52mmq_x1d.fits,3.39,ok
Mrk 817,COS,,lede52moq_x1d.fits,3.39,ok
Mrk 817,COS,,lede52mqq_x1d.fits,3.39,ok
Mrk 817,COS,,lede53010_x1dsum.fits,1.944,ok
Mrk 817,COS,,lede53020_x1dsum.fits,1.944,ok
Mrk 817,COS,,lede53mvq_x1d.fits,3.39,ok
Mrk 817,COS,,lede53mxq_x1d.fits,3.39,ok
Mrk 817,COS,,lede56010_x1dsum.fits,1.814,ok
Mrk 817,COS,,lede56a3q_x1d.fits,3.39,ok
Mrk 817,COS,,lede56a5q_x1d.fits,3.39,ok
Mrk 817,COS,,lede56a7q_x1d.fits,3.39,ok
Mrk 817,COS,,lede56ahq_x1d.fits,3.39,ok
Mrk 817,COS,,lede57010_x1dsum.fits,1.944,ok
Mrk 817,COS,,lede57020_x1dsum.fits,1.944,ok
Mrk 817,COS,,lede57azq_x1d.fits,3.39,ok
Mrk 817,COS,,lede57b2q_x1d.fits,3.39,ok
Mrk 817,COS,,lede59010_x1dsum.fits,1.814,ok
Mrk 817,COS,,lede59020_x1dsum.fits,1.814,ok
Mrk 817,COS,,lede59030_x1dsum.fits,1.814,ok
Mrk 817,COS,,lede59npq_x1d.fits,3.39,ok
Mrk 817,COS,,lede59nrq_x1d.fits,3.39,ok
Mrk 817,COS,,lede59ntq_x1d.fits,3.39,ok
Mrk 817,COS,,lede59nvq_x1d.fits,3.39,ok
Mrk 817,COS,,lede59nxq_x1d.fits,3.39,ok
Mrk 817,COS,,lede59nzq_x1d.fits,3.39,ok
Mrk 817,COS,,lede59o1q_x1d.fits,3.39,ok
Mrk 817,COS,,lede59o3q_x1d.fits,3.39,ok
Mrk 817,COS,,lede60010_x1dsum.fits,1.814,ok
Mrk 817,COS,,lede60020_x1dsum.fits,1.814,ok
Mrk 817,COS,,lede60030_x1dsum.fits,1.814,ok
Mrk 817,COS,,lede60waq_x1d.fits,3.39,ok
Mrk 817,COS,,lede60weq_x1d.fits,3.39,ok
Mrk 817,COS,,lede60wgq_x1d.fits,3.39,ok
Mrk 817,COS,,lede60wiq_x1d.fits,3.39,ok
Mrk 817,COS,,lede60wkq_x1d.fits,3.39,ok
Mrk 817,COS,,lede60x5q_x1d.fits,3.39,ok
Mrk 817,COS,,lede60x7q_x1d.fits,3.39,ok
Mrk 817,COS,,lede60xbq_x1d.fits,3.39,ok
Mrk 817,COS,,lede61010_x1dsum.fits,1.814,ok
Mrk 817,COS,,lede61020_x1dsum.fits,1.814,ok
Mrk 817,COS,,lede61030_x1dsum.fits,1.814,ok
Mrk 817,COS,,lede61dtq_x1d.fits,3.39,ok
Mrk 817,COS,,lede61dvq_x1d.fits,3.39,ok
Mrk 817,COS,,lede61dxq_x1d.fits,3.39,ok
Mrk 817,COS,,lede61dzq_x1d.fits,3.39,ok
Mrk 817,COS,,lede61e1q_x1d.fits,3.39,ok
Mrk 817,COS,,lede61e3q_x1d.fits,3.39,ok
Mrk 817,COS,,lede61e5q_x1d.fits,3.39,ok
Mrk 817,COS,,lede61e7q_x1d.fits,3.39,ok
Mrk 817,COS,,lede62010_x1dsum.fits,1.814,ok
Mrk 817,COS,,lede62020_x1dsum.fits,1.814,ok
Mrk 817,COS,,lede62030_x1dsum.fits,1.814,ok
Mrk 817,COS,,lede62maq_x1d.fits,3.39,ok
Mrk 817,COS,,lede62mcq_x1d.fits,3.39,ok
Mrk 817,COS,,lede62meq_x1d.fits,3.39,ok
Mrk 817,COS,,lede62mgq_x1d.fits,3.39,ok
Mrk 817,COS,,lede62miq_x1d.fits,3.39,ok
Mrk 817,COS,,lede62mkq_x1d.fits,3.39,ok
Mrk 817,COS,,lede62mmq_x1d.fits,3.39,ok
Mrk 817,COS,,lede62moq_x1d.fits,3.39,ok
Mrk 817,COS,,lede63010_x1dsum.fits,1.814,ok
Mrk 817,COS,,lede63020_x1dsum.fits,1.814,ok
Mrk 817,COS,,lede63030_x1dsum.fits,1.814,ok
Mrk 817,COS,,lede63x0q_x1d.fits,3.39,ok
Mrk 817,COS,,lede63x2q_x1d.fits,3.39,ok
Mrk 817,COS,,lede63x4q_x1d.fits,3.39,ok
Mrk 817,COS,,lede63x6q_x1d.fits,3.39,ok
Mrk 817,COS,,lede63x8q_x1d.fits,3.39,ok
Mrk 817,COS,,lede63xaq_x1d.fits,3.39,ok
Mrk 817,COS,,lede63xcq_x1d.fits,3.39,ok
Mrk 817,COS,,lede63xmq_x1d.fits,3.39,ok
Mrk 817,COS,,lede64010_x1dsum.fits,1.814,ok
Mrk 817,COS,,lede64020_x1dsum.fits,1.814,ok
Mrk 817,COS,,lede64030_x1dsum.fits,1.814,ok
Mrk 817,COS,,lede64imq_x1d.fits,3.39,ok
Mrk 817,COS,,lede64ioq_x1d.fits,3.39,ok
Mrk 817,COS,,lede64iqq_x1d.fits,3.39,ok
Mrk 817,COS,,lede64isq_x1d.fits,3.39,ok
Mrk 817,COS,,lede64iuq_x1d.fits,3.39,ok
Mrk 817,COS,,lede64iwq_x1d.fits,3.39,ok
Mrk 817,COS,,lede64iyq_x1d.fits,3.39,ok
Mrk 817,COS,,lede64j0q_x1d.fits,3.39,ok
Mrk 817,COS,,lede65010_x1dsum.fits,1.814,ok
Mrk 817,COS,,lede65020_x1dsum.fits,1.814,ok
Mrk 817,COS,,lede65030_x1dsum.fits,1.814,ok
Mrk 817,COS,,lede65dxq_x1d.fits,3.39,ok
Mrk 817,COS,,lede65dzq_x1d.fits,3.39,ok
Mrk 817,COS,,lede65e1q_x1d.fits,3.39,ok
Mrk 817,COS,,lede65e3q_x1d.fits,3.39,ok
Mrk 817,COS,,lede65e5q_x1d.fits,3.39,ok
Mrk 817,COS,,lede65e7q_x1d.fits,3.39,ok
Mrk 817,COS,,lede65e9q_x1d.fits,3.39,ok
Mrk 817,COS,,lede65ebq_x1d.fits,3.39,ok
Mrk 817,COS,,lede66010_x1dsum.fits,1.814,ok
Mrk 817,COS,,lede66020_x1dsum.fits,1.814,ok
Mrk 817,COS,,lede66030_x1dsum.fits,1.814,ok
Mrk 817,COS,,lede66lbq_x1d.fits,3.39,ok
Mrk 817,COS,,lede66ldq_x1d.fits,3.39,ok
Mrk 817,COS,,lede66lfq_x1d.fits,3.39,ok
Mrk 817,COS,,lede66lhq_x1d.fits,3.39,ok
Mrk 817,COS,,lede66ljq_x1d.fits,3.39,ok
Mrk 817,COS,,lede66llq_x1d.fits,3.39,ok
Mrk 817,COS,,lede66lnq_x1d.fits,3.39,ok
Mrk 817,COS,,lede66lpq_x1d.fits,3.39,ok
Mrk 817,COS,,lede67010_x1dsum.fits,1.814,ok
Mrk 817,COS,,lede67020_x1dsum.fits,1.814,ok
Mrk 817,COS,,lede67030_x1dsum.fits,1.814,ok
Mrk 817,COS,,lede67x1q_x1d.fits,3.39,ok
Mrk 817,COS,,lede67x3q_x1d.fits,3.39,ok
Mrk 817,COS,,lede67x5q_x1d.fits,3.39,ok
Mrk 817,COS,,lede67x7q_x1d.fits,3.39,ok
Mrk 817,COS,,lede67x9q_x1d.fits,3.39,ok
Mrk 817,COS,,lede67xbq_x1d.fits,3.39,ok
Mrk 817,COS,,lede67xdq_x1d.fits,3.39,ok
Mrk 817,COS,,lede67xfq_x1d.fits,3.39,ok
Mrk 817,COS,,lede68010_x1dsum.fits,1.814,ok
Mrk 817,COS,,lede68020_x1dsum.fits,1.814,ok
Mrk 817,COS,,lede68030_x1dsum.fits,1.814,ok
Mrk 817,COS,,lede68fvq_x1d.fits,3.39,ok
Mrk 817,COS,,lede68fxq_x1d.fits,3.39,ok
Mrk 817,COS,,lede68fzq_x1d.fits,3.39,ok
Mrk 817,COS,,lede68g1q_x1d.fits,3.39,ok
Mrk 817,COS,,lede68g3q_x1d.fits,3.39,ok
Mrk 817,COS,,lede68g5q_x1d.fits,3.39,ok
Mrk 817,COS,,lede68g7q_x1d.fits,3.39,ok
Mrk 817,COS,,lede68g9q_x1d.fits,3.39,ok
Mrk 817,COS,,lede69010_x1dsum.fits,1.814,ok
Mrk 817,COS,,lede69020_x1dsum.fits,1.814,ok
Mrk 817,COS,,lede69030_x1dsum.fits,1.814,ok
Mrk 817,COS,,lede69h8q_x1d.fits,3.39,ok
Mrk 817,COS,,lede69hbq_x1d.fits,3.39,ok
Mrk 817,COS,,lede69hdq_x1d.fits,3.39,ok
Mrk 817,COS,,lede69hfq_x1d.fits,3.39,ok
Mrk 817,COS,,lede69hhq_x1d.fits,3.39,ok
Mrk 817,COS,,lede69hjq_x1d.fits,3.39,ok
Mrk 817,COS,,lede69hmq_x1d.fits,3.39,ok
Mrk 817,COS,,lede69hoq_x1d.fits,3.39,ok
Mrk 817,COS,,lede70010_x1dsum.fits,1.814,ok
Mrk 817,COS,,lede70020_x1dsum.fits,1.814,ok
Mrk 817,COS,,lede70030_x1dsum.fits,1.814,ok
Mrk 817,COS,,lede70t5q_x1d.fits,3.39,ok
Mrk 817,COS,,lede70t7q_x1d.fits,3.39,ok
Mrk 817,COS,,lede70t9q_x1d.fits,3.39,ok
Mrk 817,COS,,lede70tbq_x1d.fits,3.39,ok
Mrk 817,COS,,lede70tdq_x1d.fits,3.39,ok
Mrk 817,COS,,lede70tfq_x1d.fits,3.39,ok
Mrk 817,COS,,lede70thq_x1d.fits,3.39,ok
Mrk 817,COS,,lede70tjq_x1d.fits,3.39,ok
Mrk 817,COS,,lede71010_x1dsum.fits,1.814,ok
Mrk 817,COS,,lede71020_x1dsum.fits,1.814,ok
Mrk 817,COS,,lede71030_x1dsum.fits,1.814,ok
Mrk 817,COS,,lede71bfq_x1d.fits,3.39,ok
Mrk 817,COS,,lede71bhq_x1d.fits,3.39,ok
Mrk 817,COS,,lede71bjq_x1d.fits,3.39,ok
Mrk 817,COS,,lede71blq_x1d.fits,3.39,ok
Mrk 817,COS,,lede71bnq_x1d.fits,3.39,ok
Mrk 817,COS,,lede71bpq_x1d.fits,3.39,ok
Mrk 817,COS,,lede71brq_x1d.fits,3.39,ok
Mrk 817,COS,,lede71btq_x1d.fits,3.39,ok
Mrk 817,COS,,lede72010_x1dsum.fits,1.814,ok
Mrk 817,COS,,lede72020_x1dsum.fits,1.814,ok
Mrk 817,COS,,lede72030_x1dsum.fits,1.814,ok
Mrk 817,COS,,lede72c8q_x1d.fits,3.39,ok
Mrk 817,COS,,lede72caq_x1d.fits,3.39,ok
Mrk 817,COS,,lede72ccq_x1d.fits,3.39,ok
Mrk 817,COS,,lede72chq_x1d.fits,3.39,ok
Mrk 817,COS,,lede72cjq_x1d.fits,3.39,ok
Mrk 817,COS,,lede72clq_x1d.fits,3.39,ok
Mrk 817,COS,,lede72cnq_x1d.fits,3.39,ok
Mrk 817,COS,,lede72cpq_x1d.fits,3.39,ok
Mrk 817,COS,,lede73010_x1dsum.fits,1.814,ok
Mrk 817,COS,,lede73020_x1dsum.fits,1.814,ok
Mrk 817,COS,,lede73030_x1dsum.fits,1.814,ok
Mrk 817,COS,,lede73o7q_x1d.fits,3.39,ok
Mrk 817,COS,,lede73o9q_x1d.fits,3.39,ok
Mrk 817,COS,,lede73obq_x1d.fits,3.39,ok
Mrk 817,COS,,lede73odq_x1d.fits,3.39,ok
Mrk 817,COS,,lede73ogq_x1d.fits,3.39,ok
Mrk 817,COS,,lede73ojq_x1d.fits,3.39,ok
Mrk 817,COS,,lede73olq_x1d.fits,3.39,ok
Mrk 817,COS,,lede73onq_x1d.fits,3.39,ok
Mrk 817,COS,,lede74010_x1dsum.fits,1.814,ok
Mrk 817,COS,,lede74020_x1dsum.fits,1.814,ok
Mrk 817,COS,,lede74030_x1dsum.fits,1.814,ok
Mrk 817,COS,,lede74ubq_x1d.fits,3.39,ok
Mrk 817,COS,,lede74udq_x1d.fits,3.39,ok
Mrk 817,COS,,lede74ufq_x1d.fits,3.39,ok
Mrk 817,COS,,lede74uhq_x1d.fits,3.39,ok
Mrk 817,COS,,lede74ukq_x1d.fits,3.39,ok
Mrk 817,COS,,lede74umq_x1d.fits,3.39,ok
Mrk 817,COS,,lede74uoq_x1d.fits,3.39,ok
Mrk 817,COS,,lede74v9q_x1d.fits,3.39,ok
Mrk 817,COS,,lede75010_x1dsum.fits,1.814,ok
Mrk 817,COS,,lede75020_x1dsum.fits,1.814,ok
Mrk 817,COS,,lede75030_x1dsum.fits,1.814,ok
Mrk 817,COS,,lede75040_x1dsum.fits,1.814,ok
Mrk 817,COS,,lede75c8q_x1d.fits,3.39,ok
Mrk 817,COS,,lede75cbq_x1d.fits,3.39,ok
Mrk 817,COS,,lede75cdq_x1d.fits,3.39,ok
Mrk 817,COS,,lede75cfq_x1d.fits,3.39,ok
Mrk 817,COS,,lede75chq_x1d.fits,3.39,ok
Mrk 817,COS,,lede75cjq_x1d.fits,3.39,ok
Mrk 817,COS,,lede75clq_x1d.fits,3.39,ok
Mrk 817,COS,,lede75cnq_x1d.fits,3.39,ok
Mrk 817,COS,,lede75cqq_x1d.fits,3.39,ok
Mrk 817,COS,,lede75csq_x1d.fits,3.39,ok
Mrk 817,COS,,lede75cuq_x1d.fits,3.39,ok
Mrk 817,COS,,lede75cwq_x1d.fits,3.39,ok
Mrk 817,COS,,lede77010_x1dsum.fits,1.814,ok
Mrk 817,COS,,lede77v8q_x1d.fits,3.39,ok
Mrk 817,COS,,lede77vaq_x1d.fits,3.39,ok
Mrk 817,COS,,lede77vcq_x1d.fits,3.39,ok
Mrk 817,COS,,lede77veq_x1d.fits,3.39,ok
Mrk 817,COS,,lede78010_x1dsum.fits,1.944,ok
Mrk 817,COS,,lede78020_x1dsum.fits,1.944,ok
Mrk 817,COS,,lede78vjq_x1d.fits,3.39,ok
Mrk 817,COS,,lede78vlq_x1d.fits,3.39,ok
Mrk 817,COS,,lede80010_x1dsum.fits,1.814,ok
Mrk 817,COS,,lede80n4q_x1d.fits,3.39,ok
Mrk 817,COS,,lede80n6q_x1d.fits,3.39,ok
Mrk 817,COS,,lede80n8q_x1d.fits,3.39,ok
Mrk 817,COS,,lede80naq_x1d.fits,3.39,ok
Mrk 817,COS,,lede81010_x1dsum.fits,1.944,ok
Mrk 817,COS,,lede81020_x1dsum.fits,1.944,ok
Mrk 817,COS,,lede81neq_x1d.fits,3.39,ok
Mrk 817,COS,,lede81ngq_x1d.fits,3.39,ok
Mrk 817,COS,,lede82010_x1dsum.fits,1.814,ok
Mrk 817,COS,,lede82020_x1dsum.fits,1.944,ok
Mrk 817,COS,,lede82030_x1dsum.fits,1.944,ok
Mrk 817,COS,,lede82i5q_x1d.fits,3.39,ok
Mrk 817,COS,,lede82i7q_x1d.fits,3.39,ok
Mrk 817,COS,,lede82i9q_x1d.fits,3.39,ok
Mrk 817,COS,,lede82ibq_x1d.fits,3.39,ok
Mrk 817,COS,,lede82idq_x1d.fits,3.39,ok
Mrk 817,COS,,lede82ifq_x1d.fits,3.39,ok
Mrk 817,COS,,lede83010_x1dsum.fits,1.814,ok
Mrk 817,COS,,lede83020_x1dsum.fits,1.944,ok
Mrk 817,COS,,lede83030_x1dsum.fits,1.944,ok
Mrk 817,COS,,lede83ijq_x1d.fits,3.39,ok
Mrk 817,COS,,lede83ilq_x1d.fits,3.39,ok
Mrk 817,COS,,lede83inq_x1d.fits,3.39,ok
Mrk 817,COS,,lede83ipq_x1d.fits,3.39,ok
Mrk 817,COS,,lede83irq_x1d.fits,3.39,ok
Mrk 817,COS,,lede83itq_x1d.fits,3.39,ok
Mrk 817,COS,,lede84010_x1dsum.fits,1.814,ok
Mrk 817,COS,,lede84020_x1dsum.fits,1.814,ok
Mrk 817,COS,,lede84030_x1dsum.fits,1.814,ok
Mrk 817,COS,,lede84qmq_x1d.fits,3.39,ok
Mrk 817,COS,,lede84qoq_x1d.fits,3.39,ok
Mrk 817,COS,,lede84qqq_x1d.fits,3.39,ok
Mrk 817,COS,,lede84qsq_x1d.fits,3.39,ok
Mrk 817,COS,,lede84quq_x1d.fits,3.39,ok
Mrk 817,COS,,lede84qwq_x1d.fits,3.39,ok
Mrk 817,COS,,lede84qyq_x1d.fits,3.39,ok
Mrk 817,COS,,lede84r0q_x1d.fits,3.39,ok
Mrk 817,COS,,lede85010_x1dsum.fits,1.814,ok
Mrk 817,COS,,lede85020_x1dsum.fits,1.814,ok
Mrk 817,COS,,lede85030_x1dsum.fits,1.814,ok
Mrk 817,COS,,lede85bqq_x1d.fits,3.39,ok
Mrk 817,COS,,lede85bsq_x1d.fits,3.39,ok
Mrk 817,COS,,lede85buq_x1d.fits,3.39,ok
Mrk 817,COS,,lede85bwq_x1d.fits,3.39,ok
Mrk 817,COS,,lede85byq_x1d.fits,3.39,ok
Mrk 817,COS,,lede85c0q_x1d.fits,3.39,ok
Mrk 817,COS,,lede85c2q_x1d.fits,3.39,ok
Mrk 817,COS,,lede85c4q_x1d.fits,3.39,ok
Mrk 817,COS,,lede86010_x1dsum.fits,1.814,ok
Mrk 817,COS,,lede86020_x1dsum.fits,1.814,ok
Mrk 817,COS,,lede86030_x1dsum.fits,1.814,ok
Mrk 817,COS,,lede86j0q_x1d.fits,3.39,ok
Mrk 817,COS,,lede86j2q_x1d.fits,3.39,ok
Mrk 817,COS,,lede86j4q_x1d.fits,3.39,ok
Mrk 817,COS,,lede86j6q_x1d.fits,3.39,ok
Mrk 817,COS,,lede86j8q_x1d.fits,3.39,ok
Mrk 817,COS,,lede86jaq_x1d.fits,3.39,ok
Mrk 817,COS,,lede86jcq_x1d.fits,3.39,ok
Mrk 817,COS,,lede86jeq_x1d.fits,3.39,ok
Mrk 817,COS,,lede87010_x1dsum.fits,1.814,ok
Mrk 817,COS,,lede87020_x1dsum.fits,1.814,ok
Mrk 817,COS,,lede87030_x1dsum.fits,1.814,ok
Mrk 817,COS,,lede87jcq_x1d.fits,3.39,ok
Mrk 817,COS,,lede87jeq_x1d.fits,3.39,ok
Mrk 817,COS,,lede87jgq_x1d.fits,3.39,ok
Mrk 817,COS,,lede87jiq_x1d.fits,3.39,ok
Mrk 817,COS,,lede87jkq_x1d.fits,3.39,ok
Mrk 817,COS,,lede87jmq_x1d.fits,3.39,ok
Mrk 817,COS,,lede87joq_x1d.fits,3.39,ok
Mrk 817,COS,,lede87jqq_x1d.fits,3.39,ok
Mrk 817,COS,,lede88010_x1dsum.fits,1.814,ok
Mrk 817,COS,,lede88020_x1dsum.fits,1.814,ok
Mrk 817,COS,,lede88030_x1dsum.fits,1.814,ok
Mrk 817,COS,,lede88tdq_x1d.fits,3.39,ok
Mrk 817,COS,,lede88tfq_x1d.fits,3.39,ok
Mrk 817,COS,,lede88thq_x1d.fits,3.39,ok
Mrk 817,COS,,lede88tjq_x1d.fits,3.39,ok
Mrk 817,COS,,lede88tlq_x1d.fits,3.39,ok
Mrk 817,COS,,lede88tnq_x1d.fits,3.39,ok
Mrk 817,COS,,lede88tpq_x1d.fits,3.39,ok
Mrk 817,COS,,lede88trq_x1d.fits,3.39,ok
Mrk 817,COS,,lede89010_x1dsum.fits,1.814,ok
Mrk 817,COS,,lede89020_x1dsum.fits,1.814,ok
Mrk 817,COS,,lede89030_x1dsum.fits,1.814,ok
Mrk 817,COS,,lede89bcq_x1d.fits,3.39,ok
Mrk 817,COS,,lede89beq_x1d.fits,3.39,ok
Mrk 817,COS,,lede89bgq_x1d.fits,3.39,ok
Mrk 817,COS,,lede89biq_x1d.fits,3.39,ok
Mrk 817,COS,,lede89bkq_x1d.fits,3.39,ok
Mrk 817,COS,,lede89bmq_x1d.fits,3.39,ok
Mrk 817,COS,,lede89boq_x1d.fits,3.39,ok
Mrk 817,COS,,lede89bqq_x1d.fits,3.39,ok
Mrk 817,COS,,lede90010_x1dsum.fits,1.814,ok
Mrk 817,COS,,lede90020_x1dsum.fits,1.814,ok
Mrk 817,COS,,lede90030_x1dsum.fits,1.814,ok
Mrk 817,COS,,lede90dnq_x1d.fits,3.39,ok
Mrk 817,COS,,lede90dpq_x1d.fits,3.39,ok
Mrk 817,COS,,lede90drq_x1d.fits,3.39,ok
Mrk 817,COS,,lede90dtq_x1d.fits,3.39,ok
Mrk 817,COS,,lede90dvq_x1d.fits,3.39,ok
Mrk 817,COS,,lede90dxq_x1d.fits,3.39,ok
Mrk 817,COS,,lede90dzq_x1d.fits,3.39,ok
Mrk 817,COS,,lede90e1q_x1d.fits,3.39,ok
Mrk 817,COS,,lede91010_x1dsum.fits,1.814,ok
Mrk 817,COS,,lede91020_x1dsum.fits,1.814,ok
Mrk 817,COS,,lede91030_x1dsum.fits,1.814,ok
Mrk 817,COS,,lede91p8q_x1d.fits,3.39,ok
Mrk 817,COS,,lede91paq_x1d.fits,3.39,ok
Mrk 817,COS,,lede91pcq_x1d.fits,3.39,ok
Mrk 817,COS,,lede91peq_x1d.fits,3.39,ok
Mrk 817,COS,,lede91pgq_x1d.fits,3.39,ok
Mrk 817,COS,,lede91piq_x1d.fits,3.39,ok
Mrk 817,COS,,lede91pkq_x1d.fits,3.39,ok
Mrk 817,COS,,lede91pmq_x1d.fits,3.39,ok
Mrk 817,COS,,lede92010_x1dsum.fits,1.814,ok
Mrk 817,COS,,lede92020_x1dsum.fits,1.814,ok
Mrk 817,COS,,lede92030_x1dsum.fits,1.814,ok
Mrk 817,COS,,lede92k3q_x1d.fits,3.39,ok
Mrk 817,COS,,lede92k5q_x1d.fits,3.39,ok
Mrk 817,COS,,lede92k7q_x1d.fits,3.39,ok
Mrk 817,COS,,lede92k9q_x1d.fits,3.39,ok
Mrk 817,COS,,lede92kbq_x1d.fits,3.39,ok
Mrk 817,COS,,lede92kdq_x1d.fits,3.39,ok
Mrk 817,COS,,lede92kfq_x1d.fits,3.39,ok
Mrk 817,COS,,lede92khq_x1d.fits,3.39,ok
Mrk 817,COS,,lede93010_x1dsum.fits,1.814,ok
Mrk 817,COS,,lede93020_x1dsum.fits,1.814,ok
Mrk 817,COS,,lede93030_x1dsum.fits,1.814,ok
Mrk 817,COS,,lede93stq_x1d.fits,3.39,ok
Mrk 817,COS,,lede93svq_x1d.fits,3.39,ok
Mrk 817,COS,,lede93sxq_x1d.fits,3.39,ok
Mrk 817,COS,,lede93szq_x1d.fits,3.39,ok
Mrk 817,COS,,lede93t1q_x1d.fits,3.39,ok
Mrk 817,COS,,lede93t3q_x1d.fits,3.39,ok
Mrk 817,COS,,lede93t5q_x1d.fits,3.39,ok
Mrk 817,COS,,lede93t7q_x1d.fits,3.39,ok
Mrk 817,COS,,lede94010_x1dsum.fits,1.814,ok
Mrk 817,COS,,lede94r5q_x1d.fits,3.39,ok
Mrk 817,COS,,lede94r7q_x1d.fits,3.39,ok
Mrk 817,COS,,lede94r9q_x1d.fits,3.39,ok
Mrk 817,COS,,lede94rbq_x1d.fits,3.39,ok
Mrk 817,COS,,lede95010_x1dsum.fits,1.944,ok
Mrk 817,COS,,lede95020_x1dsum.fits,1.944,ok
Mrk 817,COS,,lede95roq_x1d.fits,3.39,ok
Mrk 817,COS,,lede95rwq_x1d.fits,3.39,ok
Mrk 817,COS,,lede96010_x1dsum.fits,1.814,ok
Mrk 817,COS,,lede96e9q_x1d.fits,3.39,ok
Mrk 817,COS,,lede96ebq_x1d.fits,3.39,ok
Mrk 817,COS,,lede96edq_x1d.fits,3.39,ok
Mrk 817,COS,,lede96efq_x1d.fits,3.39,ok
Mrk 817,COS,,lede97010_x1dsum.fits,1.944,ok
Mrk 817,COS,,lede97020_x1dsum.fits,1.944,ok
Mrk 817,COS,,lede97ejq_x1d.fits,3.39,ok
Mrk 817,COS,,lede97elq_x1d.fits,3.39,ok
Mrk 817,COS,,lede99010_x1dsum.fits,0.043,ok
Mrk 817,COS,,lede99020_x1dsum.fits,0.043,ok
Mrk 817,COS,,lede99030_x1dsum.fits,0.043,ok
Mrk 817,COS,,lede99w7q_x1d.fits,0.046,ok
Mrk 817,COS,,lede99w9q_x1d.fits,0.046,ok
Mrk 817,COS,,lede99wbq_x1d.fits,0.046,ok
Mrk 817,COS,,lede99wdq_x1d.fits,0.046,ok
Mrk 817,COS,,lede99wfq_x1d.fits,0.046,ok
Mrk 817,COS,,lede99whq_x1d.fits,0.046,ok
Mrk 817,COS,,lede99wjq_x1d.fits,0.046,ok
Mrk 817,COS,,lede99wlq_x1d.fits,0.046,ok
Mrk 817,COS,,lf0j01010_x1dsum.fits,1.814,ok
Mrk 817,COS,,lf0j01020_x1dsum.fits,1.814,ok
Mrk 817,COS,,lf0j01030_x1dsum.fits,1.814,ok
Mrk 817,COS,,lf0j01llq_x1d.fits,3.39,ok
Mrk 817,COS,,lf0j01loq_x1d.fits,3.39,ok
Mrk 817,COS,,lf0j01lrq_x1d.fits,3.39,ok
Mrk 817,COS,,lf0j01ltq_x1d.fits,3.39,ok
Mrk 817,COS,,lf0j01lvq_x1d.fits,3.39,ok
Mrk 817,COS,,lf0j01lxq_x1d.fits,3.39,ok
Mrk 817,COS,,lf0j01lzq_x1d.fits,3.39,ok
Mrk 817,COS,,lf0j01m1q_x1d.fits,3.39,ok
Mrk 817,COS,,lf0j02010_x1dsum.fits,1.814,ok
Mrk 817,COS,,lf0j02020_x1dsum.fits,1.814,ok
Mrk 817,COS,,lf0j02030_x1dsum.fits,1.814,ok
Mrk 817,COS,,lf0j02e3q_x1d.fits,3.39,ok
Mrk 817,COS,,lf0j02e8q_x1d.fits,3.39,ok
Mrk 817,COS,,lf0j02ebq_x1d.fits,3.39,ok
Mrk 817,COS,,lf0j02edq_x1d.fits,3.39,ok
Mrk 817,COS,,lf0j02efq_x1d.fits,3.39,ok
Mrk 817,COS,,lf0j02ehq_x1d.fits,3.39,ok
Mrk 817,COS,,lf0j02ejq_x1d.fits,3.39,ok
Mrk 817,COS,,lf0j02f8q_x1d.fits,3.39,ok
Mrk 817,COS,,lf0j03010_x1dsum.fits,1.814,ok
Mrk 817,COS,,lf0j03020_x1dsum.fits,1.814,ok
Mrk 817,COS,,lf0j03030_x1dsum.fits,1.814,ok
Mrk 817,COS,,lf0j03o2q_x1d.fits,3.39,ok
Mrk 817,COS,,lf0j03o5q_x1d.fits,3.39,ok
Mrk 817,COS,,lf0j03o7q_x1d.fits,3.39,ok
Mrk 817,COS,,lf0j03o9q_x1d.fits,3.39,ok
Mrk 817,COS,,lf0j03obq_x1d.fits,3.39,ok
Mrk 817,COS,,lf0j03odq_x1d.fits,3.39,ok
Mrk 817,COS,,lf0j03ofq_x1d.fits,3.39,ok
Mrk 817,COS,,lf0j03oiq_x1d.fits,3.39,ok
Mrk 817,COS,,lf0j04010_x1dsum.fits,1.814,ok
Mrk 817,COS,,lf0j04020_x1dsum.fits,1.814,ok
Mrk 817,COS,,lf0j04030_x1dsum.fits,1.814,ok
Mrk 817,COS,,lf0j04hfq_x1d.fits,3.39,ok
Mrk 817,COS,,lf0j04hhq_x1d.fits,3.39,ok
Mrk 817,COS,,lf0j04hjq_x1d.fits,3.39,ok
Mrk 817,COS,,lf0j04hlq_x1d.fits,3.39,ok
Mrk 817,COS,,lf0j04hoq_x1d.fits,3.39,ok
Mrk 817,COS,,lf0j04htq_x1d.fits,3.39,ok
Mrk 817,COS,,lf0j04hvq_x1d.fits,3.39,ok
Mrk 817,COS,,lf0j04hxq_x1d.fits,3.39,ok
Mrk 817,COS,,lf0j05010_x1dsum.fits,1.814,ok
Mrk 817,COS,,lf0j05020_x1dsum.fits,1.814,ok
Mrk 817,COS,,lf0j05030_x1dsum.fits,1.814,ok
Mrk 817,COS,,lf0j05d2q_x1d.fits,3.39,ok
Mrk 817,COS,,lf0j05d4q_x1d.fits,3.39,ok
Mrk 817,COS,,lf0j05d6q_x1d.fits,3.39,ok
Mrk 817,COS,,lf0j05d8q_x1d.fits,3.39,ok
Mrk 817,COS,,lf0j05dbq_x1d.fits,3.39,ok
Mrk 817,COS,,lf0j05ddq_x1d.fits,3.39,ok
Mrk 817,COS,,lf0j05dfq_x1d.fits,3.39,ok
Mrk 817,COS,,lf0j05dhq_x1d.fits,3.39,ok
Mrk 817,COS,,lf0j06010_x1dsum.fits,1.814,ok
Mrk 817,COS,,lf0j06020_x1dsum.fits,1.814,ok
Mrk 817,COS,,lf0j06030_x1dsum.fits,1.814,ok
Mrk 817,COS,,lf0j06lsq_x1d.fits,3.39,ok
Mrk 817,COS,,lf0j06luq_x1d.fits,3.39,ok
Mrk 817,COS,,lf0j06lwq_x1d.fits,3.39,ok
Mrk 817,COS,,lf0j06lyq_x1d.fits,3.39,ok
Mrk 817,COS,,lf0j06m0q_x1d.fits,3.39,ok
Mrk 817,COS,,lf0j06m2q_x1d.fits,3.39,ok
Mrk 817,COS,,lf0j06m4q_x1d.fits,3.39,ok
Mrk 817,COS,,lf0j06m6q_x1d.fits,3.39,ok
Mrk 817,COS,,lf0j07010_x1dsum.fits,0.043,ok
Mrk 817,COS,,lf0j07020_x1dsum.fits,0.043,ok
Mrk 817,COS,,lf0j07030_x1dsum.fits,0.043,ok
Mrk 817,COS,,lf0j07w7q_x1d.fits,0.046,ok
Mrk 817,COS,,lf0j07w9q_x1d.fits,0.046,ok
Mrk 817,COS,,lf0j07wbq_x1d.fits,0.046,ok
Mrk 817,COS,,lf0j07wgq_x1d.fits,0.046,ok
Mrk 817,COS,,lf0j07wiq_x1d.fits,0.046,ok
Mrk 817,COS,,lf0j07wkq_x1d.fits,0.046,ok
Mrk 817,COS,,lf0j07wmq_x1d.fits,0.046,ok
Mrk 817,COS,,lf0j07woq_x1d.fits,0.046,ok
Mrk 817,COS,,lf0j08010_x1dsum.fits,0.043,ok
Mrk 817,COS,,lf0j08020_x1dsum.fits,0.043,ok
Mrk 817,COS,,lf0j08030_x1dsum.fits,0.043,ok
Mrk 817,COS,,lf0j08wmq_x1d.fits,0.046,ok
Mrk 817,COS,,lf0j08woq_x1d.fits,0.046,ok
Mrk 817,COS,,lf0j08wqq_x1d.fits,0.046,ok
Mrk 817,COS,,lf0j08wsq_x1d.fits,0.046,ok
Mrk 817,COS,,lf0j08wuq_x1d.fits,0.046,ok
Mrk 817,COS,,lf0j08wwq_x1d.fits,0.046,ok
Mrk 817,COS,,lf0j08wyq_x1d.fits,0.046,ok
Mrk 817,COS,,lf0j08x0q_x1d.fits,0.046,ok
Mrk 817,COS,,lf0j09010_x1dsum.fits,1.814,ok
Mrk 817,COS,,lf0j09020_x1dsum.fits,1.814,ok
Mrk 817,COS,,lf0j09030_x1dsum.fits,1.814,ok
Mrk 817,COS,,lf0j09aeq_x1d.fits,3.39,ok
Mrk 817,COS,,lf0j09agq_x1d.fits,3.39,ok
Mrk 817,COS,,lf0j09aiq_x1d.fits,3.39,ok
Mrk 817,COS,,lf0j09akq_x1d.fits,3.39,ok
Mrk 817,COS,,lf0j09amq_x1d.fits,3.39,ok
Mrk 817,COS,,lf0j09aoq_x1d.fits,3.39,ok
Mrk 817,COS,,lf0j09aqq_x1d.fits,3.39,ok
Mrk 817,COS,,lf0j09asq_x1d.fits,3.39,ok
Mrk 817,COS,,lf0j10010_x1dsum.fits,1.814,ok
Mrk 817,COS,,lf0j10020_x1dsum.fits,1.814,ok
Mrk 817,COS,,lf0j10030_x1dsum.fits,1.814,ok
Mrk 817,COS,,lf0j10fuq_x1d.fits,3.39,ok
Mrk 817,COS,,lf0j10fwq_x1d.fits,3.39,ok
Mrk 817,COS,,lf0j10fyq_x1d.fits,3.39,ok
Mrk 817,COS,,lf0j10g0q_x1d.fits,3.39,ok
Mrk 817,COS,,lf0j10g2q_x1d.fits,3.39,ok
Mrk 817,COS,,lf0j10g4q_x1d.fits,3.39,ok
Mrk 817,COS,,lf0j10g6q_x1d.fits,3.39,ok
Mrk 817,COS,,lf0j10g8q_x1d.fits,3.39,ok
Mrk 817,COS,,lf0j11010_x1dsum.fits,1.814,ok
Mrk 817,COS,,lf0j11020_x1dsum.fits,1.814,ok
Mrk 817,COS,,lf0j11030_x1dsum.fits,1.814,ok
Mrk 817,COS,,lf0j11caq_x1d.fits,3.39,ok
Mrk 817,COS,,lf0j11ccq_x1d.fits,3.39,ok
Mrk 817,COS,,lf0j11ceq_x1d.fits,3.39,ok
Mrk 817,COS,,lf0j11cgq_x1d.fits,3.39,ok
Mrk 817,COS,,lf0j11ciq_x1d.fits,3.39,ok
Mrk 817,COS,,lf0j11ckq_x1d.fits,3.39,ok
Mrk 817,COS,,lf0j11cmq_x1d.fits,3.39,ok
Mrk 817,COS,,lf0j11coq_x1d.fits,3.39,ok
Mrk 817,COS,,lf0j12010_x1dsum.fits,1.814,ok
Mrk 817,COS,,lf0j12020_x1dsum.fits,1.814,ok
Mrk 817,COS,,lf0j12030_x1dsum.fits,1.814,ok
Mrk 817,COS,,lf0j12jfq_x1d.fits,3.39,ok
Mrk 817,COS,,lf0j12jhq_x1d.fits,3.39,ok
Mrk 817,COS,,lf0j12jjq_x1d.fits,3.39,ok
Mrk 817,COS,,lf0j12jlq_x1d.fits,3.39,ok
Mrk 817,COS,,lf0j12jnq_x1d.fits,3.39,ok
Mrk 817,COS,,lf0j12jpq_x1d.fits,3.39,ok
Mrk 817,COS,,lf0j12jsq_x1d.fits,3.39,ok
Mrk 817,COS,,lf0j12juq_x1d.fits,3.39,ok
Mrk 817,COS,,lf0j13010_x1dsum.fits,1.814,ok
Mrk 817,COS,,lf0j13020_x1dsum.fits,1.814,ok
Mrk 817,COS,,lf0j13030_x1dsum.fits,1.814,ok
Mrk 817,COS,,lf0j13kyq_x1d.fits,3.39,ok
Mrk 817,COS,,lf0j13l0q_x1d.fits,3.39,ok
Mrk 817,COS,,lf0j13l2q_x1d.fits,3.39,ok
Mrk 817,COS,,lf0j13l4q_x1d.fits,3.39,ok
Mrk 817,COS,,lf0j13l6s_x1d.fits,3.39,ok
Mrk 817,COS,,lf0j13l8q_x1d.fits,3.39,ok
Mrk 817,COS,,lf0j13laq_x1d.fits,3.39,ok
Mrk 817,COS,,lf0j13lcq_x1d.fits,3.39,ok
Mrk 817,COS,,lf0j14010_x1dsum.fits,1.814,ok
Mrk 817,COS,,lf0j14020_x1dsum.fits,1.814,ok
Mrk 817,COS,,lf0j14030_x1dsum.fits,1.814,ok
Mrk 817,COS,,lf0j14i5q_x1d.fits,3.39,ok
Mrk 817,COS,,lf0j14i7q_x1d.fits,3.39,ok
Mrk 817,COS,,lf0j14i9q_x1d.fits,3.39,ok
Mrk 817,COS,,lf0j14ibq_x1d.fits,3.39,ok
Mrk 817,COS,,lf0j14idq_x1d.fits,3.39,ok
Mrk 817,COS,,lf0j14igq_x1d.fits,3.39,ok
Mrk 817,COS,,lf0j14iiq_x1d.fits,3.39,ok
Mrk 817,COS,,lf0j14ikq_x1d.fits,3.39,ok
Mrk 817,COS,,lf0j58010_x1dsum.fits,1.814,ok
Mrk 817,COS,,lf0j58020_x1dsum.fits,1.814,ok
Mrk 817,COS,,lf0j58030_x1dsum.fits,1.814,ok
Mrk 817,COS,,lf0j58j6q_x1d.fits,3.39,ok
Mrk 817,COS,,lf0j58j8q_x1d.fits,3.39,ok
Mrk 817,COS,,lf0j58jaq_x1d.fits,3.39,ok
Mrk 817,COS,,lf0j58jcq_x1d.fits,3.39,ok
Mrk 817,COS,,lf0j58jeq_x1d.fits,3.39,ok
Mrk 817,COS,,lf0j58jgq_x1d.fits,3.39,ok
Mrk 817,COS,,lf0j58jiq_x1d.fits,3.39,ok
Mrk 817,COS,,lf0j58jkq_x1d.fits,3.39,ok
Mrk 817,COS,,lf0ja5010_x1dsum.fits,1.814,ok
Mrk 817,COS,,lf0ja5020_x1dsum.fits,1.814,ok
Mrk 817,COS,,lf0ja5030_x1dsum.fits,1.814,ok
Mrk 817,COS,,lf0ja5040_x1dsum.fits,1.814,ok
Mrk 817,COS,,lf0ja5ggq_x1d.fits,3.39,ok
Mrk 817,COS,,lf0ja5giq_x1d.fits,3.39,ok
Mrk 817,COS,,lf0ja5gkq_x1d.fits,3.39,ok
Mrk 817,COS,,lf0ja5gmq_x1d.fits,3.39,ok
Mrk 817,COS,,lf0ja5goq_x1d.fits,3.39,ok
Mrk 817,COS,,lf0ja5gqq_x1d.fits,3.39,ok
Mrk 817,COS,,lf0ja5gsq_x1d.fits,3.39,ok
Mrk 817,COS,,lf0ja5guq_x1d.fits,3.39,ok
Mrk 817,COS,,lf0ja5gwq_x1d.fits,3.39,ok
Mrk 817,COS,,lf0ja5gyq_x1d.fits,3.39,ok
Mrk 817,COS,,lf0ja5h0q_x1d.fits,3.39,ok
Mrk 817,COS,,lf0ja5h2q_x1d.fits,3.39,ok
Mrk 817,COS,,lf0ja5h4q_x1d.fits,3.39,ok
Mrk 817,COS,,lf0ja5h7q_x1d.fits,3.39,ok
Mrk 817,COS,,lf0ja5haq_x1d.fits,3.39,ok
Mrk 817,COS,,lf0ja5hcq_x1d.fits,3.39,ok
Mrk 817,COS,,lf7i01010_x1dsum.fits,1.814,ok
Mrk 817,COS,,lf7i01020_x1dsum.fits,1.814,ok
Mrk 817,COS,,lf7i01030_x1dsum.fits,1.814,ok
Mrk 817,COS,,lf7i01hyq_x1d.fits,3.39,ok
Mrk 817,COS,,lf7i01i0q_x1d.fits,3.39,ok
Mrk 817,COS,,lf7i01i2q_x1d.fits,3.39,ok
Mrk 817,COS,,lf7i01i4q_x1d.fits,3.39,ok
Mrk 817,COS,,lf7i01i6q_x1d.fits,3.39,ok
Mrk 817,COS,,lf7i01i8q_x1d.fits,3.39,ok
Mrk 817,COS,,lf7i01iaq_x1d.fits,3.39,ok
Mrk 817,COS,,lf7i01icq_x1d.fits,3.39,ok
Mrk 817,COS,,lf7i02010_x1dsum.fits,1.814,ok
Mrk 817,COS,,lf7i02020_x1dsum.fits,1.814,ok
Mrk 817,COS,,lf7i02030_x1dsum.fits,1.814,ok
Mrk 817,COS,,lf7i02a2q_x1d.fits,3.39,ok
Mrk 817,COS,,lf7i02a4q_x1d.fits,3.39,ok
Mrk 817,COS,,lf7i02a6q_x1d.fits,3.39,ok
Mrk 817,COS,,lf7i02zrq_x1d.fits,3.39,ok
Mrk 817,COS,,lf7i02ztq_x1d.fits,3.39,ok
Mrk 817,COS,,lf7i02zvq_x1d.fits,3.39,ok
Mrk 817,COS,,lf7i02zxq_x1d.fits,3.39,ok
Mrk 817,COS,,lf7i02zzq_x1d.fits,3.39,ok
Mrk 817,COS,,lf7i03010_x1dsum.fits,1.814,ok
Mrk 817,COS,,lf7i03020_x1dsum.fits,1.814,ok
Mrk 817,COS,,lf7i03030_x1dsum.fits,1.814,ok
Mrk 817,COS,,lf7i03djq_x1d.fits,3.39,ok
Mrk 817,COS,,lf7i03dlq_x1d.fits,3.39,ok
Mrk 817,COS,,lf7i03dnq_x1d.fits,3.39,ok
Mrk 817,COS,,lf7i03dpq_x1d.fits,3.39,ok
Mrk 817,COS,,lf7i03drq_x1d.fits,3.39,ok
Mrk 817,COS,,lf7i03dtq_x1d.fits,3.39,ok
Mrk 817,COS,,lf7i03dvq_x1d.fits,3.39,ok
Mrk 817,COS,,lf7i03dxq_x1d.fits,3.39,ok
Mrk 817,COS,,lf7i04010_x1dsum.fits,1.814,ok
Mrk 817,COS,,lf7i04020_x1dsum.fits,1.814,ok
Mrk 817,COS,,lf7i04030_x1dsum.fits,1.814,ok
Mrk 817,COS,,lf7i04a9q_x1d.fits,3.39,ok
Mrk 817,COS,,lf7i04abq_x1d.fits,3.39,ok
Mrk 817,COS,,lf7i04adq_x1d.fits,3.39,ok
Mrk 817,COS,,lf7i04afq_x1d.fits,3.39,ok
Mrk 817,COS,,lf7i04ahq_x1d.fits,3.39,ok
Mrk 817,COS,,lf7i04ajq_x1d.fits,3.39,ok
Mrk 817,COS,,lf7i04alq_x1d.fits,3.39,ok
Mrk 817,COS,,lf7i04aqq_x1d.fits,3.39,ok
Mrk 817,COS,,lf7i05010_x1dsum.fits,0.043,ok
Mrk 817,COS,,lf7i05020_x1dsum.fits,0.043,ok
Mrk 817,COS,,lf7i05030_x1dsum.fits,0.043,ok
Mrk 817,COS,,lf7i05h5q_x1d.fits,0.046,ok
Mrk 817,COS,,lf7i05h7q_x1d.fits,0.046,ok
Mrk 817,COS,,lf7i05h9q_x1d.fits,0.046,ok
Mrk 817,COS,,lf7i05hbq_x1d.fits,0.046,ok
Mrk 817,COS,,lf7i05hdq_x1d.fits,0.046,ok
Mrk 817,COS,,lf7i05hfq_x1d.fits,0.046,ok
Mrk 817,COS,,lf7i05hhq_x1d.fits,0.046,ok
Mrk 817,COS,,lf7i05hjq_x1d.fits,0.046,ok
Mrk 817,COS,,lf7i07010_x1dsum.fits,1.814,ok
Mrk 817,COS,,lf7i07020_x1dsum.fits,1.814,ok
Mrk 817,COS,,lf7i07030_x1dsum.fits,1.814,ok
Mrk 817,COS,,lf7i07dqq_x1d.fits,3.39,ok
Mrk 817,COS,,lf7i07dsq_x1d.fits,3.39,ok
Mrk 817,COS,,lf7i07duq_x1d.fits,3.39,ok
Mrk 817,COS,,lf7i07e0q_x1d.fits,3.39,ok
Mrk 817,COS,,lf7i07e2q_x1d.fits,3.39,ok
Mrk 817,COS,,lf7i07e4q_x1d.fits,3.39,ok
Mrk 817,COS,,lf7i07e6q_x1d.fits,3.39,ok
Mrk 817,COS,,lf7i07e8q_x1d.fits,3.39,ok
Mrk 817,STIS,,o6ct36010_sx1.fits,0.081,ok
Mrk 817,STIS,,oede3o020_sx1.fits,0.081,ok
Mrk 817,STIS,,oede3o030_sx1.fits,0.081,ok
Mrk 817,STIS,,oede3o040_sx1.fits,0.081,ok
Mrk 817,STIS,,oede3o050_sx1.fits,0.081,ok
Mrk 817,STIS,,oede3o060_sx1.fits,0.081,ok
Mrk 817,STIS,,oede3o070_sx1.fits,0.081,ok
Mrk 817,STIS,,oede3o080_x1d.fits,0.078,ok
Mrk 817,STIS,,oede3o090_x1d.fits,0.078,ok
Mrk 817,STIS,,oede4b020_sx1.fits,0.081,ok
Mrk 817,STIS,,oede4b030_sx1.fits,0.081,ok
Mrk 817,STIS,,oede4b040_sx1.fits,0.081,ok
Mrk 817,STIS,,oede4b050_sx1.fits,0.081,ok
Mrk 817,STIS,,oede4b060_sx1.fits,0.081,ok
Mrk 817,STIS,,oede4b070_sx1.fits,0.081,ok
Mrk 817,STIS,,oede4b080_x1d.fits,0.078,ok
Mrk 817,STIS,,oede4b090_x1d.fits,0.078,ok
Mrk 817,STIS,,oede4f020_sx1.fits,0.081,ok
Mrk 817,STIS,,oede4f030_sx1.fits,0.081,ok
Mrk 817,STIS,,oede4f040_sx1.fits,0.081,ok
Mrk 817,STIS,,oede4f050_sx1.fits,0.081,ok
Mrk 817,STIS,,oede4f060_sx1.fits,0.081,ok
Mrk 817,STIS,,oede4f070_sx1.fits,0.081,ok
Mrk 817,STIS,,oede4f080_x1d.fits,0.078,ok
Mrk 817,STIS,,oede4f090_x1d.fits,0.078,ok
Mrk 817,STIS,,oedea5020_sx1.fits,0.081,ok
Mrk 817,STIS,,oedea5030_sx1.fits,0.081,ok
Mrk 817,STIS,,oedea5040_sx1.fits,0.081,ok
Mrk 817,STIS,,oedea5050_sx1.fits,0.081,ok
Mrk 817,STIS,,oedea5060_sx1.fits,0.081,ok
Mrk 817,STIS,,oedea5070_sx1.fits,0.081,ok
Mrk 817,STIS,,oedea5080_x1d.fits,0.078,ok
Mrk 817,STIS,,oedea6020_sx1.fits,0.081,ok
Mrk 817,STIS,,oedea6030_sx1.fits,0.081,ok
Mrk 817,STIS,,oedea6040_sx1.fits,0.081,ok
Mrk 817,STIS,,oedea6050_sx1.fits,0.081,ok
Mrk 817,STIS,,oedea6060_sx1.fits,0.081,ok
Mrk 817,STIS,,oedea6070_sx1.fits,0.081,ok
Mrk 817,STIS,,oedea6080_x1d.fits,0.078,ok
Mrk 817,STIS,,oedean020_sx1.fits,0.081,ok
Mrk 817,STIS,,oedean030_sx1.fits,0.081,ok
Mrk 817,STIS,,oedean040_sx1.fits,0.081,ok
Mrk 817,STIS,,oedean050_sx1.fits,0.081,ok
Mrk 817,STIS,,oedean060_sx1.fits,0.081,ok
Mrk 817,STIS,,oedean070_sx1.fits,0.081,ok
Mrk 817,STIS,,oedean080_x1d.fits,0.078,ok
Mrk 841,COS,,let001010_x1dsum.fits,1.814,ok
Mrk 841,COS,,let001020_x1dsum.fits,1.814,ok
Mrk 841,COS,,let001030_x1dsum.fits,1.814,ok
Mrk 841,COS,,let001040_x1dsum.fits,1.814,ok
Mrk 841,COS,,let001jxq_x1d.fits,3.39,ok
Mrk 841,COS,,let001jzq_x1d.fits,3.39,ok
Mrk 841,COS,,let001k1q_x1d.fits,3.39,ok
Mrk 841,COS,,let001k3q_x1d.fits,3.39,ok
Mrk 841,COS,,let001k5q_x1d.fits,3.39,ok
Mrk 841,COS,,let001k7q_x1d.fits,3.39,ok
Mrk 841,COS,,let001k9q_x1d.fits,3.39,ok
Mrk 841,COS,,let001kbq_x1d.fits,3.39,ok
Mrk 876,COS,,lb4f05010_x1dsum.fits,1.814,ok
Mrk 876,COS,,lb4f05020_x1dsum.fits,1.947,ok
Mrk 876,COS,,lb4f05030_x1dsum.fits,1.944,ok
Mrk 876,COS,,lb4f05040_x1dsum.fits,1.944,ok
Mrk 876,COS,,lb4f05050_x1dsum.fits,1.944,ok
Mrk 876,COS,,lb4f05wtq_x1d.fits,3.39,ok
Mrk 876,COS,,lb4f05wwq_x1d.fits,3.39,ok
Mrk 876,COS,,lb4f05wyq_x1d.fits,3.39,ok
Mrk 876,COS,,lb4f05x6q_x1d.fits,3.39,ok
Mrk 876,COS,,lb4f05xfq_x1d.fits,3.39,ok
Mrk 876,COS,,lb4f05ydq_x1d.fits,3.39,ok
Mrk 876,COS,,lb4q03010_x1dsum.fits,1.947,ok
Mrk 876,COS,,lb4q03020_x1dsum.fits,1.944,ok
Mrk 876,COS,,lb4q03030_x1dsum.fits,1.944,ok
Mrk 876,COS,,lb4q03040_x1dsum.fits,1.944,ok
Mrk 876,COS,,lb4q03r1q_x1d.fits,3.39,ok
Mrk 876,COS,,lb4q03r3q_x1d.fits,3.39,ok
Mrk 876,COS,,lb4q03r5q_x1d.fits,3.39,ok
Mrk 876,COS,,lb4q03r7q_x1d.fits,3.39,ok
Mrk 876,STIS,,o4n308010_x1d.fits,0.078,ok
Mrk 876,STIS,,o8nn01010_x1d.fits,1.757,ok
Mrk 876,STIS,,o8nn01020_x1d.fits,1.757,ok
Mrk 876,STIS,,o8nn01030_x1d.fits,1.757,ok
Mrk 876,STIS,,o8nn01040_x1d.fits,1.757,ok
Mrk 876,STIS,,o8nn01050_x1d.fits,1.757,ok
Mrk 876,STIS,,o8nn02010_x1d.fits,1.757,ok
Mrk 876,STIS,,o8nn02020_x1d.fits,1.757,ok
Mrk 876,STIS,,o8nn02030_x1d.fits,1.757,ok
Mrk 876,STIS,,o8nn02040_x1d.fits,1.757,ok
Mrk 876,STIS,,o8nn02050_x1d.fits,1.757,ok
Mrk813,FOS,,y1hk0f02t_c0f.fits,0.066,ok
Mrk813,FOS,,y1hk0f02t_c1f.fits,0.066,ok
Mrk813,FOS,,y1hk0f02t_c2f.fits,0.066,ok
Mrk813,FOS,,y1hk0f02t_c4f.fits,0.066,ok
Mrk813,FOS,,y1hk0f02t_c5f.fits,0.066,ok
Mrk813,FOS,,y1hk0f02t_c7f.fits,0.066,ok
NGC 3227,COS,,lb9n01010_x1dsum.fits,1.944,ok
NGC 3227,COS,,lb9n01020_x1dsum.fits,1.944,ok
NGC 3227,COS,,lb9n01030_x1dsum.fits,1.944,ok
NGC 3227,COS,,lb9n01040_x1dsum.fits,1.944,ok
NGC 3227,COS,,lb9n01050_x1dsum.fits,1.944,ok
NGC 3227,COS,,lb9n01060_x1dsum.fits,1.944,ok
NGC 3227,COS,,lb9n01coq_x1d.fits,3.39,ok
NGC 3227,COS,,lb9n01dfq_x1d.fits,3.39,ok
NGC 3227,COS,,lb9n01diq_x1d.fits,3.39,ok
NGC 3227,COS,,lb9n01dkq_x1d.fits,3.39,ok
NGC 3227,COS,,lb9n01dmq_x1d.fits,3.39,ok
NGC 3227,COS,,lb9n01doq_x1d.fits,3.39,ok
NGC 3227,COS,,ldyc01010_x1dsum.fits,1.814,ok
NGC 3227,COS,,ldyc01020_x1dsum.fits,1.814,ok
NGC 3227,COS,,ldyc01030_x1dsum.fits,1.814,ok
NGC 3227,COS,,ldyc01c3q_x1d.fits,3.39,ok
NGC 3227,COS,,ldyc01c5q_x1d.fits,3.39,ok
NGC 3227,COS,,ldyc01c7q_x1d.fits,3.39,ok
NGC 3227,COS,,ldyc01c9q_x1d.fits,3.39,ok
NGC 3227,COS,,ldyc01cbq_x1d.fits,3.39,ok
NGC 3227,COS,,ldyc01cdq_x1d.fits,3.39,ok
NGC 3227,COS,,ldyc01cfq_x1d.fits,3.39,ok
NGC 3227,COS,,ldyc01chq_x1d.fits,3.39,ok
NGC 3227,COS,,ldyc02010_x1dsum.fits,1.814,ok
NGC 3227,COS,,ldyc02020_x1dsum.fits,1.814,ok
NGC 3227,COS,,ldyc02030_x1dsum.fits,1.814,ok
NGC 3227,COS,,ldyc02wsq_x1d.fits,3.39,ok
NGC 3227,COS,,ldyc02wuq_x1d.fits,3.39,ok
NGC 3227,COS,,ldyc02wwq_x1d.fits,3.39,ok
NGC 3227,COS,,ldyc02x4q_x1d.fits,3.39,ok
NGC 3227,COS,,ldyc02xbq_x1d.fits,3.39,ok
NGC 3227,COS,,ldyc02xdq_x1d.fits,3.39,ok
NGC 3227,COS,,ldyc02ybq_x1d.fits,3.39,ok
NGC 3227,COS,,ldyc02yeq_x1d.fits,3.39,ok
NGC 3227,STIS,,o57204010_sx1.fits,0.081,ok
NGC 3227,STIS,,o57204020_sx1.fits,0.081,ok
NGC 3227,STIS,,o57204030_sx1.fits,0.081,ok
NGC 3227,STIS,,o57204040_sx1.fits,0.081,ok
NGC 3227,STIS,,o57204050_sx1.fits,0.081,ok
NGC 3227,STIS,,o57204060_sx1.fits,0.081,ok
NGC 3227,STIS,,o57204070_sx1.fits,0.081,ok
NGC 3227,STIS,,o5kp01010_x1d.fits,0.078,ok
NGC 3227,STIS,,o5kp01020_sx1.fits,0.081,ok
NGC 3227,STIS,,o5kp01030_x1d.fits,0.078,ok
NGC 3227,STIS,,o5kp01040_sx1.fits,0.081,ok
NGC 3227,STIS,,o63201010_sx1.fits,0.081,ok
NGC 3516,COS,,lbgu18020_x1dsum.fits,1.944,ok
NGC 3516,COS,,lbgu18060_x1dsum.fits,1.944,ok
NGC 3516,COS,,lbgu18djq_x1d.fits,3.39,ok
NGC 3516,COS,,lbgu18dzq_x1d.fits,3.39,ok
NGC 3516,COS,,lbgu58010_x1dsum.fits,1.944,ok
NGC 3516,COS,,lbgu58020_x1dsum.fits,1.944,ok
NGC 3516,COS,,lbgu58030_x1dsum.fits,1.944,ok
NGC 3516,COS,,lbgu58040_x1dsum.fits,1.944,ok
NGC 3516,COS,,lbgu58050_x1dsum.fits,1.944,ok
NGC 3516,COS,,lbgu58060_x1dsum.fits,1.944,ok
NGC 3516,COS,,lbgu58070_x1dsum.fits,1.944,ok
NGC 3516,COS,,lbgu58080_x1dsum.fits,1.944,ok
NGC 3516,COS,,lbgu58dxq_x1d.fits,3.39,ok
NGC 3516,COS,,lbgu58dzq_x1d.fits,3.39,ok
NGC 3516,COS,,lbgu58e1q_x1d.fits,3.39,ok
NGC 3516,COS,,lbgu58e3q_x1d.fits,3.39,ok
NGC 3516,COS,,lbgu58e5q_x1d.fits,3.39,ok
NGC 3516,COS,,lbgu58e7q_x1d.fits,3.39,ok
NGC 3516,COS,,lbgu58e9q_x1d.fits,3.39,ok
NGC 3516,COS,,lbgu58ebq_x1d.fits,3.39,ok
NGC 3516,COS,,lf3f01010_x1dsum.fits,1.814,ok
NGC 3516,COS,,lf3f01020_x1dsum.fits,1.814,ok
NGC 3516,COS,,lf3f01030_x1dsum.fits,1.814,ok
NGC 3516,COS,,lf3f01040_x1dsum.fits,1.814,ok
NGC 3516,COS,,lf3f01apq_x1d.fits,3.39,ok
NGC 3516,COS,,lf3f01arq_x1d.fits,3.39,ok
NGC 3516,COS,,lf3f01atq_x1d.fits,3.39,ok
NGC 3516,COS,,lf3f01avq_x1d.fits,3.39,ok
NGC 3516,COS,,lf3f01axq_x1d.fits,3.39,ok
NGC 3516,COS,,lf3f01b0q_x1d.fits,3.39,ok
NGC 3516,COS,,lf3f01b2q_x1d.fits,3.39,ok
NGC 3516,COS,,lf3f01b4q_x1d.fits,3.39,ok
NGC 3516,COS,,lf3f01b6q_x1d.fits,3.39,ok
NGC 3516,COS,,lf3f01bbq_x1d.fits,3.39,ok
NGC 3516,COS,,lf3f01bdq_x1d.fits,3.39,ok
NGC 3516,COS,,lf3f01bgq_x1d.fits,3.39,ok
NGC 3516,COS,,lf3f01biq_x1d.fits,3.39,ok
NGC 3516,COS,,lf3f01bkq_x1d.fits,3.39,ok
NGC 3516,COS,,lf3f01bmq_x1d.fits,3.39,ok
NGC 3516,COS,,lf3f01boq_x1d.fits,3.39,ok
NGC 3516,STIS,,o4st01010_x1d.fits,0.078,ok
NGC 3516,STIS,,o4st01020_x1d.fits,0.078,ok
NGC 3516,STIS,,o4st01030_x1d.fits,0.078,ok
NGC 3516,STIS,,o4st01040_x1d.fits,0.078,ok
NGC 3516,STIS,,o4st01050_x1d.fits,0.078,ok
NGC 3516,STIS,,o4st01060_x1d.fits,0.078,ok
NGC 3516,STIS,,o4st01070_x1d.fits,0.078,ok
NGC 3516,STIS,,o4st02010_sx1.fits,0.081,ok
NGC 3516,STIS,,o4st02020_x1d.fits,0.081,ok
NGC 3516,STIS,,o4st02030_sx1.fits,0.081,ok
NGC 3516,STIS,,o4st02040_sx1.fits,0.081,ok
NGC 3516,STIS,,o4st03010_sx1.fits,0.081,ok
NGC 3516,STIS,,o4st03020_sx1.fits,0.081,ok
NGC 3516,STIS,,o4st03030_sx1.fits,0.081,ok
NGC 3516,STIS,,o4st04010_sx1.fits,0.081,ok
NGC 3516,STIS,,o4st04020_sx1.fits,0.081,ok
NGC 3516,STIS,,o4st04030_sx1.fits,0.081,ok
NGC 3516,STIS,,o4st04040_sx1.fits,0.081,ok
NGC 3516,STIS,,o4st05010_sx1.fits,0.081,ok
NGC 3516,STIS,,o4st05020_sx1.fits,0.081,ok
NGC 3516,STIS,,o4st05030_sx1.fits,0.081,ok
NGC 3516,STIS,,o4st06010_sx1.fits,0.081,ok
NGC 3516,STIS,,o4st06020_sx1.fits,0.081,ok
NGC 3516,STIS,,o4st06030_sx1.fits,0.081,ok
NGC 3516,STIS,,o4st06040_sx1.fits,0.081,ok
NGC 3516,STIS,,o4st07010_sx1.fits,0.081,ok
NGC 3516,STIS,,o4st07020_sx1.fits,0.081,ok
NGC 3516,STIS,,o4st07030_sx1.fits,0.081,ok
NGC 3516,STIS,,o4st07040_sx1.fits,0.081,ok
NGC 3516,STIS,,o4st08010_sx1.fits,0.081,ok
NGC 3516,STIS,,o4st08020_sx1.fits,0.081,ok
NGC 3516,STIS,,o4st08030_sx1.fits,0.081,ok
NGC 3516,STIS,,o4st08040_sx1.fits,0.081,ok
NGC 3516,STIS,,o4st09010_sx1.fits,0.081,ok
NGC 3516,STIS,,o4st09020_sx1.fits,0.081,ok
NGC 3516,STIS,,o4st10010_sx1.fits,0.081,ok
NGC 3516,STIS,,o4st10020_sx1.fits,0.081,ok
NGC 3516,STIS,,o4st10030_sx1.fits,0.081,ok
NGC 3516,STIS,,o4st10040_sx1.fits,0.081,ok
NGC 3516,STIS,,o4st11010_sx1.fits,0.081,ok
NGC 3516,STIS,,o4st11020_sx1.fits,0.081,ok
NGC 3516,STIS,,o4st11030_sx1.fits,0.081,ok
NGC 3516,STIS,,o4st11040_sx1.fits,0.081,ok
NGC 3516,STIS,,o4st12010_sx1.fits,0.081,ok
NGC 3516,STIS,,o4st12020_sx1.fits,0.081,ok
NGC 3516,STIS,,o4st12030_sx1.fits,0.081,ok
NGC 3516,STIS,,o4st12040_sx1.fits,0.081,ok
NGC 3516,STIS,,o4st13010_sx1.fits,0.081,ok
NGC 3516,STIS,,o4st13020_sx1.fits,0.081,ok
NGC 3516,STIS,,o4st13030_sx1.fits,0.081,ok
NGC 3516,STIS,,o56c01010_sx1.fits,0.081,ok
NGC 3516,STIS,,o56c01020_x1d.fits,0.081,ok
NGC 3516,STIS,,o56c01030_x1d.fits,0.081,ok
NGC 3516,STIS,,o56c01040_x1d.fits,0.081,ok
NGC 3516,STIS,,o56c01050_sx1.fits,0.081,ok
NGC 3516,STIS,,o56c01060_sx1.fits,0.081,ok
NGC 3516,STIS,,o57b02010_x1d.fits,0.976,ok
NGC 3516,STIS,,o57b02020_x1d.fits,1.757,ok
NGC 3516,STIS,,o57b02030_x1d.fits,1.757,ok
NGC 3516,STIS,,obgu02010_x1d.fits,0.081,ok
NGC 3516,STIS,,obgu02020_x1d.fits,0.081,ok
NGC 3516,STIS,,obgu02030_x1d.fits,0.081,ok
NGC 3516,FOS,,y31r0102t_c0f.fits,0.101,ok
NGC 3516,FOS,,y31r0102t_c1f.fits,0.101,ok
NGC 3516,FOS,,y31r0102t_c2f.fits,0.101,ok
NGC 3516,FOS,,y31r0102t_c4f.fits,0.101,ok
NGC 3516,FOS,,y31r0102t_c5f.fits,0.101,ok
NGC 3516,FOS,,y31r0102t_c7f.fits,0.101,ok
NGC 3516,FOS,,y31r0103t_c0f.fits,0.13,ok
NGC 3516,FOS,,y31r0103t_c1f.fits,0.13,ok
NGC 3516,FOS,,y31r0103t_c2f.fits,0.13,ok
NGC 3516,FOS,,y31r0103t_c4f.fits,0.13,ok
NGC 3516,FOS,,y31r0103t_c5f.fits,0.13,ok
NGC 3516,FOS,,y31r0103t_c7f.fits,0.13,ok
NGC 3516,FOS,,y31r0104t_c0f.fits,0.147,ok
NGC 3516,FOS,,y31r0104t_c1f.fits,0.147,ok
NGC 3516,FOS,,y31r0104t_c2f.fits,0.147,ok
NGC 3516,FOS,,y31r0104t_c4f.fits,0.147,ok
NGC 3516,FOS,,y31r0104t_c5f.fits,0.147,ok
NGC 3516,FOS,,y31r0104t_c7f.fits,0.147,ok
NGC 3516,FOS,,y31r0105t_c0f.fits,0.06,ok
NGC 3516,FOS,,y31r0105t_c1f.fits,0.06,ok
NGC 3516,FOS,,y31r0105t_c2f.fits,0.06,ok
NGC 3516,FOS,,y31r0105t_c4f.fits,0.06,ok
NGC 3516,FOS,,y31r0105t_c5f.fits,0.06,ok
NGC 3516,FOS,,y31r0105t_c7f.fits,0.06,ok
NGC 3516,FOS,,y31r0202t_c0f.fits,0.095,ok
NGC 3516,FOS,,y31r0202t_c1f.fits,0.095,ok
NGC 3516,FOS,,y31r0202t_c2f.fits,0.095,ok
NGC 3516,FOS,,y31r0202t_c4f.fits,0.095,ok
NGC 3516,FOS,,y31r0202t_c5f.fits,0.095,ok
NGC 3516,FOS,,y31r0202t_c7f.fits,0.095,ok
NGC 3516,FOS,,y31r0203t_c0f.fits,0.101,ok
NGC 3516,FOS,,y31r0203t_c1f.fits,0.101,ok
NGC 3516,FOS,,y31r0203t_c2f.fits,0.101,ok
NGC 3516,FOS,,y31r0203t_c4f.fits,0.101,ok
NGC 3516,FOS,,y31r0203t_c5f.fits,0.101,ok
NGC 3516,FOS,,y31r0203t_c7f.fits,0.101,ok
NGC 3516,FOS,,y31r0204t_c0f.fits,0.043,ok
NGC 3516,FOS,,y31r0204t_c1f.fits,0.043,ok
NGC 3516,FOS,,y31r0204t_c2f.fits,0.043,ok
NGC 3516,FOS,,y31r0204t_c4f.fits,0.043,ok
NGC 3516,FOS,,y31r0204t_c5f.fits,0.043,ok
NGC 3516,FOS,,y31r0204t_c7f.fits,0.043,ok
NGC 3516,FOS,,y31r0205t_c0f.fits,0.147,ok
NGC 3516,FOS,,y31r0205t_c1f.fits,0.147,ok
NGC 3516,FOS,,y31r0205t_c2f.fits,0.147,ok
NGC 3516,FOS,,y31r0205t_c4f.fits,0.147,ok
NGC 3516,FOS,,y31r0205t_c5f.fits,0.147,ok
NGC 3516,FOS,,y31r0205t_c7f.fits,0.147,ok
NGC 3516,FOS,,y31r0206t_c0f.fits,0.06,ok
NGC 3516,FOS,,y31r0206t_c1f.fits,0.06,ok
NGC 3516,FOS,,y31r0206t_c2f.fits,0.06,ok
NGC 3516,FOS,,y31r0206t_c4f.fits,0.06,ok
NGC 3516,FOS,,y31r0206t_c5f.fits,0.06,ok
NGC 3516,FOS,,y31r0206t_c7f.fits,0.06,ok
NGC 3516,FOS,,y31r0302t_c0f.fits,0.095,ok
NGC 3516,FOS,,y31r0302t_c1f.fits,0.095,ok
NGC 3516,FOS,,y31r0302t_c2f.fits,0.095,ok
NGC 3516,FOS,,y31r0302t_c4f.fits,0.095,ok
NGC 3516,FOS,,y31r0302t_c5f.fits,0.095,ok
NGC 3516,FOS,,y31r0302t_c7f.fits,0.095,ok
NGC 3516,FOS,,y31r0303t_c0f.fits,0.101,ok
NGC 3516,FOS,,y31r0303t_c1f.fits,0.101,ok
NGC 3516,FOS,,y31r0303t_c2f.fits,0.101,ok
NGC 3516,FOS,,y31r0303t_c4f.fits,0.101,ok
NGC 3516,FOS,,y31r0303t_c5f.fits,0.101,ok
NGC 3516,FOS,,y31r0303t_c7f.fits,0.101,ok
NGC 3516,FOS,,y31r0304t_c0f.fits,0.043,ok
NGC 3516,FOS,,y31r0304t_c1f.fits,0.043,ok
NGC 3516,FOS,,y31r0304t_c2f.fits,0.043,ok
NGC 3516,FOS,,y31r0304t_c4f.fits,0.043,ok
NGC 3516,FOS,,y31r0304t_c5f.fits,0.043,ok
NGC 3516,FOS,,y31r0304t_c7f.fits,0.043,ok
NGC 3516,FOS,,y31r0305t_c0f.fits,0.147,ok
NGC 3516,FOS,,y31r0305t_c1f.fits,0.147,ok
NGC 3516,FOS,,y31r0305t_c2f.fits,0.147,ok
NGC 3516,FOS,,y31r0305t_c4f.fits,0.147,ok
NGC 3516,FOS,,y31r0305t_c5f.fits,0.147,ok
NGC 3516,FOS,,y31r0305t_c7f.fits,0.147,ok
NGC 3516,FOS,,y31r0306t_c0f.fits,0.06,ok
NGC 3516,FOS,,y31r0306t_c1f.fits,0.06,ok
NGC 3516,FOS,,y31r0306t_c2f.fits,0.06,ok
NGC 3516,FOS,,y31r0306t_c4f.fits,0.06,ok
NGC 3516,FOS,,y31r0306t_c5f.fits,0.06,ok
NGC 3516,FOS,,y31r0306t_c7f.fits,0.06,ok
NGC 3516,FOS,,y31r0402t_c0f.fits,0.095,ok
NGC 3516,FOS,,y31r0402t_c1f.fits,0.095,ok
NGC 3516,FOS,,y31r0402t_c2f.fits,0.095,ok
NGC 3516,FOS,,y31r0402t_c4f.fits,0.095,ok
NGC 3516,FOS,,y31r0402t_c5f.fits,0.095,ok
NGC 3516,FOS,,y31r0402t_c7f.fits,0.095,ok
NGC 3516,FOS,,y31r0403t_c0f.fits,0.101,ok
NGC 3516,FOS,,y31r0403t_c1f.fits,0.101,ok
NGC 3516,FOS,,y31r0403t_c2f.fits,0.101,ok
NGC 3516,FOS,,y31r0403t_c4f.fits,0.101,ok
NGC 3516,FOS,,y31r0403t_c5f.fits,0.101,ok
NGC 3516,FOS,,y31r0403t_c7f.fits,0.101,ok
NGC 3516,FOS,,y31r0404t_c0f.fits,0.043,ok
NGC 3516,FOS,,y31r0404t_c1f.fits,0.043,ok
NGC 3516,FOS,,y31r0404t_c2f.fits,0.043,ok
NGC 3516,FOS,,y31r0404t_c4f.fits,0.043,ok
NGC 3516,FOS,,y31r0404t_c5f.fits,0.043,ok
NGC 3516,FOS,,y31r0404t_c7f.fits,0.043,ok
NGC 3516,FOS,,y31r0405t_c0f.fits,0.147,ok
NGC 3516,FOS,,y31r0405t_c1f.fits,0.147,ok
NGC 3516,FOS,,y31r0405t_c2f.fits,0.147,ok
NGC 3516,FOS,,y31r0405t_c4f.fits,0.147,ok
NGC 3516,FOS,,y31r0405t_c5f.fits,0.147,ok
NGC 3516,FOS,,y31r0405t_c7f.fits,0.147,ok
NGC 3516,FOS,,y31r0406t_c0f.fits,0.06,ok
NGC 3516,FOS,,y31r0406t_c1f.fits,0.06,ok
NGC 3516,FOS,,y31r0406t_c2f.fits,0.06,ok
NGC 3516,FOS,,y31r0406t_c4f.fits,0.06,ok
NGC 3516,FOS,,y31r0406t_c5f.fits,0.06,ok
NGC 3516,FOS,,y31r0406t_c7f.fits,0.06,ok
NGC 3516,FOS,,y31r0502t_c0f.fits,0.095,ok
NGC 3516,FOS,,y31r0502t_c1f.fits,0.095,ok
NGC 3516,FOS,,y31r0502t_c2f.fits,0.095,ok
NGC 3516,FOS,,y31r0502t_c4f.fits,0.095,ok
NGC 3516,FOS,,y31r0502t_c5f.fits,0.095,ok
NGC 3516,FOS,,y31r0502t_c7f.fits,0.095,ok
NGC 3516,FOS,,y31r0503t_c0f.fits,0.101,ok
NGC 3516,FOS,,y31r0503t_c1f.fits,0.101,ok
NGC 3516,FOS,,y31r0503t_c2f.fits,0.101,ok
NGC 3516,FOS,,y31r0503t_c4f.fits,0.101,ok
NGC 3516,FOS,,y31r0503t_c5f.fits,0.101,ok
NGC 3516,FOS,,y31r0503t_c7f.fits,0.101,ok
NGC 3516,FOS,,y31r0504t_c0f.fits,0.043,ok
NGC 3516,FOS,,y31r0504t_c1f.fits,0.043,ok
NGC 3516,FOS,,y31r0504t_c2f.fits,0.043,ok
NGC 3516,FOS,,y31r0504t_c4f.fits,0.043,ok
NGC 3516,FOS,,y31r0504t_c5f.fits,0.043,ok
NGC 3516,FOS,,y31r0504t_c7f.fits,0.043,ok
NGC 3516,FOS,,y31r0505t_c0f.fits,0.147,ok
NGC 3516,FOS,,y31r0505t_c1f.fits,0.147,ok
NGC 3516,FOS,,y31r0505t_c2f.fits,0.147,ok
NGC 3516,FOS,,y31r0505t_c4f.fits,0.147,ok
NGC 3516,FOS,,y31r0505t_c5f.fits,0.147,ok
NGC 3516,FOS,,y31r0505t_c7f.fits,0.147,ok
NGC 3516,FOS,,y31r0506t_c0f.fits,0.06,ok
NGC 3516,FOS,,y31r0506t_c1f.fits,0.06,ok
NGC 3516,FOS,,y31r0506t_c2f.fits,0.06,ok
NGC 3516,FOS,,y31r0506t_c4f.fits,0.06,ok
NGC 3516,FOS,,y31r0506t_c5f.fits,0.06,ok
NGC 3516,FOS,,y31r0506t_c7f.fits,0.06,ok
NGC 3783,COS,,lbgu19010_x1dsum.fits,1.944,ok
NGC 3783,COS,,lbgu19020_x1dsum.fits,1.944,ok
NGC 3783,COS,,lbgu19030_x1dsum.fits,1.944,ok
NGC 3783,COS,,lbgu19040_x1dsum.fits,1.944,ok
NGC 3783,COS,,lbgu19050_x1dsum.fits,1.944,ok
NGC 3783,COS,,lbgu19060_x1dsum.fits,1.944,ok
NGC 3783,COS,,lbgu19070_x1dsum.fits,1.944,ok
NGC 3783,COS,,lbgu19080_x1dsum.fits,1.944,ok
NGC 3783,COS,,lbgu19v6q_x1d.fits,3.39,ok
NGC 3783,COS,,lbgu19v8q_x1d.fits,3.39,ok
NGC 3783,COS,,lbgu19vaq_x1d.fits,3.39,ok
NGC 3783,COS,,lbgu19vdq_x1d.fits,3.39,ok
NGC 3783,COS,,lbgu19vfq_x1d.fits,3.39,ok
NGC 3783,COS,,lbgu19vhq_x1d.fits,3.39,ok
NGC 3783,COS,,lbgu19vjq_x1d.fits,3.39,ok
NGC 3783,COS,,lbgu19vlq_x1d.fits,3.39,ok
NGC 3783,COS,,lc3x01010_x1dsum.fits,1.944,ok
NGC 3783,COS,,lc3x01020_x1dsum.fits,1.944,ok
NGC 3783,COS,,lc3x01030_x1dsum.fits,1.944,ok
NGC 3783,COS,,lc3x01040_x1dsum.fits,1.944,ok
NGC 3783,COS,,lc3x01050_x1dsum.fits,1.944,ok
NGC 3783,COS,,lc3x01060_x1dsum.fits,1.944,ok
NGC 3783,COS,,lc3x01070_x1dsum.fits,1.944,ok
NGC 3783,COS,,lc3x01080_x1dsum.fits,1.944,ok
NGC 3783,COS,,lc3x01b9q_x1d.fits,3.39,ok
NGC 3783,COS,,lc3x01bbq_x1d.fits,3.39,ok
NGC 3783,COS,,lc3x01bdq_x1d.fits,3.39,ok
NGC 3783,COS,,lc3x01bfq_x1d.fits,3.39,ok
NGC 3783,COS,,lc3x01bhq_x1d.fits,3.39,ok
NGC 3783,COS,,lc3x01bjq_x1d.fits,3.39,ok
NGC 3783,COS,,lc3x01blq_x1d.fits,3.39,ok
NGC 3783,COS,,lc3x01bnq_x1d.fits,3.39,ok
NGC 3783,COS,,ld3e03010_x1dsum.fits,1.814,ok
NGC 3783,COS,,ld3e03020_x1dsum.fits,1.814,ok
NGC 3783,COS,,ld3e03030_x1dsum.fits,1.814,ok
NGC 3783,COS,,ld3e03040_x1dsum.fits,1.814,ok
NGC 3783,COS,,ld3e03kgq_x1d.fits,3.39,ok
NGC 3783,COS,,ld3e03kkq_x1d.fits,3.39,ok
NGC 3783,COS,,ld3e03kmq_x1d.fits,3.39,ok
NGC 3783,COS,,ld3e03koq_x1d.fits,3.39,ok
NGC 3783,COS,,ld3e03kyq_x1d.fits,3.39,ok
NGC 3783,COS,,ld3e03l2q_x1d.fits,3.39,ok
NGC 3783,COS,,ld3e03l4q_x1d.fits,3.39,ok
NGC 3783,COS,,ld3e03l6q_x1d.fits,3.39,ok
NGC 3783,COS,,ld3e04010_x1dsum.fits,1.814,ok
NGC 3783,COS,,ld3e04020_x1dsum.fits,1.814,ok
NGC 3783,COS,,ld3e04030_x1dsum.fits,1.814,ok
NGC 3783,COS,,ld3e04040_x1dsum.fits,1.814,ok
NGC 3783,COS,,ld3e04pmq_x1d.fits,3.39,ok
NGC 3783,COS,,ld3e04poq_x1d.fits,3.39,ok
NGC 3783,COS,,ld3e04pqq_x1d.fits,3.39,ok
NGC 3783,COS,,ld3e04psq_x1d.fits,3.39,ok
NGC 3783,COS,,ld3e04puq_x1d.fits,3.39,ok
NGC 3783,COS,,ld3e04pwq_x1d.fits,3.39,ok
NGC 3783,COS,,ld3e04pyq_x1d.fits,3.39,ok
NGC 3783,COS,,ld3e04q0q_x1d.fits,3.39,ok
NGC 3783,COS,,lf3701010_x1dsum.fits,1.944,ok
NGC 3783,COS,,lf3701020_x1dsum.fits,1.944,ok
NGC 3783,COS,,lf3701030_x1dsum.fits,1.944,ok
NGC 3783,COS,,lf3701bgq_x1d.fits,3.39,ok
NGC 3783,COS,,lf3701biq_x1d.fits,3.39,ok
NGC 3783,COS,,lf3701bkq_x1d.fits,3.39,ok
NGC 3783,COS,,lf3701bmq_x1d.fits,3.39,ok
NGC 3783,COS,,lf3701boq_x1d.fits,3.39,ok
NGC 3783,COS,,lf3701brq_x1d.fits,3.39,ok
NGC 3783,COS,,lf3701btq_x1d.fits,3.39,ok
NGC 3783,COS,,lf3702010_x1dsum.fits,1.944,ok
NGC 3783,COS,,lf3702020_x1dsum.fits,1.944,ok
NGC 3783,COS,,lf3702030_x1dsum.fits,1.944,ok
NGC 3783,COS,,lf3702c0q_x1d.fits,3.39,ok
NGC 3783,COS,,lf3702c3q_x1d.fits,3.39,ok
NGC 3783,COS,,lf3702c5q_x1d.fits,3.39,ok
NGC 3783,COS,,lf3702c7q_x1d.fits,3.39,ok
NGC 3783,COS,,lf3702c9q_x1d.fits,3.39,ok
NGC 3783,COS,,lf3702cbq_x1d.fits,3.39,ok
NGC 3783,COS,,lf3702cdq_x1d.fits,3.39,ok
NGC 3783,STIS,,o57b01010_x1d.fits,0.976,ok
NGC 3783,STIS,,o57b01020_x1d.fits,1.757,ok
NGC 3783,STIS,,o57b01030_x1d.fits,1.757,ok
NGC 3783,STIS,,o63m01010_x1d.fits,1.716,ok
NGC 3783,STIS,,o63m01020_x1d.fits,1.716,ok
NGC 3783,STIS,,o63m02010_x1d.fits,1.757,ok
NGC 3783,STIS,,o63m02020_x1d.fits,1.757,ok
NGC 3783,STIS,,o63m03010_x1d.fits,1.757,ok
NGC 3783,STIS,,o63m03020_x1d.fits,1.757,ok
NGC 3783,STIS,,o63m04010_x1d.fits,1.757,ok
NGC 3783,STIS,,o63m04020_x1d.fits,1.757,ok
NGC 3783,STIS,,o63m05010_x1d.fits,1.757,ok
NGC 3783,STIS,,o63m05020_x1d.fits,1.757,ok
NGC 3783,STIS,,o63m06010_x1d.fits,1.757,ok
NGC 3783,STIS,,o63m06020_x1d.fits,1.757,ok
NGC 3783,STIS,,o63m07010_x1d.fits,1.757,ok
NGC 3783,STIS,,o63m07020_x1d.fits,1.757,ok
NGC 3783,STIS,,o63m08010_x1d.fits,1.757,ok
NGC 3783,STIS,,o63m08020_x1d.fits,1.757,ok
NGC 3783,STIS,,o63m09010_x1d.fits,1.757,ok
NGC 3783,STIS,,o63m09020_x1d.fits,1.757,ok
NGC 3783,STIS,,o63m10010_x1d.fits,1.757,ok
NGC 3783,STIS,,o63m10020_x1d.fits,1.757,ok
NGC 3783,STIS,,o63m11010_x1d.fits,1.757,ok
NGC 3783,STIS,,o63m11020_x1d.fits,1.757,ok
NGC 3783,STIS,,o63m12010_x1d.fits,1.757,ok
NGC 3783,STIS,,o63m12020_x1d.fits,1.757,ok
NGC 3783,STIS,,o63m13010_x1d.fits,1.757,ok
NGC 3783,STIS,,o63m13020_x1d.fits,1.757,ok
NGC 3783,STIS,,o63m14010_x1d.fits,1.757,ok
NGC 3783,STIS,,o63m14020_x1d.fits,1.716,ok
NGC 3783,STIS,,o63m15010_x1d.fits,1.757,ok
NGC 3783,STIS,,o63m15020_x1d.fits,1.757,ok
NGC 3783,STIS,,o63m16010_x1d.fits,1.757,ok
NGC 3783,STIS,,o63m16020_x1d.fits,1.757,ok
NGC 3783,STIS,,o63m17010_x1d.fits,1.757,ok
NGC 3783,STIS,,o63m17020_x1d.fits,1.757,ok
NGC 3783,STIS,,o63m53010_x1d.fits,1.757,ok
NGC 3783,STIS,,o63m53020_x1d.fits,1.757,ok
NGC 3783,STIS,,obgu03010_x1d.fits,0.081,ok
NGC 3783,STIS,,obgu03020_x1d.fits,0.081,ok
NGC 3783,STIS,,obgu03030_x1d.fits,0.081,ok
NGC 3783,FOS,,y10z0103m_c0f.fits,0.098,ok
NGC 3783,FOS,,y10z0103m_c1f.fits,0.098,ok
NGC 3783,FOS,,y10z0103m_c2f.fits,0.098,ok
NGC 3783,FOS,,y10z0103m_c4f.fits,0.098,ok
NGC 3783,FOS,,y10z0103m_c5f.fits,0.098,ok
NGC 3783,FOS,,y10z0103m_c7f.fits,0.098,ok
NGC 3783,FOS,,y10z0104m_c0f.fits,0.092,ok
NGC 3783,FOS,,y10z0104m_c1f.fits,0.092,ok
NGC 3783,FOS,,y10z0104m_c2f.fits,0.092,ok
NGC 3783,FOS,,y10z0104m_c4f.fits,0.092,ok
NGC 3783,FOS,,y10z0104m_c5f.fits,0.092,ok
NGC 3783,FOS,,y10z0104m_c7f.fits,0.092,ok
NGC 3783,FOS,,y10z0105m_c0f.fits,0.092,ok
NGC 3783,FOS,,y10z0105m_c1f.fits,0.092,ok
NGC 3783,FOS,,y10z0105m_c2f.fits,0.092,ok
NGC 3783,FOS,,y10z0105m_c4f.fits,0.092,ok
NGC 3783,FOS,,y10z0105m_c5f.fits,0.092,ok
NGC 3783,FOS,,y10z0105m_c7f.fits,0.092,ok
NGC 4253,STIS,,o5l502020_x1d.fits,0.078,ok
NGC 4253,STIS,,o5l502030_x1d.fits,0.078,ok
NGC 4253,STIS,,ob1101010_sx1.fits,0.081,ok
NGC 4253,STIS,,ob1102010_sx1.fits,0.081,ok
NGC 4593,STIS,,o5l501020_x1d.fits,1.716,ok
NGC 4593,STIS,,o5l501030_x1d.fits,1.716,ok
NGC 4593,STIS,,o5l501040_x1d.fits,1.716,ok
NGC 4593,STIS,,o5l501050_x1d.fits,1.716,ok
NGC 4593,STIS,,ocuw01010_x1d.fits,0.078,ok
NGC 4593,STIS,,ocuw01020_sx1.fits,0.081,ok
NGC 4593,STIS,,ocuw01030_sx1.fits,0.081,ok
NGC 4593,STIS,,ocuw02010_x1d.fits,0.078,ok
NGC 4593,STIS,,ocuw02020_sx1.fits,0.081,ok
NGC 4593,STIS,,ocuw02030_sx1.fits,0.081,ok
NGC 4593,STIS,,ocuw03010_x1d.fits,0.078,ok
NGC 4593,STIS,,ocuw03020_sx1.fits,0.081,ok
NGC 4593,STIS,,ocuw03030_sx1.fits,0.081,ok
NGC 4593,STIS,,ocuw04010_x1d.fits,0.078,ok
NGC 4593,STIS,,ocuw04020_sx1.fits,0.081,ok
NGC 4593,STIS,,ocuw04030_sx1.fits,0.081,ok
NGC 4593,STIS,,ocuw05010_x1d.fits,0.078,ok
NGC 4593,STIS,,ocuw05020_sx1.fits,0.081,ok
NGC 4593,STIS,,ocuw05030_sx1.fits,0.081,ok
NGC 4593,STIS,,ocuw06010_x1d.fits,0.078,ok
NGC 4593,STIS,,ocuw06020_sx1.fits,0.081,ok
NGC 4593,STIS,,ocuw06030_sx1.fits,0.081,ok
NGC 4593,STIS,,ocuw07010_x1d.fits,0.078,ok
NGC 4593,STIS,,ocuw07020_sx1.fits,0.081,ok
NGC 4593,STIS,,ocuw07030_sx1.fits,0.081,ok
NGC 4593,STIS,,ocuw08010_x1d.fits,0.078,ok
NGC 4593,STIS,,ocuw08020_sx1.fits,0.081,ok
NGC 4593,STIS,,ocuw08030_sx1.fits,0.081,ok
NGC 4593,STIS,,ocuw09010_x1d.fits,0.078,ok
NGC 4593,STIS,,ocuw09020_sx1.fits,0.081,ok
NGC 4593,STIS,,ocuw09030_sx1.fits,0.081,ok
NGC 4593,STIS,,ocuw10010_x1d.fits,0.078,ok
NGC 4593,STIS,,ocuw10020_sx1.fits,0.081,ok
NGC 4593,STIS,,ocuw10030_sx1.fits,0.081,ok
NGC 4593,STIS,,ocuw11010_x1d.fits,0.078,ok
NGC 4593,STIS,,ocuw11020_sx1.fits,0.081,ok
NGC 4593,STIS,,ocuw11030_sx1.fits,0.081,ok
NGC 4593,STIS,,ocuw12010_x1d.fits,0.078,ok
NGC 4593,STIS,,ocuw12020_sx1.fits,0.081,ok
NGC 4593,STIS,,ocuw12030_sx1.fits,0.081,ok
NGC 4593,STIS,,ocuw13010_x1d.fits,0.078,ok
NGC 4593,STIS,,ocuw13020_sx1.fits,0.081,ok
NGC 4593,STIS,,ocuw13030_sx1.fits,0.081,ok
NGC 4593,STIS,,ocuw14010_x1d.fits,0.078,ok
NGC 4593,STIS,,ocuw14020_sx1.fits,0.081,ok
NGC 4593,STIS,,ocuw14030_sx1.fits,0.081,ok
NGC 4593,STIS,,ocuw15010_x1d.fits,0.078,ok
NGC 4593,STIS,,ocuw15020_sx1.fits,0.081,ok
NGC 4593,STIS,,ocuw15030_sx1.fits,0.081,ok
NGC 4593,STIS,,ocuw16010_x1d.fits,0.078,ok
NGC 4593,STIS,,ocuw16020_sx1.fits,0.081,ok
NGC 4593,STIS,,ocuw16030_sx1.fits,0.081,ok
NGC 4593,STIS,,ocuw17010_x1d.fits,0.078,ok
NGC 4593,STIS,,ocuw17020_sx1.fits,0.081,ok
NGC 4593,STIS,,ocuw17030_sx1.fits,0.081,ok
NGC 4593,STIS,,ocuw18010_x1d.fits,0.078,ok
NGC 4593,STIS,,ocuw18020_sx1.fits,0.081,ok
NGC 4593,STIS,,ocuw18030_sx1.fits,0.081,ok
NGC 4593,STIS,,ocuw19010_x1d.fits,0.078,ok
NGC 4593,STIS,,ocuw19020_sx1.fits,0.081,ok
NGC 4593,STIS,,ocuw19030_sx1.fits,0.081,ok
NGC 4593,STIS,,ocuw20010_x1d.fits,0.078,ok
NGC 4593,STIS,,ocuw20020_sx1.fits,0.081,ok
NGC 4593,STIS,,ocuw20030_sx1.fits,0.081,ok
NGC 4593,STIS,,ocuw22010_x1d.fits,0.078,ok
NGC 4593,STIS,,ocuw22020_sx1.fits,0.081,ok
NGC 4593,STIS,,ocuw22030_sx1.fits,0.081,ok
NGC 4593,STIS,,ocuw23010_x1d.fits,0.078,ok
NGC 4593,STIS,,ocuw23020_sx1.fits,0.081,ok
NGC 4593,STIS,,ocuw23030_sx1.fits,0.081,ok
NGC 4593,STIS,,ocuw24010_x1d.fits,0.078,ok
NGC 4593,STIS,,ocuw24020_sx1.fits,0.081,ok
NGC 4593,STIS,,ocuw24030_sx1.fits,0.081,ok
NGC 4593,STIS,,ocuw25010_x1d.fits,0.078,ok
NGC 4593,STIS,,ocuw25020_sx1.fits,0.081,ok
NGC 4593,STIS,,ocuw25030_sx1.fits,0.081,ok
NGC 4593,STIS,,ocuw26010_x1d.fits,0.078,ok
NGC 4593,STIS,,ocuw26020_sx1.fits,0.081,ok
NGC 4593,STIS,,ocuw26030_sx1.fits,0.081,ok
NGC 4593,STIS,,ocuw27010_x1d.fits,0.078,ok
NGC 4593,STIS,,ocuw27020_sx1.fits,0.081,ok
NGC 4593,STIS,,ocuw27030_sx1.fits,0.081,ok
NGC 5548,COS,,lbgu22010_x1dsum.fits,1.944,ok
NGC 5548,COS,,lbgu22020_x1dsum.fits,1.944,ok
NGC 5548,COS,,lbgu22030_x1dsum.fits,1.944,ok
NGC 5548,COS,,lbgu22040_x1dsum.fits,1.944,ok
NGC 5548,COS,,lbgu22050_x1dsum.fits,1.944,ok
NGC 5548,COS,,lbgu22060_x1dsum.fits,1.944,ok
NGC 5548,COS,,lbgu22070_x1dsum.fits,1.944,ok
NGC 5548,COS,,lbgu22080_x1dsum.fits,1.944,ok
NGC 5548,COS,,lbgu22ygq_x1d.fits,3.39,ok
NGC 5548,COS,,lbgu22yiq_x1d.fits,3.39,ok
NGC 5548,COS,,lbgu22ykq_x1d.fits,3.39,ok
NGC 5548,COS,,lbgu22ymq_x1d.fits,3.39,ok
NGC 5548,COS,,lbgu22yqq_x1d.fits,3.39,ok
NGC 5548,COS,,lbgu22ysq_x1d.fits,3.39,ok
NGC 5548,COS,,lbgu22z3q_x1d.fits,3.39,ok
NGC 5548,COS,,lbgu22z5q_x1d.fits,3.39,ok
NGC 5548,COS,,lc7001010_x1dsum.fits,1.814,ok
NGC 5548,COS,,lc7001020_x1dsum.fits,1.814,ok
NGC 5548,COS,,lc7001030_x1dsum.fits,1.944,ok
NGC 5548,COS,,lc7001040_x1dsum.fits,1.944,ok
NGC 5548,COS,,lc7001050_x1dsum.fits,1.814,ok
NGC 5548,COS,,lc7001arq_x1d.fits,3.39,ok
NGC 5548,COS,,lc7001atq_x1d.fits,3.39,ok
NGC 5548,COS,,lc7001avq_x1d.fits,3.39,ok
NGC 5548,COS,,lc7001axq_x1d.fits,3.39,ok
NGC 5548,COS,,lc7001azq_x1d.fits,3.39,ok
NGC 5548,COS,,lc7001b1q_x1d.fits,3.39,ok
NGC 5548,COS,,lc7001b3q_x1d.fits,3.39,ok
NGC 5548,COS,,lc7001b5q_x1d.fits,3.39,ok
NGC 5548,COS,,lc7002010_x1dsum.fits,1.814,ok
NGC 5548,COS,,lc7002020_x1dsum.fits,1.814,ok
NGC 5548,COS,,lc7002030_x1dsum.fits,1.944,ok
NGC 5548,COS,,lc7002040_x1dsum.fits,1.944,ok
NGC 5548,COS,,lc7002050_x1dsum.fits,1.814,ok
NGC 5548,COS,,lc7002cnq_x1d.fits,3.39,ok
NGC 5548,COS,,lc7002cpq_x1d.fits,3.39,ok
NGC 5548,COS,,lc7002crq_x1d.fits,3.39,ok
NGC 5548,COS,,lc7002ctq_x1d.fits,3.39,ok
NGC 5548,COS,,lc7002cvq_x1d.fits,3.39,ok
NGC 5548,COS,,lc7002cxq_x1d.fits,3.39,ok
NGC 5548,COS,,lc7002czq_x1d.fits,3.39,ok
NGC 5548,COS,,lc7002d1q_x1d.fits,3.39,ok
NGC 5548,COS,,lc7003010_x1dsum.fits,1.814,ok
NGC 5548,COS,,lc7003020_x1dsum.fits,1.814,ok
NGC 5548,COS,,lc7003030_x1dsum.fits,1.944,ok
NGC 5548,COS,,lc7003040_x1dsum.fits,1.944,ok
NGC 5548,COS,,lc7003050_x1dsum.fits,1.814,ok
NGC 5548,COS,,lc7003a4q_x1d.fits,3.39,ok
NGC 5548,COS,,lc7003a6q_x1d.fits,3.39,ok
NGC 5548,COS,,lc7003a8q_x1d.fits,3.39,ok
NGC 5548,COS,,lc7003aaq_x1d.fits,3.39,ok
NGC 5548,COS,,lc7003acq_x1d.fits,3.39,ok
NGC 5548,COS,,lc7003aeq_x1d.fits,3.39,ok
NGC 5548,COS,,lc7003agq_x1d.fits,3.39,ok
NGC 5548,COS,,lc7003aiq_x1d.fits,3.39,ok
NGC 5548,COS,,lc7004010_x1dsum.fits,1.814,ok
NGC 5548,COS,,lc7004020_x1dsum.fits,1.814,ok
NGC 5548,COS,,lc7004030_x1dsum.fits,1.944,ok
NGC 5548,COS,,lc7004040_x1dsum.fits,1.944,ok
NGC 5548,COS,,lc7004050_x1dsum.fits,1.814,ok
NGC 5548,COS,,lc7004k2q_x1d.fits,3.39,ok
NGC 5548,COS,,lc7004k4q_x1d.fits,3.39,ok
NGC 5548,COS,,lc7004k6q_x1d.fits,3.39,ok
NGC 5548,COS,,lc7004k9q_x1d.fits,3.39,ok
NGC 5548,COS,,lc7004kbq_x1d.fits,3.39,ok
NGC 5548,COS,,lc7004keq_x1d.fits,3.39,ok
NGC 5548,COS,,lc7004kgq_x1d.fits,3.39,ok
NGC 5548,COS,,lc7004koq_x1d.fits,3.39,ok
NGC 5548,COS,,lc7005010_x1dsum.fits,1.814,ok
NGC 5548,COS,,lc7005020_x1dsum.fits,1.814,ok
NGC 5548,COS,,lc7005030_x1dsum.fits,1.944,ok
NGC 5548,COS,,lc7005040_x1dsum.fits,1.944,ok
NGC 5548,COS,,lc7005050_x1dsum.fits,1.814,ok
NGC 5548,COS,,lc7005xgq_x1d.fits,3.39,ok
NGC 5548,COS,,lc7005xiq_x1d.fits,3.39,ok
NGC 5548,COS,,lc7005xkq_x1d.fits,3.39,ok
NGC 5548,COS,,lc7005ygq_x1d.fits,3.39,ok
NGC 5548,COS,,lc7005yjq_x1d.fits,3.39,ok
NGC 5548,COS,,lc7005ylq_x1d.fits,3.39,ok
NGC 5548,COS,,lc7005ynq_x1d.fits,3.39,ok
NGC 5548,COS,,lc7005yqq_x1d.fits,3.39,ok
NGC 5548,COS,,lc7006010_x1dsum.fits,1.814,ok
NGC 5548,COS,,lc7006020_x1dsum.fits,1.814,ok
NGC 5548,COS,,lc7006030_x1dsum.fits,1.944,ok
NGC 5548,COS,,lc7006040_x1dsum.fits,1.944,ok
NGC 5548,COS,,lc7006050_x1dsum.fits,1.814,ok
NGC 5548,COS,,lc7006i6q_x1d.fits,3.39,ok
NGC 5548,COS,,lc7006ibq_x1d.fits,3.39,ok
NGC 5548,COS,,lc7006idq_x1d.fits,3.39,ok
NGC 5548,COS,,lc7006igq_x1d.fits,3.39,ok
NGC 5548,COS,,lc7006isq_x1d.fits,3.39,ok
NGC 5548,COS,,lc7006iuq_x1d.fits,3.39,ok
NGC 5548,COS,,lc7006ixq_x1d.fits,3.39,ok
NGC 5548,COS,,lc7006j7q_x1d.fits,3.39,ok
NGC 5548,COS,,lcao01010_x1dsum.fits,1.944,ok
NGC 5548,COS,,lcao01020_x1dsum.fits,1.944,ok
NGC 5548,COS,,lcao01030_x1dsum.fits,1.944,ok
NGC 5548,COS,,lcao01040_x1dsum.fits,1.944,ok
NGC 5548,COS,,lcao01f9q_x1d.fits,3.39,ok
NGC 5548,COS,,lcao01fuq_x1d.fits,3.39,ok
NGC 5548,COS,,lcao01fwq_x1d.fits,3.39,ok
NGC 5548,COS,,lcao01g5q_x1d.fits,3.39,ok
NGC 5548,COS,,lcao02010_x1dsum.fits,1.944,ok
NGC 5548,COS,,lcao02020_x1dsum.fits,1.944,ok
NGC 5548,COS,,lcao02030_x1dsum.fits,1.944,ok
NGC 5548,COS,,lcao02040_x1dsum.fits,1.944,ok
NGC 5548,COS,,lcao02a4q_x1d.fits,3.39,ok
NGC 5548,COS,,lcao02a6q_x1d.fits,3.39,ok
NGC 5548,COS,,lcao02adq_x1d.fits,3.39,ok
NGC 5548,COS,,lcao02alq_x1d.fits,3.39,ok
NGC 5548,COS,,lcao03010_x1dsum.fits,1.944,ok
NGC 5548,COS,,lcao03020_x1dsum.fits,1.944,ok
NGC 5548,COS,,lcao03030_x1dsum.fits,1.944,ok
NGC 5548,COS,,lcao03040_x1dsum.fits,1.944,ok
NGC 5548,COS,,lcao03h9q_x1d.fits,3.39,ok
NGC 5548,COS,,lcao03hbq_x1d.fits,3.39,ok
NGC 5548,COS,,lcao03hdq_x1d.fits,3.39,ok
NGC 5548,COS,,lcao03hfq_x1d.fits,3.39,ok
NGC 5548,COS,,lcao04010_x1dsum.fits,1.944,ok
NGC 5548,COS,,lcao04020_x1dsum.fits,1.944,ok
NGC 5548,COS,,lcao04030_x1dsum.fits,1.944,ok
NGC 5548,COS,,lcao04040_x1dsum.fits,1.944,ok
NGC 5548,COS,,lcao04mzq_x1d.fits,3.39,ok
NGC 5548,COS,,lcao04n1q_x1d.fits,3.39,ok
NGC 5548,COS,,lcao04n3q_x1d.fits,3.39,ok
NGC 5548,COS,,lcao04n5q_x1d.fits,3.39,ok
NGC 5548,COS,,lcao05010_x1dsum.fits,1.944,ok
NGC 5548,COS,,lcao05020_x1dsum.fits,1.944,ok
NGC 5548,COS,,lcao05030_x1dsum.fits,1.944,ok
NGC 5548,COS,,lcao05040_x1dsum.fits,1.944,ok
NGC 5548,COS,,lcao05usq_x1d.fits,3.39,ok
NGC 5548,COS,,lcao05uuq_x1d.fits,3.39,ok
NGC 5548,COS,,lcao05uwq_x1d.fits,3.39,ok
NGC 5548,COS,,lcao05uyq_x1d.fits,3.39,ok
NGC 5548,COS,,lcao06010_x1dsum.fits,1.944,ok
NGC 5548,COS,,lcao06020_x1dsum.fits,1.944,ok
NGC 5548,COS,,lcao06030_x1dsum.fits,1.944,ok
NGC 5548,COS,,lcao06040_x1dsum.fits,1.944,ok
NGC 5548,COS,,lcao06z7q_x1d.fits,3.39,ok
NGC 5548,COS,,lcao06z9q_x1d.fits,3.39,ok
NGC 5548,COS,,lcao06zbq_x1d.fits,3.39,ok
NGC 5548,COS,,lcao06zdq_x1d.fits,3.39,ok
NGC 5548,COS,,lcao07010_x1dsum.fits,1.944,ok
NGC 5548,COS,,lcao07020_x1dsum.fits,1.944,ok
NGC 5548,COS,,lcao07030_x1dsum.fits,1.944,ok
NGC 5548,COS,,lcao07040_x1dsum.fits,1.944,ok
NGC 5548,COS,,lcao07fcq_x1d.fits,3.39,ok
NGC 5548,COS,,lcao07feq_x1d.fits,3.39,ok
NGC 5548,COS,,lcao07fgq_x1d.fits,3.39,ok
NGC 5548,COS,,lcao07fjq_x1d.fits,3.39,ok
NGC 5548,COS,,lcao08010_x1dsum.fits,1.944,ok
NGC 5548,COS,,lcao08020_x1dsum.fits,1.944,ok
NGC 5548,COS,,lcao08030_x1dsum.fits,1.944,ok
NGC 5548,COS,,lcao08040_x1dsum.fits,1.944,ok
NGC 5548,COS,,lcao08klq_x1d.fits,3.39,ok
NGC 5548,COS,,lcao08knq_x1d.fits,3.39,ok
NGC 5548,COS,,lcao08kpq_x1d.fits,3.39,ok
NGC 5548,COS,,lcao08krq_x1d.fits,3.39,ok
NGC 5548,COS,,lcao09010_x1dsum.fits,1.944,ok
NGC 5548,COS,,lcao09020_x1dsum.fits,1.944,ok
NGC 5548,COS,,lcao09030_x1dsum.fits,1.944,ok
NGC 5548,COS,,lcao09040_x1dsum.fits,1.944,ok
NGC 5548,COS,,lcao09qeq_x1d.fits,3.39,ok
NGC 5548,COS,,lcao09qgq_x1d.fits,3.39,ok
NGC 5548,COS,,lcao09qiq_x1d.fits,3.39,ok
NGC 5548,COS,,lcao09qlq_x1d.fits,3.39,ok
NGC 5548,COS,,lcao0a010_x1dsum.fits,1.944,ok
NGC 5548,COS,,lcao0a020_x1dsum.fits,1.944,ok
NGC 5548,COS,,lcao0a030_x1dsum.fits,1.944,ok
NGC 5548,COS,,lcao0a040_x1dsum.fits,1.944,ok
NGC 5548,COS,,lcao0agvq_x1d.fits,3.39,ok
NGC 5548,COS,,lcao0agxq_x1d.fits,3.39,ok
NGC 5548,COS,,lcao0agzq_x1d.fits,3.39,ok
NGC 5548,COS,,lcao0ah2q_x1d.fits,3.39,ok
NGC 5548,COS,,lcao0b010_x1dsum.fits,1.944,ok
NGC 5548,COS,,lcao0b020_x1dsum.fits,1.944,ok
NGC 5548,COS,,lcao0b030_x1dsum.fits,1.944,ok
NGC 5548,COS,,lcao0b040_x1dsum.fits,1.944,ok
NGC 5548,COS,,lcao0bktq_x1d.fits,3.39,ok
NGC 5548,COS,,lcao0bkvq_x1d.fits,3.39,ok
NGC 5548,COS,,lcao0bkxq_x1d.fits,3.39,ok
NGC 5548,COS,,lcao0bkzq_x1d.fits,3.39,ok
NGC 5548,COS,,lcao0c010_x1dsum.fits,1.944,ok
NGC 5548,COS,,lcao0c020_x1dsum.fits,1.944,ok
NGC 5548,COS,,lcao0c030_x1dsum.fits,1.944,ok
NGC 5548,COS,,lcao0c040_x1dsum.fits,1.944,ok
NGC 5548,COS,,lcao0cp0q_x1d.fits,3.39,ok
NGC 5548,COS,,lcao0cp2q_x1d.fits,3.39,ok
NGC 5548,COS,,lcao0cp4q_x1d.fits,3.39,ok
NGC 5548,COS,,lcao0cp6q_x1d.fits,3.39,ok
NGC 5548,COS,,lcao0d010_x1dsum.fits,1.944,ok
NGC 5548,COS,,lcao0d020_x1dsum.fits,1.944,ok
NGC 5548,COS,,lcao0d030_x1dsum.fits,1.944,ok
NGC 5548,COS,,lcao0d040_x1dsum.fits,1.944,ok
NGC 5548,COS,,lcao0de7q_x1d.fits,3.39,ok
NGC 5548,COS,,lcao0de9q_x1d.fits,3.39,ok
NGC 5548,COS,,lcao0debq_x1d.fits,3.39,ok
NGC 5548,COS,,lcao0dedq_x1d.fits,3.39,ok
NGC 5548,COS,,lcao0e010_x1dsum.fits,1.944,ok
NGC 5548,COS,,lcao0e020_x1dsum.fits,1.944,ok
NGC 5548,COS,,lcao0e030_x1dsum.fits,1.944,ok
NGC 5548,COS,,lcao0e040_x1dsum.fits,1.944,ok
NGC 5548,COS,,lcao0ehhq_x1d.fits,3.39,ok
NGC 5548,COS,,lcao0ehjq_x1d.fits,3.39,ok
NGC 5548,COS,,lcao0ehlq_x1d.fits,3.39,ok
NGC 5548,COS,,lcao0ehnq_x1d.fits,3.39,ok
NGC 5548,COS,,lcao0f010_x1dsum.fits,1.944,ok
NGC 5548,COS,,lcao0f020_x1dsum.fits,1.944,ok
NGC 5548,COS,,lcao0f030_x1dsum.fits,1.944,ok
NGC 5548,COS,,lcao0f040_x1dsum.fits,1.944,ok
NGC 5548,COS,,lcao0fm7q_x1d.fits,3.39,ok
NGC 5548,COS,,lcao0fm9q_x1d.fits,3.39,ok
NGC 5548,COS,,lcao0fmbq_x1d.fits,3.39,ok
NGC 5548,COS,,lcao0fmdq_x1d.fits,3.39,ok
NGC 5548,COS,,lcao0g010_x1dsum.fits,1.944,ok
NGC 5548,COS,,lcao0g020_x1dsum.fits,1.944,ok
NGC 5548,COS,,lcao0g030_x1dsum.fits,1.944,ok
NGC 5548,COS,,lcao0g040_x1dsum.fits,1.944,ok
NGC 5548,COS,,lcao0gqgq_x1d.fits,3.39,ok
NGC 5548,COS,,lcao0gqiq_x1d.fits,3.39,ok
NGC 5548,COS,,lcao0gqkq_x1d.fits,3.39,ok
NGC 5548,COS,,lcao0gqmq_x1d.fits,3.39,ok
NGC 5548,COS,,lcao0h010_x1dsum.fits,1.944,ok
NGC 5548,COS,,lcao0h020_x1dsum.fits,1.944,ok
NGC 5548,COS,,lcao0h030_x1dsum.fits,1.944,ok
NGC 5548,COS,,lcao0h040_x1dsum.fits,1.944,ok
NGC 5548,COS,,lcao0huuq_x1d.fits,3.39,ok
NGC 5548,COS,,lcao0huwq_x1d.fits,3.39,ok
NGC 5548,COS,,lcao0huyq_x1d.fits,3.39,ok
NGC 5548,COS,,lcao0hv5q_x1d.fits,3.39,ok
NGC 5548,COS,,lcao0i010_x1dsum.fits,1.944,ok
NGC 5548,COS,,lcao0i020_x1dsum.fits,1.944,ok
NGC 5548,COS,,lcao0i030_x1dsum.fits,1.944,ok
NGC 5548,COS,,lcao0i040_x1dsum.fits,1.944,ok
NGC 5548,COS,,lcao0ibaq_x1d.fits,3.39,ok
NGC 5548,COS,,lcao0ibcq_x1d.fits,3.39,ok
NGC 5548,COS,,lcao0ibeq_x1d.fits,3.39,ok
NGC 5548,COS,,lcao0ibgq_x1d.fits,3.39,ok
NGC 5548,COS,,lcao0j010_x1dsum.fits,1.944,ok
NGC 5548,COS,,lcao0j020_x1dsum.fits,1.944,ok
NGC 5548,COS,,lcao0j030_x1dsum.fits,1.944,ok
NGC 5548,COS,,lcao0j040_x1dsum.fits,1.944,ok
NGC 5548,COS,,lcao0jfqq_x1d.fits,3.39,ok
NGC 5548,COS,,lcao0jfsq_x1d.fits,3.39,ok
NGC 5548,COS,,lcao0jfuq_x1d.fits,3.39,ok
NGC 5548,COS,,lcao0jfwq_x1d.fits,3.39,ok
NGC 5548,COS,,lcao0k010_x1dsum.fits,1.944,ok
NGC 5548,COS,,lcao0k020_x1dsum.fits,1.944,ok
NGC 5548,COS,,lcao0k030_x1dsum.fits,1.944,ok
NGC 5548,COS,,lcao0k040_x1dsum.fits,1.944,ok
NGC 5548,COS,,lcao0kd5q_x1d.fits,3.39,ok
NGC 5548,COS,,lcao0kd7q_x1d.fits,3.39,ok
NGC 5548,COS,,lcao0kd9q_x1d.fits,3.39,ok
NGC 5548,COS,,lcao0kdbq_x1d.fits,3.39,ok
NGC 5548,COS,,lcao0l010_x1dsum.fits,1.944,ok
NGC 5548,COS,,lcao0l020_x1dsum.fits,1.944,ok
NGC 5548,COS,,lcao0l030_x1dsum.fits,1.944,ok
NGC 5548,COS,,lcao0l040_x1dsum.fits,1.944,ok
NGC 5548,COS,,lcao0lhiq_x1d.fits,3.39,ok
NGC 5548,COS,,lcao0lhkq_x1d.fits,3.39,ok
NGC 5548,COS,,lcao0lhmq_x1d.fits,3.39,ok
NGC 5548,COS,,lcao0lhrq_x1d.fits,3.39,ok
NGC 5548,COS,,lcao0m010_x1dsum.fits,1.944,ok
NGC 5548,COS,,lcao0m020_x1dsum.fits,1.944,ok
NGC 5548,COS,,lcao0m030_x1dsum.fits,1.944,ok
NGC 5548,COS,,lcao0m040_x1dsum.fits,1.944,ok
NGC 5548,COS,,lcao0mllq_x1d.fits,3.39,ok
NGC 5548,COS,,lcao0mlnq_x1d.fits,3.39,ok
NGC 5548,COS,,lcao0mlpq_x1d.fits,3.39,ok
NGC 5548,COS,,lcao0mlrq_x1d.fits,3.39,ok
NGC 5548,COS,,lcao0n010_x1dsum.fits,1.944,ok
NGC 5548,COS,,lcao0n020_x1dsum.fits,1.944,ok
NGC 5548,COS,,lcao0n030_x1dsum.fits,1.944,ok
NGC 5548,COS,,lcao0n040_x1dsum.fits,1.944,ok
NGC 5548,COS,,lcao0npwq_x1d.fits,3.39,ok
NGC 5548,COS,,lcao0npyq_x1d.fits,3.39,ok
NGC 5548,COS,,lcao0nq0q_x1d.fits,3.39,ok
NGC 5548,COS,,lcao0nq2q_x1d.fits,3.39,ok
NGC 5548,COS,,lcao0o010_x1dsum.fits,1.944,ok
NGC 5548,COS,,lcao0o020_x1dsum.fits,1.944,ok
NGC 5548,COS,,lcao0o030_x1dsum.fits,1.944,ok
NGC 5548,COS,,lcao0o040_x1dsum.fits,1.944,ok
NGC 5548,COS,,lcao0ow2q_x1d.fits,3.39,ok
NGC 5548,COS,,lcao0ow4q_x1d.fits,3.39,ok
NGC 5548,COS,,lcao0ow6q_x1d.fits,3.39,ok
NGC 5548,COS,,lcao0ow8q_x1d.fits,3.39,ok
NGC 5548,COS,,lcao0p010_x1dsum.fits,1.944,ok
NGC 5548,COS,,lcao0p020_x1dsum.fits,1.944,ok
NGC 5548,COS,,lcao0p030_x1dsum.fits,1.944,ok
NGC 5548,COS,,lcao0p040_x1dsum.fits,1.944,ok
NGC 5548,COS,,lcao0pbjq_x1d.fits,3.39,ok
NGC 5548,COS,,lcao0pblq_x1d.fits,3.39,ok
NGC 5548,COS,,lcao0pbnq_x1d.fits,3.39,ok
NGC 5548,COS,,lcao0pbpq_x1d.fits,3.39,ok
NGC 5548,COS,,lcao0q010_x1dsum.fits,1.944,ok
NGC 5548,COS,,lcao0q020_x1dsum.fits,1.944,ok
NGC 5548,COS,,lcao0q030_x1dsum.fits,1.944,ok
NGC 5548,COS,,lcao0q040_x1dsum.fits,1.944,ok
NGC 5548,COS,,lcao0qfrq_x1d.fits,3.39,ok
NGC 5548,COS,,lcao0qftq_x1d.fits,3.39,ok
NGC 5548,COS,,lcao0qfvq_x1d.fits,3.39,ok
NGC 5548,COS,,lcao0qfxq_x1d.fits,3.39,ok
NGC 5548,COS,,lcao0s010_x1dsum.fits,1.944,ok
NGC 5548,COS,,lcao0s020_x1dsum.fits,1.944,ok
NGC 5548,COS,,lcao0s030_x1dsum.fits,1.944,ok
NGC 5548,COS,,lcao0s040_x1dsum.fits,1.944,ok
NGC 5548,COS,,lcao0sigq_x1d.fits,3.39,ok
NGC 5548,COS,,lcao0siiq_x1d.fits,3.39,ok
NGC 5548,COS,,lcao0sikq_x1d.fits,3.39,ok
NGC 5548,COS,,lcao0simq_x1d.fits,3.39,ok
NGC 5548,COS,,lcao0t010_x1dsum.fits,1.944,ok
NGC 5548,COS,,lcao0t020_x1dsum.fits,1.944,ok
NGC 5548,COS,,lcao0t030_x1dsum.fits,1.944,ok
NGC 5548,COS,,lcao0t040_x1dsum.fits,1.944,ok
NGC 5548,COS,,lcao0tn7q_x1d.fits,3.39,ok
NGC 5548,COS,,lcao0tn9q_x1d.fits,3.39,ok
NGC 5548,COS,,lcao0tnbq_x1d.fits,3.39,ok
NGC 5548,COS,,lcao0tndq_x1d.fits,3.39,ok
NGC 5548,COS,,lcao0u010_x1dsum.fits,1.944,ok
NGC 5548,COS,,lcao0u020_x1dsum.fits,1.944,ok
NGC 5548,COS,,lcao0u030_x1dsum.fits,1.944,ok
NGC 5548,COS,,lcao0u040_x1dsum.fits,1.944,ok
NGC 5548,COS,,lcao0usuq_x1d.fits,3.39,ok
NGC 5548,COS,,lcao0uswq_x1d.fits,3.39,ok
NGC 5548,COS,,lcao0usyq_x1d.fits,3.39,ok
NGC 5548,COS,,lcao0ut0q_x1d.fits,3.39,ok
NGC 5548,COS,,lcao0v010_x1dsum.fits,1.944,ok
NGC 5548,COS,,lcao0v020_x1dsum.fits,1.944,ok
NGC 5548,COS,,lcao0v030_x1dsum.fits,1.944,ok
NGC 5548,COS,,lcao0v040_x1dsum.fits,1.944,ok
NGC 5548,COS,,lcao0vb4q_x1d.fits,3.39,ok
NGC 5548,COS,,lcao0vb6q_x1d.fits,3.39,ok
NGC 5548,COS,,lcao0vb8q_x1d.fits,3.39,ok
NGC 5548,COS,,lcao0vbaq_x1d.fits,3.39,ok
NGC 5548,COS,,lcao0w010_x1dsum.fits,1.944,ok
NGC 5548,COS,,lcao0w020_x1dsum.fits,1.944,ok
NGC 5548,COS,,lcao0w030_x1dsum.fits,1.944,ok
NGC 5548,COS,,lcao0w040_x1dsum.fits,1.944,ok
NGC 5548,COS,,lcao0wh2q_x1d.fits,3.39,ok
NGC 5548,COS,,lcao0wh4q_x1d.fits,3.39,ok
NGC 5548,COS,,lcao0wh6q_x1d.fits,3.39,ok
NGC 5548,COS,,lcao0wh9q_x1d.fits,3.39,ok
NGC 5548,COS,,lcao0x010_x1dsum.fits,1.944,ok
NGC 5548,COS,,lcao0x020_x1dsum.fits,1.944,ok
NGC 5548,COS,,lcao0x030_x1dsum.fits,1.944,ok
NGC 5548,COS,,lcao0x040_x1dsum.fits,1.944,ok
NGC 5548,COS,,lcao0xmsq_x1d.fits,3.39,ok
NGC 5548,COS,,lcao0xmuq_x1d.fits,3.39,ok
NGC 5548,COS,,lcao0xmwq_x1d.fits,3.39,ok
NGC 5548,COS,,lcao0xmyq_x1d.fits,3.39,ok
NGC 5548,COS,,lcao0y010_x1dsum.fits,1.944,ok
NGC 5548,COS,,lcao0y020_x1dsum.fits,1.944,ok
NGC 5548,COS,,lcao0y030_x1dsum.fits,1.944,ok
NGC 5548,COS,,lcao0y040_x1dsum.fits,1.944,ok
NGC 5548,COS,,lcao0yd3q_x1d.fits,3.39,ok
NGC 5548,COS,,lcao0yd8q_x1d.fits,3.39,ok
NGC 5548,COS,,lcao0ydaq_x1d.fits,3.39,ok
NGC 5548,COS,,lcao0yddq_x1d.fits,3.39,ok
NGC 5548,COS,,lcao0z010_x1dsum.fits,1.944,ok
NGC 5548,COS,,lcao0z020_x1dsum.fits,1.944,ok
NGC 5548,COS,,lcao0z030_x1dsum.fits,1.944,ok
NGC 5548,COS,,lcao0z040_x1dsum.fits,1.944,ok
NGC 5548,COS,,lcao0zjvq_x1d.fits,3.39,ok
NGC 5548,COS,,lcao0zjxq_x1d.fits,3.39,ok
NGC 5548,COS,,lcao0zjzq_x1d.fits,3.39,ok
NGC 5548,COS,,lcao0zk2q_x1d.fits,3.39,ok
NGC 5548,COS,,lcao10010_x1dsum.fits,1.944,ok
NGC 5548,COS,,lcao10020_x1dsum.fits,1.944,ok
NGC 5548,COS,,lcao10030_x1dsum.fits,1.944,ok
NGC 5548,COS,,lcao10040_x1dsum.fits,1.944,ok
NGC 5548,COS,,lcao10fyq_x1d.fits,3.39,ok
NGC 5548,COS,,lcao10g0q_x1d.fits,3.39,ok
NGC 5548,COS,,lcao10g2q_x1d.fits,3.39,ok
NGC 5548,COS,,lcao10g4q_x1d.fits,3.39,ok
NGC 5548,COS,,lcao11010_x1dsum.fits,1.944,ok
NGC 5548,COS,,lcao11020_x1dsum.fits,1.944,ok
NGC 5548,COS,,lcao11030_x1dsum.fits,1.944,ok
NGC 5548,COS,,lcao11040_x1dsum.fits,1.944,ok
NGC 5548,COS,,lcao11ksq_x1d.fits,3.39,ok
NGC 5548,COS,,lcao11kuq_x1d.fits,3.39,ok
NGC 5548,COS,,lcao11kwq_x1d.fits,3.39,ok
NGC 5548,COS,,lcao11kyq_x1d.fits,3.39,ok
NGC 5548,COS,,lcao12010_x1dsum.fits,1.944,ok
NGC 5548,COS,,lcao12020_x1dsum.fits,1.944,ok
NGC 5548,COS,,lcao12030_x1dsum.fits,1.944,ok
NGC 5548,COS,,lcao12040_x1dsum.fits,1.944,ok
NGC 5548,COS,,lcao12ptq_x1d.fits,3.39,ok
NGC 5548,COS,,lcao12pvq_x1d.fits,3.39,ok
NGC 5548,COS,,lcao12pxq_x1d.fits,3.39,ok
NGC 5548,COS,,lcao12pzq_x1d.fits,3.39,ok
NGC 5548,COS,,lcao13010_x1dsum.fits,1.944,ok
NGC 5548,COS,,lcao13020_x1dsum.fits,1.944,ok
NGC 5548,COS,,lcao13030_x1dsum.fits,1.944,ok
NGC 5548,COS,,lcao13040_x1dsum.fits,1.944,ok
NGC 5548,COS,,lcao13x3q_x1d.fits,3.39,ok
NGC 5548,COS,,lcao13x5q_x1d.fits,3.39,ok
NGC 5548,COS,,lcao13x7q_x1d.fits,3.39,ok
NGC 5548,COS,,lcao13x9q_x1d.fits,3.39,ok
NGC 5548,COS,,lcao14010_x1dsum.fits,1.944,ok
NGC 5548,COS,,lcao14020_x1dsum.fits,1.944,ok
NGC 5548,COS,,lcao14030_x1dsum.fits,1.944,ok
NGC 5548,COS,,lcao14040_x1dsum.fits,1.944,ok
NGC 5548,COS,,lcao14hvq_x1d.fits,3.39,ok
NGC 5548,COS,,lcao14hxq_x1d.fits,3.39,ok
NGC 5548,COS,,lcao14hzq_x1d.fits,3.39,ok
NGC 5548,COS,,lcao14i1q_x1d.fits,3.39,ok
NGC 5548,COS,,lcao15010_x1dsum.fits,1.944,ok
NGC 5548,COS,,lcao15020_x1dsum.fits,1.944,ok
NGC 5548,COS,,lcao15030_x1dsum.fits,1.944,ok
NGC 5548,COS,,lcao15040_x1dsum.fits,1.944,ok
NGC 5548,COS,,lcao15o3q_x1d.fits,3.39,ok
NGC 5548,COS,,lcao15o5q_x1d.fits,3.39,ok
NGC 5548,COS,,lcao15o7q_x1d.fits,3.39,ok
NGC 5548,COS,,lcao15o9q_x1d.fits,3.39,ok
NGC 5548,COS,,lcao16010_x1dsum.fits,1.944,ok
NGC 5548,COS,,lcao16020_x1dsum.fits,1.944,ok
NGC 5548,COS,,lcao16030_x1dsum.fits,1.944,ok
NGC 5548,COS,,lcao16040_x1dsum.fits,1.944,ok
NGC 5548,COS,,lcao16ufq_x1d.fits,3.39,ok
NGC 5548,COS,,lcao16uhq_x1d.fits,3.39,ok
NGC 5548,COS,,lcao16ujq_x1d.fits,3.39,ok
NGC 5548,COS,,lcao16ulq_x1d.fits,3.39,ok
NGC 5548,COS,,lcao17010_x1dsum.fits,1.944,ok
NGC 5548,COS,,lcao17020_x1dsum.fits,1.944,ok
NGC 5548,COS,,lcao17030_x1dsum.fits,1.944,ok
NGC 5548,COS,,lcao17040_x1dsum.fits,1.944,ok
NGC 5548,COS,,lcao17iaq_x1d.fits,3.39,ok
NGC 5548,COS,,lcao17icq_x1d.fits,3.39,ok
NGC 5548,COS,,lcao17ieq_x1d.fits,3.39,ok
NGC 5548,COS,,lcao17igq_x1d.fits,3.39,ok
NGC 5548,COS,,lcao18010_x1dsum.fits,1.944,ok
NGC 5548,COS,,lcao18020_x1dsum.fits,1.944,ok
NGC 5548,COS,,lcao18030_x1dsum.fits,1.944,ok
NGC 5548,COS,,lcao18040_x1dsum.fits,1.944,ok
NGC 5548,COS,,lcao18n6q_x1d.fits,3.39,ok
NGC 5548,COS,,lcao18n8q_x1d.fits,3.39,ok
NGC 5548,COS,,lcao18naq_x1d.fits,3.39,ok
NGC 5548,COS,,lcao18ncq_x1d.fits,3.39,ok
NGC 5548,COS,,lcao19010_x1dsum.fits,1.944,ok
NGC 5548,COS,,lcao19020_x1dsum.fits,1.944,ok
NGC 5548,COS,,lcao19030_x1dsum.fits,1.944,ok
NGC 5548,COS,,lcao19040_x1dsum.fits,1.944,ok
NGC 5548,COS,,lcao19taq_x1d.fits,3.39,ok
NGC 5548,COS,,lcao19tcq_x1d.fits,3.39,ok
NGC 5548,COS,,lcao19teq_x1d.fits,3.39,ok
NGC 5548,COS,,lcao19thq_x1d.fits,3.39,ok
NGC 5548,COS,,lcao1a010_x1dsum.fits,1.944,ok
NGC 5548,COS,,lcao1a020_x1dsum.fits,1.944,ok
NGC 5548,COS,,lcao1a030_x1dsum.fits,1.944,ok
NGC 5548,COS,,lcao1a040_x1dsum.fits,1.944,ok
NGC 5548,COS,,lcao1arqq_x1d.fits,3.39,ok
NGC 5548,COS,,lcao1arsq_x1d.fits,3.39,ok
NGC 5548,COS,,lcao1aruq_x1d.fits,3.39,ok
NGC 5548,COS,,lcao1arxq_x1d.fits,3.39,ok
NGC 5548,COS,,lcao1b010_x1dsum.fits,1.944,ok
NGC 5548,COS,,lcao1b020_x1dsum.fits,1.944,ok
NGC 5548,COS,,lcao1b030_x1dsum.fits,1.944,ok
NGC 5548,COS,,lcao1b040_x1dsum.fits,1.944,ok
NGC 5548,COS,,lcao1bz6q_x1d.fits,3.39,ok
NGC 5548,COS,,lcao1bz8q_x1d.fits,3.39,ok
NGC 5548,COS,,lcao1bzaq_x1d.fits,3.39,ok
NGC 5548,COS,,lcao1bzdq_x1d.fits,3.39,ok
NGC 5548,COS,,lcao1c010_x1dsum.fits,1.944,ok
NGC 5548,COS,,lcao1c020_x1dsum.fits,1.944,ok
NGC 5548,COS,,lcao1c030_x1dsum.fits,1.944,ok
NGC 5548,COS,,lcao1c040_x1dsum.fits,1.944,ok
NGC 5548,COS,,lcao1cfyq_x1d.fits,3.39,ok
NGC 5548,COS,,lcao1cg0q_x1d.fits,3.39,ok
NGC 5548,COS,,lcao1cg2q_x1d.fits,3.39,ok
NGC 5548,COS,,lcao1cg4q_x1d.fits,3.39,ok
NGC 5548,COS,,lcao1d010_x1dsum.fits,1.944,ok
NGC 5548,COS,,lcao1d020_x1dsum.fits,1.944,ok
NGC 5548,COS,,lcao1d030_x1dsum.fits,1.944,ok
NGC 5548,COS,,lcao1d040_x1dsum.fits,1.944,ok
NGC 5548,COS,,lcao1dmrq_x1d.fits,3.39,ok
NGC 5548,COS,,lcao1dmtq_x1d.fits,3.39,ok
NGC 5548,COS,,lcao1dmvq_x1d.fits,3.39,ok
NGC 5548,COS,,lcao1dmxq_x1d.fits,3.39,ok
NGC 5548,COS,,lcao1e010_x1dsum.fits,1.944,ok
NGC 5548,COS,,lcao1e020_x1dsum.fits,1.944,ok
NGC 5548,COS,,lcao1e030_x1dsum.fits,1.944,ok
NGC 5548,COS,,lcao1e040_x1dsum.fits,1.944,ok
NGC 5548,COS,,lcao1esjq_x1d.fits,3.39,ok
NGC 5548,COS,,lcao1eslq_x1d.fits,3.39,ok
NGC 5548,COS,,lcao1esnq_x1d.fits,3.39,ok
NGC 5548,COS,,lcao1espq_x1d.fits,3.39,ok
NGC 5548,COS,,lcao1f010_x1dsum.fits,1.944,ok
NGC 5548,COS,,lcao1f020_x1dsum.fits,1.944,ok
NGC 5548,COS,,lcao1f030_x1dsum.fits,1.944,ok
NGC 5548,COS,,lcao1f040_x1dsum.fits,1.944,ok
NGC 5548,COS,,lcao1fjqq_x1d.fits,3.39,ok
NGC 5548,COS,,lcao1fjtq_x1d.fits,3.39,ok
NGC 5548,COS,,lcao1fjvq_x1d.fits,3.39,ok
NGC 5548,COS,,lcao1fkkq_x1d.fits,3.39,ok
NGC 5548,COS,,lcao1g010_x1dsum.fits,1.944,ok
NGC 5548,COS,,lcao1g020_x1dsum.fits,1.944,ok
NGC 5548,COS,,lcao1g030_x1dsum.fits,1.944,ok
NGC 5548,COS,,lcao1g040_x1dsum.fits,1.944,ok
NGC 5548,COS,,lcao1gq4q_x1d.fits,3.39,ok
NGC 5548,COS,,lcao1gq6q_x1d.fits,3.39,ok
NGC 5548,COS,,lcao1gq8q_x1d.fits,3.39,ok
NGC 5548,COS,,lcao1gqaq_x1d.fits,3.39,ok
NGC 5548,COS,,lcao1h010_x1dsum.fits,1.944,ok
NGC 5548,COS,,lcao1h020_x1dsum.fits,1.944,ok
NGC 5548,COS,,lcao1h030_x1dsum.fits,1.944,ok
NGC 5548,COS,,lcao1h040_x1dsum.fits,1.944,ok
NGC 5548,COS,,lcao1hwhq_x1d.fits,3.39,ok
NGC 5548,COS,,lcao1hwjq_x1d.fits,3.39,ok
NGC 5548,COS,,lcao1hwlq_x1d.fits,3.39,ok
NGC 5548,COS,,lcao1hwqq_x1d.fits,3.39,ok
NGC 5548,COS,,lcao1i010_x1dsum.fits,1.944,ok
NGC 5548,COS,,lcao1i020_x1dsum.fits,1.944,ok
NGC 5548,COS,,lcao1i030_x1dsum.fits,1.944,ok
NGC 5548,COS,,lcao1i040_x1dsum.fits,1.944,ok
NGC 5548,COS,,lcao1igwq_x1d.fits,3.39,ok
NGC 5548,COS,,lcao1igyq_x1d.fits,3.39,ok
NGC 5548,COS,,lcao1ih0q_x1d.fits,3.39,ok
NGC 5548,COS,,lcao1ih2q_x1d.fits,3.39,ok
NGC 5548,COS,,lcao1j010_x1dsum.fits,1.944,ok
NGC 5548,COS,,lcao1j020_x1dsum.fits,1.944,ok
NGC 5548,COS,,lcao1j030_x1dsum.fits,1.944,ok
NGC 5548,COS,,lcao1j040_x1dsum.fits,1.944,ok
NGC 5548,COS,,lcao1jmoq_x1d.fits,3.39,ok
NGC 5548,COS,,lcao1jmqq_x1d.fits,3.39,ok
NGC 5548,COS,,lcao1jmsq_x1d.fits,3.39,ok
NGC 5548,COS,,lcao1jmuq_x1d.fits,3.39,ok
NGC 5548,COS,,lcao1k010_x1dsum.fits,1.944,ok
NGC 5548,COS,,lcao1k020_x1dsum.fits,1.944,ok
NGC 5548,COS,,lcao1k030_x1dsum.fits,1.944,ok
NGC 5548,COS,,lcao1k040_x1dsum.fits,1.944,ok
NGC 5548,COS,,lcao1ku6q_x1d.fits,3.39,ok
NGC 5548,COS,,lcao1ku8q_x1d.fits,3.39,ok
NGC 5548,COS,,lcao1kuaq_x1d.fits,3.39,ok
NGC 5548,COS,,lcao1kuiq_x1d.fits,3.39,ok
NGC 5548,COS,,lcao1l010_x1dsum.fits,1.944,ok
NGC 5548,COS,,lcao1l020_x1dsum.fits,1.944,ok
NGC 5548,COS,,lcao1l030_x1dsum.fits,1.944,ok
NGC 5548,COS,,lcao1l040_x1dsum.fits,1.944,ok
NGC 5548,COS,,lcao1lz3q_x1d.fits,3.39,ok
NGC 5548,COS,,lcao1lz5q_x1d.fits,3.39,ok
NGC 5548,COS,,lcao1lz7q_x1d.fits,3.39,ok
NGC 5548,COS,,lcao1lz9q_x1d.fits,3.39,ok
NGC 5548,COS,,lcao1m010_x1dsum.fits,1.944,ok
NGC 5548,COS,,lcao1m020_x1dsum.fits,1.944,ok
NGC 5548,COS,,lcao1m030_x1dsum.fits,1.944,ok
NGC 5548,COS,,lcao1m040_x1dsum.fits,1.944,ok
NGC 5548,COS,,lcao1mb3q_x1d.fits,3.39,ok
NGC 5548,COS,,lcao1mb5q_x1d.fits,3.39,ok
NGC 5548,COS,,lcao1mb7q_x1d.fits,3.39,ok
NGC 5548,COS,,lcao1mbgq_x1d.fits,3.39,ok
NGC 5548,COS,,lcao1n010_x1dsum.fits,1.944,ok
NGC 5548,COS,,lcao1n020_x1dsum.fits,1.944,ok
NGC 5548,COS,,lcao1n030_x1dsum.fits,1.944,ok
NGC 5548,COS,,lcao1n040_x1dsum.fits,1.944,ok
NGC 5548,COS,,lcao1nfdq_x1d.fits,3.39,ok
NGC 5548,COS,,lcao1nffq_x1d.fits,3.39,ok
NGC 5548,COS,,lcao1nfjq_x1d.fits,3.39,ok
NGC 5548,COS,,lcao1nflq_x1d.fits,3.39,ok
NGC 5548,COS,,lcao1o010_x1dsum.fits,1.944,ok
NGC 5548,COS,,lcao1o020_x1dsum.fits,1.944,ok
NGC 5548,COS,,lcao1o030_x1dsum.fits,1.944,ok
NGC 5548,COS,,lcao1o040_x1dsum.fits,1.944,ok
NGC 5548,COS,,lcao1on1q_x1d.fits,3.39,ok
NGC 5548,COS,,lcao1on3q_x1d.fits,3.39,ok
NGC 5548,COS,,lcao1on5q_x1d.fits,3.39,ok
NGC 5548,COS,,lcao1on7q_x1d.fits,3.39,ok
NGC 5548,COS,,lcao1p010_x1dsum.fits,1.944,ok
NGC 5548,COS,,lcao1p020_x1dsum.fits,1.944,ok
NGC 5548,COS,,lcao1p030_x1dsum.fits,1.944,ok
NGC 5548,COS,,lcao1p040_x1dsum.fits,1.944,ok
NGC 5548,COS,,lcao1pqgq_x1d.fits,3.39,ok
NGC 5548,COS,,lcao1pqiq_x1d.fits,3.39,ok
NGC 5548,COS,,lcao1pqkq_x1d.fits,3.39,ok
NGC 5548,COS,,lcao1pqmq_x1d.fits,3.39,ok
NGC 5548,COS,,lcao1q010_x1dsum.fits,1.944,ok
NGC 5548,COS,,lcao1q020_x1dsum.fits,1.944,ok
NGC 5548,COS,,lcao1q030_x1dsum.fits,1.944,ok
NGC 5548,COS,,lcao1q040_x1dsum.fits,1.944,ok
NGC 5548,COS,,lcao1qt1q_x1d.fits,3.39,ok
NGC 5548,COS,,lcao1qt3q_x1d.fits,3.39,ok
NGC 5548,COS,,lcao1qtqq_x1d.fits,3.39,ok
NGC 5548,COS,,lcao1qttq_x1d.fits,3.39,ok
NGC 5548,COS,,lcao1r010_x1dsum.fits,1.944,ok
NGC 5548,COS,,lcao1r020_x1dsum.fits,1.944,ok
NGC 5548,COS,,lcao1r030_x1dsum.fits,1.944,ok
NGC 5548,COS,,lcao1r040_x1dsum.fits,1.944,ok
NGC 5548,COS,,lcao1rzgq_x1d.fits,3.39,ok
NGC 5548,COS,,lcao1rziq_x1d.fits,3.39,ok
NGC 5548,COS,,lcao1rzlq_x1d.fits,3.39,ok
NGC 5548,COS,,lcao1rznq_x1d.fits,3.39,ok
NGC 5548,COS,,lcao1s010_x1dsum.fits,1.944,ok
NGC 5548,COS,,lcao1s020_x1dsum.fits,1.944,ok
NGC 5548,COS,,lcao1s030_x1dsum.fits,1.944,ok
NGC 5548,COS,,lcao1s040_x1dsum.fits,1.944,ok
NGC 5548,COS,,lcao1sboq_x1d.fits,3.39,ok
NGC 5548,COS,,lcao1sbqq_x1d.fits,3.39,ok
NGC 5548,COS,,lcao1sc5q_x1d.fits,3.39,ok
NGC 5548,COS,,lcao1sc9q_x1d.fits,3.39,ok
NGC 5548,COS,,lcao1t010_x1dsum.fits,1.944,ok
NGC 5548,COS,,lcao1t020_x1dsum.fits,1.944,ok
NGC 5548,COS,,lcao1t030_x1dsum.fits,1.944,ok
NGC 5548,COS,,lcao1t040_x1dsum.fits,1.944,ok
NGC 5548,COS,,lcao1td5q_x1d.fits,3.39,ok
NGC 5548,COS,,lcao1td7q_x1d.fits,3.39,ok
NGC 5548,COS,,lcao1td9q_x1d.fits,3.39,ok
NGC 5548,COS,,lcao1tdtq_x1d.fits,3.39,ok
NGC 5548,COS,,lcao1u010_x1dsum.fits,1.944,ok
NGC 5548,COS,,lcao1u020_x1dsum.fits,1.944,ok
NGC 5548,COS,,lcao1u030_x1dsum.fits,1.944,ok
NGC 5548,COS,,lcao1u040_x1dsum.fits,1.944,ok
NGC 5548,COS,,lcao1uf5q_x1d.fits,3.39,ok
NGC 5548,COS,,lcao1uf7q_x1d.fits,3.39,ok
NGC 5548,COS,,lcao1uf9q_x1d.fits,3.39,ok
NGC 5548,COS,,lcao1ufbq_x1d.fits,3.39,ok
NGC 5548,COS,,lcao1v010_x1dsum.fits,1.944,ok
NGC 5548,COS,,lcao1v020_x1dsum.fits,1.944,ok
NGC 5548,COS,,lcao1v030_x1dsum.fits,1.944,ok
NGC 5548,COS,,lcao1v040_x1dsum.fits,1.944,ok
NGC 5548,COS,,lcao1vmlq_x1d.fits,3.39,ok
NGC 5548,COS,,lcao1vmnq_x1d.fits,3.39,ok
NGC 5548,COS,,lcao1vmpq_x1d.fits,3.39,ok
NGC 5548,COS,,lcao1vmrq_x1d.fits,3.39,ok
NGC 5548,COS,,lcao1w010_x1dsum.fits,1.944,ok
NGC 5548,COS,,lcao1w020_x1dsum.fits,1.944,ok
NGC 5548,COS,,lcao1w030_x1dsum.fits,1.944,ok
NGC 5548,COS,,lcao1w040_x1dsum.fits,1.944,ok
NGC 5548,COS,,lcao1wqzq_x1d.fits,3.39,ok
NGC 5548,COS,,lcao1wr1q_x1d.fits,3.39,ok
NGC 5548,COS,,lcao1wr3q_x1d.fits,3.39,ok
NGC 5548,COS,,lcao1wr5q_x1d.fits,3.39,ok
NGC 5548,COS,,lcao1x010_x1dsum.fits,1.944,ok
NGC 5548,COS,,lcao1x020_x1dsum.fits,1.944,ok
NGC 5548,COS,,lcao1x030_x1dsum.fits,1.944,ok
NGC 5548,COS,,lcao1x040_x1dsum.fits,1.944,ok
NGC 5548,COS,,lcao1xwaq_x1d.fits,3.39,ok
NGC 5548,COS,,lcao1xwcq_x1d.fits,3.39,ok
NGC 5548,COS,,lcao1xweq_x1d.fits,3.39,ok
NGC 5548,COS,,lcao1xwgq_x1d.fits,3.39,ok
NGC 5548,COS,,lcao1y010_x1dsum.fits,1.944,ok
NGC 5548,COS,,lcao1y020_x1dsum.fits,1.944,ok
NGC 5548,COS,,lcao1y030_x1dsum.fits,1.944,ok
NGC 5548,COS,,lcao1y040_x1dsum.fits,1.944,ok
NGC 5548,COS,,lcao1yxwq_x1d.fits,3.39,ok
NGC 5548,COS,,lcao1yxyq_x1d.fits,3.39,ok
NGC 5548,COS,,lcao1yy2q_x1d.fits,3.39,ok
NGC 5548,COS,,lcao1yy5q_x1d.fits,3.39,ok
NGC 5548,COS,,lcao1z010_x1dsum.fits,1.944,ok
NGC 5548,COS,,lcao1z020_x1dsum.fits,1.944,ok
NGC 5548,COS,,lcao1z030_x1dsum.fits,1.944,ok
NGC 5548,COS,,lcao1z040_x1dsum.fits,1.944,ok
NGC 5548,COS,,lcao1zifq_x1d.fits,3.39,ok
NGC 5548,COS,,lcao1zihq_x1d.fits,3.39,ok
NGC 5548,COS,,lcao1zijq_x1d.fits,3.39,ok
NGC 5548,COS,,lcao1zj2q_x1d.fits,3.39,ok
NGC 5548,COS,,lcao20010_x1dsum.fits,1.944,ok
NGC 5548,COS,,lcao20020_x1dsum.fits,1.944,ok
NGC 5548,COS,,lcao20030_x1dsum.fits,1.944,ok
NGC 5548,COS,,lcao20040_x1dsum.fits,1.944,ok
NGC 5548,COS,,lcao20xqq_x1d.fits,3.39,ok
NGC 5548,COS,,lcao20xsq_x1d.fits,3.39,ok
NGC 5548,COS,,lcao20xuq_x1d.fits,3.39,ok
NGC 5548,COS,,lcao20xwq_x1d.fits,3.39,ok
NGC 5548,COS,,lcao21010_x1dsum.fits,1.944,ok
NGC 5548,COS,,lcao21020_x1dsum.fits,1.944,ok
NGC 5548,COS,,lcao21030_x1dsum.fits,1.944,ok
NGC 5548,COS,,lcao21040_x1dsum.fits,1.944,ok
NGC 5548,COS,,lcao21diq_x1d.fits,3.39,ok
NGC 5548,COS,,lcao21dkq_x1d.fits,3.39,ok
NGC 5548,COS,,lcao21dmq_x1d.fits,3.39,ok
NGC 5548,COS,,lcao21doq_x1d.fits,3.39,ok
NGC 5548,COS,,lcao22010_x1dsum.fits,1.944,ok
NGC 5548,COS,,lcao22020_x1dsum.fits,1.944,ok
NGC 5548,COS,,lcao22030_x1dsum.fits,1.944,ok
NGC 5548,COS,,lcao22040_x1dsum.fits,1.944,ok
NGC 5548,COS,,lcao22iqq_x1d.fits,3.39,ok
NGC 5548,COS,,lcao22isq_x1d.fits,3.39,ok
NGC 5548,COS,,lcao22iuq_x1d.fits,3.39,ok
NGC 5548,COS,,lcao22iwq_x1d.fits,3.39,ok
NGC 5548,COS,,lcao23010_x1dsum.fits,1.944,ok
NGC 5548,COS,,lcao23020_x1dsum.fits,1.944,ok
NGC 5548,COS,,lcao23030_x1dsum.fits,1.944,ok
NGC 5548,COS,,lcao23040_x1dsum.fits,1.944,ok
NGC 5548,COS,,lcao23n2q_x1d.fits,3.39,ok
NGC 5548,COS,,lcao23n4q_x1d.fits,3.39,ok
NGC 5548,COS,,lcao23n6q_x1d.fits,3.39,ok
NGC 5548,COS,,lcao23n8q_x1d.fits,3.39,ok
NGC 5548,COS,,lcao24010_x1dsum.fits,1.944,ok
NGC 5548,COS,,lcao24020_x1dsum.fits,1.944,ok
NGC 5548,COS,,lcao24030_x1dsum.fits,1.944,ok
NGC 5548,COS,,lcao24040_x1dsum.fits,1.944,ok
NGC 5548,COS,,lcao24cwq_x1d.fits,3.39,ok
NGC 5548,COS,,lcao24cyq_x1d.fits,3.39,ok
NGC 5548,COS,,lcao24d3q_x1d.fits,3.39,ok
NGC 5548,COS,,lcao24d5q_x1d.fits,3.39,ok
NGC 5548,COS,,lcao25010_x1dsum.fits,1.944,ok
NGC 5548,COS,,lcao25020_x1dsum.fits,1.944,ok
NGC 5548,COS,,lcao25030_x1dsum.fits,1.944,ok
NGC 5548,COS,,lcao25040_x1dsum.fits,1.944,ok
NGC 5548,COS,,lcao25hoq_x1d.fits,3.39,ok
NGC 5548,COS,,lcao25hqq_x1d.fits,3.39,ok
NGC 5548,COS,,lcao25hsq_x1d.fits,3.39,ok
NGC 5548,COS,,lcao25huq_x1d.fits,3.39,ok
NGC 5548,COS,,lcao26010_x1dsum.fits,1.944,ok
NGC 5548,COS,,lcao26020_x1dsum.fits,1.944,ok
NGC 5548,COS,,lcao26030_x1dsum.fits,1.944,ok
NGC 5548,COS,,lcao26040_x1dsum.fits,1.944,ok
NGC 5548,COS,,lcao26meq_x1d.fits,3.39,ok
NGC 5548,COS,,lcao26mgq_x1d.fits,3.39,ok
NGC 5548,COS,,lcao26miq_x1d.fits,3.39,ok
NGC 5548,COS,,lcao26mpq_x1d.fits,3.39,ok
NGC 5548,COS,,lcao27010_x1dsum.fits,1.944,ok
NGC 5548,COS,,lcao27020_x1dsum.fits,1.944,ok
NGC 5548,COS,,lcao27030_x1dsum.fits,1.944,ok
NGC 5548,COS,,lcao27040_x1dsum.fits,1.944,ok
NGC 5548,COS,,lcao27phq_x1d.fits,3.39,ok
NGC 5548,COS,,lcao27pjq_x1d.fits,3.39,ok
NGC 5548,COS,,lcao27plq_x1d.fits,3.39,ok
NGC 5548,COS,,lcao27pxq_x1d.fits,3.39,ok
NGC 5548,COS,,lcao28010_x1dsum.fits,1.944,ok
NGC 5548,COS,,lcao28020_x1dsum.fits,1.944,ok
NGC 5548,COS,,lcao28030_x1dsum.fits,1.944,ok
NGC 5548,COS,,lcao28040_x1dsum.fits,1.944,ok
NGC 5548,COS,,lcao28v8q_x1d.fits,3.39,ok
NGC 5548,COS,,lcao28vaq_x1d.fits,3.39,ok
NGC 5548,COS,,lcao28vcq_x1d.fits,3.39,ok
NGC 5548,COS,,lcao28veq_x1d.fits,3.39,ok
NGC 5548,COS,,lcao2a010_x1dsum.fits,1.944,ok
NGC 5548,COS,,lcao2a020_x1dsum.fits,1.944,ok
NGC 5548,COS,,lcao2a030_x1dsum.fits,1.944,ok
NGC 5548,COS,,lcao2a040_x1dsum.fits,1.944,ok
NGC 5548,COS,,lcao2akxq_x1d.fits,3.39,ok
NGC 5548,COS,,lcao2akzq_x1d.fits,3.39,ok
NGC 5548,COS,,lcao2al1q_x1d.fits,3.39,ok
NGC 5548,COS,,lcao2al3q_x1d.fits,3.39,ok
NGC 5548,COS,,lcao2b010_x1dsum.fits,1.944,ok
NGC 5548,COS,,lcao2b020_x1dsum.fits,1.944,ok
NGC 5548,COS,,lcao2b030_x1dsum.fits,1.944,ok
NGC 5548,COS,,lcao2b040_x1dsum.fits,1.944,ok
NGC 5548,COS,,lcao2bfiq_x1d.fits,3.39,ok
NGC 5548,COS,,lcao2bfnq_x1d.fits,3.39,ok
NGC 5548,COS,,lcao2bg0q_x1d.fits,3.39,ok
NGC 5548,COS,,lcao2bg4q_x1d.fits,3.39,ok
NGC 5548,COS,,lcao2c010_x1dsum.fits,1.944,ok
NGC 5548,COS,,lcao2c020_x1dsum.fits,1.944,ok
NGC 5548,COS,,lcao2c030_x1dsum.fits,1.944,ok
NGC 5548,COS,,lcao2c040_x1dsum.fits,1.944,ok
NGC 5548,COS,,lcao2ck4q_x1d.fits,3.39,ok
NGC 5548,COS,,lcao2ck6q_x1d.fits,3.39,ok
NGC 5548,COS,,lcao2ckgq_x1d.fits,3.39,ok
NGC 5548,COS,,lcao2ckiq_x1d.fits,3.39,ok
NGC 5548,COS,,lcao2d010_x1dsum.fits,1.944,ok
NGC 5548,COS,,lcao2d020_x1dsum.fits,1.944,ok
NGC 5548,COS,,lcao2d030_x1dsum.fits,1.944,ok
NGC 5548,COS,,lcao2d040_x1dsum.fits,1.944,ok
NGC 5548,COS,,lcao2dodq_x1d.fits,3.39,ok
NGC 5548,COS,,lcao2dofq_x1d.fits,3.39,ok
NGC 5548,COS,,lcao2dohq_x1d.fits,3.39,ok
NGC 5548,COS,,lcao2dojq_x1d.fits,3.39,ok
NGC 5548,COS,,lcao2e010_x1dsum.fits,1.944,ok
NGC 5548,COS,,lcao2e020_x1dsum.fits,1.944,ok
NGC 5548,COS,,lcao2e030_x1dsum.fits,1.944,ok
NGC 5548,COS,,lcao2e040_x1dsum.fits,1.944,ok
NGC 5548,COS,,lcao2etgq_x1d.fits,3.39,ok
NGC 5548,COS,,lcao2etiq_x1d.fits,3.39,ok
NGC 5548,COS,,lcao2etkq_x1d.fits,3.39,ok
NGC 5548,COS,,lcao2etmq_x1d.fits,3.39,ok
NGC 5548,COS,,lcao2f010_x1dsum.fits,1.944,ok
NGC 5548,COS,,lcao2f020_x1dsum.fits,1.944,ok
NGC 5548,COS,,lcao2f030_x1dsum.fits,1.944,ok
NGC 5548,COS,,lcao2f040_x1dsum.fits,1.944,ok
NGC 5548,COS,,lcao2fy7q_x1d.fits,3.39,ok
NGC 5548,COS,,lcao2fy9q_x1d.fits,3.39,ok
NGC 5548,COS,,lcao2fybq_x1d.fits,3.39,ok
NGC 5548,COS,,lcao2fydq_x1d.fits,3.39,ok
NGC 5548,COS,,lcao2g010_x1dsum.fits,1.944,ok
NGC 5548,COS,,lcao2g020_x1dsum.fits,1.944,ok
NGC 5548,COS,,lcao2g030_x1dsum.fits,1.944,ok
NGC 5548,COS,,lcao2g040_x1dsum.fits,1.944,ok
NGC 5548,COS,,lcao2gd8q_x1d.fits,3.39,ok
NGC 5548,COS,,lcao2gdaq_x1d.fits,3.39,ok
NGC 5548,COS,,lcao2gddq_x1d.fits,3.39,ok
NGC 5548,COS,,lcao2gdfq_x1d.fits,3.39,ok
NGC 5548,COS,,lcao2h010_x1dsum.fits,1.944,ok
NGC 5548,COS,,lcao2h020_x1dsum.fits,1.944,ok
NGC 5548,COS,,lcao2h030_x1dsum.fits,1.944,ok
NGC 5548,COS,,lcao2h040_x1dsum.fits,1.944,ok
NGC 5548,COS,,lcao2hgyq_x1d.fits,3.39,ok
NGC 5548,COS,,lcao2hh0q_x1d.fits,3.39,ok
NGC 5548,COS,,lcao2hh2q_x1d.fits,3.39,ok
NGC 5548,COS,,lcao2hh4q_x1d.fits,3.39,ok
NGC 5548,COS,,lcao2i010_x1dsum.fits,1.944,ok
NGC 5548,COS,,lcao2i020_x1dsum.fits,1.944,ok
NGC 5548,COS,,lcao2i030_x1dsum.fits,1.944,ok
NGC 5548,COS,,lcao2i040_x1dsum.fits,1.944,ok
NGC 5548,COS,,lcao2if6q_x1d.fits,3.39,ok
NGC 5548,COS,,lcao2if8q_x1d.fits,3.39,ok
NGC 5548,COS,,lcao2ifaq_x1d.fits,3.39,ok
NGC 5548,COS,,lcao2ifcq_x1d.fits,3.39,ok
NGC 5548,COS,,lcao2j010_x1dsum.fits,1.944,ok
NGC 5548,COS,,lcao2j020_x1dsum.fits,1.944,ok
NGC 5548,COS,,lcao2j030_x1dsum.fits,1.944,ok
NGC 5548,COS,,lcao2j040_x1dsum.fits,1.944,ok
NGC 5548,COS,,lcao2jjtq_x1d.fits,3.39,ok
NGC 5548,COS,,lcao2jjvq_x1d.fits,3.39,ok
NGC 5548,COS,,lcao2jk2q_x1d.fits,3.39,ok
NGC 5548,COS,,lcao2jk4q_x1d.fits,3.39,ok
NGC 5548,COS,,lcao2k010_x1dsum.fits,1.944,ok
NGC 5548,COS,,lcao2k020_x1dsum.fits,1.944,ok
NGC 5548,COS,,lcao2k030_x1dsum.fits,1.944,ok
NGC 5548,COS,,lcao2k040_x1dsum.fits,1.944,ok
NGC 5548,COS,,lcao2kprq_x1d.fits,3.39,ok
NGC 5548,COS,,lcao2kptq_x1d.fits,3.39,ok
NGC 5548,COS,,lcao2kpvq_x1d.fits,3.39,ok
NGC 5548,COS,,lcao2kpxq_x1d.fits,3.39,ok
NGC 5548,COS,,lcao2l010_x1dsum.fits,1.944,ok
NGC 5548,COS,,lcao2l020_x1dsum.fits,1.944,ok
NGC 5548,COS,,lcao2l030_x1dsum.fits,1.944,ok
NGC 5548,COS,,lcao2l040_x1dsum.fits,1.944,ok
NGC 5548,COS,,lcao2lsqq_x1d.fits,3.39,ok
NGC 5548,COS,,lcao2lssq_x1d.fits,3.39,ok
NGC 5548,COS,,lcao2lsuq_x1d.fits,3.39,ok
NGC 5548,COS,,lcao2lswq_x1d.fits,3.39,ok
NGC 5548,COS,,lcao2m010_x1dsum.fits,1.944,ok
NGC 5548,COS,,lcao2m020_x1dsum.fits,1.944,ok
NGC 5548,COS,,lcao2m030_x1dsum.fits,1.944,ok
NGC 5548,COS,,lcao2m040_x1dsum.fits,1.944,ok
NGC 5548,COS,,lcao2myoq_x1d.fits,3.39,ok
NGC 5548,COS,,lcao2myqq_x1d.fits,3.39,ok
NGC 5548,COS,,lcao2mysq_x1d.fits,3.39,ok
NGC 5548,COS,,lcao2myuq_x1d.fits,3.39,ok
NGC 5548,COS,,lcao2n010_x1dsum.fits,1.944,ok
NGC 5548,COS,,lcao2n020_x1dsum.fits,1.944,ok
NGC 5548,COS,,lcao2n030_x1dsum.fits,1.944,ok
NGC 5548,COS,,lcao2n040_x1dsum.fits,1.944,ok
NGC 5548,COS,,lcao2necq_x1d.fits,3.39,ok
NGC 5548,COS,,lcao2neeq_x1d.fits,3.39,ok
NGC 5548,COS,,lcao2negq_x1d.fits,3.39,ok
NGC 5548,COS,,lcao2neiq_x1d.fits,3.39,ok
NGC 5548,COS,,lcao2o010_x1dsum.fits,1.944,ok
NGC 5548,COS,,lcao2o020_x1dsum.fits,1.944,ok
NGC 5548,COS,,lcao2o030_x1dsum.fits,1.944,ok
NGC 5548,COS,,lcao2o040_x1dsum.fits,1.944,ok
NGC 5548,COS,,lcao2ojvq_x1d.fits,3.39,ok
NGC 5548,COS,,lcao2ojxq_x1d.fits,3.39,ok
NGC 5548,COS,,lcao2ojzq_x1d.fits,3.39,ok
NGC 5548,COS,,lcao2ok1q_x1d.fits,3.39,ok
NGC 5548,COS,,lcao2p010_x1dsum.fits,1.944,ok
NGC 5548,COS,,lcao2p020_x1dsum.fits,1.944,ok
NGC 5548,COS,,lcao2p030_x1dsum.fits,1.944,ok
NGC 5548,COS,,lcao2p040_x1dsum.fits,1.944,ok
NGC 5548,COS,,lcao2pd2q_x1d.fits,3.39,ok
NGC 5548,COS,,lcao2pd4q_x1d.fits,3.39,ok
NGC 5548,COS,,lcao2pd6q_x1d.fits,3.39,ok
NGC 5548,COS,,lcao2pd8q_x1d.fits,3.39,ok
NGC 5548,COS,,lcao2q010_x1dsum.fits,1.944,ok
NGC 5548,COS,,lcao2q020_x1dsum.fits,1.944,ok
NGC 5548,COS,,lcao2q030_x1dsum.fits,1.944,ok
NGC 5548,COS,,lcao2q040_x1dsum.fits,1.944,ok
NGC 5548,COS,,lcao2qihq_x1d.fits,3.39,ok
NGC 5548,COS,,lcao2qijq_x1d.fits,3.39,ok
NGC 5548,COS,,lcao2qinq_x1d.fits,3.39,ok
NGC 5548,COS,,lcao2qipq_x1d.fits,3.39,ok
NGC 5548,COS,,lcao2r010_x1dsum.fits,1.944,ok
NGC 5548,COS,,lcao2r020_x1dsum.fits,1.944,ok
NGC 5548,COS,,lcao2r030_x1dsum.fits,1.944,ok
NGC 5548,COS,,lcao2r040_x1dsum.fits,1.944,ok
NGC 5548,COS,,lcao2rpoq_x1d.fits,3.39,ok
NGC 5548,COS,,lcao2rpqq_x1d.fits,3.39,ok
NGC 5548,COS,,lcao2rpsq_x1d.fits,3.39,ok
NGC 5548,COS,,lcao2rpuq_x1d.fits,3.39,ok
NGC 5548,COS,,lcao2s010_x1dsum.fits,1.944,ok
NGC 5548,COS,,lcao2s020_x1dsum.fits,1.944,ok
NGC 5548,COS,,lcao2s030_x1dsum.fits,1.944,ok
NGC 5548,COS,,lcao2s040_x1dsum.fits,1.944,ok
NGC 5548,COS,,lcao2sudq_x1d.fits,3.39,ok
NGC 5548,COS,,lcao2sufq_x1d.fits,3.39,ok
NGC 5548,COS,,lcao2suhq_x1d.fits,3.39,ok
NGC 5548,COS,,lcao2sujq_x1d.fits,3.39,ok
NGC 5548,COS,,lcao2t010_x1dsum.fits,1.944,ok
NGC 5548,COS,,lcao2t020_x1dsum.fits,1.944,ok
NGC 5548,COS,,lcao2t030_x1dsum.fits,1.944,ok
NGC 5548,COS,,lcao2t040_x1dsum.fits,1.944,ok
NGC 5548,COS,,lcao2tymq_x1d.fits,3.39,ok
NGC 5548,COS,,lcao2tyoq_x1d.fits,3.39,ok
NGC 5548,COS,,lcao2tyqq_x1d.fits,3.39,ok
NGC 5548,COS,,lcao2tysq_x1d.fits,3.39,ok
NGC 5548,COS,,lcao2u010_x1dsum.fits,1.944,ok
NGC 5548,COS,,lcao2u020_x1dsum.fits,1.944,ok
NGC 5548,COS,,lcao2u030_x1dsum.fits,1.944,ok
NGC 5548,COS,,lcao2u040_x1dsum.fits,1.944,ok
NGC 5548,COS,,lcao2uddq_x1d.fits,3.39,ok
NGC 5548,COS,,lcao2udfq_x1d.fits,3.39,ok
NGC 5548,COS,,lcao2udhq_x1d.fits,3.39,ok
NGC 5548,COS,,lcao2udjq_x1d.fits,3.39,ok
NGC 5548,COS,,lcao2v010_x1dsum.fits,1.944,ok
NGC 5548,COS,,lcao2v020_x1dsum.fits,1.944,ok
NGC 5548,COS,,lcao2v030_x1dsum.fits,1.944,ok
NGC 5548,COS,,lcao2v040_x1dsum.fits,1.944,ok
NGC 5548,COS,,lcao2vhtq_x1d.fits,3.39,ok
NGC 5548,COS,,lcao2vhvq_x1d.fits,3.39,ok
NGC 5548,COS,,lcao2vhxq_x1d.fits,3.39,ok
NGC 5548,COS,,lcao2vhzq_x1d.fits,3.39,ok
NGC 5548,COS,,lcao2w010_x1dsum.fits,1.944,ok
NGC 5548,COS,,lcao2w020_x1dsum.fits,1.944,ok
NGC 5548,COS,,lcao2w030_x1dsum.fits,1.944,ok
NGC 5548,COS,,lcao2w040_x1dsum.fits,1.944,ok
NGC 5548,COS,,lcao2wdsq_x1d.fits,3.39,ok
NGC 5548,COS,,lcao2wduq_x1d.fits,3.39,ok
NGC 5548,COS,,lcao2wdwq_x1d.fits,3.39,ok
NGC 5548,COS,,lcao2wdyq_x1d.fits,3.39,ok
NGC 5548,COS,,lcao2x010_x1dsum.fits,1.944,ok
NGC 5548,COS,,lcao2x020_x1dsum.fits,1.944,ok
NGC 5548,COS,,lcao2x030_x1dsum.fits,1.944,ok
NGC 5548,COS,,lcao2x040_x1dsum.fits,1.944,ok
NGC 5548,COS,,lcao2xhxq_x1d.fits,3.39,ok
NGC 5548,COS,,lcao2xhzq_x1d.fits,3.39,ok
NGC 5548,COS,,lcao2xi1q_x1d.fits,3.39,ok
NGC 5548,COS,,lcao2xi3q_x1d.fits,3.39,ok
NGC 5548,COS,,lcao2y010_x1dsum.fits,1.944,ok
NGC 5548,COS,,lcao2y020_x1dsum.fits,1.944,ok
NGC 5548,COS,,lcao2y030_x1dsum.fits,1.944,ok
NGC 5548,COS,,lcao2y040_x1dsum.fits,1.944,ok
NGC 5548,COS,,lcao2ymxq_x1d.fits,3.39,ok
NGC 5548,COS,,lcao2ynmq_x1d.fits,3.39,ok
NGC 5548,COS,,lcao2ynoq_x1d.fits,3.39,ok
NGC 5548,COS,,lcao2ynrq_x1d.fits,3.39,ok
NGC 5548,COS,,lcao2z010_x1dsum.fits,1.944,ok
NGC 5548,COS,,lcao2z020_x1dsum.fits,1.944,ok
NGC 5548,COS,,lcao2z030_x1dsum.fits,1.944,ok
NGC 5548,COS,,lcao2z040_x1dsum.fits,1.944,ok
NGC 5548,COS,,lcao2ztgq_x1d.fits,3.39,ok
NGC 5548,COS,,lcao2ztiq_x1d.fits,3.39,ok
NGC 5548,COS,,lcao2ztkq_x1d.fits,3.39,ok
NGC 5548,COS,,lcao2ztmq_x1d.fits,3.39,ok
NGC 5548,COS,,lcao30010_x1dsum.fits,1.944,ok
NGC 5548,COS,,lcao30020_x1dsum.fits,1.944,ok
NGC 5548,COS,,lcao30030_x1dsum.fits,1.944,ok
NGC 5548,COS,,lcao30040_x1dsum.fits,1.944,ok
NGC 5548,COS,,lcao30knq_x1d.fits,3.39,ok
NGC 5548,COS,,lcao30kpq_x1d.fits,3.39,ok
NGC 5548,COS,,lcao30l5q_x1d.fits,3.39,ok
NGC 5548,COS,,lcao30l7q_x1d.fits,3.39,ok
NGC 5548,COS,,lcao31010_x1dsum.fits,1.944,ok
NGC 5548,COS,,lcao31020_x1dsum.fits,1.944,ok
NGC 5548,COS,,lcao31030_x1dsum.fits,1.944,ok
NGC 5548,COS,,lcao31040_x1dsum.fits,1.944,ok
NGC 5548,COS,,lcao31dfq_x1d.fits,3.39,ok
NGC 5548,COS,,lcao31diq_x1d.fits,3.39,ok
NGC 5548,COS,,lcao31dkq_x1d.fits,3.39,ok
NGC 5548,COS,,lcao31dnq_x1d.fits,3.39,ok
NGC 5548,COS,,lcao32010_x1dsum.fits,1.944,ok
NGC 5548,COS,,lcao32020_x1dsum.fits,1.944,ok
NGC 5548,COS,,lcao32030_x1dsum.fits,1.944,ok
NGC 5548,COS,,lcao32040_x1dsum.fits,1.944,ok
NGC 5548,COS,,lcao32k9q_x1d.fits,3.39,ok
NGC 5548,COS,,lcao32kbq_x1d.fits,3.39,ok
NGC 5548,COS,,lcao32kdq_x1d.fits,3.39,ok
NGC 5548,COS,,lcao32khq_x1d.fits,3.39,ok
NGC 5548,COS,,lcao33010_x1dsum.fits,1.944,ok
NGC 5548,COS,,lcao33020_x1dsum.fits,1.944,ok
NGC 5548,COS,,lcao33030_x1dsum.fits,1.944,ok
NGC 5548,COS,,lcao33040_x1dsum.fits,1.944,ok
NGC 5548,COS,,lcao33twq_x1d.fits,3.39,ok
NGC 5548,COS,,lcao33tyq_x1d.fits,3.39,ok
NGC 5548,COS,,lcao33u0q_x1d.fits,3.39,ok
NGC 5548,COS,,lcao33u5q_x1d.fits,3.39,ok
NGC 5548,COS,,lcao34010_x1dsum.fits,1.944,ok
NGC 5548,COS,,lcao34020_x1dsum.fits,1.944,ok
NGC 5548,COS,,lcao34030_x1dsum.fits,1.944,ok
NGC 5548,COS,,lcao34040_x1dsum.fits,1.944,ok
NGC 5548,COS,,lcao34zaq_x1d.fits,3.39,ok
NGC 5548,COS,,lcao34zcq_x1d.fits,3.39,ok
NGC 5548,COS,,lcao34zeq_x1d.fits,3.39,ok
NGC 5548,COS,,lcao34zgq_x1d.fits,3.39,ok
NGC 5548,COS,,lcao36010_x1dsum.fits,1.944,ok
NGC 5548,COS,,lcao36020_x1dsum.fits,1.944,ok
NGC 5548,COS,,lcao36030_x1dsum.fits,1.944,ok
NGC 5548,COS,,lcao36040_x1dsum.fits,1.944,ok
NGC 5548,COS,,lcao36anq_x1d.fits,3.39,ok
NGC 5548,COS,,lcao36apq_x1d.fits,3.39,ok
NGC 5548,COS,,lcao36asq_x1d.fits,3.39,ok
NGC 5548,COS,,lcao36auq_x1d.fits,3.39,ok
NGC 5548,COS,,lcao37010_x1dsum.fits,1.944,ok
NGC 5548,COS,,lcao37020_x1dsum.fits,1.944,ok
NGC 5548,COS,,lcao37030_x1dsum.fits,1.944,ok
NGC 5548,COS,,lcao37040_x1dsum.fits,1.944,ok
NGC 5548,COS,,lcao37eoq_x1d.fits,3.39,ok
NGC 5548,COS,,lcao37eqq_x1d.fits,3.39,ok
NGC 5548,COS,,lcao37esq_x1d.fits,3.39,ok
NGC 5548,COS,,lcao37euq_x1d.fits,3.39,ok
NGC 5548,COS,,lcao38010_x1dsum.fits,1.944,ok
NGC 5548,COS,,lcao38020_x1dsum.fits,1.944,ok
NGC 5548,COS,,lcao38030_x1dsum.fits,1.944,ok
NGC 5548,COS,,lcao38040_x1dsum.fits,1.944,ok
NGC 5548,COS,,lcao38e9q_x1d.fits,3.39,ok
NGC 5548,COS,,lcao38ebq_x1d.fits,3.39,ok
NGC 5548,COS,,lcao38egq_x1d.fits,3.39,ok
NGC 5548,COS,,lcao38eiq_x1d.fits,3.39,ok
NGC 5548,COS,,lcao39010_x1dsum.fits,1.944,ok
NGC 5548,COS,,lcao39020_x1dsum.fits,1.944,ok
NGC 5548,COS,,lcao39030_x1dsum.fits,1.944,ok
NGC 5548,COS,,lcao39040_x1dsum.fits,1.944,ok
NGC 5548,COS,,lcao39jkq_x1d.fits,3.39,ok
NGC 5548,COS,,lcao39jmq_x1d.fits,3.39,ok
NGC 5548,COS,,lcao39jxq_x1d.fits,3.39,ok
NGC 5548,COS,,lcao39k1q_x1d.fits,3.39,ok
NGC 5548,COS,,lcao3a010_x1dsum.fits,1.944,ok
NGC 5548,COS,,lcao3a020_x1dsum.fits,1.944,ok
NGC 5548,COS,,lcao3a030_x1dsum.fits,1.944,ok
NGC 5548,COS,,lcao3a040_x1dsum.fits,1.944,ok
NGC 5548,COS,,lcao3aycq_x1d.fits,3.39,ok
NGC 5548,COS,,lcao3ayeq_x1d.fits,3.39,ok
NGC 5548,COS,,lcao3aygq_x1d.fits,3.39,ok
NGC 5548,COS,,lcao3ayiq_x1d.fits,3.39,ok
NGC 5548,COS,,lcao3b010_x1dsum.fits,1.944,ok
NGC 5548,COS,,lcao3b020_x1dsum.fits,1.944,ok
NGC 5548,COS,,lcao3b030_x1dsum.fits,1.944,ok
NGC 5548,COS,,lcao3b040_x1dsum.fits,1.944,ok
NGC 5548,COS,,lcao3bd7q_x1d.fits,3.39,ok
NGC 5548,COS,,lcao3bd9q_x1d.fits,3.39,ok
NGC 5548,COS,,lcao3bdbq_x1d.fits,3.39,ok
NGC 5548,COS,,lcao3bddq_x1d.fits,3.39,ok
NGC 5548,COS,,lcao3c010_x1dsum.fits,1.944,ok
NGC 5548,COS,,lcao3c020_x1dsum.fits,1.944,ok
NGC 5548,COS,,lcao3c030_x1dsum.fits,1.944,ok
NGC 5548,COS,,lcao3c040_x1dsum.fits,1.944,ok
NGC 5548,COS,,lcao3chrq_x1d.fits,3.39,ok
NGC 5548,COS,,lcao3chtq_x1d.fits,3.39,ok
NGC 5548,COS,,lcao3chvq_x1d.fits,3.39,ok
NGC 5548,COS,,lcao3chxq_x1d.fits,3.39,ok
NGC 5548,COS,,lcao40010_x1dsum.fits,1.944,ok
NGC 5548,COS,,lcao40020_x1dsum.fits,1.944,ok
NGC 5548,COS,,lcao40030_x1dsum.fits,1.944,ok
NGC 5548,COS,,lcao40040_x1dsum.fits,1.944,ok
NGC 5548,COS,,lcao40skq_x1d.fits,3.39,ok
NGC 5548,COS,,lcao40smq_x1d.fits,3.39,ok
NGC 5548,COS,,lcao40soq_x1d.fits,3.39,ok
NGC 5548,COS,,lcao40sqq_x1d.fits,3.39,ok
NGC 5548,COS,,lcao41010_x1dsum.fits,1.944,ok
NGC 5548,COS,,lcao41020_x1dsum.fits,1.944,ok
NGC 5548,COS,,lcao41030_x1dsum.fits,1.944,ok
NGC 5548,COS,,lcao41040_x1dsum.fits,1.944,ok
NGC 5548,COS,,lcao41wcq_x1d.fits,3.39,ok
NGC 5548,COS,,lcao41weq_x1d.fits,3.39,ok
NGC 5548,COS,,lcao41wjq_x1d.fits,3.39,ok
NGC 5548,COS,,lcao41wlq_x1d.fits,3.39,ok
NGC 5548,COS,,lcao42010_x1dsum.fits,1.944,ok
NGC 5548,COS,,lcao42020_x1dsum.fits,1.944,ok
NGC 5548,COS,,lcao42030_x1dsum.fits,1.944,ok
NGC 5548,COS,,lcao42040_x1dsum.fits,1.944,ok
NGC 5548,COS,,lcao42c7q_x1d.fits,3.39,ok
NGC 5548,COS,,lcao42c9q_x1d.fits,3.39,ok
NGC 5548,COS,,lcao42cbq_x1d.fits,3.39,ok
NGC 5548,COS,,lcao42cdq_x1d.fits,3.39,ok
NGC 5548,COS,,lcao43010_x1dsum.fits,1.944,ok
NGC 5548,COS,,lcao43020_x1dsum.fits,1.944,ok
NGC 5548,COS,,lcao43030_x1dsum.fits,1.944,ok
NGC 5548,COS,,lcao43040_x1dsum.fits,1.944,ok
NGC 5548,COS,,lcao43gmq_x1d.fits,3.39,ok
NGC 5548,COS,,lcao43goq_x1d.fits,3.39,ok
NGC 5548,COS,,lcao43gqq_x1d.fits,3.39,ok
NGC 5548,COS,,lcao43gsq_x1d.fits,3.39,ok
NGC 5548,COS,,lcao44010_x1dsum.fits,1.944,ok
NGC 5548,COS,,lcao44020_x1dsum.fits,1.944,ok
NGC 5548,COS,,lcao44030_x1dsum.fits,1.944,ok
NGC 5548,COS,,lcao44040_x1dsum.fits,1.944,ok
NGC 5548,COS,,lcao44kfq_x1d.fits,3.39,ok
NGC 5548,COS,,lcao44khq_x1d.fits,3.39,ok
NGC 5548,COS,,lcao44kjq_x1d.fits,3.39,ok
NGC 5548,COS,,lcao44klq_x1d.fits,3.39,ok
NGC 5548,COS,,lcao45010_x1dsum.fits,1.944,ok
NGC 5548,COS,,lcao45020_x1dsum.fits,1.944,ok
NGC 5548,COS,,lcao45030_x1dsum.fits,1.944,ok
NGC 5548,COS,,lcao45040_x1dsum.fits,1.944,ok
NGC 5548,COS,,lcao45c3q_x1d.fits,3.39,ok
NGC 5548,COS,,lcao45cpq_x1d.fits,3.39,ok
NGC 5548,COS,,lcao45deq_x1d.fits,3.39,ok
NGC 5548,COS,,lcao45dhq_x1d.fits,3.39,ok
NGC 5548,COS,,lcao46010_x1dsum.fits,1.944,ok
NGC 5548,COS,,lcao46020_x1dsum.fits,1.944,ok
NGC 5548,COS,,lcao46030_x1dsum.fits,1.944,ok
NGC 5548,COS,,lcao46040_x1dsum.fits,1.944,ok
NGC 5548,COS,,lcao46h6q_x1d.fits,3.39,ok
NGC 5548,COS,,lcao46h9q_x1d.fits,3.39,ok
NGC 5548,COS,,lcao46hcq_x1d.fits,3.39,ok
NGC 5548,COS,,lcao46heq_x1d.fits,3.39,ok
NGC 5548,COS,,lcao47010_x1dsum.fits,1.944,ok
NGC 5548,COS,,lcao47020_x1dsum.fits,1.944,ok
NGC 5548,COS,,lcao47030_x1dsum.fits,1.944,ok
NGC 5548,COS,,lcao47040_x1dsum.fits,1.944,ok
NGC 5548,COS,,lcao47n9q_x1d.fits,3.39,ok
NGC 5548,COS,,lcao47nbq_x1d.fits,3.39,ok
NGC 5548,COS,,lcao47ngq_x1d.fits,3.39,ok
NGC 5548,COS,,lcao47niq_x1d.fits,3.39,ok
NGC 5548,COS,,lcao48010_x1dsum.fits,1.944,ok
NGC 5548,COS,,lcao48020_x1dsum.fits,1.944,ok
NGC 5548,COS,,lcao48030_x1dsum.fits,1.944,ok
NGC 5548,COS,,lcao48040_x1dsum.fits,1.944,ok
NGC 5548,COS,,lcao48qiq_x1d.fits,3.39,ok
NGC 5548,COS,,lcao48qkq_x1d.fits,3.39,ok
NGC 5548,COS,,lcao48qmq_x1d.fits,3.39,ok
NGC 5548,COS,,lcao48qoq_x1d.fits,3.39,ok
NGC 5548,COS,,lcao49010_x1dsum.fits,1.944,ok
NGC 5548,COS,,lcao49020_x1dsum.fits,1.944,ok
NGC 5548,COS,,lcao49030_x1dsum.fits,1.944,ok
NGC 5548,COS,,lcao49040_x1dsum.fits,1.944,ok
NGC 5548,COS,,lcao49wsq_x1d.fits,3.39,ok
NGC 5548,COS,,lcao49wyq_x1d.fits,3.39,ok
NGC 5548,COS,,lcao49x3q_x1d.fits,3.39,ok
NGC 5548,COS,,lcao49x8q_x1d.fits,3.39,ok
NGC 5548,COS,,lcao50010_x1dsum.fits,1.944,ok
NGC 5548,COS,,lcao50020_x1dsum.fits,1.944,ok
NGC 5548,COS,,lcao50030_x1dsum.fits,1.944,ok
NGC 5548,COS,,lcao50040_x1dsum.fits,1.944,ok
NGC 5548,COS,,lcao50a8q_x1d.fits,3.39,ok
NGC 5548,COS,,lcao50aaq_x1d.fits,3.39,ok
NGC 5548,COS,,lcao50atq_x1d.fits,3.39,ok
NGC 5548,COS,,lcao50awq_x1d.fits,3.39,ok
NGC 5548,COS,,lcao51010_x1dsum.fits,1.944,ok
NGC 5548,COS,,lcao51020_x1dsum.fits,1.944,ok
NGC 5548,COS,,lcao51030_x1dsum.fits,1.944,ok
NGC 5548,COS,,lcao51040_x1dsum.fits,1.944,ok
NGC 5548,COS,,lcao51gaq_x1d.fits,3.39,ok
NGC 5548,COS,,lcao51gcq_x1d.fits,3.39,ok
NGC 5548,COS,,lcao51geq_x1d.fits,3.39,ok
NGC 5548,COS,,lcao51ggq_x1d.fits,3.39,ok
NGC 5548,COS,,lcao52010_x1dsum.fits,1.944,ok
NGC 5548,COS,,lcao52020_x1dsum.fits,1.944,ok
NGC 5548,COS,,lcao52030_x1dsum.fits,1.944,ok
NGC 5548,COS,,lcao52040_x1dsum.fits,1.944,ok
NGC 5548,COS,,lcao52j0q_x1d.fits,3.39,ok
NGC 5548,COS,,lcao52j2q_x1d.fits,3.39,ok
NGC 5548,COS,,lcao52j4q_x1d.fits,3.39,ok
NGC 5548,COS,,lcao52j6q_x1d.fits,3.39,ok
NGC 5548,COS,,lcao53010_x1dsum.fits,1.944,ok
NGC 5548,COS,,lcao53020_x1dsum.fits,1.944,ok
NGC 5548,COS,,lcao53030_x1dsum.fits,1.944,ok
NGC 5548,COS,,lcao53040_x1dsum.fits,1.944,ok
NGC 5548,COS,,lcao53f2q_x1d.fits,3.39,ok
NGC 5548,COS,,lcao53f4q_x1d.fits,3.39,ok
NGC 5548,COS,,lcao53f6q_x1d.fits,3.39,ok
NGC 5548,COS,,lcao53f8q_x1d.fits,3.39,ok
NGC 5548,COS,,lcao56010_x1dsum.fits,1.944,ok
NGC 5548,COS,,lcao56020_x1dsum.fits,1.944,ok
NGC 5548,COS,,lcao56030_x1dsum.fits,1.944,ok
NGC 5548,COS,,lcao56040_x1dsum.fits,1.944,ok
NGC 5548,COS,,lcao56udq_x1d.fits,3.39,ok
NGC 5548,COS,,lcao56ufq_x1d.fits,3.39,ok
NGC 5548,COS,,lcao56uhq_x1d.fits,3.39,ok
NGC 5548,COS,,lcao56uoq_x1d.fits,3.39,ok
NGC 5548,COS,,lcao57010_x1dsum.fits,1.944,ok
NGC 5548,COS,,lcao57020_x1dsum.fits,1.944,ok
NGC 5548,COS,,lcao57030_x1dsum.fits,1.944,ok
NGC 5548,COS,,lcao57040_x1dsum.fits,1.944,ok
NGC 5548,COS,,lcao57yiq_x1d.fits,3.39,ok
NGC 5548,COS,,lcao57ykq_x1d.fits,3.39,ok
NGC 5548,COS,,lcao57ymq_x1d.fits,3.39,ok
NGC 5548,COS,,lcao57yoq_x1d.fits,3.39,ok
NGC 5548,COS,,lcao58010_x1dsum.fits,1.944,ok
NGC 5548,COS,,lcao58020_x1dsum.fits,1.944,ok
NGC 5548,COS,,lcao58030_x1dsum.fits,1.944,ok
NGC 5548,COS,,lcao58040_x1dsum.fits,1.944,ok
NGC 5548,COS,,lcao58cdq_x1d.fits,3.39,ok
NGC 5548,COS,,lcao58cfq_x1d.fits,3.39,ok
NGC 5548,COS,,lcao58chq_x1d.fits,3.39,ok
NGC 5548,COS,,lcao58cjq_x1d.fits,3.39,ok
NGC 5548,COS,,lcao59010_x1dsum.fits,1.944,ok
NGC 5548,COS,,lcao59020_x1dsum.fits,1.944,ok
NGC 5548,COS,,lcao59030_x1dsum.fits,1.944,ok
NGC 5548,COS,,lcao59040_x1dsum.fits,1.944,ok
NGC 5548,COS,,lcao59hiq_x1d.fits,3.39,ok
NGC 5548,COS,,lcao59hkq_x1d.fits,3.39,ok
NGC 5548,COS,,lcao59hmq_x1d.fits,3.39,ok
NGC 5548,COS,,lcao59hoq_x1d.fits,3.39,ok
NGC 5548,COS,,lcao60010_x1dsum.fits,1.944,ok
NGC 5548,COS,,lcao60020_x1dsum.fits,1.944,ok
NGC 5548,COS,,lcao60030_x1dsum.fits,1.944,ok
NGC 5548,COS,,lcao60040_x1dsum.fits,1.944,ok
NGC 5548,COS,,lcao60hcq_x1d.fits,3.39,ok
NGC 5548,COS,,lcao60heq_x1d.fits,3.39,ok
NGC 5548,COS,,lcao60hgq_x1d.fits,3.39,ok
NGC 5548,COS,,lcao60hiq_x1d.fits,3.39,ok
NGC 5548,COS,,lcao61010_x1dsum.fits,1.944,ok
NGC 5548,COS,,lcao61020_x1dsum.fits,1.944,ok
NGC 5548,COS,,lcao61030_x1dsum.fits,1.944,ok
NGC 5548,COS,,lcao61040_x1dsum.fits,1.944,ok
NGC 5548,COS,,lcao61mqq_x1d.fits,3.39,ok
NGC 5548,COS,,lcao61msq_x1d.fits,3.39,ok
NGC 5548,COS,,lcao61muq_x1d.fits,3.39,ok
NGC 5548,COS,,lcao61mwq_x1d.fits,3.39,ok
NGC 5548,COS,,lcao62010_x1dsum.fits,1.944,ok
NGC 5548,COS,,lcao62020_x1dsum.fits,1.944,ok
NGC 5548,COS,,lcao62030_x1dsum.fits,1.944,ok
NGC 5548,COS,,lcao62040_x1dsum.fits,1.944,ok
NGC 5548,COS,,lcao62w5q_x1d.fits,3.39,ok
NGC 5548,COS,,lcao62w7q_x1d.fits,3.39,ok
NGC 5548,COS,,lcao62wcq_x1d.fits,3.39,ok
NGC 5548,COS,,lcao62wfq_x1d.fits,3.39,ok
NGC 5548,COS,,lcao63010_x1dsum.fits,1.944,ok
NGC 5548,COS,,lcao63020_x1dsum.fits,1.944,ok
NGC 5548,COS,,lcao63030_x1dsum.fits,1.944,ok
NGC 5548,COS,,lcao63040_x1dsum.fits,1.944,ok
NGC 5548,COS,,lcao63cgq_x1d.fits,3.39,ok
NGC 5548,COS,,lcao63ciq_x1d.fits,3.39,ok
NGC 5548,COS,,lcao63ckq_x1d.fits,3.39,ok
NGC 5548,COS,,lcao63cmq_x1d.fits,3.39,ok
NGC 5548,COS,,lcao64010_x1dsum.fits,1.944,ok
NGC 5548,COS,,lcao64020_x1dsum.fits,1.944,ok
NGC 5548,COS,,lcao64030_x1dsum.fits,1.944,ok
NGC 5548,COS,,lcao64040_x1dsum.fits,1.944,ok
NGC 5548,COS,,lcao64gzq_x1d.fits,3.39,ok
NGC 5548,COS,,lcao64h1q_x1d.fits,3.39,ok
NGC 5548,COS,,lcao64h3q_x1d.fits,3.39,ok
NGC 5548,COS,,lcao64h5q_x1d.fits,3.39,ok
NGC 5548,COS,,lcao65010_x1dsum.fits,1.944,ok
NGC 5548,COS,,lcao65020_x1dsum.fits,1.944,ok
NGC 5548,COS,,lcao65030_x1dsum.fits,1.944,ok
NGC 5548,COS,,lcao65040_x1dsum.fits,1.944,ok
NGC 5548,COS,,lcao65n6q_x1d.fits,3.39,ok
NGC 5548,COS,,lcao65n8q_x1d.fits,3.39,ok
NGC 5548,COS,,lcao65naq_x1d.fits,3.39,ok
NGC 5548,COS,,lcao65ncq_x1d.fits,3.39,ok
NGC 5548,COS,,lcao66010_x1dsum.fits,1.944,ok
NGC 5548,COS,,lcao66020_x1dsum.fits,1.944,ok
NGC 5548,COS,,lcao66030_x1dsum.fits,1.944,ok
NGC 5548,COS,,lcao66040_x1dsum.fits,1.944,ok
NGC 5548,COS,,lcao66sxq_x1d.fits,3.39,ok
NGC 5548,COS,,lcao66szq_x1d.fits,3.39,ok
NGC 5548,COS,,lcao66t1q_x1d.fits,3.39,ok
NGC 5548,COS,,lcao66t3q_x1d.fits,3.39,ok
NGC 5548,COS,,lcao67010_x1dsum.fits,1.944,ok
NGC 5548,COS,,lcao67020_x1dsum.fits,1.944,ok
NGC 5548,COS,,lcao67030_x1dsum.fits,1.944,ok
NGC 5548,COS,,lcao67040_x1dsum.fits,1.944,ok
NGC 5548,COS,,lcao67eqq_x1d.fits,3.39,ok
NGC 5548,COS,,lcao67esq_x1d.fits,3.39,ok
NGC 5548,COS,,lcao67euq_x1d.fits,3.39,ok
NGC 5548,COS,,lcao67ewq_x1d.fits,3.39,ok
NGC 5548,COS,,lcao68010_x1dsum.fits,1.944,ok
NGC 5548,COS,,lcao68020_x1dsum.fits,1.944,ok
NGC 5548,COS,,lcao68030_x1dsum.fits,1.944,ok
NGC 5548,COS,,lcao68040_x1dsum.fits,1.944,ok
NGC 5548,COS,,lcao68jrq_x1d.fits,3.39,ok
NGC 5548,COS,,lcao68jtq_x1d.fits,3.39,ok
NGC 5548,COS,,lcao68jvq_x1d.fits,3.39,ok
NGC 5548,COS,,lcao68jyq_x1d.fits,3.39,ok
NGC 5548,COS,,lcao69010_x1dsum.fits,1.944,ok
NGC 5548,COS,,lcao69020_x1dsum.fits,1.944,ok
NGC 5548,COS,,lcao69030_x1dsum.fits,1.944,ok
NGC 5548,COS,,lcao69040_x1dsum.fits,1.944,ok
NGC 5548,COS,,lcao69pdq_x1d.fits,3.39,ok
NGC 5548,COS,,lcao69pfq_x1d.fits,3.39,ok
NGC 5548,COS,,lcao69pkq_x1d.fits,3.39,ok
NGC 5548,COS,,lcao69pnq_x1d.fits,3.39,ok
NGC 5548,COS,,lcao70010_x1dsum.fits,1.944,ok
NGC 5548,COS,,lcao70020_x1dsum.fits,1.944,ok
NGC 5548,COS,,lcao70030_x1dsum.fits,1.944,ok
NGC 5548,COS,,lcao70040_x1dsum.fits,1.944,ok
NGC 5548,COS,,lcao70ueq_x1d.fits,3.39,ok
NGC 5548,COS,,lcao70ugq_x1d.fits,3.39,ok
NGC 5548,COS,,lcao70uiq_x1d.fits,3.39,ok
NGC 5548,COS,,lcao70ulq_x1d.fits,3.39,ok
NGC 5548,COS,,lcao71010_x1dsum.fits,1.944,ok
NGC 5548,COS,,lcao71020_x1dsum.fits,1.944,ok
NGC 5548,COS,,lcao71030_x1dsum.fits,1.944,ok
NGC 5548,COS,,lcao71040_x1dsum.fits,1.944,ok
NGC 5548,COS,,lcao71e5q_x1d.fits,3.39,ok
NGC 5548,COS,,lcao71e7q_x1d.fits,3.39,ok
NGC 5548,COS,,lcao71e9q_x1d.fits,3.39,ok
NGC 5548,COS,,lcao71ebq_x1d.fits,3.39,ok
NGC 5548,COS,,lcao72010_x1dsum.fits,1.944,ok
NGC 5548,COS,,lcao72020_x1dsum.fits,1.944,ok
NGC 5548,COS,,lcao72030_x1dsum.fits,1.944,ok
NGC 5548,COS,,lcao72040_x1dsum.fits,1.944,ok
NGC 5548,COS,,lcao72l2q_x1d.fits,3.39,ok
NGC 5548,COS,,lcao72l4q_x1d.fits,3.39,ok
NGC 5548,COS,,lcao72l6q_x1d.fits,3.39,ok
NGC 5548,COS,,lcao72l9q_x1d.fits,3.39,ok
NGC 5548,COS,,lcao73010_x1dsum.fits,1.944,ok
NGC 5548,COS,,lcao73020_x1dsum.fits,1.944,ok
NGC 5548,COS,,lcao73030_x1dsum.fits,1.944,ok
NGC 5548,COS,,lcao73040_x1dsum.fits,1.944,ok
NGC 5548,COS,,lcao73q3q_x1d.fits,3.39,ok
NGC 5548,COS,,lcao73q5q_x1d.fits,3.39,ok
NGC 5548,COS,,lcao73q7q_x1d.fits,3.39,ok
NGC 5548,COS,,lcao73q9q_x1d.fits,3.39,ok
NGC 5548,COS,,lcao74010_x1dsum.fits,1.944,ok
NGC 5548,COS,,lcao74020_x1dsum.fits,1.944,ok
NGC 5548,COS,,lcao74030_x1dsum.fits,1.944,ok
NGC 5548,COS,,lcao74040_x1dsum.fits,1.944,ok
NGC 5548,COS,,lcao74dgq_x1d.fits,3.39,ok
NGC 5548,COS,,lcao74diq_x1d.fits,3.39,ok
NGC 5548,COS,,lcao74dkq_x1d.fits,3.39,ok
NGC 5548,COS,,lcao74dmq_x1d.fits,3.39,ok
NGC 5548,COS,,lcao75010_x1dsum.fits,1.944,ok
NGC 5548,COS,,lcao75020_x1dsum.fits,1.944,ok
NGC 5548,COS,,lcao75030_x1dsum.fits,1.944,ok
NGC 5548,COS,,lcao75040_x1dsum.fits,1.944,ok
NGC 5548,COS,,lcao75ivq_x1d.fits,3.39,ok
NGC 5548,COS,,lcao75ixq_x1d.fits,3.39,ok
NGC 5548,COS,,lcao75izq_x1d.fits,3.39,ok
NGC 5548,COS,,lcao75j1q_x1d.fits,3.39,ok
NGC 5548,COS,,lcao76010_x1dsum.fits,1.944,ok
NGC 5548,COS,,lcao76020_x1dsum.fits,1.944,ok
NGC 5548,COS,,lcao76030_x1dsum.fits,1.944,ok
NGC 5548,COS,,lcao76040_x1dsum.fits,1.944,ok
NGC 5548,COS,,lcao76poq_x1d.fits,3.39,ok
NGC 5548,COS,,lcao76pqq_x1d.fits,3.39,ok
NGC 5548,COS,,lcao76psq_x1d.fits,3.39,ok
NGC 5548,COS,,lcao76puq_x1d.fits,3.39,ok
NGC 5548,COS,,lcao77010_x1dsum.fits,1.944,ok
NGC 5548,COS,,lcao77020_x1dsum.fits,1.944,ok
NGC 5548,COS,,lcao77030_x1dsum.fits,1.944,ok
NGC 5548,COS,,lcao77040_x1dsum.fits,1.944,ok
NGC 5548,COS,,lcao77u7q_x1d.fits,3.39,ok
NGC 5548,COS,,lcao77u9q_x1d.fits,3.39,ok
NGC 5548,COS,,lcao77ubq_x1d.fits,3.39,ok
NGC 5548,COS,,lcao77udq_x1d.fits,3.39,ok
NGC 5548,COS,,lcao78010_x1dsum.fits,1.944,ok
NGC 5548,COS,,lcao78020_x1dsum.fits,1.944,ok
NGC 5548,COS,,lcao78030_x1dsum.fits,1.944,ok
NGC 5548,COS,,lcao78040_x1dsum.fits,1.944,ok
NGC 5548,COS,,lcao78b6q_x1d.fits,3.39,ok
NGC 5548,COS,,lcao78b8q_x1d.fits,3.39,ok
NGC 5548,COS,,lcao78baq_x1d.fits,3.39,ok
NGC 5548,COS,,lcao78bcq_x1d.fits,3.39,ok
NGC 5548,COS,,lcao79010_x1dsum.fits,1.944,ok
NGC 5548,COS,,lcao79020_x1dsum.fits,1.944,ok
NGC 5548,COS,,lcao79030_x1dsum.fits,1.944,ok
NGC 5548,COS,,lcao79040_x1dsum.fits,1.944,ok
NGC 5548,COS,,lcao79hnq_x1d.fits,3.39,ok
NGC 5548,COS,,lcao79hpq_x1d.fits,3.39,ok
NGC 5548,COS,,lcao79hrq_x1d.fits,3.39,ok
NGC 5548,COS,,lcao79htq_x1d.fits,3.39,ok
NGC 5548,COS,,lcao80010_x1dsum.fits,1.944,ok
NGC 5548,COS,,lcao80020_x1dsum.fits,1.944,ok
NGC 5548,COS,,lcao80030_x1dsum.fits,1.944,ok
NGC 5548,COS,,lcao80040_x1dsum.fits,1.944,ok
NGC 5548,COS,,lcao80n2q_x1d.fits,3.39,ok
NGC 5548,COS,,lcao80n4q_x1d.fits,3.39,ok
NGC 5548,COS,,lcao80n6q_x1d.fits,3.39,ok
NGC 5548,COS,,lcao80n8q_x1d.fits,3.39,ok
NGC 5548,COS,,lcao81010_x1dsum.fits,1.944,ok
NGC 5548,COS,,lcao81020_x1dsum.fits,1.944,ok
NGC 5548,COS,,lcao81030_x1dsum.fits,1.944,ok
NGC 5548,COS,,lcao81040_x1dsum.fits,1.944,ok
NGC 5548,COS,,lcao81e2q_x1d.fits,3.39,ok
NGC 5548,COS,,lcao81e4q_x1d.fits,3.39,ok
NGC 5548,COS,,lcao81e6q_x1d.fits,3.39,ok
NGC 5548,COS,,lcao81e8q_x1d.fits,3.39,ok
NGC 5548,COS,,lcao82010_x1dsum.fits,1.944,ok
NGC 5548,COS,,lcao82020_x1dsum.fits,1.944,ok
NGC 5548,COS,,lcao82030_x1dsum.fits,1.944,ok
NGC 5548,COS,,lcao82040_x1dsum.fits,1.944,ok
NGC 5548,COS,,lcao82izq_x1d.fits,3.39,ok
NGC 5548,COS,,lcao82j1q_x1d.fits,3.39,ok
NGC 5548,COS,,lcao82j3q_x1d.fits,3.39,ok
NGC 5548,COS,,lcao82j5q_x1d.fits,3.39,ok
NGC 5548,COS,,lcao83010_x1dsum.fits,1.944,ok
NGC 5548,COS,,lcao83020_x1dsum.fits,1.944,ok
NGC 5548,COS,,lcao83030_x1dsum.fits,1.944,ok
NGC 5548,COS,,lcao83040_x1dsum.fits,1.944,ok
NGC 5548,COS,,lcao83rmq_x1d.fits,3.39,ok
NGC 5548,COS,,lcao83roq_x1d.fits,3.39,ok
NGC 5548,COS,,lcao83rqq_x1d.fits,3.39,ok
NGC 5548,COS,,lcao83rsq_x1d.fits,3.39,ok
NGC 5548,COS,,lcao84010_x1dsum.fits,1.944,ok
NGC 5548,COS,,lcao84020_x1dsum.fits,1.944,ok
NGC 5548,COS,,lcao84030_x1dsum.fits,1.944,ok
NGC 5548,COS,,lcao84040_x1dsum.fits,1.944,ok
NGC 5548,COS,,lcao84vaq_x1d.fits,3.39,ok
NGC 5548,COS,,lcao84vcq_x1d.fits,3.39,ok
NGC 5548,COS,,lcao84veq_x1d.fits,3.39,ok
NGC 5548,COS,,lcao84vgq_x1d.fits,3.39,ok
NGC 5548,COS,,lcao85010_x1dsum.fits,1.944,ok
NGC 5548,COS,,lcao85020_x1dsum.fits,1.944,ok
NGC 5548,COS,,lcao85030_x1dsum.fits,1.944,ok
NGC 5548,COS,,lcao85040_x1dsum.fits,1.944,ok
NGC 5548,COS,,lcao85acq_x1d.fits,3.39,ok
NGC 5548,COS,,lcao85aeq_x1d.fits,3.39,ok
NGC 5548,COS,,lcao85agq_x1d.fits,3.39,ok
NGC 5548,COS,,lcao85aiq_x1d.fits,3.39,ok
NGC 5548,COS,,lcao86010_x1dsum.fits,1.944,ok
NGC 5548,COS,,lcao86020_x1dsum.fits,1.944,ok
NGC 5548,COS,,lcao86030_x1dsum.fits,1.944,ok
NGC 5548,COS,,lcao86040_x1dsum.fits,1.944,ok
NGC 5548,COS,,lcao86erq_x1d.fits,3.39,ok
NGC 5548,COS,,lcao86etq_x1d.fits,3.39,ok
NGC 5548,COS,,lcao86evq_x1d.fits,3.39,ok
NGC 5548,COS,,lcao86exq_x1d.fits,3.39,ok
NGC 5548,COS,,lcao87010_x1dsum.fits,1.944,ok
NGC 5548,COS,,lcao87020_x1dsum.fits,1.944,ok
NGC 5548,COS,,lcao87030_x1dsum.fits,1.944,ok
NGC 5548,COS,,lcao87040_x1dsum.fits,1.944,ok
NGC 5548,COS,,lcao87h9q_x1d.fits,3.39,ok
NGC 5548,COS,,lcao87hbq_x1d.fits,3.39,ok
NGC 5548,COS,,lcao87hrq_x1d.fits,3.39,ok
NGC 5548,COS,,lcao87icq_x1d.fits,3.39,ok
NGC 5548,COS,,lcao88010_x1dsum.fits,1.944,ok
NGC 5548,COS,,lcao88020_x1dsum.fits,1.944,ok
NGC 5548,COS,,lcao88030_x1dsum.fits,1.944,ok
NGC 5548,COS,,lcao88040_x1dsum.fits,1.944,ok
NGC 5548,COS,,lcao88b3q_x1d.fits,3.39,ok
NGC 5548,COS,,lcao88b5q_x1d.fits,3.39,ok
NGC 5548,COS,,lcao88bmq_x1d.fits,3.39,ok
NGC 5548,COS,,lcao88boq_x1d.fits,3.39,ok
NGC 5548,COS,,lcao89010_x1dsum.fits,1.944,ok
NGC 5548,COS,,lcao89020_x1dsum.fits,1.944,ok
NGC 5548,COS,,lcao89030_x1dsum.fits,1.944,ok
NGC 5548,COS,,lcao89040_x1dsum.fits,1.944,ok
NGC 5548,COS,,lcao89upq_x1d.fits,3.39,ok
NGC 5548,COS,,lcao89urq_x1d.fits,3.39,ok
NGC 5548,COS,,lcao89utq_x1d.fits,3.39,ok
NGC 5548,COS,,lcao89uvq_x1d.fits,3.39,ok
NGC 5548,COS,,lcao90010_x1dsum.fits,1.944,ok
NGC 5548,COS,,lcao90020_x1dsum.fits,1.944,ok
NGC 5548,COS,,lcao90030_x1dsum.fits,1.944,ok
NGC 5548,COS,,lcao90040_x1dsum.fits,1.944,ok
NGC 5548,COS,,lcao90xlq_x1d.fits,3.39,ok
NGC 5548,COS,,lcao90xnq_x1d.fits,3.39,ok
NGC 5548,COS,,lcao90xpq_x1d.fits,3.39,ok
NGC 5548,COS,,lcao90xrq_x1d.fits,3.39,ok
NGC 5548,COS,,lcao91010_x1dsum.fits,1.944,ok
NGC 5548,COS,,lcao91020_x1dsum.fits,1.944,ok
NGC 5548,COS,,lcao91030_x1dsum.fits,1.944,ok
NGC 5548,COS,,lcao91040_x1dsum.fits,1.944,ok
NGC 5548,COS,,lcao91cwq_x1d.fits,3.39,ok
NGC 5548,COS,,lcao91cyq_x1d.fits,3.39,ok
NGC 5548,COS,,lcao91d0q_x1d.fits,3.39,ok
NGC 5548,COS,,lcao91d2q_x1d.fits,3.39,ok
NGC 5548,COS,,lcao92010_x1dsum.fits,1.944,ok
NGC 5548,COS,,lcao92020_x1dsum.fits,1.944,ok
NGC 5548,COS,,lcao92030_x1dsum.fits,1.944,ok
NGC 5548,COS,,lcao92040_x1dsum.fits,1.944,ok
NGC 5548,COS,,lcao92klq_x1d.fits,3.39,ok
NGC 5548,COS,,lcao92knq_x1d.fits,3.39,ok
NGC 5548,COS,,lcao92kpq_x1d.fits,3.39,ok
NGC 5548,COS,,lcao92ktq_x1d.fits,3.39,ok
NGC 5548,COS,,lcao93010_x1dsum.fits,1.944,ok
NGC 5548,COS,,lcao93020_x1dsum.fits,1.944,ok
NGC 5548,COS,,lcao93030_x1dsum.fits,1.944,ok
NGC 5548,COS,,lcao93040_x1dsum.fits,1.944,ok
NGC 5548,COS,,lcao93qyq_x1d.fits,3.39,ok
NGC 5548,COS,,lcao93r0q_x1d.fits,3.39,ok
NGC 5548,COS,,lcao93r2q_x1d.fits,3.39,ok
NGC 5548,COS,,lcao93rsq_x1d.fits,3.39,ok
NGC 5548,COS,,lcao94010_x1dsum.fits,1.944,ok
NGC 5548,COS,,lcao94020_x1dsum.fits,1.944,ok
NGC 5548,COS,,lcao94030_x1dsum.fits,1.944,ok
NGC 5548,COS,,lcao94040_x1dsum.fits,1.944,ok
NGC 5548,COS,,lcao94uqq_x1d.fits,3.39,ok
NGC 5548,COS,,lcao94usq_x1d.fits,3.39,ok
NGC 5548,COS,,lcao94uuq_x1d.fits,3.39,ok
NGC 5548,COS,,lcao94uwq_x1d.fits,3.39,ok
NGC 5548,COS,,lcao95010_x1dsum.fits,1.944,ok
NGC 5548,COS,,lcao95020_x1dsum.fits,1.944,ok
NGC 5548,COS,,lcao95030_x1dsum.fits,1.944,ok
NGC 5548,COS,,lcao95040_x1dsum.fits,1.944,ok
NGC 5548,COS,,lcao95brq_x1d.fits,3.39,ok
NGC 5548,COS,,lcao95btq_x1d.fits,3.39,ok
NGC 5548,COS,,lcao95bvq_x1d.fits,3.39,ok
NGC 5548,COS,,lcao95ccq_x1d.fits,3.39,ok
NGC 5548,COS,,lcao96010_x1dsum.fits,1.944,ok
NGC 5548,COS,,lcao96020_x1dsum.fits,1.944,ok
NGC 5548,COS,,lcao96030_x1dsum.fits,1.944,ok
NGC 5548,COS,,lcao96040_x1dsum.fits,1.944,ok
NGC 5548,COS,,lcao96ewq_x1d.fits,3.39,ok
NGC 5548,COS,,lcao96eyq_x1d.fits,3.39,ok
NGC 5548,COS,,lcao96f0q_x1d.fits,3.39,ok
NGC 5548,COS,,lcao96f2q_x1d.fits,3.39,ok
NGC 5548,COS,,lcao97010_x1dsum.fits,1.944,ok
NGC 5548,COS,,lcao97020_x1dsum.fits,1.944,ok
NGC 5548,COS,,lcao97030_x1dsum.fits,1.944,ok
NGC 5548,COS,,lcao97040_x1dsum.fits,1.944,ok
NGC 5548,COS,,lcao97mpq_x1d.fits,3.39,ok
NGC 5548,COS,,lcao97mrq_x1d.fits,3.39,ok
NGC 5548,COS,,lcao97mtq_x1d.fits,3.39,ok
NGC 5548,COS,,lcao97mvq_x1d.fits,3.39,ok
NGC 5548,COS,,lcao98010_x1dsum.fits,1.944,ok
NGC 5548,COS,,lcao98020_x1dsum.fits,1.944,ok
NGC 5548,COS,,lcao98030_x1dsum.fits,1.944,ok
NGC 5548,COS,,lcao98040_x1dsum.fits,1.944,ok
NGC 5548,COS,,lcao98r0q_x1d.fits,3.39,ok
NGC 5548,COS,,lcao98r2q_x1d.fits,3.39,ok
NGC 5548,COS,,lcao98r4q_x1d.fits,3.39,ok
NGC 5548,COS,,lcao98r6q_x1d.fits,3.39,ok
NGC 5548,COS,,lcao99010_x1dsum.fits,1.944,ok
NGC 5548,COS,,lcao99020_x1dsum.fits,1.944,ok
NGC 5548,COS,,lcao99030_x1dsum.fits,1.944,ok
NGC 5548,COS,,lcao99040_x1dsum.fits,1.944,ok
NGC 5548,COS,,lcao99a3q_x1d.fits,3.39,ok
NGC 5548,COS,,lcao99a6q_x1d.fits,3.39,ok
NGC 5548,COS,,lcao99zoq_x1d.fits,3.39,ok
NGC 5548,COS,,lcao99zqq_x1d.fits,3.39,ok
NGC 5548,COS,,lctf01010_x1dsum.fits,1.944,ok
NGC 5548,COS,,lctf01020_x1dsum.fits,1.944,ok
NGC 5548,COS,,lctf01030_x1dsum.fits,1.944,ok
NGC 5548,COS,,lctf01040_x1dsum.fits,1.944,ok
NGC 5548,COS,,lctf01050_x1dsum.fits,1.817,ok
NGC 5548,COS,,lctf01upq_x1d.fits,3.39,ok
NGC 5548,COS,,lctf01urq_x1d.fits,3.39,ok
NGC 5548,COS,,lctf01utq_x1d.fits,3.39,ok
NGC 5548,COS,,lctf01uvq_x1d.fits,3.39,ok
NGC 5548,COS,,lctf01uxq_x1d.fits,3.39,ok
NGC 5548,COS,,lctf01uzq_x1d.fits,3.39,ok
NGC 5548,COS,,lctf01v1q_x1d.fits,3.39,ok
NGC 5548,COS,,lctf02010_x1dsum.fits,1.944,ok
NGC 5548,COS,,lctf02020_x1dsum.fits,1.944,ok
NGC 5548,COS,,lctf02030_x1dsum.fits,1.944,ok
NGC 5548,COS,,lctf02040_x1dsum.fits,1.944,ok
NGC 5548,COS,,lctf02050_x1dsum.fits,1.817,ok
NGC 5548,COS,,lctf02e8q_x1d.fits,3.39,ok
NGC 5548,COS,,lctf02eaq_x1d.fits,3.39,ok
NGC 5548,COS,,lctf02ecq_x1d.fits,3.39,ok
NGC 5548,COS,,lctf02eeq_x1d.fits,3.39,ok
NGC 5548,COS,,lctf02egq_x1d.fits,3.39,ok
NGC 5548,COS,,lctf02eiq_x1d.fits,3.39,ok
NGC 5548,COS,,lctf02ekq_x1d.fits,3.39,ok
NGC 5548,COS,,lctf02emq_x1d.fits,3.39,ok
NGC 5548,COS,,ler401010_x1dsum.fits,1.944,ok
NGC 5548,COS,,ler401020_x1dsum.fits,1.944,ok
NGC 5548,COS,,ler401030_x1dsum.fits,1.944,ok
NGC 5548,COS,,ler401040_x1dsum.fits,1.944,ok
NGC 5548,COS,,ler401yzq_x1d.fits,3.39,ok
NGC 5548,COS,,ler401z1q_x1d.fits,3.39,ok
NGC 5548,COS,,ler401z3q_x1d.fits,3.39,ok
NGC 5548,COS,,ler401z5q_x1d.fits,3.39,ok
NGC 5548,COS,,ler402010_x1dsum.fits,1.944,ok
NGC 5548,COS,,ler402020_x1dsum.fits,1.944,ok
NGC 5548,COS,,ler402030_x1dsum.fits,1.944,ok
NGC 5548,COS,,ler402040_x1dsum.fits,1.944,ok
NGC 5548,COS,,ler402aaq_x1d.fits,3.39,ok
NGC 5548,COS,,ler402acq_x1d.fits,3.39,ok
NGC 5548,COS,,ler402aeq_x1d.fits,3.39,ok
NGC 5548,COS,,ler402agq_x1d.fits,3.39,ok
NGC 5548,COS,,lfb701010_x1dsum.fits,1.814,ok
NGC 5548,COS,,lfb701020_x1dsum.fits,1.814,ok
NGC 5548,COS,,lfb701030_x1dsum.fits,1.814,ok
NGC 5548,COS,,lfb701040_x1dsum.fits,1.814,ok
NGC 5548,COS,,lfb701bsq_x1d.fits,3.39,ok
NGC 5548,COS,,lfb701buq_x1d.fits,3.39,ok
NGC 5548,COS,,lfb701bwq_x1d.fits,3.39,ok
NGC 5548,COS,,lfb701byq_x1d.fits,3.39,ok
NGC 5548,COS,,lfb701c0q_x1d.fits,3.39,ok
NGC 5548,COS,,lfb701c2q_x1d.fits,3.39,ok
NGC 5548,COS,,lfb701c4q_x1d.fits,3.39,ok
NGC 5548,COS,,lfb701c6q_x1d.fits,3.39,ok
NGC 5548,COS,,lfb701cbq_x1d.fits,3.39,ok
NGC 5548,COS,,lfb701cdq_x1d.fits,3.39,ok
NGC 5548,COS,,lfb701cgq_x1d.fits,3.39,ok
NGC 5548,COS,,lfb701ciq_x1d.fits,3.39,ok
NGC 5548,COS,,lfb701ckq_x1d.fits,3.39,ok
NGC 5548,COS,,lfb701cmq_x1d.fits,3.39,ok
NGC 5548,COS,,lfb701coq_x1d.fits,3.39,ok
NGC 5548,COS,,lfb701cqq_x1d.fits,3.39,ok
NGC 5548,STIS,,o4ll010a0_x1d.fits,2.877,ok
NGC 5548,STIS,,o4ll010b0_x1d.fits,4.743,ok
NGC 5548,STIS,,o4ll010c0_x1d.fits,3.488,ok
NGC 5548,STIS,,o4ll010d0_x1d.fits,3.488,ok
NGC 5548,STIS,,o6jd01010_x1d.fits,1.757,ok
NGC 5548,STIS,,o6jd01020_x1d.fits,1.757,ok
NGC 5548,STIS,,o6jd01030_x1d.fits,1.757,ok
NGC 5548,STIS,,o6jd01040_x1d.fits,0.976,ok
NGC 5548,STIS,,o6jd02010_x1d.fits,1.757,ok
NGC 5548,STIS,,o6jd02020_x1d.fits,1.757,ok
NGC 5548,STIS,,o6jd02030_x1d.fits,1.757,ok
NGC 5548,STIS,,o6jd02040_x1d.fits,1.598,ok
NGC 5548,STIS,,o6kw01010_x1d.fits,1.757,ok
NGC 5548,STIS,,o6kw01020_x1d.fits,1.757,ok
NGC 5548,STIS,,o6kw01030_x1d.fits,1.757,ok
NGC 5548,STIS,,o6kw01040_x1d.fits,1.757,ok
NGC 5548,STIS,,o6kw01050_x1d.fits,1.757,ok
NGC 5548,STIS,,o6kw02010_x1d.fits,1.757,ok
NGC 5548,STIS,,o6kw02020_x1d.fits,1.757,ok
NGC 5548,STIS,,o6kw02030_x1d.fits,1.757,ok
NGC 5548,STIS,,o6kw02040_x1d.fits,1.757,ok
NGC 5548,STIS,,o6kw02050_x1d.fits,1.757,ok
NGC 5548,STIS,,o6kw03010_x1d.fits,1.757,ok
NGC 5548,STIS,,o6kw03020_x1d.fits,1.757,ok
NGC 5548,STIS,,o6kw03030_x1d.fits,1.757,ok
NGC 5548,STIS,,o6kw03040_x1d.fits,1.757,ok
NGC 5548,STIS,,o6kw03050_x1d.fits,1.757,ok
NGC 5548,STIS,,o6kw04010_x1d.fits,1.757,ok
NGC 5548,STIS,,o6kw04020_x1d.fits,1.757,ok
NGC 5548,STIS,,o6kw04030_x1d.fits,1.757,ok
NGC 5548,STIS,,o6kw04040_x1d.fits,1.757,ok
NGC 5548,STIS,,o6kw04050_x1d.fits,1.757,ok
NGC 5548,STIS,,obgu06010_x1d.fits,0.081,ok
NGC 5548,STIS,,obgu06020_x1d.fits,0.081,ok
NGC 5548,STIS,,obgu06030_x1d.fits,0.081,ok
NGC 5548,FOS,,y0ya0202t_c0f.fits,0.084,ok
NGC 5548,FOS,,y0ya0202t_c1f.fits,0.084,ok
NGC 5548,FOS,,y0ya0202t_c2f.fits,0.084,ok
NGC 5548,FOS,,y0ya0202t_c4f.fits,0.084,ok
NGC 5548,FOS,,y0ya0202t_c5f.fits,0.084,ok
NGC 5548,FOS,,y0ya0202t_c7f.fits,0.084,ok
NGC 5548,FOS,,y0ya0203t_c0f.fits,0.084,ok
NGC 5548,FOS,,y0ya0203t_c1f.fits,0.084,ok
NGC 5548,FOS,,y0ya0203t_c2f.fits,0.084,ok
NGC 5548,FOS,,y0ya0203t_c4f.fits,0.084,ok
NGC 5548,FOS,,y0ya0203t_c5f.fits,0.084,ok
NGC 5548,FOS,,y0ya0203t_c7f.fits,0.084,ok
NGC 5548,FOS,,y0ya0204t_c0f.fits,0.075,ok
NGC 5548,FOS,,y0ya0204t_c1f.fits,0.075,ok
NGC 5548,FOS,,y0ya0204t_c2f.fits,0.075,ok
NGC 5548,FOS,,y0ya0204t_c4f.fits,0.075,ok
NGC 5548,FOS,,y0ya0204t_c5f.fits,0.075,ok
NGC 5548,FOS,,y0ya0204t_c7f.fits,0.075,ok
NGC 5548,FOS,,y0ya0205t_c0f.fits,0.049,ok
NGC 5548,FOS,,y0ya0205t_c1f.fits,0.049,ok
NGC 5548,FOS,,y0ya0205t_c2f.fits,0.049,ok
NGC 5548,FOS,,y0ya0205t_c4f.fits,0.049,ok
NGC 5548,FOS,,y0ya0205t_c5f.fits,0.049,ok
NGC 5548,FOS,,y0ya0205t_c7f.fits,0.049,ok
NGC 5548,FOS,,y0z90102t_c0f.fits,0.075,ok
NGC 5548,FOS,,y0z90102t_c1f.fits,0.075,ok
NGC 5548,FOS,,y0z90102t_c2f.fits,0.075,ok
NGC 5548,FOS,,y0z90102t_c4f.fits,0.075,ok
NGC 5548,FOS,,y0z90102t_c5f.fits,0.075,ok
NGC 5548,FOS,,y0z90102t_c7f.fits,0.075,ok
NGC 5548,FOS,,y0z90103t_c0f.fits,0.092,ok
NGC 5548,FOS,,y0z90103t_c1f.fits,0.092,ok
NGC 5548,FOS,,y0z90103t_c2f.fits,0.092,ok
NGC 5548,FOS,,y0z90103t_c4f.fits,0.092,ok
NGC 5548,FOS,,y0z90103t_c5f.fits,0.092,ok
NGC 5548,FOS,,y0z90103t_c7f.fits,0.092,ok
NGC 5548,FOS,,y1bp0104t_c0f.fits,0.075,ok
NGC 5548,FOS,,y1bp0104t_c1f.fits,0.075,ok
NGC 5548,FOS,,y1bp0104t_c2f.fits,0.075,ok
NGC 5548,FOS,,y1bp0104t_c4f.fits,0.075,ok
NGC 5548,FOS,,y1bp0104t_c5f.fits,0.075,ok
NGC 5548,FOS,,y1bp0104t_c7f.fits,0.075,ok
NGC 5548,FOS,,y1bp0105t_c0f.fits,0.092,ok
NGC 5548,FOS,,y1bp0105t_c1f.fits,0.092,ok
NGC 5548,FOS,,y1bp0105t_c2f.fits,0.092,ok
NGC 5548,FOS,,y1bp0105t_c4f.fits,0.092,ok
NGC 5548,FOS,,y1bp0105t_c5f.fits,0.092,ok
NGC 5548,FOS,,y1bp0105t_c7f.fits,0.092,ok
NGC 5548,FOS,,y1bp0204t_c0f.fits,0.075,ok
NGC 5548,FOS,,y1bp0204t_c1f.fits,0.075,ok
NGC 5548,FOS,,y1bp0204t_c2f.fits,0.075,ok
NGC 5548,FOS,,y1bp0204t_c4f.fits,0.075,ok
NGC 5548,FOS,,y1bp0204t_c5f.fits,0.075,ok
NGC 5548,FOS,,y1bp0204t_c7f.fits,0.075,ok
NGC 5548,FOS,,y1bp0205t_c0f.fits,0.092,ok
NGC 5548,FOS,,y1bp0205t_c1f.fits,0.092,ok
NGC 5548,FOS,,y1bp0205t_c2f.fits,0.092,ok
NGC 5548,FOS,,y1bp0205t_c4f.fits,0.092,ok
NGC 5548,FOS,,y1bp0205t_c5f.fits,0.092,ok
NGC 5548,FOS,,y1bp0205t_c7f.fits,0.092,ok
NGC 5548,FOS,,y1bp0304t_c0f.fits,0.075,ok
NGC 5548,FOS,,y1bp0304t_c1f.fits,0.075,ok
NGC 5548,FOS,,y1bp0304t_c2f.fits,0.075,ok
NGC 5548,FOS,,y1bp0304t_c4f.fits,0.075,ok
NGC 5548,FOS,,y1bp0304t_c5f.fits,0.075,ok
NGC 5548,FOS,,y1bp0304t_c7f.fits,0.075,ok
NGC 5548,FOS,,y1bp0305t_c0f.fits,0.092,ok
NGC 5548,FOS,,y1bp0305t_c1f.fits,0.092,ok
NGC 5548,FOS,,y1bp0305t_c2f.fits,0.092,ok
NGC 5548,FOS,,y1bp0305t_c4f.fits,0.092,ok
NGC 5548,FOS,,y1bp0305t_c5f.fits,0.092,ok
NGC 5548,FOS,,y1bp0305t_c7f.fits,0.092,ok
NGC 5548,FOS,,y1bp0404t_c0f.fits,0.075,ok
NGC 5548,FOS,,y1bp0404t_c1f.fits,0.075,ok
NGC 5548,FOS,,y1bp0404t_c2f.fits,0.075,ok
NGC 5548,FOS,,y1bp0404t_c4f.fits,0.075,ok
NGC 5548,FOS,,y1bp0404t_c5f.fits,0.075,ok
NGC 5548,FOS,,y1bp0404t_c7f.fits,0.075,ok
NGC 5548,FOS,,y1bp0405t_c0f.fits,0.092,ok
NGC 5548,FOS,,y1bp0405t_c1f.fits,0.092,ok
NGC 5548,FOS,,y1bp0405t_c2f.fits,0.092,ok
NGC 5548,FOS,,y1bp0405t_c4f.fits,0.092,ok
NGC 5548,FOS,,y1bp0405t_c5f.fits,0.092,ok
NGC 5548,FOS,,y1bp0405t_c7f.fits,0.092,ok
NGC 5548,FOS,,y1bp0504t_c0f.fits,0.075,ok
NGC 5548,FOS,,y1bp0504t_c1f.fits,0.075,ok
NGC 5548,FOS,,y1bp0504t_c2f.fits,0.075,ok
NGC 5548,FOS,,y1bp0504t_c4f.fits,0.075,ok
NGC 5548,FOS,,y1bp0504t_c5f.fits,0.075,ok
NGC 5548,FOS,,y1bp0504t_c7f.fits,0.075,ok
NGC 5548,FOS,,y1bp0505t_c0f.fits,0.092,ok
NGC 5548,FOS,,y1bp0505t_c1f.fits,0.092,ok
NGC 5548,FOS,,y1bp0505t_c2f.fits,0.092,ok
NGC 5548,FOS,,y1bp0505t_c4f.fits,0.092,ok
NGC 5548,FOS,,y1bp0505t_c5f.fits,0.092,ok
NGC 5548,FOS,,y1bp0505t_c7f.fits,0.092,ok
NGC 5548,FOS,,y1bp0604t_c0f.fits,0.075,ok
NGC 5548,FOS,,y1bp0604t_c1f.fits,0.075,ok
NGC 5548,FOS,,y1bp0604t_c2f.fits,0.075,ok
NGC 5548,FOS,,y1bp0604t_c4f.fits,0.075,ok
NGC 5548,FOS,,y1bp0604t_c5f.fits,0.075,ok
NGC 5548,FOS,,y1bp0604t_c7f.fits,0.075,ok
NGC 5548,FOS,,y1bp0605t_c0f.fits,0.092,ok
NGC 5548,FOS,,y1bp0605t_c1f.fits,0.092,ok
NGC 5548,FOS,,y1bp0605t_c2f.fits,0.092,ok
NGC 5548,FOS,,y1bp0605t_c4f.fits,0.092,ok
NGC 5548,FOS,,y1bp0605t_c5f.fits,0.092,ok
NGC 5548,FOS,,y1bp0605t_c7f.fits,0.092,ok
NGC 5548,FOS,,y1bp0704t_c0f.fits,0.075,ok
NGC 5548,FOS,,y1bp0704t_c1f.fits,0.075,ok
NGC 5548,FOS,,y1bp0704t_c2f.fits,0.075,ok
NGC 5548,FOS,,y1bp0704t_c4f.fits,0.075,ok
NGC 5548,FOS,,y1bp0704t_c5f.fits,0.075,ok
NGC 5548,FOS,,y1bp0704t_c7f.fits,0.075,ok
NGC 5548,FOS,,y1bp0705t_c0f.fits,0.092,ok
NGC 5548,FOS,,y1bp0705t_c1f.fits,0.092,ok
NGC 5548,FOS,,y1bp0705t_c2f.fits,0.092,ok
NGC 5548,FOS,,y1bp0705t_c4f.fits,0.092,ok
NGC 5548,FOS,,y1bp0705t_c5f.fits,0.092,ok
NGC 5548,FOS,,y1bp0705t_c7f.fits,0.092,ok
NGC 5548,FOS,,y1bp0804t_c0f.fits,0.075,ok
NGC 5548,FOS,,y1bp0804t_c1f.fits,0.075,ok
NGC 5548,FOS,,y1bp0804t_c2f.fits,0.075,ok
NGC 5548,FOS,,y1bp0804t_c4f.fits,0.075,ok
NGC 5548,FOS,,y1bp0804t_c5f.fits,0.075,ok
NGC 5548,FOS,,y1bp0804t_c7f.fits,0.075,ok
NGC 5548,FOS,,y1bp0805t_c0f.fits,0.092,ok
NGC 5548,FOS,,y1bp0805t_c1f.fits,0.092,ok
NGC 5548,FOS,,y1bp0805t_c2f.fits,0.092,ok
NGC 5548,FOS,,y1bp0805t_c4f.fits,0.092,ok
NGC 5548,FOS,,y1bp0805t_c5f.fits,0.092,ok
NGC 5548,FOS,,y1bp0805t_c7f.fits,0.092,ok
NGC 5548,FOS,,y1bp0904t_c0f.fits,0.075,ok
NGC 5548,FOS,,y1bp0904t_c1f.fits,0.075,ok
NGC 5548,FOS,,y1bp0904t_c2f.fits,0.075,ok
NGC 5548,FOS,,y1bp0904t_c4f.fits,0.075,ok
NGC 5548,FOS,,y1bp0904t_c5f.fits,0.075,ok
NGC 5548,FOS,,y1bp0904t_c7f.fits,0.075,ok
NGC 5548,FOS,,y1bp0905t_c0f.fits,0.092,ok
NGC 5548,FOS,,y1bp0905t_c1f.fits,0.092,ok
NGC 5548,FOS,,y1bp0905t_c2f.fits,0.092,ok
NGC 5548,FOS,,y1bp0905t_c4f.fits,0.092,ok
NGC 5548,FOS,,y1bp0905t_c5f.fits,0.092,ok
NGC 5548,FOS,,y1bp0905t_c7f.fits,0.092,ok
NGC 5548,FOS,,y1bp0a04t_c0f.fits,0.075,ok
NGC 5548,FOS,,y1bp0a04t_c1f.fits,0.075,ok
NGC 5548,FOS,,y1bp0a04t_c2f.fits,0.075,ok
NGC 5548,FOS,,y1bp0a04t_c4f.fits,0.075,ok
NGC 5548,FOS,,y1bp0a04t_c5f.fits,0.075,ok
NGC 5548,FOS,,y1bp0a04t_c7f.fits,0.075,ok
NGC 5548,FOS,,y1bp0a05t_c0f.fits,0.092,ok
NGC 5548,FOS,,y1bp0a05t_c1f.fits,0.092,ok
NGC 5548,FOS,,y1bp0a05t_c2f.fits,0.092,ok
NGC 5548,FOS,,y1bp0a05t_c4f.fits,0.092,ok
NGC 5548,FOS,,y1bp0a05t_c5f.fits,0.092,ok
NGC 5548,FOS,,y1bp0a05t_c7f.fits,0.092,ok
NGC 5548,FOS,,y1bp0b04m_c0f.fits,0.075,ok
NGC 5548,FOS,,y1bp0b04m_c1f.fits,0.075,ok
NGC 5548,FOS,,y1bp0b04m_c2f.fits,0.075,ok
NGC 5548,FOS,,y1bp0b04m_c4f.fits,0.075,ok
NGC 5548,FOS,,y1bp0b04m_c5f.fits,0.075,ok
NGC 5548,FOS,,y1bp0b04m_c7f.fits,0.075,ok
NGC 5548,FOS,,y1bp0b05t_c0f.fits,0.092,ok
NGC 5548,FOS,,y1bp0b05t_c1f.fits,0.092,ok
NGC 5548,FOS,,y1bp0b05t_c2f.fits,0.092,ok
NGC 5548,FOS,,y1bp0b05t_c4f.fits,0.092,ok
NGC 5548,FOS,,y1bp0b05t_c5f.fits,0.092,ok
NGC 5548,FOS,,y1bp0b05t_c7f.fits,0.092,ok
NGC 5548,FOS,,y1bp0c04t_c0f.fits,0.075,ok
NGC 5548,FOS,,y1bp0c04t_c1f.fits,0.075,ok
NGC 5548,FOS,,y1bp0c04t_c2f.fits,0.075,ok
NGC 5548,FOS,,y1bp0c04t_c4f.fits,0.075,ok
NGC 5548,FOS,,y1bp0c04t_c5f.fits,0.075,ok
NGC 5548,FOS,,y1bp0c04t_c7f.fits,0.075,ok
NGC 5548,FOS,,y1bp0c05t_c0f.fits,0.092,ok
NGC 5548,FOS,,y1bp0c05t_c1f.fits,0.092,ok
NGC 5548,FOS,,y1bp0c05t_c2f.fits,0.092,ok
NGC 5548,FOS,,y1bp0c05t_c4f.fits,0.092,ok
NGC 5548,FOS,,y1bp0c05t_c5f.fits,0.092,ok
NGC 5548,FOS,,y1bp0c05t_c7f.fits,0.092,ok
NGC 5548,FOS,,y1bp0d04t_c0f.fits,0.075,ok
NGC 5548,FOS,,y1bp0d04t_c1f.fits,0.075,ok
NGC 5548,FOS,,y1bp0d04t_c2f.fits,0.075,ok
NGC 5548,FOS,,y1bp0d04t_c4f.fits,0.075,ok
NGC 5548,FOS,,y1bp0d04t_c5f.fits,0.075,ok
NGC 5548,FOS,,y1bp0d04t_c7f.fits,0.075,ok
NGC 5548,FOS,,y1bp0d05t_c0f.fits,0.092,ok
NGC 5548,FOS,,y1bp0d05t_c1f.fits,0.092,ok
NGC 5548,FOS,,y1bp0d05t_c2f.fits,0.092,ok
NGC 5548,FOS,,y1bp0d05t_c4f.fits,0.092,ok
NGC 5548,FOS,,y1bp0d05t_c5f.fits,0.092,ok
NGC 5548,FOS,,y1bp0d05t_c7f.fits,0.092,ok
NGC 5548,FOS,,y1bp0e04t_c0f.fits,0.075,ok
NGC 5548,FOS,,y1bp0e04t_c1f.fits,0.075,ok
NGC 5548,FOS,,y1bp0e04t_c2f.fits,0.075,ok
NGC 5548,FOS,,y1bp0e04t_c4f.fits,0.075,ok
NGC 5548,FOS,,y1bp0e04t_c5f.fits,0.075,ok
NGC 5548,FOS,,y1bp0e04t_c7f.fits,0.075,ok
NGC 5548,FOS,,y1bp0e05t_c0f.fits,0.092,ok
NGC 5548,FOS,,y1bp0e05t_c1f.fits,0.092,ok
NGC 5548,FOS,,y1bp0e05t_c2f.fits,0.092,ok
NGC 5548,FOS,,y1bp0e05t_c4f.fits,0.092,ok
NGC 5548,FOS,,y1bp0e05t_c5f.fits,0.092,ok
NGC 5548,FOS,,y1bp0e05t_c7f.fits,0.092,ok
NGC 5548,FOS,,y1bp0f04t_c0f.fits,0.075,ok
NGC 5548,FOS,,y1bp0f04t_c1f.fits,0.075,ok
NGC 5548,FOS,,y1bp0f04t_c2f.fits,0.075,ok
NGC 5548,FOS,,y1bp0f04t_c4f.fits,0.075,ok
NGC 5548,FOS,,y1bp0f04t_c5f.fits,0.075,ok
NGC 5548,FOS,,y1bp0f04t_c7f.fits,0.075,ok
NGC 5548,FOS,,y1bp0f05t_c0f.fits,0.092,ok
NGC 5548,FOS,,y1bp0f05t_c1f.fits,0.092,ok
NGC 5548,FOS,,y1bp0f05t_c2f.fits,0.092,ok
NGC 5548,FOS,,y1bp0f05t_c4f.fits,0.092,ok
NGC 5548,FOS,,y1bp0f05t_c5f.fits,0.092,ok
NGC 5548,FOS,,y1bp0f05t_c7f.fits,0.092,ok
NGC 5548,FOS,,y1bp0g04t_c0f.fits,0.075,ok
NGC 5548,FOS,,y1bp0g04t_c1f.fits,0.075,ok
NGC 5548,FOS,,y1bp0g04t_c2f.fits,0.075,ok
NGC 5548,FOS,,y1bp0g04t_c4f.fits,0.075,ok
NGC 5548,FOS,,y1bp0g04t_c5f.fits,0.075,ok
NGC 5548,FOS,,y1bp0g04t_c7f.fits,0.075,ok
NGC 5548,FOS,,y1bp0g05t_c0f.fits,0.092,ok
NGC 5548,FOS,,y1bp0g05t_c1f.fits,0.092,ok
NGC 5548,FOS,,y1bp0g05t_c2f.fits,0.092,ok
NGC 5548,FOS,,y1bp0g05t_c4f.fits,0.092,ok
NGC 5548,FOS,,y1bp0g05t_c5f.fits,0.092,ok
NGC 5548,FOS,,y1bp0g05t_c7f.fits,0.092,ok
NGC 5548,FOS,,y1bp0h04t_c0f.fits,0.075,ok
NGC 5548,FOS,,y1bp0h04t_c1f.fits,0.075,ok
NGC 5548,FOS,,y1bp0h04t_c2f.fits,0.075,ok
NGC 5548,FOS,,y1bp0h04t_c4f.fits,0.075,ok
NGC 5548,FOS,,y1bp0h04t_c5f.fits,0.075,ok
NGC 5548,FOS,,y1bp0h04t_c7f.fits,0.075,ok
NGC 5548,FOS,,y1bp0h05t_c0f.fits,0.092,ok
NGC 5548,FOS,,y1bp0h05t_c1f.fits,0.092,ok
NGC 5548,FOS,,y1bp0h05t_c2f.fits,0.092,ok
NGC 5548,FOS,,y1bp0h05t_c4f.fits,0.092,ok
NGC 5548,FOS,,y1bp0h05t_c5f.fits,0.092,ok
NGC 5548,FOS,,y1bp0h05t_c7f.fits,0.092,ok
NGC 5548,FOS,,y1bp0i04t_c0f.fits,0.075,ok
NGC 5548,FOS,,y1bp0i04t_c1f.fits,0.075,ok
NGC 5548,FOS,,y1bp0i04t_c2f.fits,0.075,ok
NGC 5548,FOS,,y1bp0i04t_c4f.fits,0.075,ok
NGC 5548,FOS,,y1bp0i04t_c5f.fits,0.075,ok
NGC 5548,FOS,,y1bp0i04t_c7f.fits,0.075,ok
NGC 5548,FOS,,y1bp0i05t_c0f.fits,0.092,ok
NGC 5548,FOS,,y1bp0i05t_c1f.fits,0.092,ok
NGC 5548,FOS,,y1bp0i05t_c2f.fits,0.092,ok
NGC 5548,FOS,,y1bp0i05t_c4f.fits,0.092,ok
NGC 5548,FOS,,y1bp0i05t_c5f.fits,0.092,ok
NGC 5548,FOS,,y1bp0i05t_c7f.fits,0.092,ok
NGC 5548,FOS,,y1bp0j04t_c0f.fits,0.075,ok
NGC 5548,FOS,,y1bp0j04t_c1f.fits,0.075,ok
NGC 5548,FOS,,y1bp0j04t_c2f.fits,0.075,ok
NGC 5548,FOS,,y1bp0j04t_c4f.fits,0.075,ok
NGC 5548,FOS,,y1bp0j04t_c5f.fits,0.075,ok
NGC 5548,FOS,,y1bp0j04t_c7f.fits,0.075,ok
NGC 5548,FOS,,y1bp0j05t_c0f.fits,0.092,ok
NGC 5548,FOS,,y1bp0j05t_c1f.fits,0.092,ok
NGC 5548,FOS,,y1bp0j05t_c2f.fits,0.092,ok
NGC 5548,FOS,,y1bp0j05t_c4f.fits,0.092,ok
NGC 5548,FOS,,y1bp0j05t_c5f.fits,0.092,ok
NGC 5548,FOS,,y1bp0j05t_c7f.fits,0.092,ok
NGC 5548,FOS,,y1bp0k04t_c0f.fits,0.075,ok
NGC 5548,FOS,,y1bp0k04t_c1f.fits,0.075,ok
NGC 5548,FOS,,y1bp0k04t_c2f.fits,0.075,ok
NGC 5548,FOS,,y1bp0k04t_c4f.fits,0.075,ok
NGC 5548,FOS,,y1bp0k04t_c5f.fits,0.075,ok
NGC 5548,FOS,,y1bp0k04t_c7f.fits,0.075,ok
NGC 5548,FOS,,y1bp0k05t_c0f.fits,0.092,ok
NGC 5548,FOS,,y1bp0k05t_c1f.fits,0.092,ok
NGC 5548,FOS,,y1bp0k05t_c2f.fits,0.092,ok
NGC 5548,FOS,,y1bp0k05t_c4f.fits,0.092,ok
NGC 5548,FOS,,y1bp0k05t_c5f.fits,0.092,ok
NGC 5548,FOS,,y1bp0k05t_c7f.fits,0.092,ok
NGC 5548,FOS,,y1bp0l04t_c0f.fits,0.075,ok
NGC 5548,FOS,,y1bp0l04t_c1f.fits,0.075,ok
NGC 5548,FOS,,y1bp0l04t_c2f.fits,0.075,ok
NGC 5548,FOS,,y1bp0l04t_c4f.fits,0.075,ok
NGC 5548,FOS,,y1bp0l04t_c5f.fits,0.075,ok
NGC 5548,FOS,,y1bp0l04t_c7f.fits,0.075,ok
NGC 5548,FOS,,y1bp0l05t_c0f.fits,0.092,ok
NGC 5548,FOS,,y1bp0l05t_c1f.fits,0.092,ok
NGC 5548,FOS,,y1bp0l05t_c2f.fits,0.092,ok
NGC 5548,FOS,,y1bp0l05t_c4f.fits,0.092,ok
NGC 5548,FOS,,y1bp0l05t_c5f.fits,0.092,ok
NGC 5548,FOS,,y1bp0l05t_c7f.fits,0.092,ok
NGC 5548,FOS,,y1bp0m04t_c0f.fits,0.075,ok
NGC 5548,FOS,,y1bp0m04t_c1f.fits,0.075,ok
NGC 5548,FOS,,y1bp0m04t_c2f.fits,0.075,ok
NGC 5548,FOS,,y1bp0m04t_c4f.fits,0.075,ok
NGC 5548,FOS,,y1bp0m04t_c5f.fits,0.075,ok
NGC 5548,FOS,,y1bp0m04t_c7f.fits,0.075,ok
NGC 5548,FOS,,y1bp0m05t_c0f.fits,0.092,ok
NGC 5548,FOS,,y1bp0m05t_c1f.fits,0.092,ok
NGC 5548,FOS,,y1bp0m05t_c2f.fits,0.092,ok
NGC 5548,FOS,,y1bp0m05t_c4f.fits,0.092,ok
NGC 5548,FOS,,y1bp0m05t_c5f.fits,0.092,ok
NGC 5548,FOS,,y1bp0m05t_c7f.fits,0.092,ok
NGC 5548,FOS,,y1bp0n04t_c0f.fits,0.075,ok
NGC 5548,FOS,,y1bp0n04t_c1f.fits,0.075,ok
NGC 5548,FOS,,y1bp0n04t_c2f.fits,0.075,ok
NGC 5548,FOS,,y1bp0n04t_c4f.fits,0.075,ok
NGC 5548,FOS,,y1bp0n04t_c5f.fits,0.075,ok
NGC 5548,FOS,,y1bp0n04t_c7f.fits,0.075,ok
NGC 5548,FOS,,y1bp0n05t_c0f.fits,0.092,ok
NGC 5548,FOS,,y1bp0n05t_c1f.fits,0.092,ok
NGC 5548,FOS,,y1bp0n05t_c2f.fits,0.092,ok
NGC 5548,FOS,,y1bp0n05t_c4f.fits,0.092,ok
NGC 5548,FOS,,y1bp0n05t_c5f.fits,0.092,ok
NGC 5548,FOS,,y1bp0n05t_c7f.fits,0.092,ok
NGC 5548,FOS,,y1bp0o04t_c0f.fits,0.075,ok
NGC 5548,FOS,,y1bp0o04t_c1f.fits,0.075,ok
NGC 5548,FOS,,y1bp0o04t_c2f.fits,0.075,ok
NGC 5548,FOS,,y1bp0o04t_c4f.fits,0.075,ok
NGC 5548,FOS,,y1bp0o04t_c5f.fits,0.075,ok
NGC 5548,FOS,,y1bp0o04t_c7f.fits,0.075,ok
NGC 5548,FOS,,y1bp0o05t_c0f.fits,0.092,ok
NGC 5548,FOS,,y1bp0o05t_c1f.fits,0.092,ok
NGC 5548,FOS,,y1bp0o05t_c2f.fits,0.092,ok
NGC 5548,FOS,,y1bp0o05t_c4f.fits,0.092,ok
NGC 5548,FOS,,y1bp0o05t_c5f.fits,0.092,ok
NGC 5548,FOS,,y1bp0o05t_c7f.fits,0.092,ok
NGC 5548,FOS,,y1bp0p04t_c0f.fits,0.075,ok
NGC 5548,FOS,,y1bp0p04t_c1f.fits,0.075,ok
NGC 5548,FOS,,y1bp0p04t_c2f.fits,0.075,ok
NGC 5548,FOS,,y1bp0p04t_c4f.fits,0.075,ok
NGC 5548,FOS,,y1bp0p04t_c5f.fits,0.075,ok
NGC 5548,FOS,,y1bp0p04t_c7f.fits,0.075,ok
NGC 5548,FOS,,y1bp0p05t_c0f.fits,0.092,ok
NGC 5548,FOS,,y1bp0p05t_c1f.fits,0.092,ok
NGC 5548,FOS,,y1bp0p05t_c2f.fits,0.092,ok
NGC 5548,FOS,,y1bp0p05t_c4f.fits,0.092,ok
NGC 5548,FOS,,y1bp0p05t_c5f.fits,0.092,ok
NGC 5548,FOS,,y1bp0p05t_c7f.fits,0.092,ok
NGC 5548,FOS,,y1bp0q04t_c0f.fits,0.075,ok
NGC 5548,FOS,,y1bp0q04t_c1f.fits,0.075,ok
NGC 5548,FOS,,y1bp0q04t_c2f.fits,0.075,ok
NGC 5548,FOS,,y1bp0q04t_c4f.fits,0.075,ok
NGC 5548,FOS,,y1bp0q04t_c5f.fits,0.075,ok
NGC 5548,FOS,,y1bp0q04t_c7f.fits,0.075,ok
NGC 5548,FOS,,y1bp0q05m_c0f.fits,0.092,ok
NGC 5548,FOS,,y1bp0q05m_c1f.fits,0.092,ok
NGC 5548,FOS,,y1bp0q05m_c2f.fits,0.092,ok
NGC 5548,FOS,,y1bp0q05m_c4f.fits,0.092,ok
NGC 5548,FOS,,y1bp0q05m_c5f.fits,0.092,ok
NGC 5548,FOS,,y1bp0q05m_c7f.fits,0.092,ok
NGC 5548,FOS,,y1bp0r04t_c0f.fits,0.075,ok
NGC 5548,FOS,,y1bp0r04t_c1f.fits,0.075,ok
NGC 5548,FOS,,y1bp0r04t_c2f.fits,0.075,ok
NGC 5548,FOS,,y1bp0r04t_c4f.fits,0.075,ok
NGC 5548,FOS,,y1bp0r04t_c5f.fits,0.075,ok
NGC 5548,FOS,,y1bp0r04t_c7f.fits,0.075,ok
NGC 5548,FOS,,y1bp0r05t_c0f.fits,0.092,ok
NGC 5548,FOS,,y1bp0r05t_c1f.fits,0.092,ok
NGC 5548,FOS,,y1bp0r05t_c2f.fits,0.092,ok
NGC 5548,FOS,,y1bp0r05t_c4f.fits,0.092,ok
NGC 5548,FOS,,y1bp0r05t_c5f.fits,0.092,ok
NGC 5548,FOS,,y1bp0r05t_c7f.fits,0.092,ok
NGC 5548,FOS,,y1bp0s04t_c0f.fits,0.075,ok
NGC 5548,FOS,,y1bp0s04t_c1f.fits,0.075,ok
NGC 5548,FOS,,y1bp0s04t_c2f.fits,0.075,ok
NGC 5548,FOS,,y1bp0s04t_c4f.fits,0.075,ok
NGC 5548,FOS,,y1bp0s04t_c5f.fits,0.075,ok
NGC 5548,FOS,,y1bp0s04t_c7f.fits,0.075,ok
NGC 5548,FOS,,y1bp0s05t_c0f.fits,0.092,ok
NGC 5548,FOS,,y1bp0s05t_c1f.fits,0.092,ok
NGC 5548,FOS,,y1bp0s05t_c2f.fits,0.092,ok
NGC 5548,FOS,,y1bp0s05t_c4f.fits,0.092,ok
NGC 5548,FOS,,y1bp0s05t_c5f.fits,0.092,ok
NGC 5548,FOS,,y1bp0s05t_c7f.fits,0.092,ok
NGC 5548,FOS,,y1bp0t04t_c0f.fits,0.075,ok
NGC 5548,FOS,,y1bp0t04t_c1f.fits,0.075,ok
NGC 5548,FOS,,y1bp0t04t_c2f.fits,0.075,ok
NGC 5548,FOS,,y1bp0t04t_c4f.fits,0.075,ok
NGC 5548,FOS,,y1bp0t04t_c5f.fits,0.075,ok
NGC 5548,FOS,,y1bp0t04t_c7f.fits,0.075,ok
NGC 5548,FOS,,y1bp0t05t_c0f.fits,0.092,ok
NGC 5548,FOS,,y1bp0t05t_c1f.fits,0.092,ok
NGC 5548,FOS,,y1bp0t05t_c2f.fits,0.092,ok
NGC 5548,FOS,,y1bp0t05t_c4f.fits,0.092,ok
NGC 5548,FOS,,y1bp0t05t_c5f.fits,0.092,ok
NGC 5548,FOS,,y1bp0t05t_c7f.fits,0.092,ok
NGC 5548,FOS,,y1bp0u04t_c0f.fits,0.075,ok
NGC 5548,FOS,,y1bp0u04t_c1f.fits,0.075,ok
NGC 5548,FOS,,y1bp0u04t_c2f.fits,0.075,ok
NGC 5548,FOS,,y1bp0u04t_c4f.fits,0.075,ok
NGC 5548,FOS,,y1bp0u04t_c5f.fits,0.075,ok
NGC 5548,FOS,,y1bp0u04t_c7f.fits,0.075,ok
NGC 5548,FOS,,y1bp0u05t_c0f.fits,0.092,ok
NGC 5548,FOS,,y1bp0u05t_c1f.fits,0.092,ok
NGC 5548,FOS,,y1bp0u05t_c2f.fits,0.092,ok
NGC 5548,FOS,,y1bp0u05t_c4f.fits,0.092,ok
NGC 5548,FOS,,y1bp0u05t_c5f.fits,0.092,ok
NGC 5548,FOS,,y1bp0u05t_c7f.fits,0.092,ok
NGC 5548,FOS,,y1bp0v04t_c0f.fits,0.075,ok
NGC 5548,FOS,,y1bp0v04t_c1f.fits,0.075,ok
NGC 5548,FOS,,y1bp0v04t_c2f.fits,0.075,ok
NGC 5548,FOS,,y1bp0v04t_c4f.fits,0.075,ok
NGC 5548,FOS,,y1bp0v04t_c5f.fits,0.075,ok
NGC 5548,FOS,,y1bp0v04t_c7f.fits,0.075,ok
NGC 5548,FOS,,y1bp0v05t_c0f.fits,0.092,ok
NGC 5548,FOS,,y1bp0v05t_c1f.fits,0.092,ok
NGC 5548,FOS,,y1bp0v05t_c2f.fits,0.092,ok
NGC 5548,FOS,,y1bp0v05t_c4f.fits,0.092,ok
NGC 5548,FOS,,y1bp0v05t_c5f.fits,0.092,ok
NGC 5548,FOS,,y1bp0v05t_c7f.fits,0.092,ok
NGC 5548,FOS,,y1bp0w04t_c0f.fits,0.075,ok
NGC 5548,FOS,,y1bp0w04t_c1f.fits,0.075,ok
NGC 5548,FOS,,y1bp0w04t_c2f.fits,0.075,ok
NGC 5548,FOS,,y1bp0w04t_c4f.fits,0.075,ok
NGC 5548,FOS,,y1bp0w04t_c5f.fits,0.075,ok
NGC 5548,FOS,,y1bp0w04t_c7f.fits,0.075,ok
NGC 5548,FOS,,y1bp0w05t_c0f.fits,0.092,ok
NGC 5548,FOS,,y1bp0w05t_c1f.fits,0.092,ok
NGC 5548,FOS,,y1bp0w05t_c2f.fits,0.092,ok
NGC 5548,FOS,,y1bp0w05t_c4f.fits,0.092,ok
NGC 5548,FOS,,y1bp0w05t_c5f.fits,0.092,ok
NGC 5548,FOS,,y1bp0w05t_c7f.fits,0.092,ok
NGC 5548,FOS,,y1bp0x04t_c0f.fits,0.075,ok
NGC 5548,FOS,,y1bp0x04t_c1f.fits,0.075,ok
NGC 5548,FOS,,y1bp0x04t_c2f.fits,0.075,ok
NGC 5548,FOS,,y1bp0x04t_c4f.fits,0.075,ok
NGC 5548,FOS,,y1bp0x04t_c5f.fits,0.075,ok
NGC 5548,FOS,,y1bp0x04t_c7f.fits,0.075,ok
NGC 5548,FOS,,y1bp0x05t_c0f.fits,0.092,ok
NGC 5548,FOS,,y1bp0x05t_c1f.fits,0.092,ok
NGC 5548,FOS,,y1bp0x05t_c2f.fits,0.092,ok
NGC 5548,FOS,,y1bp0x05t_c4f.fits,0.092,ok
NGC 5548,FOS,,y1bp0x05t_c5f.fits,0.092,ok
NGC 5548,FOS,,y1bp0x05t_c7f.fits,0.092,ok
NGC 5548,FOS,,y1bp0y04t_c0f.fits,0.075,ok
NGC 5548,FOS,,y1bp0y04t_c1f.fits,0.075,ok
NGC 5548,FOS,,y1bp0y04t_c2f.fits,0.075,ok
NGC 5548,FOS,,y1bp0y04t_c4f.fits,0.075,ok
NGC 5548,FOS,,y1bp0y04t_c5f.fits,0.075,ok
NGC 5548,FOS,,y1bp0y04t_c7f.fits,0.075,ok
NGC 5548,FOS,,y1bp0y05t_c0f.fits,0.092,ok
NGC 5548,FOS,,y1bp0y05t_c1f.fits,0.092,ok
NGC 5548,FOS,,y1bp0y05t_c2f.fits,0.092,ok
NGC 5548,FOS,,y1bp0y05t_c4f.fits,0.092,ok
NGC 5548,FOS,,y1bp0y05t_c5f.fits,0.092,ok
NGC 5548,FOS,,y1bp0y05t_c7f.fits,0.092,ok
NGC 5548,FOS,,y1bp0z04t_c0f.fits,0.075,ok
NGC 5548,FOS,,y1bp0z04t_c1f.fits,0.075,ok
NGC 5548,FOS,,y1bp0z04t_c2f.fits,0.075,ok
NGC 5548,FOS,,y1bp0z04t_c4f.fits,0.075,ok
NGC 5548,FOS,,y1bp0z04t_c5f.fits,0.075,ok
NGC 5548,FOS,,y1bp0z04t_c7f.fits,0.075,ok
NGC 5548,FOS,,y1bp0z05t_c0f.fits,0.092,ok
NGC 5548,FOS,,y1bp0z05t_c1f.fits,0.092,ok
NGC 5548,FOS,,y1bp0z05t_c2f.fits,0.092,ok
NGC 5548,FOS,,y1bp0z05t_c4f.fits,0.092,ok
NGC 5548,FOS,,y1bp0z05t_c5f.fits,0.092,ok
NGC 5548,FOS,,y1bp0z05t_c7f.fits,0.092,ok
NGC 5548,FOS,,y1bp1004t_c0f.fits,0.075,ok
NGC 5548,FOS,,y1bp1004t_c1f.fits,0.075,ok
NGC 5548,FOS,,y1bp1004t_c2f.fits,0.075,ok
NGC 5548,FOS,,y1bp1004t_c4f.fits,0.075,ok
NGC 5548,FOS,,y1bp1004t_c5f.fits,0.075,ok
NGC 5548,FOS,,y1bp1004t_c7f.fits,0.075,ok
NGC 5548,FOS,,y1bp1005t_c0f.fits,0.092,ok
NGC 5548,FOS,,y1bp1005t_c1f.fits,0.092,ok
NGC 5548,FOS,,y1bp1005t_c2f.fits,0.092,ok
NGC 5548,FOS,,y1bp1005t_c4f.fits,0.092,ok
NGC 5548,FOS,,y1bp1005t_c5f.fits,0.092,ok
NGC 5548,FOS,,y1bp1005t_c7f.fits,0.092,ok
NGC 5548,FOS,,y1bp1104t_c0f.fits,0.075,ok
NGC 5548,FOS,,y1bp1104t_c1f.fits,0.075,ok
NGC 5548,FOS,,y1bp1104t_c2f.fits,0.075,ok
NGC 5548,FOS,,y1bp1104t_c4f.fits,0.075,ok
NGC 5548,FOS,,y1bp1104t_c5f.fits,0.075,ok
NGC 5548,FOS,,y1bp1104t_c7f.fits,0.075,ok
NGC 5548,FOS,,y1bp1105t_c0f.fits,0.092,ok
NGC 5548,FOS,,y1bp1105t_c1f.fits,0.092,ok
NGC 5548,FOS,,y1bp1105t_c2f.fits,0.092,ok
NGC 5548,FOS,,y1bp1105t_c4f.fits,0.092,ok
NGC 5548,FOS,,y1bp1105t_c5f.fits,0.092,ok
NGC 5548,FOS,,y1bp1105t_c7f.fits,0.092,ok
NGC 5548,FOS,,y1bp1204t_c0f.fits,0.075,ok
NGC 5548,FOS,,y1bp1204t_c1f.fits,0.075,ok
NGC 5548,FOS,,y1bp1204t_c2f.fits,0.075,ok
NGC 5548,FOS,,y1bp1204t_c4f.fits,0.075,ok
NGC 5548,FOS,,y1bp1204t_c5f.fits,0.075,ok
NGC 5548,FOS,,y1bp1204t_c7f.fits,0.075,ok
NGC 5548,FOS,,y1bp1205t_c0f.fits,0.092,ok
NGC 5548,FOS,,y1bp1205t_c1f.fits,0.092,ok
NGC 5548,FOS,,y1bp1205t_c2f.fits,0.092,ok
NGC 5548,FOS,,y1bp1205t_c4f.fits,0.092,ok
NGC 5548,FOS,,y1bp1205t_c5f.fits,0.092,ok
NGC 5548,FOS,,y1bp1205t_c7f.fits,0.092,ok
NGC 5548,FOS,,y1bp1304t_c0f.fits,0.075,ok
NGC 5548,FOS,,y1bp1304t_c1f.fits,0.075,ok
NGC 5548,FOS,,y1bp1304t_c2f.fits,0.075,ok
NGC 5548,FOS,,y1bp1304t_c4f.fits,0.075,ok
NGC 5548,FOS,,y1bp1304t_c5f.fits,0.075,ok
NGC 5548,FOS,,y1bp1304t_c7f.fits,0.075,ok
NGC 5548,FOS,,y1bp1305t_c0f.fits,0.092,ok
NGC 5548,FOS,,y1bp1305t_c1f.fits,0.092,ok
NGC 5548,FOS,,y1bp1305t_c2f.fits,0.092,ok
NGC 5548,FOS,,y1bp1305t_c4f.fits,0.092,ok
NGC 5548,FOS,,y1bp1305t_c5f.fits,0.092,ok
NGC 5548,FOS,,y1bp1305t_c7f.fits,0.092,ok
NGC 6814,STIS,,oc1504010_x1d.fits,0.081,ok
NGC 6814,STIS,,oc1504020_x1d.fits,0.081,ok
NGC 6814,STIS,,oc1504030_x1d.fits,0.081,ok
NGC 6814,STIS,,oc1504040_x1d.fits,0.078,ok
NGC 6814,STIS,,oc1504050_x1d.fits,0.078,ok
NGC 6814,STIS,,oc1504060_x1d.fits,0.078,ok
NGC 6814,STIS,,oc1504070_x1d.fits,0.078,ok
NGC 863,COS,,lc7g01010_x1dsum.fits,0.93,ok
NGC 863,COS,,lc7g01owq_x1d.fits,1.719,ok
NGC 863,COS,,lc7g01ozq_x1d.fits,1.719,ok
NGC 863,COS,,lce701010_x1dsum.fits,0.245,ok
NGC 863,COS,,lce701k2q_x1d.fits,0.429,ok
NGC 863,COS,,lce701k8q_x1d.fits,0.429,ok
NGC 863,COS,,lce701kmq_x1d.fits,0.429,ok
NGC 863,COS,,lce701kuq_x1d.fits,0.429,ok
NGC 863,COS,,ldqi01010_x1dsum.fits,0.93,ok
NGC 863,COS,,ldqi01llq_x1d.fits,1.719,ok
NGC 863,COS,,ldqi01lnq_x1d.fits,1.719,ok
NGC 863,COS,,ldqi01lpq_x1d.fits,1.719,ok
NGC 863,COS,,ldqi01lrq_x1d.fits,1.719,ok
NGC 863,COS,,ldqi02010_x1dsum.fits,0.93,ok
NGC 863,COS,,ldqi02onq_x1d.fits,1.719,ok
NGC 863,COS,,ldqi02opq_x1d.fits,1.719,ok
NGC 863,COS,,ldqi02orq_x1d.fits,1.719,ok
NGC 863,COS,,ldqi02otq_x1d.fits,1.719,ok
NGC 863,COS,,ldqi03010_x1dsum.fits,0.93,ok
NGC 863,COS,,ldqi03jwq_x1d.fits,1.719,ok
NGC 863,COS,,ldqi03jyq_x1d.fits,1.719,ok
NGC 863,COS,,ldqi03k0q_x1d.fits,1.719,ok
NGC 863,COS,,ldqi03k2q_x1d.fits,1.719,ok
NGC 863,COS,,ldrm01010_x1dsum.fits,0.93,ok
NGC 863,COS,,ldrm01jpq_x1d.fits,1.719,ok
NGC 863,COS,,ldrm01jrq_x1d.fits,1.719,ok
NGC 863,COS,,ldrm01kaq_x1d.fits,1.719,ok
NGC 863,COS,,ldrm01kcq_x1d.fits,1.719,ok
NGC 863,COS,,ldrms3010_x1dsum.fits,0.93,ok
NGC 863,COS,,ldrms3voq_x1d.fits,1.719,ok
NGC 863,COS,,ldrms3vqq_x1d.fits,1.719,ok
NGC 863,COS,,ldrms3vsq_x1d.fits,1.719,ok
NGC 863,COS,,ldrms3vxq_x1d.fits,1.719,ok
NGC 863,COS,,lef601010_x1dsum.fits,0.93,ok
NGC 863,COS,,lef601f8q_x1d.fits,1.719,ok
NGC 863,COS,,lef601faq_x1d.fits,1.719,ok
NGC 863,COS,,lef601fcq_x1d.fits,1.719,ok
NGC 863,COS,,lef601feq_x1d.fits,1.719,ok
NGC 863,COS,,lep101010_x1dsum.fits,0.93,ok
NGC 863,COS,,lep101b6q_x1d.fits,1.719,ok
NGC 863,COS,,lep101b8q_x1d.fits,1.719,ok
NGC 863,COS,,lep101bbq_x1d.fits,1.719,ok
NGC 863,COS,,lep101bdq_x1d.fits,1.719,ok
NGC 863,COS,,lfl401010_x1dsum.fits,0.043,ok
NGC 863,COS,,lfl401ehq_x1d.fits,0.046,ok
NGC 863,COS,,lfl401ejq_x1d.fits,0.046,ok
NGC 863,COS,,lfl401emq_x1d.fits,0.046,ok
NGC 863,COS,,lfl401fbq_x1d.fits,0.046,ok
NGC 863,COS,,lfl451010_x1dsum.fits,0.93,ok
NGC 863,COS,,lfl451t2q_x1d.fits,1.719,ok
NGC 863,COS,,lfl451t4q_x1d.fits,1.719,ok
NGC 863,COS,,lfl451t6q_x1d.fits,1.719,ok
NGC 863,COS,,lfl451t8q_x1d.fits,1.719,ok
NGC 985,COS,,lbz801010_x1dsum.fits,1.814,ok
NGC 985,COS,,lbz801020_x1dsum.fits,1.814,ok
NGC 985,COS,,lbz801030_x1dsum.fits,1.814,ok
NGC 985,COS,,lbz801040_x1dsum.fits,1.814,ok
NGC 985,COS,,lbz801exq_x1d.fits,3.39,ok
NGC 985,COS,,lbz801ezq_x1d.fits,3.39,ok
NGC 985,COS,,lbz801f1q_x1d.fits,3.39,ok
NGC 985,COS,,lbz801f3q_x1d.fits,3.39,ok
NGC 985,COS,,lbz801f5q_x1d.fits,3.39,ok
NGC 985,COS,,lbz801f7q_x1d.fits,3.39,ok
NGC 985,COS,,lbz801f9q_x1d.fits,3.39,ok
NGC 985,COS,,lbz801fcq_x1d.fits,3.39,ok
NGC 985,COS,,lcjm01010_x1dsum.fits,1.944,ok
NGC 985,COS,,lcjm01020_x1dsum.fits,1.944,ok
NGC 985,COS,,lcjm01030_x1dsum.fits,1.814,ok
NGC 985,COS,,lcjm01040_x1dsum.fits,1.814,ok
NGC 985,COS,,lcjm01050_x1dsum.fits,1.944,ok
NGC 985,COS,,lcjm01060_x1dsum.fits,1.944,ok
NGC 985,COS,,lcjm01070_x1dsum.fits,1.944,ok
NGC 985,COS,,lcjm01080_x1dsum.fits,1.817,ok
NGC 985,COS,,lcjm01mbq_x1d.fits,3.39,ok
NGC 985,COS,,lcjm01mwq_x1d.fits,3.39,ok
NGC 985,COS,,lcjm01mzq_x1d.fits,3.39,ok
NGC 985,COS,,lcjm01n4q_x1d.fits,3.39,ok
NGC 985,COS,,lcjm01n8q_x1d.fits,3.39,ok
NGC 985,COS,,lcjm01naq_x1d.fits,3.39,ok
NGC 985,COS,,lcjm01nfq_x1d.fits,3.39,ok
NGC 985,COS,,lcjm01niq_x1d.fits,3.39,ok
NGC 985,COS,,lcjm01nkq_x1d.fits,3.39,ok
NGC 985,COS,,lcjm01nqq_x1d.fits,3.39,ok
NGC 985,COS,,lcjm01ntq_x1d.fits,3.39,ok
NGC 985,COS,,lcjm01nxq_x1d.fits,3.39,ok
NGC 985,COS,,lcjm01o0q_x1d.fits,3.39,ok
NGC 985,COS,,lcjm02010_x1dsum.fits,1.944,ok
NGC 985,COS,,lcjm02020_x1dsum.fits,1.944,ok
NGC 985,COS,,lcjm02030_x1dsum.fits,1.814,ok
NGC 985,COS,,lcjm02040_x1dsum.fits,1.814,ok
NGC 985,COS,,lcjm02050_x1dsum.fits,1.944,ok
NGC 985,COS,,lcjm02060_x1dsum.fits,1.944,ok
NGC 985,COS,,lcjm02070_x1dsum.fits,1.944,ok
NGC 985,COS,,lcjm02080_x1dsum.fits,1.817,ok
NGC 985,COS,,lcjm02a8q_x1d.fits,3.39,ok
NGC 985,COS,,lcjm02aaq_x1d.fits,3.39,ok
NGC 985,COS,,lcjm02acq_x1d.fits,3.39,ok
NGC 985,COS,,lcjm02aeq_x1d.fits,3.39,ok
NGC 985,COS,,lcjm02agq_x1d.fits,3.39,ok
NGC 985,COS,,lcjm02aiq_x1d.fits,3.39,ok
NGC 985,COS,,lcjm02akq_x1d.fits,3.39,ok
NGC 985,COS,,lcjm02amq_x1d.fits,3.39,ok
NGC 985,COS,,lcjm02asq_x1d.fits,3.39,ok
NGC 985,COS,,lcjm02b7q_x1d.fits,3.39,ok
NGC 985,COS,,lcjm02beq_x1d.fits,3.39,ok
NGC 985,COS,,lcjm02c5q_x1d.fits,3.39,ok
NGC 985,COS,,lcjm02c8q_x1d.fits,3.39,ok
NGC-4051,COS,,lb7z01010_x1dsum.fits,1.947,ok
NGC-4051,COS,,lb7z01020_x1dsum.fits,1.944,ok
NGC-4051,COS,,lb7z01030_x1dsum.fits,1.947,ok
NGC-4051,COS,,lb7z01040_x1dsum.fits,1.944,ok
NGC-4051,COS,,lb7z01xfq_x1d.fits,3.39,ok
NGC-4051,COS,,lb7z01xhq_x1d.fits,3.39,ok
NGC-4051,COS,,lb7z01xjq_x1d.fits,3.39,ok
NGC-4051,COS,,lb7z01xlq_x1d.fits,3.39,ok
NGC-4051,COS,,ld3c01010_x1dsum.fits,1.817,ok
NGC-4051,COS,,ld3c01020_x1dsum.fits,1.814,ok
NGC-4051,COS,,ld3c01030_x1dsum.fits,1.817,ok
NGC-4051,COS,,ld3c01040_x1dsum.fits,1.814,ok
NGC-4051,COS,,ld3c01k7q_x1d.fits,3.39,ok
NGC-4051,COS,,ld3c01l7q_x1d.fits,3.39,ok
NGC-4051,COS,,ld3c01leq_x1d.fits,3.39,ok
NGC-4051,COS,,ld3c01lgq_x1d.fits,3.39,ok
NGC-4051,COS,,ld3c01llq_x1d.fits,3.39,ok
NGC-4051,COS,,ld3c01ltq_x1d.fits,3.39,ok
NGC-4051,COS,,ld3c01lwq_x1d.fits,3.39,ok
NGC-4051,COS,,ld3c01lyq_x1d.fits,3.39,ok
NGC-4051,COS,,lfjb01010_x1dsum.fits,0.0,error
NGC-4051,COS,,lfjb01020_x1dsum.fits,0.0,error
NGC-4051,COS,,lfjb01a6q_x1d.fits,0.0,error
NGC-4051,COS,,lfjb01a8q_x1d.fits,0.0,error
NGC-4051,COS,,lfjb01aaq_x1d.fits,0.0,error
NGC-4051,COS,,lfjb01adq_x1d.fits,0.0,error
NGC-4051,COS,,lfjb01afq_x1d.fits,0.0,error
NGC-4051,COS,,lfjb01ahq_x1d.fits,0.0,error
NGC-4051,COS,,lfjb01ajq_x1d.fits,0.0,error
NGC-4051,COS,,lfjb01amq_x1d.fits,0.0,error
NGC-4051,COS,,lfjb01aoq_x1d.fits,0.0,error
NGC-4051,COS,,lfjb01aqq_x1d.fits,0.0,error
NGC-4051,COS,,lfjb01atq_x1d.fits,0.0,error
NGC-4051,COS,,lfjb01z4q_x1d.fits,0.0,error
NGC-4051,COS,,lfjb01z9q_x1d.fits,0.0,error
NGC-4051,COS,,lfjb01zkq_x1d.fits,0.0,error
NGC-4051,COS,,lfjb01zoq_x1d.fits,0.0,error
NGC-4051,COS,,lfjb01zxq_x1d.fits,0.0,error
NGC-4051,STIS,,o5f001010_x1d.fits,1.757,ok
NGC-4051,STIS,,o5f001020_x1d.fits,1.757,ok
NGC-4051,STIS,,o5f001030_x1d.fits,1.757,ok
NGC-4051,STIS,,o5f001040_x1d.fits,1.757,ok
NGC-4051,STIS,,o5g402010_sx1.fits,0.081,ok
NGC-4051,STIS,,o5g402020_sx1.fits,0.06,ok
NGC-7469,COS,,lbgu24010_x1dsum.fits,1.944,ok
NGC-7469,COS,,lbgu24020_x1dsum.fits,1.944,ok
NGC-7469,COS,,lbgu24030_x1dsum.fits,1.944,ok
NGC-7469,COS,,lbgu24040_x1dsum.fits,1.944,ok
NGC-7469,COS,,lbgu24050_x1dsum.fits,1.944,ok
NGC-7469,COS,,lbgu24060_x1dsum.fits,1.944,ok
NGC-7469,COS,,lbgu24070_x1dsum.fits,1.944,ok
NGC-7469,COS,,lbgu24080_x1dsum.fits,1.944,ok
NGC-7469,COS,,lbgu24e5q_x1d.fits,3.39,ok
NGC-7469,COS,,lbgu24e7q_x1d.fits,3.39,ok
NGC-7469,COS,,lbgu24edq_x1d.fits,3.39,ok
NGC-7469,COS,,lbgu24efq_x1d.fits,3.39,ok
NGC-7469,COS,,lbgu24eiq_x1d.fits,3.39,ok
NGC-7469,COS,,lbgu24ewq_x1d.fits,3.39,ok
NGC-7469,COS,,lbgu24ezq_x1d.fits,3.39,ok
NGC-7469,COS,,lbgu24f1q_x1d.fits,3.39,ok
NGC-7469,COS,,lcsx01010_x1dsum.fits,1.814,ok
NGC-7469,COS,,lcsx01020_x1dsum.fits,1.814,ok
NGC-7469,COS,,lcsx01030_x1dsum.fits,1.814,ok
NGC-7469,COS,,lcsx01040_x1dsum.fits,1.814,ok
NGC-7469,COS,,lcsx01coq_x1d.fits,3.39,ok
NGC-7469,COS,,lcsx01cqq_x1d.fits,3.39,ok
NGC-7469,COS,,lcsx01csq_x1d.fits,3.39,ok
NGC-7469,COS,,lcsx01cuq_x1d.fits,3.39,ok
NGC-7469,COS,,lcsx01cwq_x1d.fits,3.39,ok
NGC-7469,COS,,lcsx01cyq_x1d.fits,3.39,ok
NGC-7469,COS,,lcsx01d0q_x1d.fits,3.39,ok
NGC-7469,COS,,lcsx01d2q_x1d.fits,3.39,ok
NGC-7469,COS,,lcsx02010_x1dsum.fits,1.814,ok
NGC-7469,COS,,lcsx02020_x1dsum.fits,1.814,ok
NGC-7469,COS,,lcsx02030_x1dsum.fits,1.814,ok
NGC-7469,COS,,lcsx02040_x1dsum.fits,1.814,ok
NGC-7469,COS,,lcsx02kvq_x1d.fits,3.39,ok
NGC-7469,COS,,lcsx02kxq_x1d.fits,3.39,ok
NGC-7469,COS,,lcsx02kzq_x1d.fits,3.39,ok
NGC-7469,COS,,lcsx02l1q_x1d.fits,3.39,ok
NGC-7469,COS,,lcsx02l6q_x1d.fits,3.39,ok
NGC-7469,COS,,lcsx02l8q_x1d.fits,3.39,ok
NGC-7469,COS,,lcsx02laq_x1d.fits,3.39,ok
NGC-7469,COS,,lcsx02lcq_x1d.fits,3.39,ok
NGC-7469,COS,,lcsx03010_x1dsum.fits,1.814,ok
NGC-7469,COS,,lcsx03020_x1dsum.fits,1.814,ok
NGC-7469,COS,,lcsx03030_x1dsum.fits,1.814,ok
NGC-7469,COS,,lcsx03040_x1dsum.fits,1.814,ok
NGC-7469,COS,,lcsx03goq_x1d.fits,3.39,ok
NGC-7469,COS,,lcsx03gqq_x1d.fits,3.39,ok
NGC-7469,COS,,lcsx03gsq_x1d.fits,3.39,ok
NGC-7469,COS,,lcsx03guq_x1d.fits,3.39,ok
NGC-7469,COS,,lcsx03gwq_x1d.fits,3.39,ok
NGC-7469,COS,,lcsx03gyq_x1d.fits,3.39,ok
NGC-7469,COS,,lcsx03h0q_x1d.fits,3.39,ok
NGC-7469,COS,,lcsx03h2q_x1d.fits,3.39,ok
NGC-7469,COS,,lcsx04010_x1dsum.fits,1.814,ok
NGC-7469,COS,,lcsx04020_x1dsum.fits,1.814,ok
NGC-7469,COS,,lcsx04030_x1dsum.fits,1.814,ok
NGC-7469,COS,,lcsx04040_x1dsum.fits,1.814,ok
NGC-7469,COS,,lcsx04ouq_x1d.fits,3.39,ok
NGC-7469,COS,,lcsx04owq_x1d.fits,3.39,ok
NGC-7469,COS,,lcsx04oyq_x1d.fits,3.39,ok
NGC-7469,COS,,lcsx04p0q_x1d.fits,3.39,ok
NGC-7469,COS,,lcsx04p2q_x1d.fits,3.39,ok
NGC-7469,COS,,lcsx04p4q_x1d.fits,3.39,ok
NGC-7469,COS,,lcsx04p6q_x1d.fits,3.39,ok
NGC-7469,COS,,lcsx04p8q_x1d.fits,3.39,ok
NGC-7469,COS,,lcsx05010_x1dsum.fits,1.814,ok
NGC-7469,COS,,lcsx05020_x1dsum.fits,1.814,ok
NGC-7469,COS,,lcsx05030_x1dsum.fits,1.814,ok
NGC-7469,COS,,lcsx05040_x1dsum.fits,1.814,ok
NGC-7469,COS,,lcsx05y0q_x1d.fits,3.39,ok
NGC-7469,COS,,lcsx05y5q_x1d.fits,3.39,ok
NGC-7469,COS,,lcsx05y7q_x1d.fits,3.39,ok
NGC-7469,COS,,lcsx05yaq_x1d.fits,3.39,ok
NGC-7469,COS,,lcsx05ygq_x1d.fits,3.39,ok
NGC-7469,COS,,lcsx05yiq_x1d.fits,3.39,ok
NGC-7469,COS,,lcsx05ylq_x1d.fits,3.39,ok
NGC-7469,COS,,lcsx05ynq_x1d.fits,3.39,ok
NGC-7469,COS,,lcsx06010_x1dsum.fits,1.814,ok
NGC-7469,COS,,lcsx06020_x1dsum.fits,1.814,ok
NGC-7469,COS,,lcsx06030_x1dsum.fits,1.814,ok
NGC-7469,COS,,lcsx06040_x1dsum.fits,1.814,ok
NGC-7469,COS,,lcsx06i5q_x1d.fits,3.39,ok
NGC-7469,COS,,lcsx06i7q_x1d.fits,3.39,ok
NGC-7469,COS,,lcsx06i9q_x1d.fits,3.39,ok
NGC-7469,COS,,lcsx06ibq_x1d.fits,3.39,ok
NGC-7469,COS,,lcsx06ifq_x1d.fits,3.39,ok
NGC-7469,COS,,lcsx06ihq_x1d.fits,3.39,ok
NGC-7469,COS,,lcsx06ijq_x1d.fits,3.39,ok
NGC-7469,COS,,lcsx06ilq_x1d.fits,3.39,ok
NGC-7469,COS,,lcsx07010_x1dsum.fits,1.814,ok
NGC-7469,COS,,lcsx07020_x1dsum.fits,1.814,ok
NGC-7469,COS,,lcsx07030_x1dsum.fits,1.814,ok
NGC-7469,COS,,lcsx07040_x1dsum.fits,1.814,ok
NGC-7469,COS,,lcsx07ffq_x1d.fits,3.39,ok
NGC-7469,COS,,lcsx07fhq_x1d.fits,3.39,ok
NGC-7469,COS,,lcsx07fjq_x1d.fits,3.39,ok
NGC-7469,COS,,lcsx07g5q_x1d.fits,3.39,ok
NGC-7469,COS,,lcsx07g8q_x1d.fits,3.39,ok
NGC-7469,COS,,lcsx07gaq_x1d.fits,3.39,ok
NGC-7469,COS,,lcsx07gcq_x1d.fits,3.39,ok
NGC-7469,COS,,lcsx07geq_x1d.fits,3.39,ok
NGC-7469,COS,,lctg01010_x1dsum.fits,1.814,ok
NGC-7469,COS,,lctg01j6q_x1d.fits,3.39,ok
NGC-7469,COS,,lctg01k1q_x1d.fits,3.39,ok
NGC-7469,COS,,lctg01k5q_x1d.fits,3.39,ok
NGC-7469,COS,,lctg01kcq_x1d.fits,3.39,ok
NGC-7469,COS,,lctg02010_x1dsum.fits,1.814,ok
NGC-7469,COS,,lctg02hiq_x1d.fits,3.39,ok
NGC-7469,COS,,lctg02i9q_x1d.fits,3.39,ok
NGC-7469,COS,,lctg02ieq_x1d.fits,3.39,ok
NGC-7469,COS,,lctg02ijq_x1d.fits,3.39,ok
NGC-7469,COS,,lctg02irq_x1d.fits,3.39,ok
NGC-7469,STIS,,o6bn01010_x1d.fits,1.757,ok
NGC-7469,STIS,,o6bn01020_x1d.fits,1.757,ok
NGC-7469,STIS,,o6bn01030_x1d.fits,1.757,ok
NGC-7469,STIS,,o6bn01040_x1d.fits,1.757,ok
NGC-7469,STIS,,o6bn01050_x1d.fits,1.757,ok
NGC-7469,STIS,,o8n501010_x1d.fits,1.757,ok
NGC-7469,STIS,,o8n501020_x1d.fits,1.757,ok
NGC-7469,STIS,,o8n501030_x1d.fits,1.757,ok
NGC-7469,STIS,,o8n501040_x1d.fits,1.757,ok
NGC-7469,STIS,,o8n501050_x1d.fits,1.757,ok
NGC-7469,STIS,,o8n502010_x1d.fits,1.757,ok
NGC-7469,STIS,,o8n502020_x1d.fits,1.757,ok
NGC-7469,STIS,,o8n502030_x1d.fits,1.757,ok
NGC-7469,STIS,,o8n502040_x1d.fits,1.757,ok
NGC-7469,STIS,,obgu09010_x1d.fits,0.081,ok
NGC-7469,STIS,,obgu09020_x1d.fits,0.081,ok
NGC-7469,STIS,,obgu09030_x1d.fits,0.081,ok
NGC-7469,STIS,,of9j01010_x1d.fits,0.078,ok
NGC-7469,STIS,,of9j01020_x1d.fits,0.078,ok
NGC-7469,STIS,,of9j01030_x1d.fits,0.078,ok
NGC-7469,STIS,,of9j01040_x1d.fits,0.078,ok
NGC-7469,STIS,,of9j01050_x1d.fits,0.078,ok
NGC-7469,STIS,,of9j01060_x1d.fits,0.078,ok
NGC-7469,STIS,,of9j01070_x1d.fits,0.081,ok
NGC-7469,STIS,,of9j01080_x1d.fits,0.081,ok
NGC-7469,STIS,,of9j01090_x1d.fits,0.081,ok
NGC-7469,STIS,,of9j010a0_x1d.fits,0.081,ok
NGC-7469,STIS,,of9j010b0_x1d.fits,0.081,ok
NGC-7469,STIS,,of9j010c0_x1d.fits,0.081,ok
NGC-7469,STIS,,of9j010d0_x1d.fits,0.081,ok
NGC-7469,STIS,,of9j010e0_x1d.fits,0.081,ok
NGC-7469,FOS,,y3b40105t_c0f.fits,0.259,ok
NGC-7469,FOS,,y3b40105t_c1f.fits,0.259,ok
NGC-7469,FOS,,y3b40105t_c2f.fits,0.259,ok
NGC-7469,FOS,,y3b40105t_c4f.fits,0.259,ok
NGC-7469,FOS,,y3b40105t_c5f.fits,0.259,ok
NGC-7469,FOS,,y3b40105t_c7f.fits,0.259,ok
NGC-7469,FOS,,y3b40106t_c0f.fits,0.507,ok
NGC-7469,FOS,,y3b40106t_c1f.fits,0.507,ok
NGC-7469,FOS,,y3b40106t_c2f.fits,0.507,ok
NGC-7469,FOS,,y3b40106t_c4f.fits,0.507,ok
NGC-7469,FOS,,y3b40106t_c5f.fits,0.507,ok
NGC-7469,FOS,,y3b40106t_c7f.fits,0.507,ok
NGC-7469,FOS,,y3b40107p_c0f.fits,0.507,ok
NGC-7469,FOS,,y3b40107p_c1f.fits,0.507,ok
NGC-7469,FOS,,y3b40107p_c2f.fits,0.507,ok
NGC-7469,FOS,,y3b40107p_c4f.fits,0.507,ok
NGC-7469,FOS,,y3b40107p_c5f.fits,0.507,ok
NGC-7469,FOS,,y3b40107p_c7f.fits,0.507,ok
NGC-7469,FOS,,y3b40108p_c0f.fits,0.507,ok
NGC-7469,FOS,,y3b40108p_c1f.fits,0.507,ok
NGC-7469,FOS,,y3b40108p_c2f.fits,0.507,ok
NGC-7469,FOS,,y3b40108p_c4f.fits,0.507,ok
NGC-7469,FOS,,y3b40108p_c5f.fits,0.507,ok
NGC-7469,FOS,,y3b40108p_c7f.fits,0.507,ok
NGC-7469,FOS,,y3b40109p_c0f.fits,0.507,ok
NGC-7469,FOS,,y3b40109p_c1f.fits,0.507,ok
NGC-7469,FOS,,y3b40109p_c2f.fits,0.507,ok
NGC-7469,FOS,,y3b40109p_c4f.fits,0.507,ok
NGC-7469,FOS,,y3b40109p_c5f.fits,0.507,ok
NGC-7469,FOS,,y3b40109p_c7f.fits,0.507,ok
NGC-7469,FOS,,y3b4010ap_c0f.fits,0.507,ok
NGC-7469,FOS,,y3b4010ap_c1f.fits,0.507,ok
NGC-7469,FOS,,y3b4010ap_c2f.fits,0.507,ok
NGC-7469,FOS,,y3b4010ap_c4f.fits,0.507,ok
NGC-7469,FOS,,y3b4010ap_c5f.fits,0.507,ok
NGC-7469,FOS,,y3b4010ap_c7f.fits,0.507,ok
NGC-7469,FOS,,y3b4010bt_c0f.fits,0.49,ok
NGC-7469,FOS,,y3b4010bt_c1f.fits,0.49,ok
NGC-7469,FOS,,y3b4010bt_c2f.fits,0.49,ok
NGC-7469,FOS,,y3b4010bt_c4f.fits,0.49,ok
NGC-7469,FOS,,y3b4010bt_c5f.fits,0.49,ok
NGC-7469,FOS,,y3b4010bt_c7f.fits,0.49,ok
NGC-7469,FOS,,y3b4010ct_c0f.fits,0.484,ok
NGC-7469,FOS,,y3b4010ct_c1f.fits,0.484,ok
NGC-7469,FOS,,y3b4010ct_c2f.fits,0.484,ok
NGC-7469,FOS,,y3b4010ct_c4f.fits,0.484,ok
NGC-7469,FOS,,y3b4010ct_c5f.fits,0.484,ok
NGC-7469,FOS,,y3b4010ct_c7f.fits,0.484,ok
NGC-7469,FOS,,y3b60106t_c0f.fits,0.078,ok
NGC-7469,FOS,,y3b60106t_c1f.fits,0.078,ok
NGC-7469,FOS,,y3b60106t_c2f.fits,0.078,ok
NGC-7469,FOS,,y3b60106t_c4f.fits,0.078,ok
NGC-7469,FOS,,y3b60106t_c5f.fits,0.078,ok
NGC-7469,FOS,,y3b60106t_c7f.fits,0.078,ok
NGC-7469,FOS,,y3b60107t_c0f.fits,0.112,ok
NGC-7469,FOS,,y3b60107t_c1f.fits,0.112,ok
NGC-7469,FOS,,y3b60107t_c2f.fits,0.112,ok
NGC-7469,FOS,,y3b60107t_c4f.fits,0.112,ok
NGC-7469,FOS,,y3b60107t_c5f.fits,0.112,ok
NGC-7469,FOS,,y3b60107t_c7f.fits,0.112,ok
NGC-7469,FOS,,y3b6010at_c0f.fits,0.086,ok
NGC-7469,FOS,,y3b6010at_c1f.fits,0.086,ok
NGC-7469,FOS,,y3b6010at_c2f.fits,0.086,ok
NGC-7469,FOS,,y3b6010at_c4f.fits,0.086,ok
NGC-7469,FOS,,y3b6010at_c5f.fits,0.086,ok
NGC-7469,FOS,,y3b6010at_c7f.fits,0.086,ok
NGC-7469,FOS,,y3b6010bt_c0f.fits,0.043,ok
NGC-7469,FOS,,y3b6010bt_c1f.fits,0.043,ok
NGC-7469,FOS,,y3b6010bt_c2f.fits,0.043,ok
NGC-7469,FOS,,y3b6010bt_c4f.fits,0.043,ok
NGC-7469,FOS,,y3b6010bt_c5f.fits,0.043,ok
NGC-7469,FOS,,y3b6010bt_c7f.fits,0.043,ok
NGC1566-NUC,FOS,,y0h70207t_c0f.fits,0.098,ok
NGC1566-NUC,FOS,,y0h70207t_c1f.fits,0.098,ok
NGC1566-NUC,FOS,,y0h70207t_c2f.fits,0.098,ok
NGC1566-NUC,FOS,,y0h70207t_c4f.fits,0.098,ok
NGC1566-NUC,FOS,,y0h70207t_c5f.fits,0.098,ok
NGC1566-NUC,FOS,,y0h70207t_c7f.fits,0.098,ok
NGC1566-NUC,FOS,,y0h70208t_c0f.fits,0.098,ok
NGC1566-NUC,FOS,,y0h70208t_c1f.fits,0.098,ok
NGC1566-NUC,FOS,,y0h70208t_c2f.fits,0.098,ok
NGC1566-NUC,FOS,,y0h70208t_c4f.fits,0.098,ok
NGC1566-NUC,FOS,,y0h70208t_c5f.fits,0.098,ok
NGC1566-NUC,FOS,,y0h70208t_c7f.fits,0.098,ok
NGC1566-NUC,FOS,,y0h7020at_c0f.fits,0.098,ok
NGC1566-NUC,FOS,,y0h7020at_c1f.fits,0.098,ok
NGC1566-NUC,FOS,,y0h7020at_c2f.fits,0.098,ok
NGC1566-NUC,FOS,,y0h7020at_c4f.fits,0.098,ok
NGC1566-NUC,FOS,,y0h7020at_c5f.fits,0.098,ok
NGC1566-NUC,FOS,,y0h7020at_c7f.fits,0.098,ok
NGC1566-NUC,FOS,,y0h75107t_c0f.fits,0.098,ok
NGC1566-NUC,FOS,,y0h75107t_c1f.fits,0.098,ok
NGC1566-NUC,FOS,,y0h75107t_c2f.fits,0.098,ok
NGC1566-NUC,FOS,,y0h75107t_c4f.fits,0.098,ok
NGC1566-NUC,FOS,,y0h75107t_c5f.fits,0.098,ok
NGC1566-NUC,FOS,,y0h75107t_c7f.fits,0.098,ok
NGC1566-NUC,FOS,,y0h75108t_c0f.fits,0.098,ok
NGC1566-NUC,FOS,,y0h75108t_c1f.fits,0.098,ok
NGC1566-NUC,FOS,,y0h75108t_c2f.fits,0.098,ok
NGC1566-NUC,FOS,,y0h75108t_c4f.fits,0.098,ok
NGC1566-NUC,FOS,,y0h75108t_c5f.fits,0.098,ok
NGC1566-NUC,FOS,,y0h75108t_c7f.fits,0.098,ok
NGC1566-NUC,FOS,,y0h75109t_c0f.fits,0.098,ok
NGC1566-NUC,FOS,,y0h75109t_c1f.fits,0.098,ok
NGC1566-NUC,FOS,,y0h75109t_c2f.fits,0.098,ok
NGC1566-NUC,FOS,,y0h75109t_c4f.fits,0.098,ok
NGC1566-NUC,FOS,,y0h75109t_c5f.fits,0.098,ok
NGC1566-NUC,FOS,,y0h75109t_c7f.fits,0.098,ok
NGC1566-NUC,FOS,,y0h7510at_c0f.fits,0.098,ok
NGC1566-NUC,FOS,,y0h7510at_c1f.fits,0.098,ok
NGC1566-NUC,FOS,,y0h7510at_c2f.fits,0.098,ok
NGC1566-NUC,FOS,,y0h7510at_c4f.fits,0.098,ok
NGC1566-NUC,FOS,,y0h7510at_c5f.fits,0.098,ok
NGC1566-NUC,FOS,,y0h7510at_c7f.fits,0.098,ok
NGC2841UB3,FOS,,y0rv1e03t_c0f.fits,0.484,ok
NGC2841UB3,FOS,,y0rv1e03t_c1f.fits,0.484,ok
NGC2841UB3,FOS,,y0rv1e03t_c2f.fits,0.484,ok
NGC2841UB3,FOS,,y0rv1e03t_c4f.fits,0.484,ok
NGC2841UB3,FOS,,y0rv1e03t_c5f.fits,0.484,ok
NGC2841UB3,FOS,,y0rv1e03t_c7f.fits,0.484,ok
NGC2841UB3,FOS,,y0rv1e04t_c0f.fits,0.484,ok
NGC2841UB3,FOS,,y0rv1e04t_c1f.fits,0.484,ok
NGC2841UB3,FOS,,y0rv1e04t_c2f.fits,0.484,ok
NGC2841UB3,FOS,,y0rv1e04t_c4f.fits,0.484,ok
NGC2841UB3,FOS,,y0rv1e04t_c5f.fits,0.484,ok
NGC2841UB3,FOS,,y0rv1e04t_c7f.fits,0.484,ok
NGC2841UB3,FOS,,y0rv1e05t_c0f.fits,0.34,ok
NGC2841UB3,FOS,,y0rv1e05t_c1f.fits,0.34,ok
NGC2841UB3,FOS,,y0rv1e05t_c2f.fits,0.34,ok
NGC2841UB3,FOS,,y0rv1e05t_c4f.fits,0.34,ok
NGC2841UB3,FOS,,y0rv1e05t_c5f.fits,0.34,ok
NGC2841UB3,FOS,,y0rv1e05t_c7f.fits,0.34,ok
NGC2841UB3,FOS,,y0rv1e06t_c0f.fits,0.158,ok
NGC2841UB3,FOS,,y0rv1e06t_c1f.fits,0.158,ok
NGC2841UB3,FOS,,y0rv1e06t_c2f.fits,0.158,ok
NGC2841UB3,FOS,,y0rv1e06t_c4f.fits,0.158,ok
NGC2841UB3,FOS,,y0rv1e06t_c5f.fits,0.158,ok
NGC2841UB3,FOS,,y0rv1e06t_c7f.fits,0.158,ok
NGC4151,STIS,,o42302070_sx1.fits,0.081,ok
NGC4151,STIS,,o42302080_sx1.fits,0.081,ok
NGC4151,STIS,,o42302090_x1d.fits,0.187,ok
NGC4151,STIS,,o423020a0_x1d.fits,0.187,ok
NGC4151,STIS,,o42303050_sx1.fits,0.081,ok
NGC4151,STIS,,o42303060_sx1.fits,0.081,ok
NGC4151,STIS,,o42303070_sx1.fits,0.081,ok
NGC4151,STIS,,o42304090_sx1.fits,0.081,ok
NGC4151,STIS,,o423040a0_sx1.fits,0.081,ok
NGC4151,STIS,,o42305050_sx1.fits,0.081,ok
NGC4151,STIS,,o42305060_sx1.fits,0.081,ok
NGC4151,STIS,,o42305070_sx1.fits,0.081,ok
NGC4151,STIS,,o42354010_sx1.fits,0.081,ok
NGC4151,STIS,,o42354020_sx1.fits,0.081,ok
NGC4151,STIS,,o42354040_x1d.fits,0.187,ok
NGC4151,STIS,,o42354050_x1d.fits,0.187,ok
NGC4151,STIS,,o4qa04040_sx1.fits,0.081,ok
NGC4151,STIS,,o57801010_x1d.fits,2.877,ok
NGC4151,STIS,,o57801020_x1d.fits,4.743,ok
NGC4151,STIS,,o57801030_x1d.fits,3.407,ok
NGC4151,STIS,,o57801040_x1d.fits,5.098,ok
NGC4151,STIS,,o59701010_sx1.fits,0.081,ok
NGC4151,STIS,,o59701020_sx1.fits,0.081,ok
NGC4151,STIS,,o59701040_sx1.fits,0.081,ok
NGC4151,STIS,,o59702010_x1d.fits,0.078,ok
NGC4151,STIS,,o5kt01010_sx1.fits,0.081,ok
NGC4151,STIS,,o5kt01020_sx1.fits,0.081,ok
NGC4151,STIS,,o5kt01030_sx1.fits,0.081,ok
NGC4151,STIS,,o5kt01040_sx1.fits,0.081,ok
NGC4151,STIS,,o5kt01050_sx1.fits,0.081,ok
NGC4151,STIS,,o5kt02010_x1d.fits,1.716,ok
NGC4151,STIS,,o5kt53010_x1d.fits,1.757,ok
NGC4151,STIS,,o5kt54010_x1d.fits,1.716,ok
NGC4151,STIS,,o61l01010_x1d.fits,3.488,ok
NGC4151,STIS,,o61l01020_x1d.fits,10.411,ok
NGC4151,STIS,,o61l01030_x1d.fits,1.927,ok
NGC4151,STIS,,o6jb01010_x1d.fits,1.716,ok
NGC4151,STIS,,o6jb01020_x1d.fits,1.716,ok
NGC4151,STIS,,o6jb01030_x1d.fits,1.716,ok
NGC4151,STIS,,o6jb01040_x1d.fits,0.976,ok
NGC4151,STIS,,o6jb01050_x1d.fits,1.598,ok
NGC4151,STIS,,o8qs05010_sx1.fits,0.081,ok
NGC4151,STIS,,o8qs05030_sx1.fits,0.081,ok
NGC4151,STIS,,o8qs05050_sx1.fits,0.081,ok
NGC4151,STIS,,o8qs05070_sx1.fits,0.081,ok
NGC4151,STIS,,o8qs06010_sx1.fits,0.081,ok
NGC4151,STIS,,o8qs06030_sx1.fits,0.081,ok
NGC4151,STIS,,o8qs06050_sx1.fits,0.081,ok
NGC4151,STIS,,o8qs06070_sx1.fits,0.081,ok
NGC4151,STIS,,o8qs07010_sx1.fits,0.081,ok
NGC4151,STIS,,o8qs07030_sx1.fits,0.081,ok
NGC4151,STIS,,o8qs07050_sx1.fits,0.081,ok
NGC4151,STIS,,o8qs07070_sx1.fits,0.081,ok
NGC4151,STIS,,o8qs07090_sx1.fits,0.081,ok
NGC4151,STIS,,obgu16010_x1d.fits,1.757,ok
NGC4151,STIS,,obgu16020_x1d.fits,1.757,ok
NGC4151,STIS,,ocem01010_x1d.fits,1.757,ok
NGC4151,STIS,,ocem01020_x1d.fits,1.757,ok
NGC4151,STIS,,ofj701010_x1d.fits,0.078,ok
NGC4151,STIS,,ofj701020_sx1.fits,0.081,ok
NGC4151,STIS,,ofj702010_x1d.fits,0.078,ok
NGC4151,STIS,,ofj702020_sx1.fits,0.081,ok
NGC4151,STIS,,ofj703010_x1d.fits,0.078,ok
NGC4151,STIS,,ofj703020_sx1.fits,0.081,ok
NGC4151,STIS,,ofj704010_x1d.fits,0.078,ok
NGC4151,STIS,,ofj704020_sx1.fits,0.081,ok
NGC4151,STIS,,ofj705010_x1d.fits,0.078,ok
NGC4151,STIS,,ofj705020_sx1.fits,0.081,ok
NGC4151,STIS,,ofj706010_x1d.fits,0.078,ok
NGC4151,STIS,,ofj706020_sx1.fits,0.081,ok
NGC4151,STIS,,ofj707010_x1d.fits,0.078,ok
NGC4151,STIS,,ofj707020_sx1.fits,0.081,ok
NGC4151,STIS,,ofj708010_x1d.fits,0.078,ok
NGC4151,STIS,,ofj708020_sx1.fits,0.081,ok
NGC4151,STIS,,ofj709010_x1d.fits,0.078,ok
NGC4151,STIS,,ofj709020_sx1.fits,0.081,ok
NGC4151,FOS,,y0yc0102t_c0f.fits,0.04,ok
NGC4151,FOS,,y0yc0102t_c1f.fits,0.04,ok
NGC4151,FOS,,y0yc0102t_c2f.fits,0.04,ok
NGC4151,FOS,,y0yc0102t_c4f.fits,0.04,ok
NGC4151,FOS,,y0yc0102t_c5f.fits,0.04,ok
NGC4151,FOS,,y0yc0102t_c7f.fits,0.04,ok
NGC4151,FOS,,y0yc0103t_c0f.fits,0.04,ok
NGC4151,FOS,,y0yc0103t_c1f.fits,0.04,ok
NGC4151,FOS,,y0yc0103t_c2f.fits,0.04,ok
NGC4151,FOS,,y0yc0103t_c4f.fits,0.04,ok
NGC4151,FOS,,y0yc0103t_c5f.fits,0.04,ok
NGC4151,FOS,,y0yc0103t_c7f.fits,0.04,ok
NGC4151,FOS,,y0yc0104t_c0f.fits,0.04,ok
NGC4151,FOS,,y0yc0104t_c1f.fits,0.04,ok
NGC4151,FOS,,y0yc0104t_c2f.fits,0.04,ok
NGC4151,FOS,,y0yc0104t_c4f.fits,0.04,ok
NGC4151,FOS,,y0yc0104t_c5f.fits,0.04,ok
NGC4151,FOS,,y0yc0104t_c7f.fits,0.04,ok
NGC4151,FOS,,y0yc0202t_c0f.fits,0.04,ok
NGC4151,FOS,,y0yc0202t_c1f.fits,0.04,ok
NGC4151,FOS,,y0yc0202t_c2f.fits,0.04,ok
NGC4151,FOS,,y0yc0202t_c4f.fits,0.04,ok
NGC4151,FOS,,y0yc0202t_c5f.fits,0.04,ok
NGC4151,FOS,,y0yc0202t_c7f.fits,0.04,ok
NGC4151,FOS,,y0yc0203t_c0f.fits,0.04,ok
NGC4151,FOS,,y0yc0203t_c1f.fits,0.04,ok
NGC4151,FOS,,y0yc0203t_c2f.fits,0.04,ok
NGC4151,FOS,,y0yc0203t_c4f.fits,0.04,ok
NGC4151,FOS,,y0yc0203t_c5f.fits,0.04,ok
NGC4151,FOS,,y0yc0203t_c7f.fits,0.04,ok
NGC4151,FOS,,y0yc0204t_c0f.fits,0.04,ok
NGC4151,FOS,,y0yc0204t_c1f.fits,0.04,ok
NGC4151,FOS,,y0yc0204t_c2f.fits,0.04,ok
NGC4151,FOS,,y0yc0204t_c4f.fits,0.04,ok
NGC4151,FOS,,y0yc0204t_c5f.fits,0.04,ok
NGC4151,FOS,,y0yc0204t_c7f.fits,0.04,ok
NGC4151,FOS,,y0yc0402t_c0f.fits,0.04,ok
NGC4151,FOS,,y0yc0402t_c1f.fits,0.04,ok
NGC4151,FOS,,y0yc0402t_c2f.fits,0.04,ok
NGC4151,FOS,,y0yc0402t_c4f.fits,0.04,ok
NGC4151,FOS,,y0yc0402t_c5f.fits,0.04,ok
NGC4151,FOS,,y0yc0402t_c7f.fits,0.04,ok
NGC4151,FOS,,y0yc0403t_c0f.fits,0.04,ok
NGC4151,FOS,,y0yc0403t_c1f.fits,0.04,ok
NGC4151,FOS,,y0yc0403t_c2f.fits,0.04,ok
NGC4151,FOS,,y0yc0403t_c4f.fits,0.04,ok
NGC4151,FOS,,y0yc0403t_c5f.fits,0.04,ok
NGC4151,FOS,,y0yc0403t_c7f.fits,0.04,ok
NGC4151,FOS,,y0yc0404t_c0f.fits,0.04,ok
NGC4151,FOS,,y0yc0404t_c1f.fits,0.04,ok
NGC4151,FOS,,y0yc0404t_c2f.fits,0.04,ok
NGC4151,FOS,,y0yc0404t_c4f.fits,0.04,ok
NGC4151,FOS,,y0yc0404t_c5f.fits,0.04,ok
NGC4151,FOS,,y0yc0404t_c7f.fits,0.04,ok
NGC4151,FOS,,y0yc0602t_c0f.fits,0.04,ok
NGC4151,FOS,,y0yc0602t_c1f.fits,0.04,ok
NGC4151,FOS,,y0yc0602t_c2f.fits,0.04,ok
NGC4151,FOS,,y0yc0602t_c4f.fits,0.04,ok
NGC4151,FOS,,y0yc0602t_c5f.fits,0.04,ok
NGC4151,FOS,,y0yc0602t_c7f.fits,0.04,ok
NGC4151,FOS,,y0yc0603t_c0f.fits,0.04,ok
NGC4151,FOS,,y0yc0603t_c1f.fits,0.04,ok
NGC4151,FOS,,y0yc0603t_c2f.fits,0.04,ok
NGC4151,FOS,,y0yc0603t_c4f.fits,0.04,ok
NGC4151,FOS,,y0yc0603t_c5f.fits,0.04,ok
NGC4151,FOS,,y0yc0603t_c7f.fits,0.04,ok
NGC4151,FOS,,y0yc0604t_c0f.fits,0.04,ok
NGC4151,FOS,,y0yc0604t_c1f.fits,0.04,ok
NGC4151,FOS,,y0yc0604t_c2f.fits,0.04,ok
NGC4151,FOS,,y0yc0604t_c4f.fits,0.04,ok
NGC4151,FOS,,y0yc0604t_c5f.fits,0.04,ok
NGC4151,FOS,,y0yc0604t_c7f.fits,0.04,ok
NGC4151,FOS,,y0yd0103t_c0f.fits,0.461,ok
NGC4151,FOS,,y0yd0103t_c1f.fits,0.461,ok
NGC4151,FOS,,y0yd0103t_c2f.fits,0.461,ok
NGC4151,FOS,,y0yd0103t_c4f.fits,0.461,ok
NGC4151,FOS,,y0yd0103t_c5f.fits,0.461,ok
NGC4151,FOS,,y0yd0103t_c7f.fits,0.461,ok
NGC4151,FOS,,y19g0303t_c0f.fits,0.04,ok
NGC4151,FOS,,y19g0303t_c1f.fits,0.04,ok
NGC4151,FOS,,y19g0303t_c2f.fits,0.04,ok
NGC4151,FOS,,y19g0303t_c4f.fits,0.04,ok
NGC4151,FOS,,y19g0303t_c5f.fits,0.04,ok
NGC4151,FOS,,y19g0303t_c7f.fits,0.04,ok
NGC4151,FOS,,y19g0304t_c0f.fits,0.04,ok
NGC4151,FOS,,y19g0304t_c1f.fits,0.04,ok
NGC4151,FOS,,y19g0304t_c2f.fits,0.04,ok
NGC4151,FOS,,y19g0304t_c4f.fits,0.04,ok
NGC4151,FOS,,y19g0304t_c5f.fits,0.04,ok
NGC4151,FOS,,y19g0304t_c7f.fits,0.04,ok
NGC4151,FOS,,y19g0305t_c0f.fits,0.04,ok
NGC4151,FOS,,y19g0305t_c1f.fits,0.04,ok
NGC4151,FOS,,y19g0305t_c2f.fits,0.04,ok
NGC4151,FOS,,y19g0305t_c4f.fits,0.04,ok
NGC4151,FOS,,y19g0305t_c5f.fits,0.04,ok
NGC4151,FOS,,y19g0305t_c7f.fits,0.04,ok
NGC4151,FOS,,y19g0306t_c0f.fits,0.049,ok
NGC4151,FOS,,y19g0306t_c1f.fits,0.049,ok
NGC4151,FOS,,y19g0306t_c2f.fits,0.049,ok
NGC4151,FOS,,y19g0306t_c4f.fits,0.049,ok
NGC4151,FOS,,y19g0306t_c5f.fits,0.049,ok
NGC4151,FOS,,y19g0306t_c7f.fits,0.049,ok
NGC4151,FOS,,y19g0307t_c0f.fits,0.04,ok
NGC4151,FOS,,y19g0307t_c1f.fits,0.04,ok
NGC4151,FOS,,y19g0307t_c2f.fits,0.04,ok
NGC4151,FOS,,y19g0307t_c4f.fits,0.04,ok
NGC4151,FOS,,y19g0307t_c5f.fits,0.04,ok
NGC4151,FOS,,y19g0307t_c7f.fits,0.04,ok
NGC4151,FOS,,y19g0308t_c0f.fits,0.04,ok
NGC4151,FOS,,y19g0308t_c1f.fits,0.04,ok
NGC4151,FOS,,y19g0308t_c2f.fits,0.04,ok
NGC4151,FOS,,y19g0308t_c4f.fits,0.04,ok
NGC4151,FOS,,y19g0308t_c5f.fits,0.04,ok
NGC4151,FOS,,y19g0308t_c7f.fits,0.04,ok
NGC4151,FOS,,y19g0309t_c0f.fits,0.049,ok
NGC4151,FOS,,y19g0309t_c1f.fits,0.049,ok
NGC4151,FOS,,y19g0309t_c2f.fits,0.049,ok
NGC4151,FOS,,y19g0309t_c4f.fits,0.049,ok
NGC4151,FOS,,y19g0309t_c5f.fits,0.049,ok
NGC4151,FOS,,y19g0309t_c7f.fits,0.049,ok
NGC4151,FOS,,y19g030at_c0f.fits,0.04,ok
NGC4151,FOS,,y19g030at_c1f.fits,0.04,ok
NGC4151,FOS,,y19g030at_c2f.fits,0.04,ok
NGC4151,FOS,,y19g030at_c4f.fits,0.04,ok
NGC4151,FOS,,y19g030at_c5f.fits,0.04,ok
NGC4151,FOS,,y19g030at_c7f.fits,0.04,ok
NGC4151,FOS,,y19g030bt_c0f.fits,0.04,ok
NGC4151,FOS,,y19g030bt_c1f.fits,0.04,ok
NGC4151,FOS,,y19g030bt_c2f.fits,0.04,ok
NGC4151,FOS,,y19g030bt_c4f.fits,0.04,ok
NGC4151,FOS,,y19g030bt_c5f.fits,0.04,ok
NGC4151,FOS,,y19g030bt_c7f.fits,0.04,ok
NGC4151,FOS,,y19g030ct_c0f.fits,0.066,ok
NGC4151,FOS,,y19g030ct_c1f.fits,0.066,ok
NGC4151,FOS,,y19g030ct_c2f.fits,0.066,ok
NGC4151,FOS,,y19g030ct_c4f.fits,0.066,ok
NGC4151,FOS,,y19g030ct_c5f.fits,0.066,ok
NGC4151,FOS,,y19g030ct_c7f.fits,0.066,ok
NGC4151,FOS,,y19g030dt_c0f.fits,0.066,ok
NGC4151,FOS,,y19g030dt_c1f.fits,0.066,ok
NGC4151,FOS,,y19g030dt_c2f.fits,0.066,ok
NGC4151,FOS,,y19g030dt_c4f.fits,0.066,ok
NGC4151,FOS,,y19g030dt_c5f.fits,0.066,ok
NGC4151,FOS,,y19g030dt_c7f.fits,0.066,ok
NGC4151,FOS,,y19g030et_c0f.fits,0.075,ok
NGC4151,FOS,,y19g030et_c1f.fits,0.075,ok
NGC4151,FOS,,y19g030et_c2f.fits,0.075,ok
NGC4151,FOS,,y19g030et_c4f.fits,0.075,ok
NGC4151,FOS,,y19g030et_c5f.fits,0.075,ok
NGC4151,FOS,,y19g030et_c7f.fits,0.075,ok
NGC4151,FOS,,y19g030ft_c0f.fits,0.075,ok
NGC4151,FOS,,y19g030ft_c1f.fits,0.075,ok
NGC4151,FOS,,y19g030ft_c2f.fits,0.075,ok
NGC4151,FOS,,y19g030ft_c4f.fits,0.075,ok
NGC4151,FOS,,y19g030ft_c5f.fits,0.075,ok
NGC4151,FOS,,y19g030ft_c7f.fits,0.075,ok
NGC4151,FOS,,y2bs0305p_c0f.fits,0.086,ok
NGC4151,FOS,,y2bs0305p_c1f.fits,0.086,ok
NGC4151,FOS,,y2bs0305p_c2f.fits,0.086,ok
NGC4151,FOS,,y2bs0305p_c4f.fits,0.086,ok
NGC4151,FOS,,y2bs0305p_c5f.fits,0.086,ok
NGC4151,FOS,,y2bs0305p_c7f.fits,0.086,ok
NGC4151,FOS,,y2bs0306p_c0f.fits,0.052,ok
NGC4151,FOS,,y2bs0306p_c1f.fits,0.052,ok
NGC4151,FOS,,y2bs0306p_c2f.fits,0.052,ok
NGC4151,FOS,,y2bs0306p_c4f.fits,0.052,ok
NGC4151,FOS,,y2bs0306p_c5f.fits,0.052,ok
NGC4151,FOS,,y2bs0306p_c7f.fits,0.052,ok
NGC4395,COS,,lbgu20010_x1dsum.fits,1.944,ok
NGC4395,COS,,lbgu20020_x1dsum.fits,1.944,ok
NGC4395,COS,,lbgu20030_x1dsum.fits,1.944,ok
NGC4395,COS,,lbgu20040_x1dsum.fits,1.944,ok
NGC4395,COS,,lbgu20050_x1dsum.fits,1.944,ok
NGC4395,COS,,lbgu20060_x1dsum.fits,1.944,ok
NGC4395,COS,,lbgu20070_x1dsum.fits,1.944,ok
NGC4395,COS,,lbgu20080_x1dsum.fits,1.944,ok
NGC4395,COS,,lbgu20vwq_x1d.fits,3.39,ok
NGC4395,COS,,lbgu20vyq_x1d.fits,3.39,ok
NGC4395,COS,,lbgu20w0q_x1d.fits,3.39,ok
NGC4395,COS,,lbgu20w4q_x1d.fits,3.39,ok
NGC4395,COS,,lbgu20waq_x1d.fits,3.39,ok
NGC4395,COS,,lbgu20wcq_x1d.fits,3.39,ok
NGC4395,COS,,lbgu20weq_x1d.fits,3.39,ok
NGC4395,COS,,lbgu20wgq_x1d.fits,3.39,ok
NGC4395,STIS,,obgu04010_x1d.fits,0.081,ok
NGC4395,STIS,,obgu04020_x1d.fits,0.081,ok
NGC4395,STIS,,obgu04030_x1d.fits,0.081,ok
NGC4395,FOS,,y0zq0102t_c0f.fits,0.107,ok
NGC4395,FOS,,y0zq0102t_c1f.fits,0.107,ok
NGC4395,FOS,,y0zq0102t_c2f.fits,0.107,ok
NGC4395,FOS,,y0zq0102t_c4f.fits,0.107,ok
NGC4395,FOS,,y0zq0102t_c5f.fits,0.107,ok
NGC4395,FOS,,y0zq0102t_c7f.fits,0.107,ok
NGC4395,FOS,,y0zq0103t_c0f.fits,0.107,ok
NGC4395,FOS,,y0zq0103t_c1f.fits,0.107,ok
NGC4395,FOS,,y0zq0103t_c2f.fits,0.107,ok
NGC4395,FOS,,y0zq0103t_c4f.fits,0.107,ok
NGC4395,FOS,,y0zq0103t_c5f.fits,0.107,ok
NGC4395,FOS,,y0zq0103t_c7f.fits,0.107,ok
NGC4395,FOS,,y0zq0104t_c0f.fits,0.107,ok
NGC4395,FOS,,y0zq0104t_c1f.fits,0.107,ok
NGC4395,FOS,,y0zq0104t_c2f.fits,0.107,ok
NGC4395,FOS,,y0zq0104t_c4f.fits,0.107,ok
NGC4395,FOS,,y0zq0104t_c5f.fits,0.107,ok
NGC4395,FOS,,y0zq0104t_c7f.fits,0.107,ok
NGC4395,FOS,,y0zq0105t_c0f.fits,0.107,ok
NGC4395,FOS,,y0zq0105t_c1f.fits,0.107,ok
NGC4395,FOS,,y0zq0105t_c2f.fits,0.107,ok
NGC4395,FOS,,y0zq0105t_c4f.fits,0.107,ok
NGC4395,FOS,,y0zq0105t_c5f.fits,0.107,ok
NGC4395,FOS,,y0zq0105t_c7f.fits,0.107,ok
NGC4395,FOS,,y0zq0106t_c0f.fits,0.107,ok
NGC4395,FOS,,y0zq0106t_c1f.fits,0.107,ok
NGC4395,FOS,,y0zq0106t_c2f.fits,0.107,ok
NGC4395,FOS,,y0zq0106t_c4f.fits,0.107,ok
NGC4395,FOS,,y0zq0106t_c5f.fits,0.107,ok
NGC4395,FOS,,y0zq0106t_c7f.fits,0.107,ok
NGC4395,FOS,,y0zq0107t_c0f.fits,0.107,ok
NGC4395,FOS,,y0zq0107t_c1f.fits,0.107,ok
NGC4395,FOS,,y0zq0107t_c2f.fits,0.107,ok
NGC4395,FOS,,y0zq0107t_c4f.fits,0.107,ok
NGC4395,FOS,,y0zq0107t_c5f.fits,0.107,ok
NGC4395,FOS,,y0zq0107t_c7f.fits,0.107,ok
NGC4395,FOS,,y0zq0108t_c0f.fits,0.107,ok
NGC4395,FOS,,y0zq0108t_c1f.fits,0.107,ok
NGC4395,FOS,,y0zq0108t_c2f.fits,0.107,ok
NGC4395,FOS,,y0zq0108t_c4f.fits,0.107,ok
NGC4395,FOS,,y0zq0108t_c5f.fits,0.107,ok
NGC4395,FOS,,y0zq0108t_c7f.fits,0.107,ok
NGC4395,FOS,,y0zq0202t_c0f.fits,0.167,ok
NGC4395,FOS,,y0zq0202t_c1f.fits,0.167,ok
NGC4395,FOS,,y0zq0202t_c2f.fits,0.167,ok
NGC4395,FOS,,y0zq0202t_c4f.fits,0.167,ok
NGC4395,FOS,,y0zq0202t_c5f.fits,0.167,ok
NGC4395,FOS,,y0zq0202t_c7f.fits,0.167,ok
NGC4395,FOS,,y0zq0203t_c0f.fits,0.167,ok
NGC4395,FOS,,y0zq0203t_c1f.fits,0.167,ok
NGC4395,FOS,,y0zq0203t_c2f.fits,0.167,ok
NGC4395,FOS,,y0zq0203t_c4f.fits,0.167,ok
NGC4395,FOS,,y0zq0203t_c5f.fits,0.167,ok
NGC4395,FOS,,y0zq0203t_c7f.fits,0.167,ok
NGC4395,FOS,,y0zq0204t_c0f.fits,0.167,ok
NGC4395,FOS,,y0zq0204t_c1f.fits,0.167,ok
NGC4395,FOS,,y0zq0204t_c2f.fits,0.167,ok
NGC4395,FOS,,y0zq0204t_c4f.fits,0.167,ok
NGC4395,FOS,,y0zq0204t_c5f.fits,0.167,ok
NGC4395,FOS,,y0zq0204t_c7f.fits,0.167,ok
NGC4395,FOS,,y0zq0205t_c0f.fits,0.167,ok
NGC4395,FOS,,y0zq0205t_c1f.fits,0.167,ok
NGC4395,FOS,,y0zq0205t_c2f.fits,0.167,ok
NGC4395,FOS,,y0zq0205t_c4f.fits,0.167,ok
NGC4395,FOS,,y0zq0205t_c5f.fits,0.167,ok
NGC4395,FOS,,y0zq0205t_c7f.fits,0.167,ok
OI-287,FOS,,y0xw0102t_c0f.fits,0.158,ok
OI-287,FOS,,y0xw0102t_c1f.fits,0.158,ok
OI-287,FOS,,y0xw0102t_c2f.fits,0.158,ok
OI-287,FOS,,y0xw0102t_c4f.fits,0.158,ok
OI-287,FOS,,y0xw0102t_c5f.fits,0.158,ok
OI-287,FOS,,y0xw0102t_c7f.fits,0.158,ok
OI-287,FOS,,y0xw0103t_c0f.fits,0.158,ok
OI-287,FOS,,y0xw0103t_c1f.fits,0.158,ok
OI-287,FOS,,y0xw0103t_c2f.fits,0.158,ok
OI-287,FOS,,y0xw0103t_c4f.fits,0.158,ok
OI-287,FOS,,y0xw0103t_c5f.fits,0.158,ok
OI-287,FOS,,y0xw0103t_c7f.fits,0.158,ok
OQ208,FOS,,y3gs0602t_c0f.fits,0.086,ok
OQ208,FOS,,y3gs0602t_c1f.fits,0.086,ok
OQ208,FOS,,y3gs0602t_c2f.fits,0.086,ok
OQ208,FOS,,y3gs0602t_c4f.fits,0.086,ok
OQ208,FOS,,y3gs0602t_c5f.fits,0.086,ok
OQ208,FOS,,y3gs0602t_c7f.fits,0.086,ok
OX169,FOS,,y0ue0102t_c0f.fits,0.04,ok
OX169,FOS,,y0ue0102t_c1f.fits,0.04,ok
OX169,FOS,,y0ue0102t_c2f.fits,0.04,ok
OX169,FOS,,y0ue0102t_c4f.fits,0.04,ok
OX169,FOS,,y0ue0102t_c5f.fits,0.04,ok
OX169,FOS,,y0ue0102t_c7f.fits,0.04,ok
OX169,FOS,,y0ue0103t_c0f.fits,0.53,ok
OX169,FOS,,y0ue0103t_c1f.fits,0.53,ok
OX169,FOS,,y0ue0103t_c2f.fits,0.53,ok
OX169,FOS,,y0ue0103t_c4f.fits,0.53,ok
OX169,FOS,,y0ue0103t_c5f.fits,0.53,ok
OX169,FOS,,y0ue0103t_c7f.fits,0.53,ok
OX169,FOS,,y0ue0104t_c0f.fits,0.53,ok
OX169,FOS,,y0ue0104t_c1f.fits,0.53,ok
OX169,FOS,,y0ue0104t_c2f.fits,0.53,ok
OX169,FOS,,y0ue0104t_c4f.fits,0.53,ok
OX169,FOS,,y0ue0104t_c5f.fits,0.53,ok
OX169,FOS,,y0ue0104t_c7f.fits,0.53,ok
OX169,FOS,,y0ue0105t_c0f.fits,0.288,ok
OX169,FOS,,y0ue0105t_c1f.fits,0.288,ok
OX169,FOS,,y0ue0105t_c2f.fits,0.288,ok
OX169,FOS,,y0ue0105t_c4f.fits,0.288,ok
OX169,FOS,,y0ue0105t_c5f.fits,0.288,ok
OX169,FOS,,y0ue0105t_c7f.fits,0.288,ok
OX169,FOS,,y0ue0106t_c0f.fits,0.282,ok
OX169,FOS,,y0ue0106t_c1f.fits,0.282,ok
OX169,FOS,,y0ue0106t_c2f.fits,0.282,ok
OX169,FOS,,y0ue0106t_c4f.fits,0.282,ok
OX169,FOS,,y0ue0106t_c5f.fits,0.282,ok
OX169,FOS,,y0ue0106t_c7f.fits,0.282,ok
OX169,FOS,,y0ue0107t_c0f.fits,0.04,ok
OX169,FOS,,y0ue0107t_c1f.fits,0.04,ok
OX169,FOS,,y0ue0107t_c2f.fits,0.04,ok
OX169,FOS,,y0ue0107t_c4f.fits,0.04,ok
OX169,FOS,,y0ue0107t_c5f.fits,0.04,ok
OX169,FOS,,y0ue0107t_c7f.fits,0.04,ok
PB 1154,COS,,ldi310010_x1dsum.fits,0.245,ok
PB 1154,COS,,ldi310020_x1dsum.fits,0.245,ok
PB 1154,COS,,ldi310030_x1dsum.fits,1.814,ok
PB 1154,COS,,ldi310s3q_x1d.fits,0.429,ok
PB 1154,COS,,ldi310saq_x1d.fits,0.429,ok
PB 1154,COS,,ldi310seq_x1d.fits,0.429,ok
PB 1154,COS,,ldi310smq_x1d.fits,0.429,ok
PB 1154,COS,,ldi310soq_x1d.fits,0.429,ok
PB 1154,COS,,ldi310syq_x1d.fits,3.39,ok
PB 1154,COS,,ldi310t6q_x1d.fits,3.39,ok
PB 1154,COS,,ldi310t8q_x1d.fits,3.39,ok
PB 1154,COS,,ldi310taq_x1d.fits,3.39,ok
PB 3456,STIS,,ocuv19010_sx1.fits,0.081,ok
PB 3493,COS,,lewr13010_x1dsum.fits,0.93,ok
PB 3493,COS,,lewr13kfq_x1d.fits,1.719,ok
PB 3493,COS,,lewr13khq_x1d.fits,1.719,ok
PB 3493,COS,,lewr13kjq_x1d.fits,1.719,ok
PB 3493,COS,,lewr13klq_x1d.fits,1.719,ok
PB 3894,COS,,lcs501010_x1dsum.fits,1.814,ok
PB 3894,COS,,lcs501ivq_x1d.fits,3.39,ok
PB 3894,COS,,lcs501ixq_x1d.fits,3.39,ok
PB 3894,COS,,lcs501izq_x1d.fits,3.39,ok
PB 3894,COS,,lcs501j1q_x1d.fits,3.39,ok
PB 3894,COS,,lcs502010_x1dsum.fits,1.814,ok
PB 3894,COS,,lcs502020_x1dsum.fits,1.814,ok
PB 3894,COS,,lcs502kkq_x1d.fits,3.39,ok
PB 3894,COS,,lcs502kmq_x1d.fits,3.39,ok
PB 3894,COS,,lcs502koq_x1d.fits,3.39,ok
PB 3894,COS,,lcs502kqq_x1d.fits,3.39,ok
PB 3894,COS,,lcs502ksq_x1d.fits,3.39,ok
PB 3894,COS,,lcs502kuq_x1d.fits,3.39,ok
PB 3894,COS,,lcs502kwq_x1d.fits,3.39,ok
PB 3894,COS,,lcs502kyq_x1d.fits,3.39,ok
PB 3894,COS,,lcs504010_x1dsum.fits,1.814,ok
PB 3894,COS,,lcs504kaq_x1d.fits,3.39,ok
PB 3894,COS,,lcs504kcq_x1d.fits,3.39,ok
PB 3894,COS,,lcs504keq_x1d.fits,3.39,ok
PB 3894,COS,,lcs504kgq_x1d.fits,3.39,ok
PB 3894,STIS,,o4ec08010_x1d.fits,0.078,ok
PB 3894,STIS,,o4ec08020_x1d.fits,0.078,ok
PB 3894,STIS,,o4ec08030_x1d.fits,0.078,ok
PB 3894,STIS,,o4ec08040_x1d.fits,0.078,ok
PB 3894,STIS,,o61y01010_x1d.fits,1.757,ok
PB 3894,STIS,,o61y01020_x1d.fits,5.219,ok
PB 3894,STIS,,o61y02010_x1d.fits,1.757,ok
PB 3894,STIS,,o61y02020_x1d.fits,3.488,ok
PB 3894,STIS,,o61y03010_x1d.fits,1.757,ok
PB 3894,STIS,,o61y03020_x1d.fits,3.488,ok
PB 3894,STIS,,o61y04010_x1d.fits,1.757,ok
PB 3894,STIS,,o61y04020_x1d.fits,3.488,ok
PB 3894,STIS,,o61y05010_x1d.fits,1.757,ok
PB 3894,STIS,,o61y05020_x1d.fits,3.488,ok
PB 3894,STIS,,o61y06010_x1d.fits,1.757,ok
PB 3894,STIS,,o61y06020_x1d.fits,3.488,ok
PB 3894,STIS,,o61y07010_x1d.fits,1.757,ok
PB 3894,STIS,,o61y07020_x1d.fits,3.488,ok
PB 3894,STIS,,o61y08010_x1d.fits,1.757,ok
PB 3894,STIS,,o61y08020_x1d.fits,3.488,ok
PB 3894,STIS,,of9m64010_x1d.fits,0.0,error
PB 3894,STIS,,of9m64020_x1d.fits,0.0,error
PB 3894,STIS,,of9m64030_x1d.fits,0.0,error
PB 3894,STIS,,of9m64040_x1d.fits,0.0,error
PB 3894,STIS,,of9m64050_x1d.fits,0.0,error
PB 3894,FOS,,y0iz0303t_c0f.fits,0.04,ok
PB 3894,FOS,,y0iz0303t_c1f.fits,0.04,ok
PB 3894,FOS,,y0iz0303t_c2f.fits,0.04,ok
PB 3894,FOS,,y0iz0303t_c4f.fits,0.04,ok
PB 3894,FOS,,y0iz0303t_c5f.fits,0.04,ok
PB 3894,FOS,,y0iz0303t_c7f.fits,0.04,ok
PB 3894,FOS,,y0iz0304t_c0f.fits,0.098,ok
PB 3894,FOS,,y0iz0304t_c1f.fits,0.098,ok
PB 3894,FOS,,y0iz0304t_c2f.fits,0.098,ok
PB 3894,FOS,,y0iz0304t_c4f.fits,0.098,ok
PB 3894,FOS,,y0iz0304t_c5f.fits,0.098,ok
PB 3894,FOS,,y0iz0304t_c7f.fits,0.098,ok
PB 3894,FOS,,y0iz0305t_c0f.fits,0.098,ok
PB 3894,FOS,,y0iz0305t_c1f.fits,0.098,ok
PB 3894,FOS,,y0iz0305t_c2f.fits,0.098,ok
PB 3894,FOS,,y0iz0305t_c4f.fits,0.098,ok
PB 3894,FOS,,y0iz0305t_c5f.fits,0.098,ok
PB 3894,FOS,,y0iz0305t_c7f.fits,0.098,ok
PB 3894,FOS,,y0iz0403t_c0f.fits,0.04,ok
PB 3894,FOS,,y0iz0403t_c1f.fits,0.04,ok
PB 3894,FOS,,y0iz0403t_c2f.fits,0.04,ok
PB 3894,FOS,,y0iz0403t_c4f.fits,0.04,ok
PB 3894,FOS,,y0iz0403t_c5f.fits,0.04,ok
PB 3894,FOS,,y0iz0403t_c7f.fits,0.04,ok
PB 3894,FOS,,y0iz0404t_c0f.fits,0.049,ok
PB 3894,FOS,,y0iz0404t_c1f.fits,0.049,ok
PB 3894,FOS,,y0iz0404t_c2f.fits,0.049,ok
PB 3894,FOS,,y0iz0404t_c4f.fits,0.049,ok
PB 3894,FOS,,y0iz0404t_c5f.fits,0.049,ok
PB 3894,FOS,,y0iz0404t_c7f.fits,0.049,ok
PB 3894,FOS,,y0iz0405t_c0f.fits,0.04,ok
PB 3894,FOS,,y0iz0405t_c1f.fits,0.04,ok
PB 3894,FOS,,y0iz0405t_c2f.fits,0.04,ok
PB 3894,FOS,,y0iz0405t_c4f.fits,0.04,ok
PB 3894,FOS,,y0iz0405t_c5f.fits,0.04,ok
PB 3894,FOS,,y0iz0405t_c7f.fits,0.04,ok
PB 3894,FOS,,y0iz0406t_c0f.fits,0.127,ok
PB 3894,FOS,,y0iz0406t_c1f.fits,0.127,ok
PB 3894,FOS,,y0iz0406t_c2f.fits,0.127,ok
PB 3894,FOS,,y0iz0406t_c4f.fits,0.127,ok
PB 3894,FOS,,y0iz0406t_c5f.fits,0.127,ok
PB 3894,FOS,,y0iz0406t_c7f.fits,0.127,ok
PB 3894,FOS,,y0iz0407t_c0f.fits,0.04,ok
PB 3894,FOS,,y0iz0407t_c1f.fits,0.04,ok
PB 3894,FOS,,y0iz0407t_c2f.fits,0.04,ok
PB 3894,FOS,,y0iz0407t_c4f.fits,0.04,ok
PB 3894,FOS,,y0iz0407t_c5f.fits,0.04,ok
PB 3894,FOS,,y0iz0407t_c7f.fits,0.04,ok
PB 4142,COS,,le2j14010_x1dsum.fits,0.93,ok
PB 4142,COS,,le2j14ivq_x1d.fits,1.719,ok
PB 4142,COS,,le2j14ixq_x1d.fits,1.719,ok
PB 4142,COS,,le2j14j0q_x1d.fits,1.719,ok
PB 4142,COS,,le2j14j5q_x1d.fits,1.719,ok
PB 4142,FOS,,y38o0902t_c0f.fits,0.043,ok
PB 4142,FOS,,y38o0902t_c1f.fits,0.043,ok
PB 4142,FOS,,y38o0902t_c2f.fits,0.043,ok
PB 4142,FOS,,y38o0902t_c4f.fits,0.043,ok
PB 4142,FOS,,y38o0902t_c5f.fits,0.043,ok
PB 4142,FOS,,y38o0902t_c7f.fits,0.043,ok
PB 4142,FOS,,y38o0903t_c0f.fits,0.078,ok
PB 4142,FOS,,y38o0903t_c1f.fits,0.078,ok
PB 4142,FOS,,y38o0903t_c2f.fits,0.078,ok
PB 4142,FOS,,y38o0903t_c4f.fits,0.078,ok
PB 4142,FOS,,y38o0903t_c5f.fits,0.078,ok
PB 4142,FOS,,y38o0903t_c7f.fits,0.078,ok
PB 4142,FOS,,y38o0904t_c0f.fits,0.043,ok
PB 4142,FOS,,y38o0904t_c1f.fits,0.043,ok
PB 4142,FOS,,y38o0904t_c2f.fits,0.043,ok
PB 4142,FOS,,y38o0904t_c4f.fits,0.043,ok
PB 4142,FOS,,y38o0904t_c5f.fits,0.043,ok
PB 4142,FOS,,y38o0904t_c7f.fits,0.043,ok
PB 4142,FOS,,y38o0905t_c0f.fits,0.112,ok
PB 4142,FOS,,y38o0905t_c1f.fits,0.112,ok
PB 4142,FOS,,y38o0905t_c2f.fits,0.112,ok
PB 4142,FOS,,y38o0905t_c4f.fits,0.112,ok
PB 4142,FOS,,y38o0905t_c5f.fits,0.112,ok
PB 4142,FOS,,y38o0905t_c7f.fits,0.112,ok
PB 6739,COS,,leys01010_x1dsum.fits,1.814,ok
PB 6739,COS,,leys01020_x1dsum.fits,1.947,ok
PB 6739,COS,,leys01twq_x1d.fits,0.046,ok
PB 6739,COS,,leys01u2q_x1d.fits,3.39,ok
PB 6739,COS,,leys01u6q_x1d.fits,3.39,ok
PB 6739,COS,,leys01u9q_x1d.fits,3.39,ok
PB 6739,COS,,leys01ucq_x1d.fits,3.39,ok
PB 6739,COS,,leys02010_x1dsum.fits,1.817,ok
PB 6739,COS,,leys02cwq_x1d.fits,3.39,ok
PB 6739,COS,,leys02czq_x1d.fits,3.39,ok
PB 6739,COS,,leys02d3q_x1d.fits,3.39,ok
PB 6739,COS,,leys02daq_x1d.fits,3.39,ok
PB 6739,COS,,leys51010_x1dsum.fits,1.817,ok
PB 6739,COS,,leys51020_x1dsum.fits,1.947,ok
PB 6739,COS,,leys51ibq_x1d.fits,3.39,ok
PB 6739,COS,,leys51ieq_x1d.fits,3.39,ok
PB 6739,COS,,leys51igq_x1d.fits,3.39,ok
PB 6739,COS,,leys51iiq_x1d.fits,3.39,ok
PB 6739,COS,,leys51ikq_x1d.fits,3.39,ok
PB 8142,STIS,,ocuv01010_sx1.fits,0.081,ok
PG 1049-005,COS,,lbho53010_x1dsum.fits,1.947,ok
PG 1049-005,COS,,lbho53020_x1dsum.fits,1.944,ok
PG 1049-005,COS,,lbho53030_x1dsum.fits,1.947,ok
PG 1049-005,COS,,lbho53040_x1dsum.fits,1.944,ok
PG 1049-005,COS,,lbho53ihq_x1d.fits,3.39,ok
PG 1049-005,COS,,lbho53ilq_x1d.fits,3.39,ok
PG 1049-005,COS,,lbho53jjq_x1d.fits,3.39,ok
PG 1049-005,COS,,lbho53k1q_x1d.fits,3.39,ok
PG 1049-005,COS,,lc9906010_x1dsum.fits,1.814,ok
PG 1049-005,COS,,lc9906020_x1dsum.fits,1.817,ok
PG 1049-005,COS,,lc9906icq_x1d.fits,3.39,ok
PG 1049-005,COS,,lc9906ieq_x1d.fits,3.39,ok
PG 1049-005,COS,,lc9906igq_x1d.fits,3.39,ok
PG 1049-005,COS,,lc9906ixq_x1d.fits,3.39,ok
PG 1049-005,COS,,lc9906jrq_x1d.fits,3.39,ok
PG 1049-005,COS,,lc9906juq_x1d.fits,3.39,ok
PG 1049-005,COS,,lc9906jwq_x1d.fits,3.39,ok
PG 1049-005,COS,,lc9906jyq_x1d.fits,3.39,ok
PG 1049-005,STIS,,o4n303010_x1d.fits,0.078,ok
PG 1049-005,STIS,,o4n303020_x1d.fits,0.078,ok
PG 1049-005,STIS,,odl713010_sx1.fits,0.081,ok
PG 1049-005,STIS,,odl713020_sx1.fits,0.081,ok
PG 1049-005,STIS,,odl713030_sx1.fits,0.081,ok
PG 1049-005,STIS,,odl713040_sx1.fits,0.081,ok
PG 1049-005,FOS,,y0rv1g03t_c0f.fits,0.4,ok
PG 1049-005,FOS,,y0rv1g03t_c1f.fits,0.4,ok
PG 1049-005,FOS,,y0rv1g03t_c2f.fits,0.4,ok
PG 1049-005,FOS,,y0rv1g03t_c4f.fits,0.4,ok
PG 1049-005,FOS,,y0rv1g03t_c5f.fits,0.4,ok
PG 1049-005,FOS,,y0rv1g03t_c7f.fits,0.4,ok
PG 1049-005,FOS,,y0rv1g04t_c0f.fits,0.4,ok
PG 1049-005,FOS,,y0rv1g04t_c1f.fits,0.4,ok
PG 1049-005,FOS,,y0rv1g04t_c2f.fits,0.4,ok
PG 1049-005,FOS,,y0rv1g04t_c4f.fits,0.4,ok
PG 1049-005,FOS,,y0rv1g04t_c5f.fits,0.4,ok
PG 1049-005,FOS,,y0rv1g04t_c7f.fits,0.4,ok
PG 1049-005,FOS,,y0rv1g05t_c0f.fits,0.297,ok
PG 1049-005,FOS,,y0rv1g05t_c1f.fits,0.297,ok
PG 1049-005,FOS,,y0rv1g05t_c2f.fits,0.297,ok
PG 1049-005,FOS,,y0rv1g05t_c4f.fits,0.297,ok
PG 1049-005,FOS,,y0rv1g05t_c5f.fits,0.297,ok
PG 1049-005,FOS,,y0rv1g05t_c7f.fits,0.297,ok
PG 1216+069,COS,,lbg881010_x1dsum.fits,1.947,ok
PG 1216+069,COS,,lbg881020_x1dsum.fits,1.944,ok
PG 1216+069,COS,,lbg881030_x1dsum.fits,1.944,ok
PG 1216+069,COS,,lbg881040_x1dsum.fits,1.944,ok
PG 1216+069,COS,,lbg881050_x1dsum.fits,1.947,ok
PG 1216+069,COS,,lbg881060_x1dsum.fits,1.944,ok
PG 1216+069,COS,,lbg881070_x1dsum.fits,1.944,ok
PG 1216+069,COS,,lbg881080_x1dsum.fits,1.944,ok
PG 1216+069,COS,,lbg881jpq_x1d.fits,3.39,ok
PG 1216+069,COS,,lbg881jrq_x1d.fits,3.39,ok
PG 1216+069,COS,,lbg881jtq_x1d.fits,3.39,ok
PG 1216+069,COS,,lbg881jvq_x1d.fits,3.39,ok
PG 1216+069,COS,,lbg881jxq_x1d.fits,3.39,ok
PG 1216+069,COS,,lbg881jzq_x1d.fits,3.39,ok
PG 1216+069,COS,,lbg881ktq_x1d.fits,3.39,ok
PG 1216+069,COS,,lbg881l1q_x1d.fits,3.39,ok
PG 1216+069,COS,,le2j08010_x1dsum.fits,0.93,ok
PG 1216+069,COS,,le2j08020_x1dsum.fits,0.245,ok
PG 1216+069,COS,,le2j08s6s_x1d.fits,1.719,ok
PG 1216+069,COS,,le2j08s8s_x1d.fits,1.719,ok
PG 1216+069,COS,,le2j08sas_x1d.fits,1.719,ok
PG 1216+069,COS,,le2j08scs_x1d.fits,1.719,ok
PG 1216+069,COS,,le2j08ses_x1d.fits,0.429,ok
PG 1216+069,COS,,le2j08sgq_x1d.fits,0.429,ok
PG 1216+069,COS,,le2j08siq_x1d.fits,0.429,ok
PG 1216+069,COS,,le2j08sks_x1d.fits,0.429,ok
PG 1216+069,STIS,,o6e131010_x1d.fits,1.757,ok
PG 1216+069,STIS,,o6e131020_x1d.fits,1.757,ok
PG 1216+069,STIS,,o6e131030_x1d.fits,1.757,ok
PG 1216+069,STIS,,o6e132010_x1d.fits,1.757,ok
PG 1216+069,STIS,,o6e132020_x1d.fits,1.757,ok
PG 1216+069,STIS,,o6e132030_x1d.fits,1.757,ok
PG 1216+069,STIS,,o6e133010_x1d.fits,1.757,ok
PG 1216+069,STIS,,o6e133020_x1d.fits,1.757,ok
PG 1216+069,STIS,,o6e133030_x1d.fits,1.757,ok
PG 1216+069,STIS,,o6e134010_x1d.fits,1.757,ok
PG 1216+069,STIS,,o6e134020_x1d.fits,1.757,ok
PG 1216+069,STIS,,o6e134030_x1d.fits,1.757,ok
PG 1216+069,STIS,,o6e135010_x1d.fits,1.757,ok
PG 1216+069,STIS,,o6e135020_x1d.fits,1.757,ok
PG 1216+069,STIS,,o6e135030_x1d.fits,1.757,ok
PG 1216+069,STIS,,o6e136010_x1d.fits,1.757,ok
PG 1216+069,STIS,,o6e136020_x1d.fits,1.757,ok
PG 1216+069,STIS,,o6e136030_x1d.fits,1.757,ok
PG 1216+069,STIS,,o6e137010_x1d.fits,1.757,ok
PG 1216+069,STIS,,o6e137020_x1d.fits,1.757,ok
PG 1216+069,STIS,,o6e137030_x1d.fits,1.757,ok
PG 1216+069,STIS,,o6e138010_x1d.fits,1.757,ok
PG 1216+069,STIS,,o6e138020_x1d.fits,1.757,ok
PG 1216+069,STIS,,o6e138030_x1d.fits,1.757,ok
PG 1216+069,STIS,,o6e139010_x1d.fits,1.757,ok
PG 1216+069,STIS,,o6e139020_x1d.fits,1.757,ok
PG 1216+069,STIS,,o6e139030_x1d.fits,1.757,ok
PG 1216+069,FOS,,y10g0503t_c0f.fits,0.331,ok
PG 1216+069,FOS,,y10g0503t_c1f.fits,0.331,ok
PG 1216+069,FOS,,y10g0503t_c2f.fits,0.331,ok
PG 1216+069,FOS,,y10g0503t_c4f.fits,0.331,ok
PG 1216+069,FOS,,y10g0503t_c5f.fits,0.331,ok
PG 1216+069,FOS,,y10g0503t_c7f.fits,0.331,ok
PG 1216+069,FOS,,y10g0504t_c0f.fits,0.461,ok
PG 1216+069,FOS,,y10g0504t_c1f.fits,0.461,ok
PG 1216+069,FOS,,y10g0504t_c2f.fits,0.461,ok
PG 1216+069,FOS,,y10g0504t_c4f.fits,0.461,ok
PG 1216+069,FOS,,y10g0504t_c5f.fits,0.461,ok
PG 1216+069,FOS,,y10g0504t_c7f.fits,0.461,ok
PG 1216+069,FOS,,y10g0505t_c0f.fits,0.461,ok
PG 1216+069,FOS,,y10g0505t_c1f.fits,0.461,ok
PG 1216+069,FOS,,y10g0505t_c2f.fits,0.461,ok
PG 1216+069,FOS,,y10g0505t_c4f.fits,0.461,ok
PG 1216+069,FOS,,y10g0505t_c5f.fits,0.461,ok
PG 1216+069,FOS,,y10g0505t_c7f.fits,0.461,ok
PG 1216+069,FOS,,y1450d03t_c0f.fits,0.582,ok
PG 1216+069,FOS,,y1450d03t_c1f.fits,0.582,ok
PG 1216+069,FOS,,y1450d03t_c2f.fits,0.582,ok
PG 1216+069,FOS,,y1450d03t_c4f.fits,0.582,ok
PG 1216+069,FOS,,y1450d03t_c5f.fits,0.582,ok
PG 1216+069,FOS,,y1450d03t_c7f.fits,0.582,ok
PG 1216+069,FOS,,y1450d04t_c0f.fits,0.582,ok
PG 1216+069,FOS,,y1450d04t_c1f.fits,0.582,ok
PG 1216+069,FOS,,y1450d04t_c2f.fits,0.582,ok
PG 1216+069,FOS,,y1450d04t_c4f.fits,0.582,ok
PG 1216+069,FOS,,y1450d04t_c5f.fits,0.582,ok
PG 1216+069,FOS,,y1450d04t_c7f.fits,0.582,ok
PG 1216+069,FOS,,y1450d05t_c0f.fits,0.582,ok
PG 1216+069,FOS,,y1450d05t_c1f.fits,0.582,ok
PG 1216+069,FOS,,y1450d05t_c2f.fits,0.582,ok
PG 1216+069,FOS,,y1450d05t_c4f.fits,0.582,ok
PG 1216+069,FOS,,y1450d05t_c5f.fits,0.582,ok
PG 1216+069,FOS,,y1450d05t_c7f.fits,0.582,ok
PG 1216+069,FOS,,y1450d06t_c0f.fits,0.582,ok
PG 1216+069,FOS,,y1450d06t_c1f.fits,0.582,ok
PG 1216+069,FOS,,y1450d06t_c2f.fits,0.582,ok
PG 1216+069,FOS,,y1450d06t_c4f.fits,0.582,ok
PG 1216+069,FOS,,y1450d06t_c5f.fits,0.582,ok
PG 1216+069,FOS,,y1450d06t_c7f.fits,0.582,ok
PG 1216+069,FOS,,y1450d07t_c0f.fits,0.582,ok
PG 1216+069,FOS,,y1450d07t_c1f.fits,0.582,ok
PG 1216+069,FOS,,y1450d07t_c2f.fits,0.582,ok
PG 1216+069,FOS,,y1450d07t_c4f.fits,0.582,ok
PG 1216+069,FOS,,y1450d07t_c5f.fits,0.582,ok
PG 1216+069,FOS,,y1450d07t_c7f.fits,0.582,ok
PG 1216+069,FOS,,y1450d08t_c0f.fits,0.582,ok
PG 1216+069,FOS,,y1450d08t_c1f.fits,0.582,ok
PG 1216+069,FOS,,y1450d08t_c2f.fits,0.582,ok
PG 1216+069,FOS,,y1450d08t_c4f.fits,0.582,ok
PG 1216+069,FOS,,y1450d08t_c5f.fits,0.582,ok
PG 1216+069,FOS,,y1450d08t_c7f.fits,0.582,ok
PG 1216+069,FOS,,y1450d09t_c0f.fits,0.582,ok
PG 1216+069,FOS,,y1450d09t_c1f.fits,0.582,ok
PG 1216+069,FOS,,y1450d09t_c2f.fits,0.582,ok
PG 1216+069,FOS,,y1450d09t_c4f.fits,0.582,ok
PG 1216+069,FOS,,y1450d09t_c5f.fits,0.582,ok
PG 1216+069,FOS,,y1450d09t_c7f.fits,0.582,ok
PG0946+301,STIS,,o5ao01010_x1d.fits,0.078,ok
PG0946+301,STIS,,o5ao01020_x1d.fits,0.078,ok
PG0946+301,STIS,,o5ao01030_x1d.fits,0.078,ok
PG0946+301,STIS,,o5ao01040_x1d.fits,0.078,ok
PG0946+301,STIS,,o5ao01050_x1d.fits,0.078,ok
PG0946+301,STIS,,o5ao02010_x1d.fits,0.078,ok
PG0946+301,STIS,,o5ao02020_x1d.fits,0.078,ok
PG0946+301,STIS,,o5ao02030_x1d.fits,0.078,ok
PG0946+301,STIS,,o5ao02040_x1d.fits,0.078,ok
PG0946+301,STIS,,o5ao02050_x1d.fits,0.078,ok
PG0946+301,STIS,,o5ao03010_x1d.fits,0.078,ok
PG0946+301,STIS,,o5ao03020_x1d.fits,0.078,ok
PG0946+301,STIS,,o5ao03030_x1d.fits,0.078,ok
PG0946+301,STIS,,o5ao03040_x1d.fits,0.078,ok
PG0946+301,STIS,,o5ao03050_x1d.fits,0.078,ok
PG0946+301,STIS,,o5ao04010_x1d.fits,0.078,ok
PG0946+301,STIS,,o5ao04020_x1d.fits,0.078,ok
PG0946+301,STIS,,o5ao04030_x1d.fits,0.078,ok
PG0946+301,STIS,,o5ao04040_x1d.fits,0.078,ok
PG0946+301,STIS,,o5ao04050_x1d.fits,0.078,ok
PG0946+301,STIS,,o5ao05010_x1d.fits,0.078,ok
PG0946+301,STIS,,o5ao05020_x1d.fits,0.078,ok
PG0946+301,STIS,,o5ao05030_x1d.fits,0.078,ok
PG0946+301,STIS,,o5ao05040_x1d.fits,0.078,ok
PG0946+301,STIS,,o5ao05050_x1d.fits,0.078,ok
PG0946+301,STIS,,o5ao06010_sx1.fits,0.081,ok
PG0946+301,STIS,,o5ao06020_sx1.fits,0.081,ok
PG0946+301,STIS,,o5ao06030_sx1.fits,0.081,ok
PG0946+301,STIS,,o5ao06040_sx1.fits,0.081,ok
PG0946+301,STIS,,o5ao06050_sx1.fits,0.081,ok
PG0946+301,STIS,,o5ao07010_x1d.fits,0.078,ok
PG0946+301,STIS,,o5ao07020_x1d.fits,0.078,ok
PG0946+301,STIS,,o5ao07030_x1d.fits,0.078,ok
PG0946+301,STIS,,o5ao07040_x1d.fits,0.078,ok
PG0946+301,STIS,,o5ao07050_x1d.fits,0.078,ok
PG0946+301,STIS,,o5ao08010_x1d.fits,0.078,ok
PG0946+301,STIS,,o5ao08020_x1d.fits,0.078,ok
PG0946+301,STIS,,o5ao08030_x1d.fits,0.078,ok
PG0946+301,STIS,,o5ao08040_x1d.fits,0.078,ok
PG0946+301,STIS,,o5ao08050_x1d.fits,0.078,ok
PG0946+301,FOS,,y0uw0202t_c0f.fits,0.04,ok
PG0946+301,FOS,,y0uw0202t_c1f.fits,0.04,ok
PG0946+301,FOS,,y0uw0202t_c2f.fits,0.04,ok
PG0946+301,FOS,,y0uw0202t_c4f.fits,0.04,ok
PG0946+301,FOS,,y0uw0202t_c5f.fits,0.04,ok
PG0946+301,FOS,,y0uw0202t_c7f.fits,0.04,ok
PG0946+301,FOS,,y0uw0203t_c0f.fits,0.357,ok
PG0946+301,FOS,,y0uw0203t_c1f.fits,0.357,ok
PG0946+301,FOS,,y0uw0203t_c2f.fits,0.357,ok
PG0946+301,FOS,,y0uw0203t_c4f.fits,0.357,ok
PG0946+301,FOS,,y0uw0203t_c5f.fits,0.357,ok
PG0946+301,FOS,,y0uw0203t_c7f.fits,0.357,ok
PG0946+301,FOS,,y0uw0204t_c0f.fits,0.357,ok
PG0946+301,FOS,,y0uw0204t_c1f.fits,0.357,ok
PG0946+301,FOS,,y0uw0204t_c2f.fits,0.357,ok
PG0946+301,FOS,,y0uw0204t_c4f.fits,0.357,ok
PG0946+301,FOS,,y0uw0204t_c5f.fits,0.357,ok
PG0946+301,FOS,,y0uw0204t_c7f.fits,0.357,ok
PG0946+301,FOS,,y0uw0205t_c0f.fits,0.57,ok
PG0946+301,FOS,,y0uw0205t_c1f.fits,0.57,ok
PG0946+301,FOS,,y0uw0205t_c2f.fits,0.57,ok
PG0946+301,FOS,,y0uw0205t_c4f.fits,0.57,ok
PG0946+301,FOS,,y0uw0205t_c5f.fits,0.57,ok
PG0946+301,FOS,,y0uw0205t_c7f.fits,0.57,ok
PG0946+301,FOS,,y0uw0206t_c0f.fits,0.57,ok
PG0946+301,FOS,,y0uw0206t_c1f.fits,0.57,ok
PG0946+301,FOS,,y0uw0206t_c2f.fits,0.57,ok
PG0946+301,FOS,,y0uw0206t_c4f.fits,0.57,ok
PG0946+301,FOS,,y0uw0206t_c5f.fits,0.57,ok
PG0946+301,FOS,,y0uw0206t_c7f.fits,0.57,ok
PG0946+301,FOS,,y0uw0207t_c0f.fits,0.461,ok
PG0946+301,FOS,,y0uw0207t_c1f.fits,0.461,ok
PG0946+301,FOS,,y0uw0207t_c2f.fits,0.461,ok
PG0946+301,FOS,,y0uw0207t_c4f.fits,0.461,ok
PG0946+301,FOS,,y0uw0207t_c5f.fits,0.461,ok
PG0946+301,FOS,,y0uw0207t_c7f.fits,0.461,ok
PG0946+301,FOS,,y0uw0208t_c0f.fits,0.04,ok
PG0946+301,FOS,,y0uw0208t_c1f.fits,0.04,ok
PG0946+301,FOS,,y0uw0208t_c2f.fits,0.04,ok
PG0946+301,FOS,,y0uw0208t_c4f.fits,0.04,ok
PG0946+301,FOS,,y0uw0208t_c5f.fits,0.04,ok
PG0946+301,FOS,,y0uw0208t_c7f.fits,0.04,ok
PG0953+415,COS,,lbgl02010_x1dsum.fits,1.944,ok
PG0953+415,COS,,lbgl02020_x1dsum.fits,1.944,ok
PG0953+415,COS,,lbgl02030_x1dsum.fits,1.944,ok
PG0953+415,COS,,lbgl02040_x1dsum.fits,1.944,ok
PG0953+415,COS,,lbgl02050_x1dsum.fits,1.947,ok
PG0953+415,COS,,lbgl02060_x1dsum.fits,1.944,ok
PG0953+415,COS,,lbgl02070_x1dsum.fits,1.944,ok
PG0953+415,COS,,lbgl02080_x1dsum.fits,1.944,ok
PG0953+415,COS,,lbgl02hcq_x1d.fits,3.39,ok
PG0953+415,COS,,lbgl02i5q_x1d.fits,3.39,ok
PG0953+415,COS,,lbgl02i9q_x1d.fits,3.39,ok
PG0953+415,COS,,lbgl02ioq_x1d.fits,3.39,ok
PG0953+415,COS,,lbgl02iwq_x1d.fits,3.39,ok
PG0953+415,COS,,lbgl02j6q_x1d.fits,3.39,ok
PG0953+415,COS,,lbgl02jdq_x1d.fits,3.39,ok
PG0953+415,COS,,lbgl02jhq_x1d.fits,3.39,ok
PG0953+415,COS,,le2j02010_x1dsum.fits,0.93,ok
PG0953+415,COS,,le2j02c7q_x1d.fits,1.719,ok
PG0953+415,COS,,le2j02c9q_x1d.fits,1.719,ok
PG0953+415,COS,,le2j02cbq_x1d.fits,1.719,ok
PG0953+415,COS,,le2j02cdq_x1d.fits,1.719,ok
PG0953+415,STIS,,o4x001010_x1d.fits,1.757,ok
PG0953+415,STIS,,o4x001020_x1d.fits,6.949,ok
PG0953+415,STIS,,o4x002010_x1d.fits,6.949,ok
PG0953+415,STIS,,o63g01010_x1d.fits,0.078,ok
PG0953+415,STIS,,o63g01020_x1d.fits,0.078,ok
PG0953+415,STIS,,o63g01030_x1d.fits,0.078,ok
PG0953+415,STIS,,o63g02010_x1d.fits,0.078,ok
PG0953+415,STIS,,o63g02020_x1d.fits,0.078,ok
PG0953+415,STIS,,o63g03010_x1d.fits,0.078,ok
PG0953+415,STIS,,o63g03020_x1d.fits,0.078,ok
PG0953+415,STIS,,o63g03030_x1d.fits,0.078,ok
PG0953+415,STIS,,o63g04010_x1d.fits,0.078,ok
PG0953+415,STIS,,o63g04020_x1d.fits,0.078,ok
PG0953+415,STIS,,o6fr01010_x1d.fits,0.078,ok
PG0953+415,STIS,,o6fr01020_x1d.fits,0.187,ok
PG0953+415,STIS,,odl711010_sx1.fits,0.081,ok
PG0953+415,STIS,,odl711020_sx1.fits,0.081,ok
PG0953+415,STIS,,odl711030_sx1.fits,0.081,ok
PG0953+415,STIS,,odl711040_sx1.fits,0.081,ok
PG0953+415,FOS,,y0ml0103t_c0f.fits,0.415,ok
PG0953+415,FOS,,y0ml0103t_c1f.fits,0.415,ok
PG0953+415,FOS,,y0ml0103t_c2f.fits,0.415,ok
PG0953+415,FOS,,y0ml0103t_c4f.fits,0.415,ok
PG0953+415,FOS,,y0ml0103t_c5f.fits,0.415,ok
PG0953+415,FOS,,y0ml0103t_c7f.fits,0.415,ok
PG0953+415,FOS,,y0ml0104t_c0f.fits,0.04,ok
PG0953+415,FOS,,y0ml0104t_c1f.fits,0.04,ok
PG0953+415,FOS,,y0ml0104t_c2f.fits,0.04,ok
PG0953+415,FOS,,y0ml0104t_c4f.fits,0.04,ok
PG0953+415,FOS,,y0ml0104t_c5f.fits,0.04,ok
PG0953+415,FOS,,y0ml0104t_c7f.fits,0.04,ok
PG0953+415,FOS,,y0ml0105t_c0f.fits,0.245,ok
PG0953+415,FOS,,y0ml0105t_c1f.fits,0.245,ok
PG0953+415,FOS,,y0ml0105t_c2f.fits,0.245,ok
PG0953+415,FOS,,y0ml0105t_c4f.fits,0.245,ok
PG0953+415,FOS,,y0ml0105t_c5f.fits,0.245,ok
PG0953+415,FOS,,y0ml0105t_c7f.fits,0.245,ok
PG0953+415,FOS,,y0r40103t_c0f.fits,0.098,ok
PG0953+415,FOS,,y0r40103t_c1f.fits,0.098,ok
PG0953+415,FOS,,y0r40103t_c2f.fits,0.098,ok
PG0953+415,FOS,,y0r40103t_c4f.fits,0.098,ok
PG0953+415,FOS,,y0r40103t_c5f.fits,0.098,ok
PG0953+415,FOS,,y0r40103t_c7f.fits,0.098,ok
PG0953+415,FOS,,y0r40104t_c0f.fits,0.098,ok
PG0953+415,FOS,,y0r40104t_c1f.fits,0.098,ok
PG0953+415,FOS,,y0r40104t_c2f.fits,0.098,ok
PG0953+415,FOS,,y0r40104t_c4f.fits,0.098,ok
PG0953+415,FOS,,y0r40104t_c5f.fits,0.098,ok
PG0953+415,FOS,,y0r40104t_c7f.fits,0.098,ok
PG0953+415,FOS,,y0r40105t_c0f.fits,0.098,ok
PG0953+415,FOS,,y0r40105t_c1f.fits,0.098,ok
PG0953+415,FOS,,y0r40105t_c2f.fits,0.098,ok
PG0953+415,FOS,,y0r40105t_c4f.fits,0.098,ok
PG0953+415,FOS,,y0r40105t_c5f.fits,0.098,ok
PG0953+415,FOS,,y0r40105t_c7f.fits,0.098,ok
PG0953+415,FOS,,y0r40106t_c0f.fits,0.098,ok
PG0953+415,FOS,,y0r40106t_c1f.fits,0.098,ok
PG0953+415,FOS,,y0r40106t_c2f.fits,0.098,ok
PG0953+415,FOS,,y0r40106t_c4f.fits,0.098,ok
PG0953+415,FOS,,y0r40106t_c5f.fits,0.098,ok
PG0953+415,FOS,,y0r40106t_c7f.fits,0.098,ok
PG1254+047,FOS,,y1450e03t_c0f.fits,0.553,ok
PG1254+047,FOS,,y1450e03t_c1f.fits,0.553,ok
PG1254+047,FOS,,y1450e03t_c2f.fits,0.553,ok
PG1254+047,FOS,,y1450e03t_c4f.fits,0.553,ok
PG1254+047,FOS,,y1450e03t_c5f.fits,0.553,ok
PG1254+047,FOS,,y1450e03t_c7f.fits,0.553,ok
PG1254+047,FOS,,y1450e04t_c0f.fits,0.553,ok
PG1254+047,FOS,,y1450e04t_c1f.fits,0.553,ok
PG1254+047,FOS,,y1450e04t_c2f.fits,0.553,ok
PG1254+047,FOS,,y1450e04t_c4f.fits,0.553,ok
PG1254+047,FOS,,y1450e04t_c5f.fits,0.553,ok
PG1254+047,FOS,,y1450e04t_c7f.fits,0.553,ok
PG1254+047,FOS,,y1450e05t_c0f.fits,0.553,ok
PG1254+047,FOS,,y1450e05t_c1f.fits,0.553,ok
PG1254+047,FOS,,y1450e05t_c2f.fits,0.553,ok
PG1254+047,FOS,,y1450e05t_c4f.fits,0.553,ok
PG1254+047,FOS,,y1450e05t_c5f.fits,0.553,ok
PG1254+047,FOS,,y1450e05t_c7f.fits,0.553,ok
PG1254+047,FOS,,y1450e06t_c0f.fits,0.553,ok
PG1254+047,FOS,,y1450e06t_c1f.fits,0.553,ok
PG1254+047,FOS,,y1450e06t_c2f.fits,0.553,ok
PG1254+047,FOS,,y1450e06t_c4f.fits,0.553,ok
PG1254+047,FOS,,y1450e06t_c5f.fits,0.553,ok
PG1254+047,FOS,,y1450e06t_c7f.fits,0.553,ok
PG1254+047,FOS,,y1450e07t_c0f.fits,0.484,ok
PG1254+047,FOS,,y1450e07t_c1f.fits,0.484,ok
PG1254+047,FOS,,y1450e07t_c2f.fits,0.484,ok
PG1254+047,FOS,,y1450e07t_c4f.fits,0.484,ok
PG1254+047,FOS,,y1450e07t_c5f.fits,0.484,ok
PG1254+047,FOS,,y1450e07t_c7f.fits,0.484,ok
PG1254+047,FOS,,y1450e08t_c0f.fits,0.228,ok
PG1254+047,FOS,,y1450e08t_c1f.fits,0.228,ok
PG1254+047,FOS,,y1450e08t_c2f.fits,0.228,ok
PG1254+047,FOS,,y1450e08t_c4f.fits,0.228,ok
PG1254+047,FOS,,y1450e08t_c5f.fits,0.228,ok
PG1254+047,FOS,,y1450e08t_c7f.fits,0.228,ok
PG1259+593,COS,,lb6805010_x1dsum.fits,1.944,ok
PG1259+593,COS,,lb6805020_x1dsum.fits,1.944,ok
PG1259+593,COS,,lb6805030_x1dsum.fits,1.944,ok
PG1259+593,COS,,lb6805040_x1dsum.fits,1.944,ok
PG1259+593,COS,,lb6805050_x1dsum.fits,1.947,ok
PG1259+593,COS,,lb6805060_x1dsum.fits,1.944,ok
PG1259+593,COS,,lb6805070_x1dsum.fits,1.944,ok
PG1259+593,COS,,lb6805080_x1dsum.fits,1.944,ok
PG1259+593,COS,,lb6805tmq_x1d.fits,3.39,ok
PG1259+593,COS,,lb6805toq_x1d.fits,3.39,ok
PG1259+593,COS,,lb6805tqq_x1d.fits,3.39,ok
PG1259+593,COS,,lb6805tsq_x1d.fits,3.39,ok
PG1259+593,COS,,lb6805tuq_x1d.fits,3.39,ok
PG1259+593,COS,,lb6805twq_x1d.fits,3.39,ok
PG1259+593,COS,,lb6805tyq_x1d.fits,3.39,ok
PG1259+593,COS,,lb6805u0q_x1d.fits,3.39,ok
PG1259+593,STIS,,o4n307010_x1d.fits,0.078,ok
PG1259+593,STIS,,o4n307020_x1d.fits,0.078,ok
PG1259+593,STIS,,o63g05010_x1d.fits,1.757,ok
PG1259+593,STIS,,o63g05020_x1d.fits,1.757,ok
PG1259+593,STIS,,o63g05030_x1d.fits,1.757,ok
PG1259+593,STIS,,o63g05040_x1d.fits,1.757,ok
PG1259+593,STIS,,o63g05050_x1d.fits,1.757,ok
PG1259+593,STIS,,o63g05060_x1d.fits,1.757,ok
PG1259+593,STIS,,o63g06010_x1d.fits,1.757,ok
PG1259+593,STIS,,o63g06020_x1d.fits,1.757,ok
PG1259+593,STIS,,o63g06030_x1d.fits,1.757,ok
PG1259+593,STIS,,o63g06040_x1d.fits,1.757,ok
PG1259+593,STIS,,o63g06050_x1d.fits,1.757,ok
PG1259+593,STIS,,o63g06060_x1d.fits,1.757,ok
PG1259+593,STIS,,o63g07010_x1d.fits,1.757,ok
PG1259+593,STIS,,o63g07020_x1d.fits,1.757,ok
PG1259+593,STIS,,o63g07030_x1d.fits,1.757,ok
PG1259+593,STIS,,o63g07040_x1d.fits,1.757,ok
PG1259+593,STIS,,o63g07050_x1d.fits,1.757,ok
PG1259+593,STIS,,o63g07060_x1d.fits,1.757,ok
PG1259+593,STIS,,o63g08010_x1d.fits,1.757,ok
PG1259+593,STIS,,o63g08020_x1d.fits,1.757,ok
PG1259+593,STIS,,o63g08030_x1d.fits,1.757,ok
PG1259+593,STIS,,o63g08040_x1d.fits,1.757,ok
PG1259+593,STIS,,o63g08050_x1d.fits,1.757,ok
PG1259+593,STIS,,o63g08060_x1d.fits,1.757,ok
PG1259+593,STIS,,o63g09010_x1d.fits,1.757,ok
PG1259+593,STIS,,o63g09020_x1d.fits,1.757,ok
PG1259+593,STIS,,o63g09030_x1d.fits,1.757,ok
PG1259+593,STIS,,o63g09040_x1d.fits,1.757,ok
PG1259+593,STIS,,o63g09050_x1d.fits,1.757,ok
PG1259+593,STIS,,o63g09060_x1d.fits,1.757,ok
PG1259+593,STIS,,o63g10010_x1d.fits,1.757,ok
PG1259+593,STIS,,o63g10020_x1d.fits,1.757,ok
PG1259+593,STIS,,o63g10030_x1d.fits,1.757,ok
PG1259+593,STIS,,o63g10040_x1d.fits,1.757,ok
PG1259+593,STIS,,o63g10050_x1d.fits,1.757,ok
PG1259+593,STIS,,o63g10060_x1d.fits,1.757,ok
PG1259+593,STIS,,o63g11010_x1d.fits,1.757,ok
PG1259+593,STIS,,o63g11020_x1d.fits,1.757,ok
PG1259+593,STIS,,o63g11030_x1d.fits,1.757,ok
PG1259+593,STIS,,o63g11040_x1d.fits,1.757,ok
PG1259+593,FOS,,y0rv1j03t_c0f.fits,0.613,ok
PG1259+593,FOS,,y0rv1j03t_c1f.fits,0.613,ok
PG1259+593,FOS,,y0rv1j03t_c2f.fits,0.613,ok
PG1259+593,FOS,,y0rv1j03t_c4f.fits,0.613,ok
PG1259+593,FOS,,y0rv1j03t_c5f.fits,0.613,ok
PG1259+593,FOS,,y0rv1j03t_c7f.fits,0.613,ok
PG1259+593,FOS,,y0rv1j04t_c0f.fits,0.245,ok
PG1259+593,FOS,,y0rv1j04t_c1f.fits,0.245,ok
PG1259+593,FOS,,y0rv1j04t_c2f.fits,0.245,ok
PG1259+593,FOS,,y0rv1j04t_c4f.fits,0.245,ok
PG1259+593,FOS,,y0rv1j04t_c5f.fits,0.245,ok
PG1259+593,FOS,,y0rv1j04t_c7f.fits,0.245,ok
PG1259+593,FOS,,y0vm0303t_c0f.fits,0.7,ok
PG1259+593,FOS,,y0vm0303t_c1f.fits,0.7,ok
PG1259+593,FOS,,y0vm0303t_c2f.fits,0.7,ok
PG1259+593,FOS,,y0vm0303t_c4f.fits,0.7,ok
PG1259+593,FOS,,y0vm0303t_c5f.fits,0.7,ok
PG1259+593,FOS,,y0vm0303t_c7f.fits,0.7,ok
PG1259+593,FOS,,y0vm0304t_c0f.fits,0.7,ok
PG1259+593,FOS,,y0vm0304t_c1f.fits,0.7,ok
PG1259+593,FOS,,y0vm0304t_c2f.fits,0.7,ok
PG1259+593,FOS,,y0vm0304t_c4f.fits,0.7,ok
PG1259+593,FOS,,y0vm0304t_c5f.fits,0.7,ok
PG1259+593,FOS,,y0vm0304t_c7f.fits,0.7,ok
PG1259+593,FOS,,y0vm0305t_c0f.fits,0.7,ok
PG1259+593,FOS,,y0vm0305t_c1f.fits,0.7,ok
PG1259+593,FOS,,y0vm0305t_c2f.fits,0.7,ok
PG1259+593,FOS,,y0vm0305t_c4f.fits,0.7,ok
PG1259+593,FOS,,y0vm0305t_c5f.fits,0.7,ok
PG1259+593,FOS,,y0vm0305t_c7f.fits,0.7,ok
PG1259+593,FOS,,y0vm0306t_c0f.fits,0.7,ok
PG1259+593,FOS,,y0vm0306t_c1f.fits,0.7,ok
PG1259+593,FOS,,y0vm0306t_c2f.fits,0.7,ok
PG1259+593,FOS,,y0vm0306t_c4f.fits,0.7,ok
PG1259+593,FOS,,y0vm0306t_c5f.fits,0.7,ok
PG1259+593,FOS,,y0vm0306t_c7f.fits,0.7,ok
PG1259+593,FOS,,y0vm0307t_c0f.fits,0.7,ok
PG1259+593,FOS,,y0vm0307t_c1f.fits,0.7,ok
PG1259+593,FOS,,y0vm0307t_c2f.fits,0.7,ok
PG1259+593,FOS,,y0vm0307t_c4f.fits,0.7,ok
PG1259+593,FOS,,y0vm0307t_c5f.fits,0.7,ok
PG1259+593,FOS,,y0vm0307t_c7f.fits,0.7,ok
PG1259+593,FOS,,y0vm0308t_c0f.fits,0.7,ok
PG1259+593,FOS,,y0vm0308t_c1f.fits,0.7,ok
PG1259+593,FOS,,y0vm0308t_c2f.fits,0.7,ok
PG1259+593,FOS,,y0vm0308t_c4f.fits,0.7,ok
PG1259+593,FOS,,y0vm0308t_c5f.fits,0.7,ok
PG1259+593,FOS,,y0vm0308t_c7f.fits,0.7,ok
PG1259+593,FOS,,y0vm0309t_c0f.fits,0.7,ok
PG1259+593,FOS,,y0vm0309t_c1f.fits,0.7,ok
PG1259+593,FOS,,y0vm0309t_c2f.fits,0.7,ok
PG1259+593,FOS,,y0vm0309t_c4f.fits,0.7,ok
PG1259+593,FOS,,y0vm0309t_c5f.fits,0.7,ok
PG1259+593,FOS,,y0vm0309t_c7f.fits,0.7,ok
PG1322+659,STIS,,of9m09010_sx1.fits,0.081,ok
PG1322+659,STIS,,of9m09020_sx1.fits,0.081,ok
PG1322+659,STIS,,of9m09030_x1d.fits,0.078,ok
PG1322+659,STIS,,of9m09040_x1d.fits,0.078,ok
PG1322+659,FOS,,y38o0802t_c0f.fits,0.818,ok
PG1322+659,FOS,,y38o0802t_c1f.fits,0.818,ok
PG1322+659,FOS,,y38o0802t_c2f.fits,0.818,ok
PG1322+659,FOS,,y38o0802t_c4f.fits,0.818,ok
PG1322+659,FOS,,y38o0802t_c5f.fits,0.818,ok
PG1322+659,FOS,,y38o0802t_c7f.fits,0.818,ok
PG1322+659,FOS,,y38o0803t_c0f.fits,0.06,ok
PG1322+659,FOS,,y38o0803t_c1f.fits,0.06,ok
PG1322+659,FOS,,y38o0803t_c2f.fits,0.06,ok
PG1322+659,FOS,,y38o0803t_c4f.fits,0.06,ok
PG1322+659,FOS,,y38o0803t_c5f.fits,0.06,ok
PG1322+659,FOS,,y38o0803t_c7f.fits,0.06,ok
PG1322+659,FOS,,y38o0804t_c0f.fits,0.216,ok
PG1322+659,FOS,,y38o0804t_c1f.fits,0.216,ok
PG1322+659,FOS,,y38o0804t_c2f.fits,0.216,ok
PG1322+659,FOS,,y38o0804t_c4f.fits,0.216,ok
PG1322+659,FOS,,y38o0804t_c5f.fits,0.216,ok
PG1322+659,FOS,,y38o0804t_c7f.fits,0.216,ok
PG1322+659,FOS,,y38o0805t_c0f.fits,0.052,ok
PG1322+659,FOS,,y38o0805t_c1f.fits,0.052,ok
PG1322+659,FOS,,y38o0805t_c2f.fits,0.052,ok
PG1322+659,FOS,,y38o0805t_c4f.fits,0.052,ok
PG1322+659,FOS,,y38o0805t_c5f.fits,0.052,ok
PG1322+659,FOS,,y38o0805t_c7f.fits,0.052,ok
PG1322+659,FOS,,y38o0806t_c0f.fits,0.086,ok
PG1322+659,FOS,,y38o0806t_c1f.fits,0.086,ok
PG1322+659,FOS,,y38o0806t_c2f.fits,0.086,ok
PG1322+659,FOS,,y38o0806t_c4f.fits,0.086,ok
PG1322+659,FOS,,y38o0806t_c5f.fits,0.086,ok
PG1322+659,FOS,,y38o0806t_c7f.fits,0.086,ok
PG1333+176,FOS,,y0rv1103t_c0f.fits,0.426,ok
PG1333+176,FOS,,y0rv1103t_c1f.fits,0.426,ok
PG1333+176,FOS,,y0rv1103t_c2f.fits,0.426,ok
PG1333+176,FOS,,y0rv1103t_c4f.fits,0.426,ok
PG1333+176,FOS,,y0rv1103t_c5f.fits,0.426,ok
PG1333+176,FOS,,y0rv1103t_c7f.fits,0.426,ok
PG1333+176,FOS,,y0rv1104t_c0f.fits,0.426,ok
PG1333+176,FOS,,y0rv1104t_c1f.fits,0.426,ok
PG1333+176,FOS,,y0rv1104t_c2f.fits,0.426,ok
PG1333+176,FOS,,y0rv1104t_c4f.fits,0.426,ok
PG1333+176,FOS,,y0rv1104t_c5f.fits,0.426,ok
PG1333+176,FOS,,y0rv1104t_c7f.fits,0.426,ok
PG1333+176,FOS,,y0rv1105t_c0f.fits,0.297,ok
PG1333+176,FOS,,y0rv1105t_c1f.fits,0.297,ok
PG1333+176,FOS,,y0rv1105t_c2f.fits,0.297,ok
PG1333+176,FOS,,y0rv1105t_c4f.fits,0.297,ok
PG1333+176,FOS,,y0rv1105t_c5f.fits,0.297,ok
PG1333+176,FOS,,y0rv1105t_c7f.fits,0.297,ok
PG1333+176,FOS,,y0rv1106t_c0f.fits,0.158,ok
PG1333+176,FOS,,y0rv1106t_c1f.fits,0.158,ok
PG1333+176,FOS,,y0rv1106t_c2f.fits,0.158,ok
PG1333+176,FOS,,y0rv1106t_c4f.fits,0.158,ok
PG1333+176,FOS,,y0rv1106t_c5f.fits,0.158,ok
PG1333+176,FOS,,y0rv1106t_c7f.fits,0.158,ok
PG1351+640,COS,,lbp413010_x1dsum.fits,1.814,ok
PG1351+640,COS,,lbp413020_x1dsum.fits,1.814,ok
PG1351+640,COS,,lbp413e3q_x1d.fits,3.39,ok
PG1351+640,COS,,lbp413e5q_x1d.fits,3.39,ok
PG1351+640,COS,,lbp413e7q_x1d.fits,3.39,ok
PG1351+640,COS,,lbp413e9q_x1d.fits,3.39,ok
PG1351+640,COS,,lc9903010_x1dsum.fits,1.814,ok
PG1351+640,COS,,lc9903e8q_x1d.fits,3.39,ok
PG1351+640,COS,,lc9903eaq_x1d.fits,3.39,ok
PG1351+640,COS,,lc9903ecq_x1d.fits,3.39,ok
PG1351+640,COS,,lc9903eeq_x1d.fits,3.39,ok
PG1351+640,STIS,,o4ec54010_x1d.fits,0.132,ok
PG1351+640,STIS,,o4ec54020_x1d.fits,0.132,ok
PG1351+640,STIS,,o6ct32010_sx1.fits,0.081,ok
PG1351+640,FOS,,y0p80303t_c0f.fits,0.084,ok
PG1351+640,FOS,,y0p80303t_c1f.fits,0.084,ok
PG1351+640,FOS,,y0p80303t_c2f.fits,0.084,ok
PG1351+640,FOS,,y0p80303t_c4f.fits,0.084,ok
PG1351+640,FOS,,y0p80303t_c5f.fits,0.084,ok
PG1351+640,FOS,,y0p80303t_c7f.fits,0.084,ok
PG1351+640,FOS,,y0p80304t_c0f.fits,0.084,ok
PG1351+640,FOS,,y0p80304t_c1f.fits,0.084,ok
PG1351+640,FOS,,y0p80304t_c2f.fits,0.084,ok
PG1351+640,FOS,,y0p80304t_c4f.fits,0.084,ok
PG1351+640,FOS,,y0p80304t_c5f.fits,0.084,ok
PG1351+640,FOS,,y0p80304t_c7f.fits,0.084,ok
PG1351+640,FOS,,y0p80305t_c0f.fits,0.075,ok
PG1351+640,FOS,,y0p80305t_c1f.fits,0.075,ok
PG1351+640,FOS,,y0p80305t_c2f.fits,0.075,ok
PG1351+640,FOS,,y0p80305t_c4f.fits,0.075,ok
PG1351+640,FOS,,y0p80305t_c5f.fits,0.075,ok
PG1351+640,FOS,,y0p80305t_c7f.fits,0.075,ok
PG1351+640,FOS,,y0p80306t_c0f.fits,0.084,ok
PG1351+640,FOS,,y0p80306t_c1f.fits,0.084,ok
PG1351+640,FOS,,y0p80306t_c2f.fits,0.084,ok
PG1351+640,FOS,,y0p80306t_c4f.fits,0.084,ok
PG1351+640,FOS,,y0p80306t_c5f.fits,0.084,ok
PG1351+640,FOS,,y0p80306t_c7f.fits,0.084,ok
PG1351+640,FOS,,y0p80307t_c0f.fits,0.084,ok
PG1351+640,FOS,,y0p80307t_c1f.fits,0.084,ok
PG1351+640,FOS,,y0p80307t_c2f.fits,0.084,ok
PG1351+640,FOS,,y0p80307t_c4f.fits,0.084,ok
PG1351+640,FOS,,y0p80307t_c5f.fits,0.084,ok
PG1351+640,FOS,,y0p80307t_c7f.fits,0.084,ok
PG1402+261,STIS,,of9m08010_sx1.fits,0.081,ok
PG1402+261,STIS,,of9m08020_sx1.fits,0.081,ok
PG1402+261,FOS,,y1hk0e02t_c0f.fits,0.066,ok
PG1402+261,FOS,,y1hk0e02t_c1f.fits,0.066,ok
PG1402+261,FOS,,y1hk0e02t_c2f.fits,0.066,ok
PG1402+261,FOS,,y1hk0e02t_c4f.fits,0.066,ok
PG1402+261,FOS,,y1hk0e02t_c5f.fits,0.066,ok
PG1402+261,FOS,,y1hk0e02t_c7f.fits,0.066,ok
PG1402+261,FOS,,y29c0c02t_c0f.fits,0.078,ok
PG1402+261,FOS,,y29c0c02t_c1f.fits,0.078,ok
PG1402+261,FOS,,y29c0c02t_c2f.fits,0.078,ok
PG1402+261,FOS,,y29c0c02t_c4f.fits,0.078,ok
PG1402+261,FOS,,y29c0c02t_c5f.fits,0.078,ok
PG1402+261,FOS,,y29c0c02t_c7f.fits,0.078,ok
PG1402+261,FOS,,y2gq1w01t_c0f.fits,0.043,ok
PG1402+261,FOS,,y2gq1w01t_c1f.fits,0.043,ok
PG1402+261,FOS,,y2gq1w01t_c2f.fits,0.043,ok
PG1402+261,FOS,,y2gq1w01t_c4f.fits,0.043,ok
PG1402+261,FOS,,y2gq1w01t_c5f.fits,0.043,ok
PG1402+261,FOS,,y2gq1w01t_c7f.fits,0.043,ok
PG1402+261,FOS,,y38o1002t_c0f.fits,0.086,ok
PG1402+261,FOS,,y38o1002t_c1f.fits,0.086,ok
PG1402+261,FOS,,y38o1002t_c2f.fits,0.086,ok
PG1402+261,FOS,,y38o1002t_c4f.fits,0.086,ok
PG1402+261,FOS,,y38o1002t_c5f.fits,0.086,ok
PG1402+261,FOS,,y38o1002t_c7f.fits,0.086,ok
PG1402+261,FOS,,y38o1003t_c0f.fits,0.095,ok
PG1402+261,FOS,,y38o1003t_c1f.fits,0.095,ok
PG1402+261,FOS,,y38o1003t_c2f.fits,0.095,ok
PG1402+261,FOS,,y38o1003t_c4f.fits,0.095,ok
PG1402+261,FOS,,y38o1003t_c5f.fits,0.095,ok
PG1402+261,FOS,,y38o1003t_c7f.fits,0.095,ok
PG1402+261,FOS,,y38o1004t_c0f.fits,0.043,ok
PG1402+261,FOS,,y38o1004t_c1f.fits,0.043,ok
PG1402+261,FOS,,y38o1004t_c2f.fits,0.043,ok
PG1402+261,FOS,,y38o1004t_c4f.fits,0.043,ok
PG1402+261,FOS,,y38o1004t_c5f.fits,0.043,ok
PG1402+261,FOS,,y38o1004t_c7f.fits,0.043,ok
PG1402+261,FOS,,y38o1005t_c0f.fits,0.043,ok
PG1402+261,FOS,,y38o1005t_c1f.fits,0.043,ok
PG1402+261,FOS,,y38o1005t_c2f.fits,0.043,ok
PG1402+261,FOS,,y38o1005t_c4f.fits,0.043,ok
PG1402+261,FOS,,y38o1005t_c5f.fits,0.043,ok
PG1402+261,FOS,,y38o1005t_c7f.fits,0.043,ok
PG1402+261,FOS,,y38o1006t_c0f.fits,0.043,ok
PG1402+261,FOS,,y38o1006t_c1f.fits,0.043,ok
PG1402+261,FOS,,y38o1006t_c2f.fits,0.043,ok
PG1402+261,FOS,,y38o1006t_c4f.fits,0.043,ok
PG1402+261,FOS,,y38o1006t_c5f.fits,0.043,ok
PG1402+261,FOS,,y38o1006t_c7f.fits,0.043,ok
PG1402+261,FOS,,y38o1007t_c0f.fits,0.043,ok
PG1402+261,FOS,,y38o1007t_c1f.fits,0.043,ok
PG1402+261,FOS,,y38o1007t_c2f.fits,0.043,ok
PG1402+261,FOS,,y38o1007t_c4f.fits,0.043,ok
PG1402+261,FOS,,y38o1007t_c5f.fits,0.043,ok
PG1402+261,FOS,,y38o1007t_c7f.fits,0.043,ok
PG1404+226,STIS,,of9m06010_x1d.fits,0.078,ok
PG1404+226,STIS,,of9m06020_x1d.fits,0.078,ok
PG1404+226,FOS,,y33s0202t_c0f.fits,0.043,ok
PG1404+226,FOS,,y33s0202t_c1f.fits,0.043,ok
PG1404+226,FOS,,y33s0202t_c2f.fits,0.043,ok
PG1404+226,FOS,,y33s0202t_c4f.fits,0.043,ok
PG1404+226,FOS,,y33s0202t_c5f.fits,0.043,ok
PG1404+226,FOS,,y33s0202t_c7f.fits,0.043,ok
PG1404+226,FOS,,y33s0203t_c0f.fits,0.043,ok
PG1404+226,FOS,,y33s0203t_c1f.fits,0.043,ok
PG1404+226,FOS,,y33s0203t_c2f.fits,0.043,ok
PG1404+226,FOS,,y33s0203t_c4f.fits,0.043,ok
PG1404+226,FOS,,y33s0203t_c5f.fits,0.043,ok
PG1404+226,FOS,,y33s0203t_c7f.fits,0.043,ok
PG1404+226,FOS,,y33s0204t_c0f.fits,0.069,ok
PG1404+226,FOS,,y33s0204t_c1f.fits,0.069,ok
PG1404+226,FOS,,y33s0204t_c2f.fits,0.069,ok
PG1404+226,FOS,,y33s0204t_c4f.fits,0.069,ok
PG1404+226,FOS,,y33s0204t_c5f.fits,0.069,ok
PG1404+226,FOS,,y33s0204t_c7f.fits,0.069,ok
PG1404+226,FOS,,y33s0205t_c0f.fits,0.112,ok
PG1404+226,FOS,,y33s0205t_c1f.fits,0.112,ok
PG1404+226,FOS,,y33s0205t_c2f.fits,0.112,ok
PG1404+226,FOS,,y33s0205t_c4f.fits,0.112,ok
PG1404+226,FOS,,y33s0205t_c5f.fits,0.112,ok
PG1404+226,FOS,,y33s0205t_c7f.fits,0.112,ok
PG1416-129,FOS,,y3db0103t_c0f.fits,0.06,ok
PG1416-129,FOS,,y3db0103t_c1f.fits,0.06,ok
PG1416-129,FOS,,y3db0103t_c2f.fits,0.06,ok
PG1416-129,FOS,,y3db0103t_c4f.fits,0.06,ok
PG1416-129,FOS,,y3db0103t_c5f.fits,0.06,ok
PG1416-129,FOS,,y3db0103t_c7f.fits,0.06,ok
PG1538+477,FOS,,y11u0303t_c0f.fits,0.461,ok
PG1538+477,FOS,,y11u0303t_c1f.fits,0.461,ok
PG1538+477,FOS,,y11u0303t_c2f.fits,0.461,ok
PG1538+477,FOS,,y11u0303t_c4f.fits,0.461,ok
PG1538+477,FOS,,y11u0303t_c5f.fits,0.461,ok
PG1538+477,FOS,,y11u0303t_c7f.fits,0.461,ok
PG1538+477,FOS,,y1450g03t_c0f.fits,0.59,ok
PG1538+477,FOS,,y1450g03t_c1f.fits,0.59,ok
PG1538+477,FOS,,y1450g03t_c2f.fits,0.59,ok
PG1538+477,FOS,,y1450g03t_c4f.fits,0.59,ok
PG1538+477,FOS,,y1450g03t_c5f.fits,0.59,ok
PG1538+477,FOS,,y1450g03t_c7f.fits,0.59,ok
PG1538+477,FOS,,y1450g04t_c0f.fits,0.59,ok
PG1538+477,FOS,,y1450g04t_c1f.fits,0.59,ok
PG1538+477,FOS,,y1450g04t_c2f.fits,0.59,ok
PG1538+477,FOS,,y1450g04t_c4f.fits,0.59,ok
PG1538+477,FOS,,y1450g04t_c5f.fits,0.59,ok
PG1538+477,FOS,,y1450g04t_c7f.fits,0.59,ok
PG1538+477,FOS,,y1450g05t_c0f.fits,0.59,ok
PG1538+477,FOS,,y1450g05t_c1f.fits,0.59,ok
PG1538+477,FOS,,y1450g05t_c2f.fits,0.59,ok
PG1538+477,FOS,,y1450g05t_c4f.fits,0.59,ok
PG1538+477,FOS,,y1450g05t_c5f.fits,0.59,ok
PG1538+477,FOS,,y1450g05t_c7f.fits,0.59,ok
PG1538+477,FOS,,y1450g06t_c0f.fits,0.158,ok
PG1538+477,FOS,,y1450g06t_c1f.fits,0.158,ok
PG1538+477,FOS,,y1450g06t_c2f.fits,0.158,ok
PG1538+477,FOS,,y1450g06t_c4f.fits,0.158,ok
PG1538+477,FOS,,y1450g06t_c5f.fits,0.158,ok
PG1538+477,FOS,,y1450g06t_c7f.fits,0.158,ok
PG1552+085,STIS,,o6mz4i010_x1d.fits,0.078,ok
PG1552+085,STIS,,of9m10010_sx1.fits,0.081,ok
PG1552+085,STIS,,of9m10020_sx1.fits,0.081,ok
PG1552+085,STIS,,of9m10030_x1d.fits,0.078,ok
PG1552+085,STIS,,of9m10040_x1d.fits,0.078,ok
PG1552+085,STIS,,of9m10050_x1d.fits,0.078,ok
PG1700+518,FOS,,y1020203t_c0f.fits,0.599,ok
PG1700+518,FOS,,y1020203t_c1f.fits,0.599,ok
PG1700+518,FOS,,y1020203t_c2f.fits,0.599,ok
PG1700+518,FOS,,y1020203t_c4f.fits,0.599,ok
PG1700+518,FOS,,y1020203t_c5f.fits,0.599,ok
PG1700+518,FOS,,y1020203t_c7f.fits,0.599,ok
PG1700+518,FOS,,y1020204t_c0f.fits,0.599,ok
PG1700+518,FOS,,y1020204t_c1f.fits,0.599,ok
PG1700+518,FOS,,y1020204t_c2f.fits,0.599,ok
PG1700+518,FOS,,y1020204t_c4f.fits,0.599,ok
PG1700+518,FOS,,y1020204t_c5f.fits,0.599,ok
PG1700+518,FOS,,y1020204t_c7f.fits,0.599,ok
PG1700+518,FOS,,y1020205t_c0f.fits,0.599,ok
PG1700+518,FOS,,y1020205t_c1f.fits,0.599,ok
PG1700+518,FOS,,y1020205t_c2f.fits,0.599,ok
PG1700+518,FOS,,y1020205t_c4f.fits,0.599,ok
PG1700+518,FOS,,y1020205t_c5f.fits,0.599,ok
PG1700+518,FOS,,y1020205t_c7f.fits,0.599,ok
PG1700+518,FOS,,y1020206t_c0f.fits,0.599,ok
PG1700+518,FOS,,y1020206t_c1f.fits,0.599,ok
PG1700+518,FOS,,y1020206t_c2f.fits,0.599,ok
PG1700+518,FOS,,y1020206t_c4f.fits,0.599,ok
PG1700+518,FOS,,y1020206t_c5f.fits,0.599,ok
PG1700+518,FOS,,y1020206t_c7f.fits,0.599,ok
PG1700+518,FOS,,y1020207t_c0f.fits,0.599,ok
PG1700+518,FOS,,y1020207t_c1f.fits,0.599,ok
PG1700+518,FOS,,y1020207t_c2f.fits,0.599,ok
PG1700+518,FOS,,y1020207t_c4f.fits,0.599,ok
PG1700+518,FOS,,y1020207t_c5f.fits,0.599,ok
PG1700+518,FOS,,y1020207t_c7f.fits,0.599,ok
PG1700+518,FOS,,y1020208t_c0f.fits,0.599,ok
PG1700+518,FOS,,y1020208t_c1f.fits,0.599,ok
PG1700+518,FOS,,y1020208t_c2f.fits,0.599,ok
PG1700+518,FOS,,y1020208t_c4f.fits,0.599,ok
PG1700+518,FOS,,y1020208t_c5f.fits,0.599,ok
PG1700+518,FOS,,y1020208t_c7f.fits,0.599,ok
PG1700+518,FOS,,y1450h03t_c0f.fits,0.492,ok
PG1700+518,FOS,,y1450h03t_c1f.fits,0.492,ok
PG1700+518,FOS,,y1450h03t_c2f.fits,0.492,ok
PG1700+518,FOS,,y1450h03t_c4f.fits,0.492,ok
PG1700+518,FOS,,y1450h03t_c5f.fits,0.492,ok
PG1700+518,FOS,,y1450h03t_c7f.fits,0.492,ok
PG1700+518,FOS,,y1450h04t_c0f.fits,0.228,ok
PG1700+518,FOS,,y1450h04t_c1f.fits,0.228,ok
PG1700+518,FOS,,y1450h04t_c2f.fits,0.228,ok
PG1700+518,FOS,,y1450h04t_c4f.fits,0.228,ok
PG1700+518,FOS,,y1450h04t_c5f.fits,0.228,ok
PG1700+518,FOS,,y1450h04t_c7f.fits,0.228,ok
PG2308+098,FOS,,y14k0202t_c0f.fits,0.262,ok
PG2308+098,FOS,,y14k0202t_c1f.fits,0.262,ok
PG2308+098,FOS,,y14k0202t_c2f.fits,0.262,ok
PG2308+098,FOS,,y14k0202t_c4f.fits,0.262,ok
PG2308+098,FOS,,y14k0202t_c5f.fits,0.262,ok
PG2308+098,FOS,,y14k0202t_c7f.fits,0.262,ok
PG2308+098,FOS,,y14k0203t_c0f.fits,0.461,ok
PG2308+098,FOS,,y14k0203t_c1f.fits,0.461,ok
PG2308+098,FOS,,y14k0203t_c2f.fits,0.461,ok
PG2308+098,FOS,,y14k0203t_c4f.fits,0.461,ok
PG2308+098,FOS,,y14k0203t_c5f.fits,0.461,ok
PG2308+098,FOS,,y14k0203t_c7f.fits,0.461,ok
PG2308+098,FOS,,y14k0204t_c0f.fits,0.461,ok
PG2308+098,FOS,,y14k0204t_c1f.fits,0.461,ok
PG2308+098,FOS,,y14k0204t_c2f.fits,0.461,ok
PG2308+098,FOS,,y14k0204t_c4f.fits,0.461,ok
PG2308+098,FOS,,y14k0204t_c5f.fits,0.461,ok
PG2308+098,FOS,,y14k0204t_c7f.fits,0.461,ok
PG2308+098,FOS,,y1hk0z02t_c0f.fits,0.049,ok
PG2308+098,FOS,,y1hk0z02t_c1f.fits,0.049,ok
PG2308+098,FOS,,y1hk0z02t_c2f.fits,0.049,ok
PG2308+098,FOS,,y1hk0z02t_c4f.fits,0.049,ok
PG2308+098,FOS,,y1hk0z02t_c5f.fits,0.049,ok
PG2308+098,FOS,,y1hk0z02t_c7f.fits,0.049,ok
PHL1093,FOS,,y2dz0102t_c0f.fits,0.06,ok
PHL1093,FOS,,y2dz0102t_c1f.fits,0.06,ok
PHL1093,FOS,,y2dz0102t_c2f.fits,0.06,ok
PHL1093,FOS,,y2dz0102t_c4f.fits,0.06,ok
PHL1093,FOS,,y2dz0102t_c5f.fits,0.06,ok
PHL1093,FOS,,y2dz0102t_c7f.fits,0.06,ok
PHL1093,FOS,,y2dz0103t_c0f.fits,0.086,ok
PHL1093,FOS,,y2dz0103t_c1f.fits,0.086,ok
PHL1093,FOS,,y2dz0103t_c2f.fits,0.086,ok
PHL1093,FOS,,y2dz0103t_c4f.fits,0.086,ok
PHL1093,FOS,,y2dz0103t_c5f.fits,0.086,ok
PHL1093,FOS,,y2dz0103t_c7f.fits,0.086,ok
PHL1093,FOS,,y2dz0104t_c0f.fits,0.101,ok
PHL1093,FOS,,y2dz0104t_c1f.fits,0.101,ok
PHL1093,FOS,,y2dz0104t_c2f.fits,0.101,ok
PHL1093,FOS,,y2dz0104t_c4f.fits,0.101,ok
PHL1093,FOS,,y2dz0104t_c5f.fits,0.101,ok
PHL1093,FOS,,y2dz0104t_c7f.fits,0.101,ok
PHL1093,FOS,,y2dz0105t_c0f.fits,0.112,ok
PHL1093,FOS,,y2dz0105t_c1f.fits,0.112,ok
PHL1093,FOS,,y2dz0105t_c2f.fits,0.112,ok
PHL1093,FOS,,y2dz0105t_c4f.fits,0.112,ok
PHL1093,FOS,,y2dz0105t_c5f.fits,0.112,ok
PHL1093,FOS,,y2dz0105t_c7f.fits,0.112,ok
PKS0214+10,FOS,,y2dz0f02t_c0f.fits,0.043,ok
PKS0214+10,FOS,,y2dz0f02t_c1f.fits,0.043,ok
PKS0214+10,FOS,,y2dz0f02t_c2f.fits,0.043,ok
PKS0214+10,FOS,,y2dz0f02t_c4f.fits,0.043,ok
PKS0214+10,FOS,,y2dz0f02t_c5f.fits,0.043,ok
PKS0214+10,FOS,,y2dz0f02t_c7f.fits,0.043,ok
PKS0214+10,FOS,,y2dz0f03t_c0f.fits,0.069,ok
PKS0214+10,FOS,,y2dz0f03t_c1f.fits,0.069,ok
PKS0214+10,FOS,,y2dz0f03t_c2f.fits,0.069,ok
PKS0214+10,FOS,,y2dz0f03t_c4f.fits,0.069,ok
PKS0214+10,FOS,,y2dz0f03t_c5f.fits,0.069,ok
PKS0214+10,FOS,,y2dz0f03t_c7f.fits,0.069,ok
PKS0214+10,FOS,,y2gq1301t_c0f.fits,0.043,ok
PKS0214+10,FOS,,y2gq1301t_c1f.fits,0.043,ok
PKS0214+10,FOS,,y2gq1301t_c2f.fits,0.043,ok
PKS0214+10,FOS,,y2gq1301t_c4f.fits,0.043,ok
PKS0214+10,FOS,,y2gq1301t_c5f.fits,0.043,ok
PKS0214+10,FOS,,y2gq1301t_c7f.fits,0.043,ok
PKS0403-13,FOS,,y0pe0202t_c0f.fits,0.127,ok
PKS0403-13,FOS,,y0pe0202t_c1f.fits,0.127,ok
PKS0403-13,FOS,,y0pe0202t_c2f.fits,0.127,ok
PKS0403-13,FOS,,y0pe0202t_c4f.fits,0.127,ok
PKS0403-13,FOS,,y0pe0202t_c5f.fits,0.127,ok
PKS0403-13,FOS,,y0pe0202t_c7f.fits,0.127,ok
PKS0403-13,FOS,,y0pe0203t_c0f.fits,0.084,ok
PKS0403-13,FOS,,y0pe0203t_c1f.fits,0.084,ok
PKS0403-13,FOS,,y0pe0203t_c2f.fits,0.084,ok
PKS0403-13,FOS,,y0pe0203t_c4f.fits,0.084,ok
PKS0403-13,FOS,,y0pe0203t_c5f.fits,0.084,ok
PKS0403-13,FOS,,y0pe0203t_c7f.fits,0.084,ok
PKS0403-13,FOS,,y0pe0204t_c0f.fits,0.066,ok
PKS0403-13,FOS,,y0pe0204t_c1f.fits,0.066,ok
PKS0403-13,FOS,,y0pe0204t_c2f.fits,0.066,ok
PKS0403-13,FOS,,y0pe0204t_c4f.fits,0.066,ok
PKS0403-13,FOS,,y0pe0204t_c5f.fits,0.066,ok
PKS0403-13,FOS,,y0pe0204t_c7f.fits,0.066,ok
PKS0420-01,STIS,,o66g08010_x1d.fits,0.078,ok
PKS0420-01,FOS,,y0xx0502t_c0f.fits,0.351,ok
PKS0420-01,FOS,,y0xx0502t_c1f.fits,0.351,ok
PKS0420-01,FOS,,y0xx0502t_c2f.fits,0.351,ok
PKS0420-01,FOS,,y0xx0502t_c4f.fits,0.351,ok
PKS0420-01,FOS,,y0xx0502t_c5f.fits,0.351,ok
PKS0420-01,FOS,,y0xx0502t_c7f.fits,0.351,ok
PKS0420-01,FOS,,y3gs0202t_c0f.fits,0.147,ok
PKS0420-01,FOS,,y3gs0202t_c1f.fits,0.147,ok
PKS0420-01,FOS,,y3gs0202t_c2f.fits,0.147,ok
PKS0420-01,FOS,,y3gs0202t_c4f.fits,0.147,ok
PKS0420-01,FOS,,y3gs0202t_c5f.fits,0.147,ok
PKS0420-01,FOS,,y3gs0202t_c7f.fits,0.147,ok
PKS1001+22,FOS,,y2dz0202t_c0f.fits,0.095,ok
PKS1001+22,FOS,,y2dz0202t_c1f.fits,0.095,ok
PKS1001+22,FOS,,y2dz0202t_c2f.fits,0.095,ok
PKS1001+22,FOS,,y2dz0202t_c4f.fits,0.095,ok
PKS1001+22,FOS,,y2dz0202t_c5f.fits,0.095,ok
PKS1001+22,FOS,,y2dz0202t_c7f.fits,0.095,ok
PKS1055+20,FOS,,y0rv0j02t_c0f.fits,0.288,ok
PKS1055+20,FOS,,y0rv0j02t_c1f.fits,0.288,ok
PKS1055+20,FOS,,y0rv0j02t_c2f.fits,0.288,ok
PKS1055+20,FOS,,y0rv0j02t_c4f.fits,0.288,ok
PKS1055+20,FOS,,y0rv0j02t_c5f.fits,0.288,ok
PKS1055+20,FOS,,y0rv0j02t_c7f.fits,0.288,ok
PKS1055+20,FOS,,y2dz0g02t_c0f.fits,0.06,ok
PKS1055+20,FOS,,y2dz0g02t_c1f.fits,0.06,ok
PKS1055+20,FOS,,y2dz0g02t_c2f.fits,0.06,ok
PKS1055+20,FOS,,y2dz0g02t_c4f.fits,0.06,ok
PKS1055+20,FOS,,y2dz0g02t_c5f.fits,0.06,ok
PKS1055+20,FOS,,y2dz0g02t_c7f.fits,0.06,ok
PKS1055+20,FOS,,y2dz0g03t_c0f.fits,0.052,ok
PKS1055+20,FOS,,y2dz0g03t_c1f.fits,0.052,ok
PKS1055+20,FOS,,y2dz0g03t_c2f.fits,0.052,ok
PKS1055+20,FOS,,y2dz0g03t_c4f.fits,0.052,ok
PKS1055+20,FOS,,y2dz0g03t_c5f.fits,0.052,ok
PKS1055+20,FOS,,y2dz0g03t_c7f.fits,0.052,ok
PKS1055+20,FOS,,y2gq1401t_c0f.fits,0.043,ok
PKS1055+20,FOS,,y2gq1401t_c1f.fits,0.043,ok
PKS1055+20,FOS,,y2gq1401t_c2f.fits,0.043,ok
PKS1055+20,FOS,,y2gq1401t_c4f.fits,0.043,ok
PKS1055+20,FOS,,y2gq1401t_c5f.fits,0.043,ok
PKS1055+20,FOS,,y2gq1401t_c7f.fits,0.043,ok
PKS1252+11,FOS,,y0rv0z03t_c0f.fits,0.452,ok
PKS1252+11,FOS,,y0rv0z03t_c1f.fits,0.452,ok
PKS1252+11,FOS,,y0rv0z03t_c2f.fits,0.452,ok
PKS1252+11,FOS,,y0rv0z03t_c4f.fits,0.452,ok
PKS1252+11,FOS,,y0rv0z03t_c5f.fits,0.452,ok
PKS1252+11,FOS,,y0rv0z03t_c7f.fits,0.452,ok
PKS1252+11,FOS,,y0rv0z04t_c0f.fits,0.452,ok
PKS1252+11,FOS,,y0rv0z04t_c1f.fits,0.452,ok
PKS1252+11,FOS,,y0rv0z04t_c2f.fits,0.452,ok
PKS1252+11,FOS,,y0rv0z04t_c4f.fits,0.452,ok
PKS1252+11,FOS,,y0rv0z04t_c5f.fits,0.452,ok
PKS1252+11,FOS,,y0rv0z04t_c7f.fits,0.452,ok
PKS1252+11,FOS,,y0rv0z05t_c0f.fits,0.452,ok
PKS1252+11,FOS,,y0rv0z05t_c1f.fits,0.452,ok
PKS1252+11,FOS,,y0rv0z05t_c2f.fits,0.452,ok
PKS1252+11,FOS,,y0rv0z05t_c4f.fits,0.452,ok
PKS1252+11,FOS,,y0rv0z05t_c5f.fits,0.452,ok
PKS1252+11,FOS,,y0rv0z05t_c7f.fits,0.452,ok
PKS1252+11,FOS,,y0rv0z06t_c0f.fits,0.452,ok
PKS1252+11,FOS,,y0rv0z06t_c1f.fits,0.452,ok
PKS1252+11,FOS,,y0rv0z06t_c2f.fits,0.452,ok
PKS1252+11,FOS,,y0rv0z06t_c4f.fits,0.452,ok
PKS1252+11,FOS,,y0rv0z06t_c5f.fits,0.452,ok
PKS1252+11,FOS,,y0rv0z06t_c7f.fits,0.452,ok
PKS1252+11,FOS,,y0rv0z07t_c0f.fits,0.478,ok
PKS1252+11,FOS,,y0rv0z07t_c1f.fits,0.478,ok
PKS1252+11,FOS,,y0rv0z07t_c2f.fits,0.478,ok
PKS1252+11,FOS,,y0rv0z07t_c4f.fits,0.478,ok
PKS1252+11,FOS,,y0rv0z07t_c5f.fits,0.478,ok
PKS1252+11,FOS,,y0rv0z07t_c7f.fits,0.478,ok
PKS1252+11,FOS,,y0rv0z08t_c0f.fits,0.228,ok
PKS1252+11,FOS,,y0rv0z08t_c1f.fits,0.228,ok
PKS1252+11,FOS,,y0rv0z08t_c2f.fits,0.228,ok
PKS1252+11,FOS,,y0rv0z08t_c4f.fits,0.228,ok
PKS1252+11,FOS,,y0rv0z08t_c5f.fits,0.228,ok
PKS1252+11,FOS,,y0rv0z08t_c7f.fits,0.228,ok
PKS1451-375,FOS,,y1ip0504t_c0f.fits,0.04,ok
PKS1451-375,FOS,,y1ip0504t_c1f.fits,0.04,ok
PKS1451-375,FOS,,y1ip0504t_c2f.fits,0.04,ok
PKS1451-375,FOS,,y1ip0504t_c4f.fits,0.04,ok
PKS1451-375,FOS,,y1ip0504t_c5f.fits,0.04,ok
PKS1451-375,FOS,,y1ip0504t_c7f.fits,0.04,ok
PKS1451-375,FOS,,y1ip0505t_c0f.fits,0.118,ok
PKS1451-375,FOS,,y1ip0505t_c1f.fits,0.118,ok
PKS1451-375,FOS,,y1ip0505t_c2f.fits,0.118,ok
PKS1451-375,FOS,,y1ip0505t_c4f.fits,0.118,ok
PKS1451-375,FOS,,y1ip0505t_c5f.fits,0.118,ok
PKS1451-375,FOS,,y1ip0505t_c7f.fits,0.118,ok
PKS1451-375,FOS,,y1ip0506t_c0f.fits,0.049,ok
PKS1451-375,FOS,,y1ip0506t_c1f.fits,0.049,ok
PKS1451-375,FOS,,y1ip0506t_c2f.fits,0.049,ok
PKS1451-375,FOS,,y1ip0506t_c4f.fits,0.049,ok
PKS1451-375,FOS,,y1ip0506t_c5f.fits,0.049,ok
PKS1451-375,FOS,,y1ip0506t_c7f.fits,0.049,ok
PKS1451-375,FOS,,y2qz0602t_c0f.fits,0.086,ok
PKS1451-375,FOS,,y2qz0602t_c1f.fits,0.086,ok
PKS1451-375,FOS,,y2qz0602t_c2f.fits,0.086,ok
PKS1451-375,FOS,,y2qz0602t_c4f.fits,0.086,ok
PKS1451-375,FOS,,y2qz0602t_c5f.fits,0.086,ok
PKS1451-375,FOS,,y2qz0602t_c7f.fits,0.086,ok
PKS2216-03,FOS,,y0pe0l02t_c0f.fits,0.075,ok
PKS2216-03,FOS,,y0pe0l02t_c1f.fits,0.075,ok
PKS2216-03,FOS,,y0pe0l02t_c2f.fits,0.075,ok
PKS2216-03,FOS,,y0pe0l02t_c4f.fits,0.075,ok
PKS2216-03,FOS,,y0pe0l02t_c5f.fits,0.075,ok
PKS2216-03,FOS,,y0pe0l02t_c7f.fits,0.075,ok
PKS2216-03,FOS,,y0pe0l03t_c0f.fits,0.066,ok
PKS2216-03,FOS,,y0pe0l03t_c1f.fits,0.066,ok
PKS2216-03,FOS,,y0pe0l03t_c2f.fits,0.066,ok
PKS2216-03,FOS,,y0pe0l03t_c4f.fits,0.066,ok
PKS2216-03,FOS,,y0pe0l03t_c5f.fits,0.066,ok
PKS2216-03,FOS,,y0pe0l03t_c7f.fits,0.066,ok
PKS2216-03,FOS,,y0pe0l04t_c0f.fits,0.049,ok
PKS2216-03,FOS,,y0pe0l04t_c1f.fits,0.049,ok
PKS2216-03,FOS,,y0pe0l04t_c2f.fits,0.049,ok
PKS2216-03,FOS,,y0pe0l04t_c4f.fits,0.049,ok
PKS2216-03,FOS,,y0pe0l04t_c5f.fits,0.049,ok
PKS2216-03,FOS,,y0pe0l04t_c7f.fits,0.049,ok
PKS2216-03,FOS,,y1170202t_c0f.fits,0.075,ok
PKS2216-03,FOS,,y1170202t_c1f.fits,0.075,ok
PKS2216-03,FOS,,y1170202t_c2f.fits,0.075,ok
PKS2216-03,FOS,,y1170202t_c4f.fits,0.075,ok
PKS2216-03,FOS,,y1170202t_c5f.fits,0.075,ok
PKS2216-03,FOS,,y1170202t_c7f.fits,0.075,ok
PKS2216-03,FOS,,y1170203t_c0f.fits,0.066,ok
PKS2216-03,FOS,,y1170203t_c1f.fits,0.066,ok
PKS2216-03,FOS,,y1170203t_c2f.fits,0.066,ok
PKS2216-03,FOS,,y1170203t_c4f.fits,0.066,ok
PKS2216-03,FOS,,y1170203t_c5f.fits,0.066,ok
PKS2216-03,FOS,,y1170203t_c7f.fits,0.066,ok
PKS2216-03,FOS,,y1170204t_c0f.fits,0.049,ok
PKS2216-03,FOS,,y1170204t_c1f.fits,0.049,ok
PKS2216-03,FOS,,y1170204t_c2f.fits,0.049,ok
PKS2216-03,FOS,,y1170204t_c4f.fits,0.049,ok
PKS2216-03,FOS,,y1170204t_c5f.fits,0.049,ok
PKS2216-03,FOS,,y1170204t_c7f.fits,0.049,ok
PKS2216-03,FOS,,y1em0102p_c0f.fits,0.075,ok
PKS2216-03,FOS,,y1em0102p_c1f.fits,0.075,ok
PKS2216-03,FOS,,y1em0102p_c2f.fits,0.075,ok
PKS2216-03,FOS,,y1em0102p_c4f.fits,0.075,ok
PKS2216-03,FOS,,y1em0102p_c5f.fits,0.075,ok
PKS2216-03,FOS,,y1em0102p_c7f.fits,0.075,ok
PKS2216-03,FOS,,y1em0103p_c0f.fits,0.066,ok
PKS2216-03,FOS,,y1em0103p_c1f.fits,0.066,ok
PKS2216-03,FOS,,y1em0103p_c2f.fits,0.066,ok
PKS2216-03,FOS,,y1em0103p_c4f.fits,0.066,ok
PKS2216-03,FOS,,y1em0103p_c5f.fits,0.066,ok
PKS2216-03,FOS,,y1em0103p_c7f.fits,0.066,ok
PKS2216-03,FOS,,y1em0104p_c0f.fits,0.049,ok
PKS2216-03,FOS,,y1em0104p_c1f.fits,0.049,ok
PKS2216-03,FOS,,y1em0104p_c2f.fits,0.049,ok
PKS2216-03,FOS,,y1em0104p_c4f.fits,0.049,ok
PKS2216-03,FOS,,y1em0104p_c5f.fits,0.049,ok
PKS2216-03,FOS,,y1em0104p_c7f.fits,0.049,ok
PKS2243-123,FOS,,y1450j03t_c0f.fits,0.553,ok
PKS2243-123,FOS,,y1450j03t_c1f.fits,0.553,ok
PKS2243-123,FOS,,y1450j03t_c2f.fits,0.553,ok
PKS2243-123,FOS,,y1450j03t_c4f.fits,0.553,ok
PKS2243-123,FOS,,y1450j03t_c5f.fits,0.553,ok
PKS2243-123,FOS,,y1450j03t_c7f.fits,0.553,ok
PKS2243-123,FOS,,y1450j04t_c0f.fits,0.553,ok
PKS2243-123,FOS,,y1450j04t_c1f.fits,0.553,ok
PKS2243-123,FOS,,y1450j04t_c2f.fits,0.553,ok
PKS2243-123,FOS,,y1450j04t_c4f.fits,0.553,ok
PKS2243-123,FOS,,y1450j04t_c5f.fits,0.553,ok
PKS2243-123,FOS,,y1450j04t_c7f.fits,0.553,ok
PKS2243-123,FOS,,y1450j05t_c0f.fits,0.553,ok
PKS2243-123,FOS,,y1450j05t_c1f.fits,0.553,ok
PKS2243-123,FOS,,y1450j05t_c2f.fits,0.553,ok
PKS2243-123,FOS,,y1450j05t_c4f.fits,0.553,ok
PKS2243-123,FOS,,y1450j05t_c5f.fits,0.553,ok
PKS2243-123,FOS,,y1450j05t_c7f.fits,0.553,ok
PKS2243-123,FOS,,y1450j06t_c0f.fits,0.53,ok
PKS2243-123,FOS,,y1450j06t_c1f.fits,0.53,ok
PKS2243-123,FOS,,y1450j06t_c2f.fits,0.53,ok
PKS2243-123,FOS,,y1450j06t_c4f.fits,0.53,ok
PKS2243-123,FOS,,y1450j06t_c5f.fits,0.53,ok
PKS2243-123,FOS,,y1450j06t_c7f.fits,0.53,ok
PKS2243-123,FOS,,y1450j07t_c0f.fits,0.158,ok
PKS2243-123,FOS,,y1450j07t_c1f.fits,0.158,ok
PKS2243-123,FOS,,y1450j07t_c2f.fits,0.158,ok
PKS2243-123,FOS,,y1450j07t_c4f.fits,0.158,ok
PKS2243-123,FOS,,y1450j07t_c5f.fits,0.158,ok
PKS2243-123,FOS,,y1450j07t_c7f.fits,0.158,ok
PKS2300-68,FOS,,y0rv1o03t_c0f.fits,0.622,ok
PKS2300-68,FOS,,y0rv1o03t_c1f.fits,0.622,ok
PKS2300-68,FOS,,y0rv1o03t_c2f.fits,0.622,ok
PKS2300-68,FOS,,y0rv1o03t_c4f.fits,0.622,ok
PKS2300-68,FOS,,y0rv1o03t_c5f.fits,0.622,ok
PKS2300-68,FOS,,y0rv1o03t_c7f.fits,0.622,ok
PKS2300-68,FOS,,y0rv1o04t_c0f.fits,0.622,ok
PKS2300-68,FOS,,y0rv1o04t_c1f.fits,0.622,ok
PKS2300-68,FOS,,y0rv1o04t_c2f.fits,0.622,ok
PKS2300-68,FOS,,y0rv1o04t_c4f.fits,0.622,ok
PKS2300-68,FOS,,y0rv1o04t_c5f.fits,0.622,ok
PKS2300-68,FOS,,y0rv1o04t_c7f.fits,0.622,ok
PKS2300-68,FOS,,y0rv1o05t_c0f.fits,0.435,ok
PKS2300-68,FOS,,y0rv1o05t_c1f.fits,0.435,ok
PKS2300-68,FOS,,y0rv1o05t_c2f.fits,0.435,ok
PKS2300-68,FOS,,y0rv1o05t_c4f.fits,0.435,ok
PKS2300-68,FOS,,y0rv1o05t_c5f.fits,0.435,ok
PKS2300-68,FOS,,y0rv1o05t_c7f.fits,0.435,ok
PKS2300-68,FOS,,y0rv1o06t_c0f.fits,0.158,ok
PKS2300-68,FOS,,y0rv1o06t_c1f.fits,0.158,ok
PKS2300-68,FOS,,y0rv1o06t_c2f.fits,0.158,ok
PKS2300-68,FOS,,y0rv1o06t_c4f.fits,0.158,ok
PKS2300-68,FOS,,y0rv1o06t_c5f.fits,0.158,ok
PKS2300-68,FOS,,y0rv1o06t_c7f.fits,0.158,ok
PKS2344+09,FOS,,y1450l03t_c0f.fits,0.613,ok
PKS2344+09,FOS,,y1450l03t_c1f.fits,0.613,ok
PKS2344+09,FOS,,y1450l03t_c2f.fits,0.613,ok
PKS2344+09,FOS,,y1450l03t_c4f.fits,0.613,ok
PKS2344+09,FOS,,y1450l03t_c5f.fits,0.613,ok
PKS2344+09,FOS,,y1450l03t_c7f.fits,0.613,ok
PKS2344+09,FOS,,y1450l04t_c0f.fits,0.613,ok
PKS2344+09,FOS,,y1450l04t_c1f.fits,0.613,ok
PKS2344+09,FOS,,y1450l04t_c2f.fits,0.613,ok
PKS2344+09,FOS,,y1450l04t_c4f.fits,0.613,ok
PKS2344+09,FOS,,y1450l04t_c5f.fits,0.613,ok
PKS2344+09,FOS,,y1450l04t_c7f.fits,0.613,ok
PKS2344+09,FOS,,y1450l05t_c0f.fits,0.409,ok
PKS2344+09,FOS,,y1450l05t_c1f.fits,0.409,ok
PKS2344+09,FOS,,y1450l05t_c2f.fits,0.409,ok
PKS2344+09,FOS,,y1450l05t_c4f.fits,0.409,ok
PKS2344+09,FOS,,y1450l05t_c5f.fits,0.409,ok
PKS2344+09,FOS,,y1450l05t_c7f.fits,0.409,ok
PKS2344+09,FOS,,y1450l06t_c0f.fits,0.158,ok
PKS2344+09,FOS,,y1450l06t_c1f.fits,0.158,ok
PKS2344+09,FOS,,y1450l06t_c2f.fits,0.158,ok
PKS2344+09,FOS,,y1450l06t_c4f.fits,0.158,ok
PKS2344+09,FOS,,y1450l06t_c5f.fits,0.158,ok
PKS2344+09,FOS,,y1450l06t_c7f.fits,0.158,ok
Pic A,FOS,,y33y0104t_c0f.fits,0.078,ok
Pic A,FOS,,y33y0104t_c1f.fits,0.078,ok
Pic A,FOS,,y33y0104t_c2f.fits,0.078,ok
Pic A,FOS,,y33y0104t_c4f.fits,0.078,ok
Pic A,FOS,,y33y0104t_c5f.fits,0.078,ok
Pic A,FOS,,y33y0104t_c7f.fits,0.078,ok
Pic A,FOS,,y33y0105t_c0f.fits,0.112,ok
Pic A,FOS,,y33y0105t_c1f.fits,0.112,ok
Pic A,FOS,,y33y0105t_c2f.fits,0.112,ok
Pic A,FOS,,y33y0105t_c4f.fits,0.112,ok
Pic A,FOS,,y33y0105t_c5f.fits,0.112,ok
Pic A,FOS,,y33y0105t_c7f.fits,0.112,ok
Pic A,FOS,,y33y0106t_c0f.fits,0.121,ok
Pic A,FOS,,y33y0106t_c1f.fits,0.121,ok
Pic A,FOS,,y33y0106t_c2f.fits,0.121,ok
Pic A,FOS,,y33y0106t_c4f.fits,0.121,ok
Pic A,FOS,,y33y0106t_c5f.fits,0.121,ok
Pic A,FOS,,y33y0106t_c7f.fits,0.121,ok
Pic A,FOS,,y33y0107t_c0f.fits,0.101,ok
Pic A,FOS,,y33y0107t_c1f.fits,0.101,ok
Pic A,FOS,,y33y0107t_c2f.fits,0.101,ok
Pic A,FOS,,y33y0107t_c4f.fits,0.101,ok
Pic A,FOS,,y33y0107t_c5f.fits,0.101,ok
Pic A,FOS,,y33y0107t_c7f.fits,0.101,ok
Pic A,FOS,,y33y0108t_c0f.fits,0.043,ok
Pic A,FOS,,y33y0108t_c1f.fits,0.043,ok
Pic A,FOS,,y33y0108t_c2f.fits,0.043,ok
Pic A,FOS,,y33y0108t_c4f.fits,0.043,ok
Pic A,FOS,,y33y0108t_c5f.fits,0.043,ok
Pic A,FOS,,y33y0108t_c7f.fits,0.043,ok
Pic A,FOS,,y33y0109t_c0f.fits,0.121,ok
Pic A,FOS,,y33y0109t_c1f.fits,0.121,ok
Pic A,FOS,,y33y0109t_c2f.fits,0.121,ok
Pic A,FOS,,y33y0109t_c4f.fits,0.121,ok
Pic A,FOS,,y33y0109t_c5f.fits,0.121,ok
Pic A,FOS,,y33y0109t_c7f.fits,0.121,ok
Pic A,FOS,,y33y010at_c0f.fits,0.121,ok
Pic A,FOS,,y33y010at_c1f.fits,0.121,ok
Pic A,FOS,,y33y010at_c2f.fits,0.121,ok
Pic A,FOS,,y33y010at_c4f.fits,0.121,ok
Pic A,FOS,,y33y010at_c5f.fits,0.121,ok
Pic A,FOS,,y33y010at_c7f.fits,0.121,ok
Q1130+6026,COS,,lcvl04010_x1dsum.fits,0.933,ok
Q1130+6026,COS,,lcvl04qqq_x1d.fits,1.719,ok
Q1130+6026,COS,,lcvl04qzq_x1d.fits,1.719,ok
Q1130+6026,COS,,lcvl04rnq_x1d.fits,1.719,ok
Q1130+6026,COS,,lcvl04ruq_x1d.fits,1.719,ok
Q1214+1804,FOS,,y29c0802t_c0f.fits,0.095,ok
Q1214+1804,FOS,,y29c0802t_c1f.fits,0.095,ok
Q1214+1804,FOS,,y29c0802t_c2f.fits,0.095,ok
Q1214+1804,FOS,,y29c0802t_c4f.fits,0.095,ok
Q1214+1804,FOS,,y29c0802t_c5f.fits,0.095,ok
Q1214+1804,FOS,,y29c0802t_c7f.fits,0.095,ok
Q1229-0207,COS,,lbrj17010_x1dsum.fits,1.817,ok
Q1229-0207,COS,,lbrj17oaq_x1d.fits,3.39,ok
Q1229-0207,COS,,lbrj17ofq_x1d.fits,3.39,ok
Q1229-0207,COS,,lbrj17ojq_x1d.fits,3.39,ok
Q1229-0207,COS,,lbrj17omq_x1d.fits,3.39,ok
Q1229-0207,COS,,lbrj17oqq_x1d.fits,3.39,ok
Q1229-0207,STIS,,o55h08010_sx1.fits,0.081,ok
Q1229-0207,FOS,,y0pl0203t_c0f.fits,0.098,ok
Q1229-0207,FOS,,y0pl0203t_c1f.fits,0.098,ok
Q1229-0207,FOS,,y0pl0203t_c2f.fits,0.098,ok
Q1229-0207,FOS,,y0pl0203t_c4f.fits,0.098,ok
Q1229-0207,FOS,,y0pl0203t_c5f.fits,0.098,ok
Q1229-0207,FOS,,y0pl0203t_c7f.fits,0.098,ok
Q1229-0207,FOS,,y2b10902t_c0f.fits,0.13,ok
Q1229-0207,FOS,,y2b10902t_c1f.fits,0.13,ok
Q1229-0207,FOS,,y2b10902t_c2f.fits,0.13,ok
Q1229-0207,FOS,,y2b10902t_c4f.fits,0.13,ok
Q1229-0207,FOS,,y2b10902t_c5f.fits,0.13,ok
Q1229-0207,FOS,,y2b10902t_c7f.fits,0.13,ok
Q1229-0207,FOS,,y2b10903t_c0f.fits,0.199,ok
Q1229-0207,FOS,,y2b10903t_c1f.fits,0.199,ok
Q1229-0207,FOS,,y2b10903t_c2f.fits,0.199,ok
Q1229-0207,FOS,,y2b10903t_c4f.fits,0.199,ok
Q1229-0207,FOS,,y2b10903t_c5f.fits,0.199,ok
Q1229-0207,FOS,,y2b10903t_c7f.fits,0.199,ok
Q1229-0207,FOS,,y2b10904t_c0f.fits,0.147,ok
Q1229-0207,FOS,,y2b10904t_c1f.fits,0.147,ok
Q1229-0207,FOS,,y2b10904t_c2f.fits,0.147,ok
Q1229-0207,FOS,,y2b10904t_c4f.fits,0.147,ok
Q1229-0207,FOS,,y2b10904t_c5f.fits,0.147,ok
Q1229-0207,FOS,,y2b10904t_c7f.fits,0.147,ok
Q1229-0207,FOS,,y2gq2901t_c0f.fits,0.043,ok
Q1229-0207,FOS,,y2gq2901t_c1f.fits,0.043,ok
Q1229-0207,FOS,,y2gq2901t_c2f.fits,0.043,ok
Q1229-0207,FOS,,y2gq2901t_c4f.fits,0.043,ok
Q1229-0207,FOS,,y2gq2901t_c5f.fits,0.043,ok
Q1229-0207,FOS,,y2gq2901t_c7f.fits,0.043,ok
Q1311+0217,FOS,,y29c0902t_c0f.fits,0.13,ok
Q1311+0217,FOS,,y29c0902t_c1f.fits,0.13,ok
Q1311+0217,FOS,,y29c0902t_c2f.fits,0.13,ok
Q1311+0217,FOS,,y29c0902t_c4f.fits,0.13,ok
Q1311+0217,FOS,,y29c0902t_c5f.fits,0.13,ok
Q1311+0217,FOS,,y29c0902t_c7f.fits,0.13,ok
QSO B0250+0055,STIS,,o8ex17010_x1d.fits,0.078,ok
QSO B0250+0055,STIS,,o8ex17020_x1d.fits,0.132,ok
QSO B0624+6907,STIS,,o6ct12010_sx1.fits,0.081,ok
QSO B0624+6907,STIS,,o6e112010_x1d.fits,1.757,ok
QSO B0624+6907,STIS,,o6e112020_x1d.fits,1.757,ok
QSO B0624+6907,STIS,,o6e112030_x1d.fits,1.757,ok
QSO B0624+6907,STIS,,o6e112040_x1d.fits,1.757,ok
QSO B0624+6907,STIS,,o6e112050_x1d.fits,1.757,ok
QSO B0624+6907,STIS,,o6e112060_x1d.fits,1.757,ok
QSO B0624+6907,STIS,,o6e113010_x1d.fits,1.757,ok
QSO B0624+6907,STIS,,o6e113020_x1d.fits,1.757,ok
QSO B0624+6907,STIS,,o6e113030_x1d.fits,1.757,ok
QSO B0624+6907,STIS,,o6e113040_x1d.fits,1.757,ok
QSO B0624+6907,STIS,,o6e113050_x1d.fits,1.757,ok
QSO B0624+6907,STIS,,o6e113060_x1d.fits,1.757,ok
QSO B0624+6907,STIS,,o6e114010_x1d.fits,1.757,ok
QSO B0624+6907,STIS,,o6e114020_x1d.fits,1.757,ok
QSO B0624+6907,STIS,,o6e114030_x1d.fits,1.757,ok
QSO B0624+6907,STIS,,o6e114040_x1d.fits,1.757,ok
QSO B0624+6907,STIS,,o6e114050_x1d.fits,1.757,ok
QSO B0624+6907,STIS,,o6e114060_x1d.fits,1.757,ok
QSO B0624+6907,STIS,,o6e115010_x1d.fits,1.757,ok
QSO B0624+6907,STIS,,o6e115020_x1d.fits,1.757,ok
QSO B0624+6907,STIS,,o6e115030_x1d.fits,1.757,ok
QSO B0624+6907,STIS,,o6e115040_x1d.fits,1.757,ok
QSO B0624+6907,STIS,,o6e116010_x1d.fits,1.757,ok
QSO B0624+6907,STIS,,o6e116020_x1d.fits,1.757,ok
QSO B0624+6907,STIS,,o6e116030_x1d.fits,1.757,ok
QSO B0624+6907,STIS,,o6e116040_x1d.fits,1.757,ok
QSO B0624+6907,FOS,,y10g0103t_c0f.fits,0.674,ok
QSO B0624+6907,FOS,,y10g0103t_c1f.fits,0.674,ok
QSO B0624+6907,FOS,,y10g0103t_c2f.fits,0.674,ok
QSO B0624+6907,FOS,,y10g0103t_c4f.fits,0.674,ok
QSO B0624+6907,FOS,,y10g0103t_c5f.fits,0.674,ok
QSO B0624+6907,FOS,,y10g0103t_c7f.fits,0.674,ok
QSO B0624+6907,FOS,,y10g0104t_c0f.fits,0.674,ok
QSO B0624+6907,FOS,,y10g0104t_c1f.fits,0.674,ok
QSO B0624+6907,FOS,,y10g0104t_c2f.fits,0.674,ok
QSO B0624+6907,FOS,,y10g0104t_c4f.fits,0.674,ok
QSO B0624+6907,FOS,,y10g0104t_c5f.fits,0.674,ok
QSO B0624+6907,FOS,,y10g0104t_c7f.fits,0.674,ok
QSO B0624+6907,FOS,,y10g0105t_c0f.fits,0.674,ok
QSO B0624+6907,FOS,,y10g0105t_c1f.fits,0.674,ok
QSO B0624+6907,FOS,,y10g0105t_c2f.fits,0.674,ok
QSO B0624+6907,FOS,,y10g0105t_c4f.fits,0.674,ok
QSO B0624+6907,FOS,,y10g0105t_c5f.fits,0.674,ok
QSO B0624+6907,FOS,,y10g0105t_c7f.fits,0.674,ok
QSO B0624+6907,FOS,,y1450303t_c0f.fits,0.435,ok
QSO B0624+6907,FOS,,y1450303t_c1f.fits,0.435,ok
QSO B0624+6907,FOS,,y1450303t_c2f.fits,0.435,ok
QSO B0624+6907,FOS,,y1450303t_c4f.fits,0.435,ok
QSO B0624+6907,FOS,,y1450303t_c5f.fits,0.435,ok
QSO B0624+6907,FOS,,y1450303t_c7f.fits,0.435,ok
QSO B0624+6907,FOS,,y1450304t_c0f.fits,0.228,ok
QSO B0624+6907,FOS,,y1450304t_c1f.fits,0.228,ok
QSO B0624+6907,FOS,,y1450304t_c2f.fits,0.228,ok
QSO B0624+6907,FOS,,y1450304t_c4f.fits,0.228,ok
QSO B0624+6907,FOS,,y1450304t_c5f.fits,0.228,ok
QSO B0624+6907,FOS,,y1450304t_c7f.fits,0.228,ok
QSO B0624+6907,FOS,,y1bz0103t_c0f.fits,0.435,ok
QSO B0624+6907,FOS,,y1bz0103t_c1f.fits,0.435,ok
QSO B0624+6907,FOS,,y1bz0103t_c2f.fits,0.435,ok
QSO B0624+6907,FOS,,y1bz0103t_c4f.fits,0.435,ok
QSO B0624+6907,FOS,,y1bz0103t_c5f.fits,0.435,ok
QSO B0624+6907,FOS,,y1bz0103t_c7f.fits,0.435,ok
QSO B0624+6907,FOS,,y1bz0104t_c0f.fits,0.228,ok
QSO B0624+6907,FOS,,y1bz0104t_c1f.fits,0.228,ok
QSO B0624+6907,FOS,,y1bz0104t_c2f.fits,0.228,ok
QSO B0624+6907,FOS,,y1bz0104t_c4f.fits,0.228,ok
QSO B0624+6907,FOS,,y1bz0104t_c5f.fits,0.228,ok
QSO B0624+6907,FOS,,y1bz0104t_c7f.fits,0.228,ok
QSO B0624+6907,FOS,,y2ie0604t_c0f.fits,0.069,ok
QSO B0624+6907,FOS,,y2ie0604t_c1f.fits,0.069,ok
QSO B0624+6907,FOS,,y2ie0604t_c2f.fits,0.069,ok
QSO B0624+6907,FOS,,y2ie0604t_c4f.fits,0.069,ok
QSO B0624+6907,FOS,,y2ie0604t_c5f.fits,0.069,ok
QSO B0624+6907,FOS,,y2ie0604t_c7f.fits,0.069,ok
QSO B0624+6907,FOS,,y2ie0605t_c0f.fits,0.069,ok
QSO B0624+6907,FOS,,y2ie0605t_c1f.fits,0.069,ok
QSO B0624+6907,FOS,,y2ie0605t_c2f.fits,0.069,ok
QSO B0624+6907,FOS,,y2ie0605t_c4f.fits,0.069,ok
QSO B0624+6907,FOS,,y2ie0605t_c5f.fits,0.069,ok
QSO B0624+6907,FOS,,y2ie0605t_c7f.fits,0.069,ok
QSO B0624+6907,FOS,,y2ie0606t_c0f.fits,0.078,ok
QSO B0624+6907,FOS,,y2ie0606t_c1f.fits,0.078,ok
QSO B0624+6907,FOS,,y2ie0606t_c2f.fits,0.078,ok
QSO B0624+6907,FOS,,y2ie0606t_c4f.fits,0.078,ok
QSO B0624+6907,FOS,,y2ie0606t_c5f.fits,0.078,ok
QSO B0624+6907,FOS,,y2ie0606t_c7f.fits,0.078,ok
QSO B1011-040,COS,,lb4q04040_x1dsum.fits,1.944,ok
QSO B1011-040,COS,,lb4q04050_x1dsum.fits,1.944,ok
QSO B1011-040,COS,,lb4q04060_x1dsum.fits,1.944,ok
QSO B1011-040,COS,,lb4q04070_x1dsum.fits,1.944,ok
QSO B1011-040,COS,,lb4q04080_x1dsum.fits,1.947,ok
QSO B1011-040,COS,,lb4q04090_x1dsum.fits,1.944,ok
QSO B1011-040,COS,,lb4q040a0_x1dsum.fits,1.944,ok
QSO B1011-040,COS,,lb4q040b0_x1dsum.fits,1.944,ok
QSO B1011-040,COS,,lb4q04a3q_x1d.fits,3.39,ok
QSO B1011-040,COS,,lb4q04a6q_x1d.fits,3.39,ok
QSO B1011-040,COS,,lb4q04a8q_x1d.fits,3.39,ok
QSO B1011-040,COS,,lb4q04adq_x1d.fits,3.39,ok
QSO B1011-040,COS,,lb4q04afq_x1d.fits,3.39,ok
QSO B1011-040,COS,,lb4q04akq_x1d.fits,3.39,ok
QSO B1011-040,COS,,lb4q04anq_x1d.fits,3.39,ok
QSO B1011-040,COS,,lb4q04zzq_x1d.fits,3.39,ok
QSO B1048+342,COS,,lbg704050_x1dsum.fits,1.947,ok
QSO B1048+342,COS,,lbg704060_x1dsum.fits,1.814,ok
QSO B1048+342,COS,,lbg704070_x1dsum.fits,1.944,ok
QSO B1048+342,COS,,lbg704080_x1dsum.fits,1.944,ok
QSO B1048+342,COS,,lbg704aiq_x1d.fits,3.39,ok
QSO B1048+342,COS,,lbg704arq_x1d.fits,3.39,ok
QSO B1048+342,COS,,lbg704auq_x1d.fits,3.39,ok
QSO B1048+342,COS,,lbg704b0q_x1d.fits,3.39,ok
QSO B1048+342,COS,,lbg704b2q_x1d.fits,3.39,ok
QSO B1048+342,COS,,lbg7050a0_x1dsum.fits,1.947,ok
QSO B1048+342,COS,,lbg7050b0_x1dsum.fits,1.944,ok
QSO B1048+342,COS,,lbg7050c0_x1dsum.fits,1.944,ok
QSO B1048+342,COS,,lbg7050d0_x1dsum.fits,1.944,ok
QSO B1048+342,COS,,lbg705w0q_x1d.fits,3.39,ok
QSO B1048+342,COS,,lbg705w9q_x1d.fits,3.39,ok
QSO B1048+342,COS,,lbg705wpq_x1d.fits,3.39,ok
QSO B1048+342,COS,,lbg705xeq_x1d.fits,3.39,ok
QSO B1048+342,STIS,,of9m16010_sx1.fits,0.081,ok
QSO B1048+342,STIS,,of9m16020_sx1.fits,0.081,ok
QSO B1048+342,STIS,,of9m16030_sx1.fits,0.081,ok
QSO B1048+342,STIS,,of9m16050_x1d.fits,0.078,ok
QSO B1048+342,STIS,,of9m66010_sx1.fits,0.081,ok
QSO B1048+342,STIS,,of9m66020_sx1.fits,0.081,ok
QSO B1048+342,STIS,,of9m66030_sx1.fits,0.081,ok
QSO B1048+342,STIS,,of9m66050_x1d.fits,0.0,error
QSO B1048+342,STIS,,of9m66060_x1d.fits,0.0,error
QSO B1052-0004,STIS,,o8ex35010_x1d.fits,0.078,ok
QSO B1103-006,STIS,,o4n304010_x1d.fits,0.078,ok
QSO B1103-006,STIS,,o4n304020_x1d.fits,0.078,ok
QSO B1103-006,FOS,,y12b0502t_c0f.fits,0.066,ok
QSO B1103-006,FOS,,y12b0502t_c1f.fits,0.066,ok
QSO B1103-006,FOS,,y12b0502t_c2f.fits,0.066,ok
QSO B1103-006,FOS,,y12b0502t_c4f.fits,0.066,ok
QSO B1103-006,FOS,,y12b0502t_c5f.fits,0.066,ok
QSO B1103-006,FOS,,y12b0502t_c7f.fits,0.066,ok
QSO B1103-006,FOS,,y12b0503t_c0f.fits,0.049,ok
QSO B1103-006,FOS,,y12b0503t_c1f.fits,0.049,ok
QSO B1103-006,FOS,,y12b0503t_c2f.fits,0.049,ok
QSO B1103-006,FOS,,y12b0503t_c4f.fits,0.049,ok
QSO B1103-006,FOS,,y12b0503t_c5f.fits,0.049,ok
QSO B1103-006,FOS,,y12b0503t_c7f.fits,0.049,ok
QSO B1248+401,COS,,lbrp04010_x1dsum.fits,0.245,ok
QSO B1248+401,COS,,lbrp04ogq_x1d.fits,0.429,ok
QSO B1248+401,COS,,lbrp04ojq_x1d.fits,0.429,ok
QSO B1248+401,COS,,lbrp04olq_x1d.fits,0.429,ok
QSO B1248+401,COS,,lbrp04oqq_x1d.fits,0.429,ok
QSO B1248+401,FOS,,y2ie0e04t_c0f.fits,0.121,ok
QSO B1248+401,FOS,,y2ie0e04t_c1f.fits,0.121,ok
QSO B1248+401,FOS,,y2ie0e04t_c2f.fits,0.121,ok
QSO B1248+401,FOS,,y2ie0e04t_c4f.fits,0.121,ok
QSO B1248+401,FOS,,y2ie0e04t_c5f.fits,0.121,ok
QSO B1248+401,FOS,,y2ie0e04t_c7f.fits,0.121,ok
QSO B1248+401,FOS,,y2ie0e05t_c0f.fits,0.225,ok
QSO B1248+401,FOS,,y2ie0e05t_c1f.fits,0.225,ok
QSO B1248+401,FOS,,y2ie0e05t_c2f.fits,0.225,ok
QSO B1248+401,FOS,,y2ie0e05t_c4f.fits,0.225,ok
QSO B1248+401,FOS,,y2ie0e05t_c5f.fits,0.225,ok
QSO B1248+401,FOS,,y2ie0e05t_c7f.fits,0.225,ok
QSO B1248+401,FOS,,y2ie0e06t_c0f.fits,0.101,ok
QSO B1248+401,FOS,,y2ie0e06t_c1f.fits,0.101,ok
QSO B1248+401,FOS,,y2ie0e06t_c2f.fits,0.101,ok
QSO B1248+401,FOS,,y2ie0e06t_c4f.fits,0.101,ok
QSO B1248+401,FOS,,y2ie0e06t_c5f.fits,0.101,ok
QSO B1248+401,FOS,,y2ie0e06t_c7f.fits,0.101,ok
QSO B1355-4138,COS,,ldjr08010_x1dsum.fits,1.814,ok
QSO B1355-4138,COS,,ldjr08020_x1dsum.fits,1.814,ok
QSO B1355-4138,COS,,ldjr08030_x1dsum.fits,1.814,ok
QSO B1355-4138,COS,,ldjr08w7q_x1d.fits,3.39,ok
QSO B1355-4138,COS,,ldjr08w9q_x1d.fits,3.39,ok
QSO B1355-4138,COS,,ldjr08wbq_x1d.fits,3.39,ok
QSO B1355-4138,COS,,ldjr08wdq_x1d.fits,3.39,ok
QSO B1355-4138,COS,,ldjr08wfq_x1d.fits,3.39,ok
QSO B1355-4138,COS,,ldjr08whq_x1d.fits,3.39,ok
QSO B1355-4138,COS,,ldjr08wjq_x1d.fits,3.39,ok
QSO B1355-4138,COS,,ldjr08wlq_x1d.fits,3.39,ok
QSO B1355-4138,COS,,ldjr08wnq_x1d.fits,3.39,ok
QSO B1355-4138,COS,,ldjr08wpq_x1d.fits,3.39,ok
QSO B1355-4138,FOS,,y1hk0b02t_c0f.fits,0.075,ok
QSO B1355-4138,FOS,,y1hk0b02t_c1f.fits,0.075,ok
QSO B1355-4138,FOS,,y1hk0b02t_c2f.fits,0.075,ok
QSO B1355-4138,FOS,,y1hk0b02t_c4f.fits,0.075,ok
QSO B1355-4138,FOS,,y1hk0b02t_c5f.fits,0.075,ok
QSO B1355-4138,FOS,,y1hk0b02t_c7f.fits,0.075,ok
QSO B1544+4855,FOS,,y1hk0o02t_c0f.fits,0.058,ok
QSO B1544+4855,FOS,,y1hk0o02t_c1f.fits,0.058,ok
QSO B1544+4855,FOS,,y1hk0o02t_c2f.fits,0.058,ok
QSO B1544+4855,FOS,,y1hk0o02t_c4f.fits,0.058,ok
QSO B1544+4855,FOS,,y1hk0o02t_c5f.fits,0.058,ok
QSO B1544+4855,FOS,,y1hk0o02t_c7f.fits,0.058,ok
QSO B1544+4855,FOS,,y27o0102t_c0f.fits,0.156,ok
QSO B1544+4855,FOS,,y27o0102t_c1f.fits,0.156,ok
QSO B1544+4855,FOS,,y27o0102t_c2f.fits,0.156,ok
QSO B1544+4855,FOS,,y27o0102t_c4f.fits,0.156,ok
QSO B1544+4855,FOS,,y27o0102t_c5f.fits,0.156,ok
QSO B1544+4855,FOS,,y27o0102t_c7f.fits,0.156,ok
QSO B1544+4855,FOS,,y27o0103t_c0f.fits,0.216,ok
QSO B1544+4855,FOS,,y27o0103t_c1f.fits,0.216,ok
QSO B1544+4855,FOS,,y27o0103t_c2f.fits,0.216,ok
QSO B1544+4855,FOS,,y27o0103t_c4f.fits,0.216,ok
QSO B1544+4855,FOS,,y27o0103t_c5f.fits,0.216,ok
QSO B1544+4855,FOS,,y27o0103t_c7f.fits,0.216,ok
QSO B1544+4855,FOS,,y27o0104t_c0f.fits,0.086,ok
QSO B1544+4855,FOS,,y27o0104t_c1f.fits,0.086,ok
QSO B1544+4855,FOS,,y27o0104t_c2f.fits,0.086,ok
QSO B1544+4855,FOS,,y27o0104t_c4f.fits,0.086,ok
QSO B1544+4855,FOS,,y27o0104t_c5f.fits,0.086,ok
QSO B1544+4855,FOS,,y27o0104t_c7f.fits,0.086,ok
QSO B1544+4855,FOS,,y27o0105t_c0f.fits,0.121,ok
QSO B1544+4855,FOS,,y27o0105t_c1f.fits,0.121,ok
QSO B1544+4855,FOS,,y27o0105t_c2f.fits,0.121,ok
QSO B1544+4855,FOS,,y27o0105t_c4f.fits,0.121,ok
QSO B1544+4855,FOS,,y27o0105t_c5f.fits,0.121,ok
QSO B1544+4855,FOS,,y27o0105t_c7f.fits,0.121,ok
QSO B1544+4855,FOS,,y27o0106t_c0f.fits,0.095,ok
QSO B1544+4855,FOS,,y27o0106t_c1f.fits,0.095,ok
QSO B1544+4855,FOS,,y27o0106t_c2f.fits,0.095,ok
QSO B1544+4855,FOS,,y27o0106t_c4f.fits,0.095,ok
QSO B1544+4855,FOS,,y27o0106t_c5f.fits,0.095,ok
QSO B1544+4855,FOS,,y27o0106t_c7f.fits,0.095,ok
QSO B1626+5529,COS,,lbgb01010_x1dsum.fits,1.944,ok
QSO B1626+5529,COS,,lbgb01020_x1dsum.fits,1.944,ok
QSO B1626+5529,COS,,lbgb01030_x1dsum.fits,1.944,ok
QSO B1626+5529,COS,,lbgb01040_x1dsum.fits,1.944,ok
QSO B1626+5529,COS,,lbgb01050_x1dsum.fits,1.944,ok
QSO B1626+5529,COS,,lbgb01060_x1dsum.fits,1.944,ok
QSO B1626+5529,COS,,lbgb01070_x1dsum.fits,1.944,ok
QSO B1626+5529,COS,,lbgb01080_x1dsum.fits,1.944,ok
QSO B1626+5529,COS,,lbgb01ptq_x1d.fits,3.39,ok
QSO B1626+5529,COS,,lbgb01q9q_x1d.fits,3.39,ok
QSO B1626+5529,COS,,lbgb01qcq_x1d.fits,3.39,ok
QSO B1626+5529,COS,,lbgb01qjq_x1d.fits,3.39,ok
QSO B1626+5529,COS,,lbgb01qyq_x1d.fits,3.39,ok
QSO B1626+5529,COS,,lbgb01r1q_x1d.fits,3.39,ok
QSO B1626+5529,COS,,lbgb01r3q_x1d.fits,3.39,ok
QSO B1626+5529,COS,,lbgb01r5q_x1d.fits,3.39,ok
QSO B1626+5529,COS,,le2j03010_x1dsum.fits,0.93,ok
QSO B1626+5529,COS,,le2j03dbq_x1d.fits,1.719,ok
QSO B1626+5529,COS,,le2j03ddq_x1d.fits,1.719,ok
QSO B1626+5529,COS,,le2j03dfq_x1d.fits,1.719,ok
QSO B1626+5529,COS,,le2j03dhq_x1d.fits,1.719,ok
QSO B1626+5529,FOS,,y38o1602t_c0f.fits,0.147,ok
QSO B1626+5529,FOS,,y38o1602t_c1f.fits,0.147,ok
QSO B1626+5529,FOS,,y38o1602t_c2f.fits,0.147,ok
QSO B1626+5529,FOS,,y38o1602t_c4f.fits,0.147,ok
QSO B1626+5529,FOS,,y38o1602t_c5f.fits,0.147,ok
QSO B1626+5529,FOS,,y38o1602t_c7f.fits,0.147,ok
QSO B1626+5529,FOS,,y38o1603t_c0f.fits,0.086,ok
QSO B1626+5529,FOS,,y38o1603t_c1f.fits,0.086,ok
QSO B1626+5529,FOS,,y38o1603t_c2f.fits,0.086,ok
QSO B1626+5529,FOS,,y38o1603t_c4f.fits,0.086,ok
QSO B1626+5529,FOS,,y38o1603t_c5f.fits,0.086,ok
QSO B1626+5529,FOS,,y38o1603t_c7f.fits,0.086,ok
QSO B1626+5529,FOS,,y38o1604t_c0f.fits,0.043,ok
QSO B1626+5529,FOS,,y38o1604t_c1f.fits,0.043,ok
QSO B1626+5529,FOS,,y38o1604t_c2f.fits,0.043,ok
QSO B1626+5529,FOS,,y38o1604t_c4f.fits,0.043,ok
QSO B1626+5529,FOS,,y38o1604t_c5f.fits,0.043,ok
QSO B1626+5529,FOS,,y38o1604t_c7f.fits,0.043,ok
QSO B1626+5529,FOS,,y38o1605t_c0f.fits,0.078,ok
QSO B1626+5529,FOS,,y38o1605t_c1f.fits,0.078,ok
QSO B1626+5529,FOS,,y38o1605t_c2f.fits,0.078,ok
QSO B1626+5529,FOS,,y38o1605t_c4f.fits,0.078,ok
QSO B1626+5529,FOS,,y38o1605t_c5f.fits,0.078,ok
QSO B1626+5529,FOS,,y38o1605t_c7f.fits,0.078,ok
QSO B1626+5529,FOS,,y38o1606t_c0f.fits,0.052,ok
QSO B1626+5529,FOS,,y38o1606t_c1f.fits,0.052,ok
QSO B1626+5529,FOS,,y38o1606t_c2f.fits,0.052,ok
QSO B1626+5529,FOS,,y38o1606t_c4f.fits,0.052,ok
QSO B1626+5529,FOS,,y38o1606t_c5f.fits,0.052,ok
QSO B1626+5529,FOS,,y38o1606t_c7f.fits,0.052,ok
QSO B1626+5529,FOS,,y38o1607t_c0f.fits,0.043,ok
QSO B1626+5529,FOS,,y38o1607t_c1f.fits,0.043,ok
QSO B1626+5529,FOS,,y38o1607t_c2f.fits,0.043,ok
QSO B1626+5529,FOS,,y38o1607t_c4f.fits,0.043,ok
QSO B1626+5529,FOS,,y38o1607t_c5f.fits,0.043,ok
QSO B1626+5529,FOS,,y38o1607t_c7f.fits,0.043,ok
QSO B1725-142,COS,,lc8u01010_x1dsum.fits,0.04,ok
QSO B1725-142,COS,,lc8u01c2q_x1d.fits,0.043,ok
QSO B1725-142,COS,,lc8u01c4q_x1d.fits,0.043,ok
QSO B1725-142,COS,,lc8u01c6q_x1d.fits,0.043,ok
QSO B1725-142,COS,,lc8u01c8q_x1d.fits,0.043,ok
QSO B1725-142,COS,,lc8u51010_x1dsum.fits,1.814,ok
QSO B1725-142,COS,,lc8u51ndq_x1d.fits,3.39,ok
QSO B1725-142,COS,,lc8u51nfq_x1d.fits,3.39,ok
QSO B1725-142,COS,,lc8u51nhq_x1d.fits,3.39,ok
QSO B1725-142,COS,,lc8u51njq_x1d.fits,3.39,ok
QSO B1725-142,COS,,ld3h01010_x1dsum.fits,1.814,ok
QSO B1725-142,COS,,ld3h01rcq_x1d.fits,3.39,ok
QSO B1725-142,COS,,ld3h01req_x1d.fits,3.39,ok
QSO B1725-142,COS,,ld3h01rgq_x1d.fits,3.39,ok
QSO B1725-142,COS,,ld3h01riq_x1d.fits,3.39,ok
QSO B1725-142,COS,,ldif01010_x1dsum.fits,1.814,ok
QSO B1725-142,COS,,ldif01tyq_x1d.fits,0.046,ok
QSO B1725-142,COS,,ldif01u0q_x1d.fits,3.39,ok
QSO B1725-142,COS,,ldif01u2q_x1d.fits,3.39,ok
QSO B1725-142,COS,,ldif01u4q_x1d.fits,3.39,ok
QSO B1725-142,COS,,ldif02010_x1dsum.fits,1.817,ok
QSO B1725-142,COS,,ldif02nmq_x1d.fits,3.39,ok
QSO B1725-142,COS,,ldif02nsq_x1d.fits,3.39,ok
QSO B1725-142,COS,,ldif02nuq_x1d.fits,3.39,ok
QSO B1725-142,COS,,ldif02nwq_x1d.fits,3.39,ok
QSO B1725-142,STIS,,o58s01010_x1d.fits,0.078,ok
QSO B1725-142,STIS,,o58s01020_x1d.fits,0.078,ok
QSO B2128-123,COS,,lbre08010_x1dsum.fits,0.245,ok
QSO B2128-123,COS,,lbre08eqq_x1d.fits,0.429,ok
QSO B2128-123,COS,,lbre08etq_x1d.fits,0.429,ok
QSO B2128-123,COS,,lbre08evq_x1d.fits,0.429,ok
QSO B2128-123,COS,,lbre08f0q_x1d.fits,0.429,ok
QSO B2128-123,COS,,lbre08f2q_x1d.fits,0.429,ok
QSO B2128-123,COS,,lbre08f7q_x1d.fits,0.429,ok
QSO B2128-123,COS,,lbre08fcq_x1d.fits,0.429,ok
QSO B2128-123,COS,,lbre08flq_x1d.fits,0.429,ok
QSO B2128-123,COS,,lbre08gcq_x1d.fits,0.429,ok
QSO B2128-123,COS,,lbre08giq_x1d.fits,0.429,ok
QSO B2128-123,COS,,lbre09010_x1dsum.fits,0.245,ok
QSO B2128-123,COS,,lbre09xvq_x1d.fits,0.429,ok
QSO B2128-123,COS,,lbre09xyq_x1d.fits,0.429,ok
QSO B2128-123,COS,,lbre09y0q_x1d.fits,0.429,ok
QSO B2128-123,COS,,lbre09y5q_x1d.fits,0.429,ok
QSO B2128-123,COS,,lbre09y7q_x1d.fits,0.429,ok
QSO B2128-123,COS,,lbre09ycq_x1d.fits,0.429,ok
QSO B2128-123,COS,,lbre09ypq_x1d.fits,0.429,ok
QSO B2128-123,COS,,lbre09yyq_x1d.fits,0.429,ok
QSO B2128-123,COS,,lccl22010_x1dsum.fits,1.814,ok
QSO B2128-123,COS,,lccl22020_x1dsum.fits,0.245,ok
QSO B2128-123,COS,,lccl22tyq_x1d.fits,3.39,ok
QSO B2128-123,COS,,lccl22u4q_x1d.fits,3.39,ok
QSO B2128-123,COS,,lccl22u7q_x1d.fits,3.39,ok
QSO B2128-123,COS,,lccl22ufq_x1d.fits,3.39,ok
QSO B2128-123,COS,,lccl22uiq_x1d.fits,0.429,ok
QSO B2128-123,COS,,lccl22uqq_x1d.fits,0.429,ok
QSO B2128-123,COS,,lccl23010_x1dsum.fits,1.814,ok
QSO B2128-123,COS,,lccl23hyq_x1d.fits,3.39,ok
QSO B2128-123,COS,,lccl23i1q_x1d.fits,3.39,ok
QSO B2128-123,COS,,lccl23i9q_x1d.fits,3.39,ok
QSO B2128-123,COS,,lccl23ijq_x1d.fits,3.39,ok
QSO B2128-123,COS,,lccl23j2q_x1d.fits,3.39,ok
QSO B2128-123,FOS,,y1he0f03t_c0f.fits,0.228,ok
QSO B2128-123,FOS,,y1he0f03t_c1f.fits,0.228,ok
QSO B2128-123,FOS,,y1he0f03t_c2f.fits,0.228,ok
QSO B2128-123,FOS,,y1he0f03t_c4f.fits,0.228,ok
QSO B2128-123,FOS,,y1he0f03t_c5f.fits,0.228,ok
QSO B2128-123,FOS,,y1he0f03t_c7f.fits,0.228,ok
QSO B2128-123,FOS,,y1he0f04t_c0f.fits,0.582,ok
QSO B2128-123,FOS,,y1he0f04t_c1f.fits,0.582,ok
QSO B2128-123,FOS,,y1he0f04t_c2f.fits,0.582,ok
QSO B2128-123,FOS,,y1he0f04t_c4f.fits,0.582,ok
QSO B2128-123,FOS,,y1he0f04t_c5f.fits,0.582,ok
QSO B2128-123,FOS,,y1he0f04t_c7f.fits,0.582,ok
QSO B2128-123,FOS,,y1he0f05t_c0f.fits,0.478,ok
QSO B2128-123,FOS,,y1he0f05t_c1f.fits,0.478,ok
QSO B2128-123,FOS,,y1he0f05t_c2f.fits,0.478,ok
QSO B2128-123,FOS,,y1he0f05t_c4f.fits,0.478,ok
QSO B2128-123,FOS,,y1he0f05t_c5f.fits,0.478,ok
QSO B2128-123,FOS,,y1he0f05t_c7f.fits,0.478,ok
QSO B2128-123,FOS,,y1he0f06t_c0f.fits,0.066,ok
QSO B2128-123,FOS,,y1he0f06t_c1f.fits,0.066,ok
QSO B2128-123,FOS,,y1he0f06t_c2f.fits,0.066,ok
QSO B2128-123,FOS,,y1he0f06t_c4f.fits,0.066,ok
QSO B2128-123,FOS,,y1he0f06t_c5f.fits,0.066,ok
QSO B2128-123,FOS,,y1he0f06t_c7f.fits,0.066,ok
QSO B2128-123,FOS,,y1he0f07t_c0f.fits,0.415,ok
QSO B2128-123,FOS,,y1he0f07t_c1f.fits,0.415,ok
QSO B2128-123,FOS,,y1he0f07t_c2f.fits,0.415,ok
QSO B2128-123,FOS,,y1he0f07t_c4f.fits,0.415,ok
QSO B2128-123,FOS,,y1he0f07t_c5f.fits,0.415,ok
QSO B2128-123,FOS,,y1he0f07t_c7f.fits,0.415,ok
QSO J0110+0019,STIS,,o8ex05010_x1d.fits,0.078,ok
QSO J0125-0006,COS,,lccl01010_x1dsum.fits,1.814,ok
QSO J0125-0006,COS,,lccl01020_x1dsum.fits,1.944,ok
QSO J0125-0006,COS,,lccl01iiq_x1d.fits,3.39,ok
QSO J0125-0006,COS,,lccl01ilq_x1d.fits,3.39,ok
QSO J0125-0006,COS,,lccl01itq_x1d.fits,3.39,ok
QSO J0125-0006,COS,,lccl01j1q_x1d.fits,3.39,ok
QSO J0125-0006,COS,,lccl01jaq_x1d.fits,3.39,ok
QSO J0125-0006,COS,,lccl02010_x1dsum.fits,0.245,ok
QSO J0125-0006,COS,,lccl02020_x1dsum.fits,0.245,ok
QSO J0125-0006,COS,,lccl02yjq_x1d.fits,0.429,ok
QSO J0125-0006,COS,,lccl02yoq_x1d.fits,0.429,ok
QSO J0125-0006,COS,,lccl02yrq_x1d.fits,0.429,ok
QSO J0125-0006,COS,,lccl02yyq_x1d.fits,0.429,ok
QSO J0125-0006,COS,,lccl02z3q_x1d.fits,0.429,ok
QSO J0125-0006,COS,,lccl02zaq_x1d.fits,0.429,ok
QSO J0125-0006,COS,,lccl02zeq_x1d.fits,0.429,ok
QSO J0125-0006,COS,,lccl02zhq_x1d.fits,0.429,ok
QSO J0125-0006,COS,,lccl03010_x1dsum.fits,0.245,ok
QSO J0125-0006,COS,,lccl03d4q_x1d.fits,0.429,ok
QSO J0125-0006,COS,,lccl03d7q_x1d.fits,0.429,ok
QSO J0125-0006,COS,,lccl03dfq_x1d.fits,0.429,ok
QSO J0125-0006,COS,,lccl03dnq_x1d.fits,0.429,ok
QSO J0125-0006,COS,,lccl03dwq_x1d.fits,0.429,ok
QSO J0125-0006,COS,,lccl04010_x1dsum.fits,0.245,ok
QSO J0125-0006,COS,,lccl04iyq_x1d.fits,0.429,ok
QSO J0125-0006,COS,,lccl04j1q_x1d.fits,0.429,ok
QSO J0125-0006,COS,,lccl04j9q_x1d.fits,0.429,ok
QSO J0125-0006,COS,,lccl04jhq_x1d.fits,0.429,ok
QSO J0125-0006,COS,,lccl04jqq_x1d.fits,0.429,ok
QSO J0125-0006,FOS,,y0rv1903t_c0f.fits,0.4,ok
QSO J0125-0006,FOS,,y0rv1903t_c1f.fits,0.4,ok
QSO J0125-0006,FOS,,y0rv1903t_c2f.fits,0.4,ok
QSO J0125-0006,FOS,,y0rv1903t_c4f.fits,0.4,ok
QSO J0125-0006,FOS,,y0rv1903t_c5f.fits,0.4,ok
QSO J0125-0006,FOS,,y0rv1903t_c7f.fits,0.4,ok
QSO J0125-0006,FOS,,y0rv1904t_c0f.fits,0.4,ok
QSO J0125-0006,FOS,,y0rv1904t_c1f.fits,0.4,ok
QSO J0125-0006,FOS,,y0rv1904t_c2f.fits,0.4,ok
QSO J0125-0006,FOS,,y0rv1904t_c4f.fits,0.4,ok
QSO J0125-0006,FOS,,y0rv1904t_c5f.fits,0.4,ok
QSO J0125-0006,FOS,,y0rv1904t_c7f.fits,0.4,ok
QSO J0125-0006,FOS,,y0rv1905t_c0f.fits,0.213,ok
QSO J0125-0006,FOS,,y0rv1905t_c1f.fits,0.213,ok
QSO J0125-0006,FOS,,y0rv1905t_c2f.fits,0.213,ok
QSO J0125-0006,FOS,,y0rv1905t_c4f.fits,0.213,ok
QSO J0125-0006,FOS,,y0rv1905t_c5f.fits,0.213,ok
QSO J0125-0006,FOS,,y0rv1905t_c7f.fits,0.213,ok
QSO J0153+0009,STIS,,o8ex15010_x1d.fits,0.078,ok
QSO J0441-4313,COS,,lbre03010_x1dsum.fits,1.814,ok
QSO J0441-4313,COS,,lbre03j9q_x1d.fits,3.39,ok
QSO J0441-4313,COS,,lbre03jbq_x1d.fits,3.39,ok
QSO J0441-4313,COS,,lbre03jdq_x1d.fits,3.39,ok
QSO J0441-4313,COS,,lbre03jiq_x1d.fits,3.39,ok
QSO J0441-4313,COS,,lbre03jkq_x1d.fits,3.39,ok
QSO J0441-4313,COS,,lbre03k5q_x1d.fits,3.39,ok
QSO J0441-4313,COS,,lbre03l3q_x1d.fits,3.39,ok
QSO J0441-4313,COS,,lbre03l8q_x1d.fits,3.39,ok
QSO J0441-4313,COS,,lbre03laq_x1d.fits,3.39,ok
QSO J0441-4313,COS,,lbre03lfq_x1d.fits,3.39,ok
QSO J0441-4313,STIS,,o8ex19010_x1d.fits,0.078,ok
QSO J0441-4313,FOS,,y1he0503t_c0f.fits,0.282,ok
QSO J0441-4313,FOS,,y1he0503t_c1f.fits,0.282,ok
QSO J0441-4313,FOS,,y1he0503t_c2f.fits,0.282,ok
QSO J0441-4313,FOS,,y1he0503t_c4f.fits,0.282,ok
QSO J0441-4313,FOS,,y1he0503t_c5f.fits,0.282,ok
QSO J0441-4313,FOS,,y1he0503t_c7f.fits,0.282,ok
QSO J0441-4313,FOS,,y1he0504t_c0f.fits,0.631,ok
QSO J0441-4313,FOS,,y1he0504t_c1f.fits,0.631,ok
QSO J0441-4313,FOS,,y1he0504t_c2f.fits,0.631,ok
QSO J0441-4313,FOS,,y1he0504t_c4f.fits,0.631,ok
QSO J0441-4313,FOS,,y1he0504t_c5f.fits,0.631,ok
QSO J0441-4313,FOS,,y1he0504t_c7f.fits,0.631,ok
QSO J0441-4313,FOS,,y1he0505t_c0f.fits,0.631,ok
QSO J0441-4313,FOS,,y1he0505t_c1f.fits,0.631,ok
QSO J0441-4313,FOS,,y1he0505t_c2f.fits,0.631,ok
QSO J0441-4313,FOS,,y1he0505t_c4f.fits,0.631,ok
QSO J0441-4313,FOS,,y1he0505t_c5f.fits,0.631,ok
QSO J0441-4313,FOS,,y1he0505t_c7f.fits,0.631,ok
QSO J0441-4313,FOS,,y1he0506t_c0f.fits,0.383,ok
QSO J0441-4313,FOS,,y1he0506t_c1f.fits,0.383,ok
QSO J0441-4313,FOS,,y1he0506t_c2f.fits,0.383,ok
QSO J0441-4313,FOS,,y1he0506t_c4f.fits,0.383,ok
QSO J0441-4313,FOS,,y1he0506t_c5f.fits,0.383,ok
QSO J0441-4313,FOS,,y1he0506t_c7f.fits,0.383,ok
QSO J0441-4313,FOS,,y1he0507t_c0f.fits,0.213,ok
QSO J0441-4313,FOS,,y1he0507t_c1f.fits,0.213,ok
QSO J0441-4313,FOS,,y1he0507t_c2f.fits,0.213,ok
QSO J0441-4313,FOS,,y1he0507t_c4f.fits,0.213,ok
QSO J0441-4313,FOS,,y1he0507t_c5f.fits,0.213,ok
QSO J0441-4313,FOS,,y1he0507t_c7f.fits,0.213,ok
QSO J0441-4313,FOS,,y1he0508t_c0f.fits,0.426,ok
QSO J0441-4313,FOS,,y1he0508t_c1f.fits,0.426,ok
QSO J0441-4313,FOS,,y1he0508t_c2f.fits,0.426,ok
QSO J0441-4313,FOS,,y1he0508t_c4f.fits,0.426,ok
QSO J0441-4313,FOS,,y1he0508t_c5f.fits,0.426,ok
QSO J0441-4313,FOS,,y1he0508t_c7f.fits,0.426,ok
QSO J0623-6436,COS,,lb3j08010_x1dsum.fits,0.04,ok
QSO J0623-6436,COS,,lb3j08020_x1dsum.fits,0.04,ok
QSO J0623-6436,COS,,lb3j08v1q_x1d.fits,0.043,ok
QSO J0623-6436,COS,,lb3j08v4q_x1d.fits,0.043,ok
QSO J0623-6436,COS,,lb3j08vaq_x1d.fits,0.043,ok
QSO J0623-6436,COS,,lb3j08vcq_x1d.fits,0.043,ok
QSO J0623-6436,COS,,lb3j09010_x1dsum.fits,1.817,ok
QSO J0623-6436,COS,,lb3j09020_x1dsum.fits,1.814,ok
QSO J0623-6436,COS,,lb3j09jeq_x1d.fits,3.39,ok
QSO J0623-6436,COS,,lb3j09jhq_x1d.fits,3.39,ok
QSO J0623-6436,COS,,lb3j09jnq_x1d.fits,3.39,ok
QSO J0623-6436,COS,,lb3j09jpq_x1d.fits,3.39,ok
QSO J0623-6436,COS,,lb3j58010_x1dsum.fits,1.947,ok
QSO J0623-6436,COS,,lb3j58020_x1dsum.fits,1.944,ok
QSO J0623-6436,COS,,lb3j58030_x1dsum.fits,1.814,ok
QSO J0623-6436,COS,,lb3j58040_x1dsum.fits,1.944,ok
QSO J0623-6436,COS,,lb3j58onq_x1d.fits,3.39,ok
QSO J0623-6436,COS,,lb3j58oqq_x1d.fits,3.39,ok
QSO J0623-6436,COS,,lb3j58owq_x1d.fits,3.39,ok
QSO J0623-6436,COS,,lb3j58p3q_x1d.fits,3.39,ok
QSO J0623-6436,COS,,lb3j58p6q_x1d.fits,3.39,ok
QSO J0635-7516,FOS,,y0xx0203t_c0f.fits,0.415,ok
QSO J0635-7516,FOS,,y0xx0203t_c1f.fits,0.415,ok
QSO J0635-7516,FOS,,y0xx0203t_c2f.fits,0.415,ok
QSO J0635-7516,FOS,,y0xx0203t_c4f.fits,0.415,ok
QSO J0635-7516,FOS,,y0xx0203t_c5f.fits,0.415,ok
QSO J0635-7516,FOS,,y0xx0203t_c7f.fits,0.415,ok
QSO J0635-7516,FOS,,y0xx0204t_c0f.fits,0.415,ok
QSO J0635-7516,FOS,,y0xx0204t_c1f.fits,0.415,ok
QSO J0635-7516,FOS,,y0xx0204t_c2f.fits,0.415,ok
QSO J0635-7516,FOS,,y0xx0204t_c4f.fits,0.415,ok
QSO J0635-7516,FOS,,y0xx0204t_c5f.fits,0.415,ok
QSO J0635-7516,FOS,,y0xx0204t_c7f.fits,0.415,ok
QSO J0635-7516,FOS,,y0xx0205t_c0f.fits,0.204,ok
QSO J0635-7516,FOS,,y0xx0205t_c1f.fits,0.204,ok
QSO J0635-7516,FOS,,y0xx0205t_c2f.fits,0.204,ok
QSO J0635-7516,FOS,,y0xx0205t_c4f.fits,0.204,ok
QSO J0635-7516,FOS,,y0xx0205t_c5f.fits,0.204,ok
QSO J0635-7516,FOS,,y0xx0205t_c7f.fits,0.204,ok
QSO J0635-7516,FOS,,y0xx0301t_c0f.fits,0.084,ok
QSO J0635-7516,FOS,,y0xx0301t_c1f.fits,0.084,ok
QSO J0635-7516,FOS,,y0xx0301t_c2f.fits,0.084,ok
QSO J0635-7516,FOS,,y0xx0301t_c4f.fits,0.084,ok
QSO J0635-7516,FOS,,y0xx0301t_c5f.fits,0.084,ok
QSO J0635-7516,FOS,,y0xx0301t_c7f.fits,0.084,ok
QSO J0820+2334,COS,,lb5n17010_x1dsum.fits,1.947,ok
QSO J0820+2334,COS,,lb5n17020_x1dsum.fits,1.944,ok
QSO J0820+2334,COS,,lb5n17030_x1dsum.fits,1.947,ok
QSO J0820+2334,COS,,lb5n17040_x1dsum.fits,1.944,ok
QSO J0820+2334,COS,,lb5n17kaq_x1d.fits,3.39,ok
QSO J0820+2334,COS,,lb5n17kgq_x1d.fits,3.39,ok
QSO J0820+2334,COS,,lb5n17kpq_x1d.fits,3.39,ok
QSO J0820+2334,COS,,lb5n17kyq_x1d.fits,3.39,ok
QSO J0820+2334,STIS,,ocuv02010_sx1.fits,0.081,ok
QSO J0910+1014,COS,,lb5n18010_x1dsum.fits,1.947,ok
QSO J0910+1014,COS,,lb5n18020_x1dsum.fits,1.944,ok
QSO J0910+1014,COS,,lb5n18030_x1dsum.fits,1.817,ok
QSO J0910+1014,COS,,lb5n18040_x1dsum.fits,1.814,ok
QSO J0910+1014,COS,,lb5n18t4q_x1d.fits,3.39,ok
QSO J0910+1014,COS,,lb5n18taq_x1d.fits,3.39,ok
QSO J0910+1014,COS,,lb5n18tjq_x1d.fits,3.39,ok
QSO J0910+1014,COS,,lb5n18v9q_x1d.fits,3.39,ok
QSO J0910+1014,COS,,lb5n18vkq_x1d.fits,3.39,ok
QSO J0910+1014,COS,,lb5n18w2q_x1d.fits,3.39,ok
QSO J0910+1014,COS,,lc1c01010_x1dsum.fits,1.817,ok
QSO J0910+1014,COS,,lc1c01nqq_x1d.fits,3.39,ok
QSO J0910+1014,COS,,lc1c01ntq_x1d.fits,3.39,ok
QSO J0910+1014,COS,,ley203010_x1dsum.fits,0.245,ok
QSO J0910+1014,COS,,ley203n9q_x1d.fits,0.429,ok
QSO J0910+1014,COS,,ley203ocq_x1d.fits,0.429,ok
QSO J0910+1014,COS,,ley203pfq_x1d.fits,0.429,ok
QSO J0910+1014,COS,,ley203q9q_x1d.fits,0.429,ok
QSO J0910+1014,COS,,ley23z010_x1dsum.fits,0.245,ok
QSO J0910+1014,COS,,ley23zs2q_x1d.fits,0.429,ok
QSO J0910+1014,COS,,ley23zsoq_x1d.fits,0.429,ok
QSO J0910+1014,COS,,ley23zttq_x1d.fits,0.429,ok
QSO J0910+1014,COS,,ley23ztwq_x1d.fits,0.429,ok
QSO J0914+2823,COS,,lb5n21010_x1dsum.fits,1.947,ok
QSO J0914+2823,COS,,lb5n21020_x1dsum.fits,1.944,ok
QSO J0914+2823,COS,,lb5n21030_x1dsum.fits,1.817,ok
QSO J0914+2823,COS,,lb5n21040_x1dsum.fits,1.814,ok
QSO J0914+2823,COS,,lb5n21iwq_x1d.fits,3.39,ok
QSO J0914+2823,COS,,lb5n21izq_x1d.fits,3.39,ok
QSO J0914+2823,COS,,lb5n21j6q_x1d.fits,3.39,ok
QSO J0914+2823,COS,,lb5n21jeq_x1d.fits,3.39,ok
QSO J0914+2823,COS,,lb5n21jiq_x1d.fits,3.39,ok
QSO J0914+2823,COS,,lb5n21jlq_x1d.fits,3.39,ok
QSO J0914+2823,COS,,lf1301010_x1dsum.fits,0.245,ok
QSO J0914+2823,COS,,lf1301n3q_x1d.fits,0.429,ok
QSO J0914+2823,COS,,lf1301n8q_x1d.fits,0.429,ok
QSO J0936+5331,COS,,lbji08010_x1dsum.fits,1.814,ok
QSO J0936+5331,COS,,lbji08m8q_x1d.fits,3.39,ok
QSO J0936+5331,COS,,lbji08maq_x1d.fits,3.39,ok
QSO J0936+5331,COS,,lbji08mcq_x1d.fits,3.39,ok
QSO J0936+5331,COS,,lbji08meq_x1d.fits,3.39,ok
QSO J0936+5331,STIS,,obji21010_sx1.fits,0.081,ok
QSO J0936+5331,STIS,,obji21020_sx1.fits,0.081,ok
QSO J0936+5331,STIS,,obji21030_sx1.fits,0.081,ok
QSO J0943+0531,COS,,lb5n42010_x1dsum.fits,1.947,ok
QSO J0943+0531,COS,,lb5n42020_x1dsum.fits,1.944,ok
QSO J0943+0531,COS,,lb5n42030_x1dsum.fits,1.817,ok
QSO J0943+0531,COS,,lb5n42040_x1dsum.fits,1.944,ok
QSO J0943+0531,COS,,lb5n42qgq_x1d.fits,3.39,ok
QSO J0943+0531,COS,,lb5n42qlq_x1d.fits,3.39,ok
QSO J0943+0531,COS,,lb5n42qqq_x1d.fits,3.39,ok
QSO J0943+0531,COS,,lb5n42qsq_x1d.fits,3.39,ok
QSO J0943+0531,COS,,lb5n42qvq_x1d.fits,3.39,ok
QSO J0943+0531,COS,,lc1c15010_x1dsum.fits,1.817,ok
QSO J0943+0531,COS,,lc1c15nfq_x1d.fits,3.39,ok
QSO J0943+0531,COS,,lc1c15nkq_x1d.fits,3.39,ok
QSO J0943+0531,COS,,lf1302010_x1dsum.fits,0.259,ok
QSO J0943+0531,COS,,lf1302xgq_x1d.fits,0.429,ok
QSO J1009+0713,COS,,lb5n13010_x1dsum.fits,1.947,ok
QSO J1009+0713,COS,,lb5n13020_x1dsum.fits,1.944,ok
QSO J1009+0713,COS,,lb5n13030_x1dsum.fits,1.817,ok
QSO J1009+0713,COS,,lb5n13040_x1dsum.fits,1.944,ok
QSO J1009+0713,COS,,lb5n13g4q_x1d.fits,3.39,ok
QSO J1009+0713,COS,,lb5n13gcq_x1d.fits,3.39,ok
QSO J1009+0713,COS,,lb5n13ghq_x1d.fits,3.39,ok
QSO J1009+0713,COS,,lb5n13gwq_x1d.fits,3.39,ok
QSO J1009+0713,COS,,lb5n13h0q_x1d.fits,3.39,ok
QSO J1009+0713,COS,,ld7f01010_x1dsum.fits,1.817,ok
QSO J1009+0713,COS,,ld7f01zfq_x1d.fits,3.39,ok
QSO J1009+0713,COS,,ld7f01zhq_x1d.fits,3.39,ok
QSO J1009+0713,COS,,ld7f01zlq_x1d.fits,3.39,ok
QSO J1009+0713,COS,,ld7f01znq_x1d.fits,3.39,ok
QSO J1009+0713,COS,,ld7f01zpq_x1d.fits,3.39,ok
QSO J1009+0713,COS,,ld7f02010_x1dsum.fits,1.817,ok
QSO J1009+0713,COS,,ld7f02aqq_x1d.fits,3.39,ok
QSO J1009+0713,COS,,ld7f02bhq_x1d.fits,3.39,ok
QSO J1009+0713,COS,,ld7f02bjq_x1d.fits,3.39,ok
QSO J1009+0713,COS,,ld7f02blq_x1d.fits,3.39,ok
QSO J1009+0713,COS,,ld7f03010_x1dsum.fits,1.817,ok
QSO J1009+0713,COS,,ld7f03w3q_x1d.fits,3.39,ok
QSO J1009+0713,COS,,ld7f03w7q_x1d.fits,3.39,ok
QSO J1009+0713,COS,,ld7f03wcq_x1d.fits,3.39,ok
QSO J1009+0713,COS,,ld7f03weq_x1d.fits,3.39,ok
QSO J1009+0713,COS,,ld7f04010_x1dsum.fits,1.817,ok
QSO J1009+0713,COS,,ld7f04ajq_x1d.fits,3.39,ok
QSO J1009+0713,COS,,ld7f04anq_x1d.fits,3.39,ok
QSO J1009+0713,COS,,ld7f04apq_x1d.fits,3.39,ok
QSO J1009+0713,COS,,ld7f04arq_x1d.fits,3.39,ok
QSO J1009+0713,COS,,ld7f05010_x1dsum.fits,1.817,ok
QSO J1009+0713,COS,,ld7f05lhq_x1d.fits,3.39,ok
QSO J1009+0713,COS,,ld7f05ljq_x1d.fits,3.39,ok
QSO J1009+0713,COS,,ld7f05llq_x1d.fits,3.39,ok
QSO J1009+0713,COS,,ld7f05lnq_x1d.fits,3.39,ok
QSO J1009+0713,COS,,ld7f06010_x1dsum.fits,1.817,ok
QSO J1009+0713,COS,,ld7f06c9q_x1d.fits,3.39,ok
QSO J1009+0713,COS,,ld7f06cgq_x1d.fits,3.39,ok
QSO J1009+0713,COS,,ld7f06ciq_x1d.fits,3.39,ok
QSO J1009+0713,COS,,ld7f06ckq_x1d.fits,3.39,ok
QSO J1009+0713,COS,,lf1303010_x1dsum.fits,0.259,ok
QSO J1009+0713,COS,,lf1303l7q_x1d.fits,0.429,ok
QSO J1016+4706,COS,,lb5n07010_x1dsum.fits,1.947,ok
QSO J1016+4706,COS,,lb5n07020_x1dsum.fits,1.944,ok
QSO J1016+4706,COS,,lb5n07030_x1dsum.fits,1.947,ok
QSO J1016+4706,COS,,lb5n07040_x1dsum.fits,1.944,ok
QSO J1016+4706,COS,,lb5n07dhq_x1d.fits,3.39,ok
QSO J1016+4706,COS,,lb5n07djq_x1d.fits,3.39,ok
QSO J1016+4706,COS,,lb5n07dlq_x1d.fits,3.39,ok
QSO J1016+4706,COS,,lb5n07dnq_x1d.fits,3.39,ok
QSO J1016+4706,COS,,lc1c14010_x1dsum.fits,0.04,ok
QSO J1016+4706,COS,,lc1c14ecq_x1d.fits,0.043,ok
QSO J1016+4706,COS,,lc1c14f3q_x1d.fits,0.043,ok
QSO J1016+4706,COS,,lc1c24010_x1dsum.fits,1.817,ok
QSO J1016+4706,COS,,lc1c24wjq_x1d.fits,3.39,ok
QSO J1016+4706,COS,,lc1c24wnq_x1d.fits,3.39,ok
QSO J1016+4706,COS,,ley205010_x1dsum.fits,0.259,ok
QSO J1016+4706,COS,,ley205020_x1dsum.fits,0.245,ok
QSO J1016+4706,COS,,ley205030_x1dsum.fits,0.259,ok
QSO J1016+4706,COS,,ley205ezq_x1d.fits,0.429,ok
QSO J1016+4706,COS,,ley205f3q_x1d.fits,0.429,ok
QSO J1016+4706,COS,,ley205f7q_x1d.fits,0.429,ok
QSO J1016+4706,COS,,ley205fbq_x1d.fits,0.429,ok
QSO J1016+4706,COS,,ley206010_x1dsum.fits,0.259,ok
QSO J1016+4706,COS,,ley206020_x1dsum.fits,0.259,ok
QSO J1016+4706,COS,,ley206030_x1dsum.fits,0.259,ok
QSO J1016+4706,COS,,ley206ioq_x1d.fits,0.429,ok
QSO J1016+4706,COS,,ley206irq_x1d.fits,0.429,ok
QSO J1016+4706,COS,,ley206ivq_x1d.fits,0.429,ok
QSO J1016+4706,COS,,ley207010_x1dsum.fits,0.259,ok
QSO J1016+4706,COS,,ley207020_x1dsum.fits,0.245,ok
QSO J1016+4706,COS,,ley207j2q_x1d.fits,0.429,ok
QSO J1016+4706,COS,,ley207j5q_x1d.fits,0.429,ok
QSO J1016+4706,COS,,ley207jvq_x1d.fits,0.429,ok
QSO J1016+4706,COS,,lf1304010_x1dsum.fits,0.259,ok
QSO J1016+4706,COS,,lf1304jqq_x1d.fits,0.429,ok
QSO J1028+4500,COS,,lbji13010_x1dsum.fits,0.245,ok
QSO J1028+4500,COS,,lbji13ghq_x1d.fits,0.429,ok
QSO J1028+4500,COS,,lbji13gjq_x1d.fits,0.429,ok
QSO J1028+4500,COS,,lbji13glq_x1d.fits,0.429,ok
QSO J1028+4500,COS,,lbji13gnq_x1d.fits,0.429,ok
QSO J1047-0047,STIS,,o8ex33010_x1d.fits,0.078,ok
QSO J1047-0047,STIS,,o8ex33020_x1d.fits,0.078,ok
QSO J1109+0051,STIS,,o8ex38010_x1d.fits,0.078,ok
QSO J1109+0051,STIS,,o8ex38020_x1d.fits,0.132,ok
QSO J1112+3539,COS,,lb5n16010_x1dsum.fits,1.947,ok
QSO J1112+3539,COS,,lb5n16020_x1dsum.fits,1.944,ok
QSO J1112+3539,COS,,lb5n16030_x1dsum.fits,1.947,ok
QSO J1112+3539,COS,,lb5n16040_x1dsum.fits,1.944,ok
QSO J1112+3539,COS,,lb5n16sfq_x1d.fits,3.39,ok
QSO J1112+3539,COS,,lb5n16sjq_x1d.fits,3.39,ok
QSO J1112+3539,COS,,lb5n16svq_x1d.fits,3.39,ok
QSO J1112+3539,COS,,lb5n16t7q_x1d.fits,3.39,ok
QSO J1112+3539,COS,,lf1305010_x1dsum.fits,0.259,ok
QSO J1112+3539,COS,,lf1305mfq_x1d.fits,0.429,ok
QSO J1122+0318,COS,,lbs318050_x1dsum.fits,1.817,ok
QSO J1122+0318,COS,,lbs318060_x1dsum.fits,1.814,ok
QSO J1122+0318,COS,,lbs318070_x1dsum.fits,1.944,ok
QSO J1122+0318,COS,,lbs318wgq_x1d.fits,3.39,ok
QSO J1122+0318,COS,,lbs318wmq_x1d.fits,3.39,ok
QSO J1122+0318,COS,,lbs318wqq_x1d.fits,3.39,ok
QSO J1122+0318,COS,,lbs318wyq_x1d.fits,3.39,ok
QSO J1122+0318,COS,,lbs318x6q_x1d.fits,3.39,ok
QSO J1122+0318,STIS,,ocuv13010_sx1.fits,0.081,ok
QSO J1133+0327,COS,,lb5n01010_x1dsum.fits,1.947,ok
QSO J1133+0327,COS,,lb5n01020_x1dsum.fits,1.944,ok
QSO J1133+0327,COS,,lb5n01030_x1dsum.fits,1.947,ok
QSO J1133+0327,COS,,lb5n01040_x1dsum.fits,1.944,ok
QSO J1133+0327,COS,,lb5n01z0q_x1d.fits,3.39,ok
QSO J1133+0327,COS,,lb5n01z4q_x1d.fits,3.39,ok
QSO J1133+0327,COS,,lb5n01zcq_x1d.fits,3.39,ok
QSO J1133+0327,COS,,lb5n01zmq_x1d.fits,3.39,ok
QSO J1133+0327,COS,,lc1c13010_x1dsum.fits,1.817,ok
QSO J1133+0327,COS,,lc1c13l5q_x1d.fits,3.39,ok
QSO J1133+0327,COS,,lc1c13l9q_x1d.fits,3.39,ok
QSO J1133+0327,STIS,,ocuv15010_sx1.fits,0.081,ok
QSO J1137+3907,STIS,,o6du17010_x1d.fits,0.078,ok
QSO J1137+3907,STIS,,o6du17020_x1d.fits,0.078,ok
QSO J1154+0134,COS,,lbji12010_x1dsum.fits,0.245,ok
QSO J1154+0134,COS,,lbji12mmq_x1d.fits,0.429,ok
QSO J1154+0134,COS,,lbji12moq_x1d.fits,0.429,ok
QSO J1154+0134,COS,,lbji12mqq_x1d.fits,0.429,ok
QSO J1154+0134,COS,,lbji12msq_x1d.fits,0.429,ok
QSO J1225-0052,STIS,,o8ex45010_x1d.fits,0.078,ok
QSO J1225-0052,STIS,,o8ex45020_x1d.fits,0.078,ok
QSO J1241+5721,COS,,lb5n06010_x1dsum.fits,1.947,ok
QSO J1241+5721,COS,,lb5n06020_x1dsum.fits,1.947,ok
QSO J1241+5721,COS,,lb5n06030_x1dsum.fits,1.817,ok
QSO J1241+5721,COS,,lb5n06040_x1dsum.fits,1.814,ok
QSO J1241+5721,COS,,lb5n06oyq_x1d.fits,3.39,ok
QSO J1241+5721,COS,,lb5n06pvq_x1d.fits,3.39,ok
QSO J1241+5721,COS,,lb5n06q4q_x1d.fits,3.39,ok
QSO J1241+5721,COS,,lb5n06qgq_x1d.fits,3.39,ok
QSO J1241+5721,COS,,lb5n06qlq_x1d.fits,3.39,ok
QSO J1241+5721,COS,,lb5n06qsq_x1d.fits,3.39,ok
QSO J1241+5721,COS,,lc1c08010_x1dsum.fits,1.817,ok
QSO J1241+5721,COS,,lc1c08f3q_x1d.fits,3.39,ok
QSO J1241+5721,COS,,lc1c08f7q_x1d.fits,3.39,ok
QSO J1241+5721,COS,,lf1308010_x1dsum.fits,0.245,ok
QSO J1241+5721,COS,,lf1308xrq_x1d.fits,0.429,ok
QSO J1241+5721,COS,,lf1308yiq_x1d.fits,0.429,ok
QSO J1419-0036,STIS,,o8ex52010_x1d.fits,0.078,ok
QSO J1422-0001,COS,,lbr402010_x1dsum.fits,0.245,ok
QSO J1422-0001,COS,,lbr402ebq_x1d.fits,0.429,ok
QSO J1422-0001,COS,,lbr402egq_x1d.fits,0.429,ok
QSO J1422-0001,COS,,lbr402epq_x1d.fits,0.429,ok
QSO J1422-0001,COS,,lbr402exq_x1d.fits,0.429,ok
QSO J1435+3604,COS,,lb5n12010_x1dsum.fits,1.947,ok
QSO J1435+3604,COS,,lb5n12020_x1dsum.fits,1.814,ok
QSO J1435+3604,COS,,lb5n12030_x1dsum.fits,1.817,ok
QSO J1435+3604,COS,,lb5n12040_x1dsum.fits,1.944,ok
QSO J1435+3604,COS,,lb5n12klq_x1d.fits,3.39,ok
QSO J1435+3604,COS,,lb5n12knq_x1d.fits,3.39,ok
QSO J1435+3604,COS,,lb5n12kpq_x1d.fits,3.39,ok
QSO J1435+3604,COS,,lb5n12krq_x1d.fits,3.39,ok
QSO J1435+3604,COS,,lb5n12ktq_x1d.fits,3.39,ok
QSO J1435+3604,COS,,lb5n12kvq_x1d.fits,3.39,ok
QSO J1435+3604,COS,,lf1312010_x1dsum.fits,0.259,ok
QSO J1435+3604,COS,,lf1312m9q_x1d.fits,0.429,ok
QSO J1525+0026,COS,,lbre06010_x1dsum.fits,0.245,ok
QSO J1525+0026,COS,,lbre06lxq_x1d.fits,0.429,ok
QSO J1525+0026,COS,,lbre06m2q_x1d.fits,0.429,ok
QSO J1525+0026,COS,,lbre06mwq_x1d.fits,0.429,ok
QSO J1525+0026,COS,,lbre06n6q_x1d.fits,0.429,ok
QSO J1525+0026,COS,,lbre06ngq_x1d.fits,0.429,ok
QSO J1525+0026,COS,,lbre06npq_x1d.fits,0.429,ok
QSO J1525+0026,COS,,lbre06o3q_x1d.fits,0.429,ok
QSO J1525+0026,COS,,lbre06o7q_x1d.fits,0.429,ok
QSO J1525+0026,COS,,lbre07010_x1dsum.fits,0.245,ok
QSO J1525+0026,COS,,lbre07bfq_x1d.fits,0.429,ok
QSO J1525+0026,COS,,lbre07bjq_x1d.fits,0.429,ok
QSO J1525+0026,COS,,lbre07bnq_x1d.fits,0.429,ok
QSO J1525+0026,COS,,lbre07brq_x1d.fits,0.429,ok
QSO J1525+0026,COS,,lbre07bwq_x1d.fits,0.429,ok
QSO J1525+0026,COS,,lbre07bzq_x1d.fits,0.429,ok
QSO J1525+0026,STIS,,o8ex60010_x1d.fits,0.078,ok
QSO J1527+2452,STIS,,o6du20010_x1d.fits,0.078,ok
QSO J1527+2452,STIS,,o6du20020_x1d.fits,0.078,ok
QSO J1536+0441,COS,,lbji09010_x1dsum.fits,0.245,ok
QSO J1536+0441,COS,,lbji09h5q_x1d.fits,0.429,ok
QSO J1536+0441,COS,,lbji09h7q_x1d.fits,0.429,ok
QSO J1536+0441,COS,,lbji09h9q_x1d.fits,0.429,ok
QSO J1536+0441,COS,,lbji09hbq_x1d.fits,0.429,ok
QSO J1537+3358,STIS,,o6du21010_x1d.fits,0.078,ok
QSO J1537+3358,STIS,,o6du21020_x1d.fits,0.078,ok
QSO J1550+4001,COS,,lb5n35010_x1dsum.fits,1.947,ok
QSO J1550+4001,COS,,lb5n35020_x1dsum.fits,1.944,ok
QSO J1550+4001,COS,,lb5n35030_x1dsum.fits,1.817,ok
QSO J1550+4001,COS,,lb5n35040_x1dsum.fits,1.944,ok
QSO J1550+4001,COS,,lb5n35o4q_x1d.fits,3.39,ok
QSO J1550+4001,COS,,lb5n35ohq_x1d.fits,3.39,ok
QSO J1550+4001,COS,,lb5n35onq_x1d.fits,3.39,ok
QSO J1550+4001,COS,,lb5n35orq_x1d.fits,3.39,ok
QSO J1550+4001,COS,,lb5n35ovq_x1d.fits,3.39,ok
QSO J1550+4001,COS,,lf1316010_x1dsum.fits,0.259,ok
QSO J1550+4001,COS,,lf1316syq_x1d.fits,0.429,ok
QSO J1619+3342,COS,,lb5n30010_x1dsum.fits,1.947,ok
QSO J1619+3342,COS,,lb5n30020_x1dsum.fits,1.944,ok
QSO J1619+3342,COS,,lb5n30030_x1dsum.fits,1.817,ok
QSO J1619+3342,COS,,lb5n30040_x1dsum.fits,1.814,ok
QSO J1619+3342,COS,,lb5n30rpq_x1d.fits,3.39,ok
QSO J1619+3342,COS,,lb5n30stq_x1d.fits,3.39,ok
QSO J1619+3342,COS,,lb5n30t3q_x1d.fits,3.39,ok
QSO J1619+3342,COS,,lb5n30tbq_x1d.fits,3.39,ok
QSO J1619+3342,COS,,lb5n30tgq_x1d.fits,3.39,ok
QSO J1619+3342,COS,,lb5n30tiq_x1d.fits,3.39,ok
QSO J1619+3342,COS,,lf1318010_x1dsum.fits,0.259,ok
QSO J1619+3342,COS,,lf1318zcq_x1d.fits,0.429,ok
QSO J1619+3342,STIS,,ofoh04010_x1d.fits,0.0,error
QSO J1619+3342,STIS,,ofoh04020_x1d.fits,0.0,error
QSO J1619+3342,STIS,,ofoh04030_x1d.fits,0.0,error
QSO J1619+3342,STIS,,ofoh12010_x1d.fits,0.0,error
QSO J1619+3342,STIS,,ofoh12020_x1d.fits,0.0,error
QSO J1715+5747,STIS,,o8ex64010_x1d.fits,0.078,ok
QSO J1716+5654,STIS,,o8ex65010_x1d.fits,0.132,ok
QSO J2334+0052,STIS,,o8ex73010_x1d.fits,0.078,ok
QSO J2334+0052,STIS,,o8ex73020_x1d.fits,0.132,ok
QSO0020+287,FOS,,y3ag0102t_c0f.fits,0.138,ok
QSO0020+287,FOS,,y3ag0102t_c1f.fits,0.138,ok
QSO0020+287,FOS,,y3ag0102t_c2f.fits,0.138,ok
QSO0020+287,FOS,,y3ag0102t_c4f.fits,0.138,ok
QSO0020+287,FOS,,y3ag0102t_c5f.fits,0.138,ok
QSO0020+287,FOS,,y3ag0102t_c7f.fits,0.138,ok
QSO0020+287,FOS,,y3ag0103t_c0f.fits,0.207,ok
QSO0020+287,FOS,,y3ag0103t_c1f.fits,0.207,ok
QSO0020+287,FOS,,y3ag0103t_c2f.fits,0.207,ok
QSO0020+287,FOS,,y3ag0103t_c4f.fits,0.207,ok
QSO0020+287,FOS,,y3ag0103t_c5f.fits,0.207,ok
QSO0020+287,FOS,,y3ag0103t_c7f.fits,0.207,ok
QSO0020+287,FOS,,y3ag0104t_c0f.fits,0.207,ok
QSO0020+287,FOS,,y3ag0104t_c1f.fits,0.207,ok
QSO0020+287,FOS,,y3ag0104t_c2f.fits,0.207,ok
QSO0020+287,FOS,,y3ag0104t_c4f.fits,0.207,ok
QSO0020+287,FOS,,y3ag0104t_c5f.fits,0.207,ok
QSO0020+287,FOS,,y3ag0104t_c7f.fits,0.207,ok
QSO0020+287,FOS,,y3ag0105t_c0f.fits,0.207,ok
QSO0020+287,FOS,,y3ag0105t_c1f.fits,0.207,ok
QSO0020+287,FOS,,y3ag0105t_c2f.fits,0.207,ok
QSO0020+287,FOS,,y3ag0105t_c4f.fits,0.207,ok
QSO0020+287,FOS,,y3ag0105t_c5f.fits,0.207,ok
QSO0020+287,FOS,,y3ag0105t_c7f.fits,0.207,ok
QSO1348+263,FOS,,y3ag0602t_c0f.fits,0.138,ok
QSO1348+263,FOS,,y3ag0602t_c1f.fits,0.138,ok
QSO1348+263,FOS,,y3ag0602t_c2f.fits,0.138,ok
QSO1348+263,FOS,,y3ag0602t_c4f.fits,0.138,ok
QSO1348+263,FOS,,y3ag0602t_c5f.fits,0.138,ok
QSO1348+263,FOS,,y3ag0602t_c7f.fits,0.138,ok
QSO1348+263,FOS,,y3ag0603t_c0f.fits,0.207,ok
QSO1348+263,FOS,,y3ag0603t_c1f.fits,0.207,ok
QSO1348+263,FOS,,y3ag0603t_c2f.fits,0.207,ok
QSO1348+263,FOS,,y3ag0603t_c4f.fits,0.207,ok
QSO1348+263,FOS,,y3ag0603t_c5f.fits,0.207,ok
QSO1348+263,FOS,,y3ag0603t_c7f.fits,0.207,ok
QSO1348+263,FOS,,y3ag0604t_c0f.fits,0.207,ok
QSO1348+263,FOS,,y3ag0604t_c1f.fits,0.207,ok
QSO1348+263,FOS,,y3ag0604t_c2f.fits,0.207,ok
QSO1348+263,FOS,,y3ag0604t_c4f.fits,0.207,ok
QSO1348+263,FOS,,y3ag0604t_c5f.fits,0.207,ok
QSO1348+263,FOS,,y3ag0604t_c7f.fits,0.207,ok
RM101,STIS,,oeb601010_x1d.fits,0.078,ok
RM160,STIS,,oeb602010_x1d.fits,0.078,ok
RM160,STIS,,oeb602020_x1d.fits,0.078,ok
RM229,STIS,,oeb6z4010_x1d.fits,0.078,ok
RM229,STIS,,oeb6z4020_x1d.fits,0.078,ok
RM267,STIS,,oeb605010_x1d.fits,0.078,ok
RM300,STIS,,of7v12010_x1d.fits,0.078,ok
RM300,STIS,,of7v12020_x1d.fits,0.078,ok
RM301,STIS,,oeb607010_x1d.fits,0.078,ok
RM301,STIS,,oeb607020_x1d.fits,0.078,ok
RM301,STIS,,oeb607030_x1d.fits,0.078,ok
RM305,STIS,,oeb608010_x1d.fits,0.078,ok
RM320,STIS,,oeb6z9010_x1d.fits,0.078,ok
RM320,STIS,,oeb6z9020_x1d.fits,0.078,ok
RM622,STIS,,oeb611010_x1d.fits,0.078,ok
RM694,STIS,,oeb612010_x1d.fits,0.078,ok
RM694,STIS,,oeb6za010_x1d.fits,0.078,ok
RM720,STIS,,oeb613010_x1d.fits,0.078,ok
RM746,STIS,,of7v14010_x1d.fits,0.078,ok
RM746,STIS,,of7v14020_x1d.fits,0.078,ok
RM772,STIS,,oeb614010_x1d.fits,0.078,ok
RM781,STIS,,oeb615010_x1d.fits,0.078,ok
RM782,STIS,,oeb616010_x1d.fits,0.078,ok
RM790,STIS,,oeb617010_x1d.fits,0.078,ok
RM822,STIS,,of7v16010_x1d.fits,0.078,ok
RM840,STIS,,oeb618010_x1d.fits,0.078,ok
RX J1119.7+5951,STIS,,ocuv12010_sx1.fits,0.081,ok
RX J1131.6+1557,COS,,lbs312010_x1dsum.fits,1.817,ok
RX J1131.6+1557,COS,,lbs312020_x1dsum.fits,1.814,ok
RX J1131.6+1557,COS,,lbs312030_x1dsum.fits,1.944,ok
RX J1131.6+1557,COS,,lbs312jbq_x1d.fits,3.39,ok
RX J1131.6+1557,COS,,lbs312jgq_x1d.fits,3.39,ok
RX J1131.6+1557,COS,,lbs312jjq_x1d.fits,3.39,ok
RX J1131.6+1557,COS,,lbs312jqq_x1d.fits,3.39,ok
RX J1131.6+1557,COS,,lbs312jtq_x1d.fits,3.39,ok
RX J1131.6+1557,COS,,lf1329010_x1dsum.fits,0.245,ok
RX J1131.6+1557,COS,,lf1329jpq_x1d.fits,0.429,ok
RX J1131.6+1557,COS,,lf1329jrq_x1d.fits,0.429,ok
RXJ0134-42,FOS,,y3790202t_c0f.fits,0.086,ok
RXJ0134-42,FOS,,y3790202t_c1f.fits,0.086,ok
RXJ0134-42,FOS,,y3790202t_c2f.fits,0.086,ok
RXJ0134-42,FOS,,y3790202t_c4f.fits,0.086,ok
RXJ0134-42,FOS,,y3790202t_c5f.fits,0.086,ok
RXJ0134-42,FOS,,y3790202t_c7f.fits,0.086,ok
RXJ0134-42,FOS,,y3790203t_c0f.fits,0.101,ok
RXJ0134-42,FOS,,y3790203t_c1f.fits,0.101,ok
RXJ0134-42,FOS,,y3790203t_c2f.fits,0.101,ok
RXJ0134-42,FOS,,y3790203t_c4f.fits,0.101,ok
RXJ0134-42,FOS,,y3790203t_c5f.fits,0.101,ok
RXJ0134-42,FOS,,y3790203t_c7f.fits,0.101,ok
RXJ0134-42,FOS,,y3790204t_c0f.fits,0.043,ok
RXJ0134-42,FOS,,y3790204t_c1f.fits,0.043,ok
RXJ0134-42,FOS,,y3790204t_c2f.fits,0.043,ok
RXJ0134-42,FOS,,y3790204t_c4f.fits,0.043,ok
RXJ0134-42,FOS,,y3790204t_c5f.fits,0.043,ok
RXJ0134-42,FOS,,y3790204t_c7f.fits,0.043,ok
RXJ0134-42,FOS,,y3790205t_c0f.fits,0.138,ok
RXJ0134-42,FOS,,y3790205t_c1f.fits,0.138,ok
RXJ0134-42,FOS,,y3790205t_c2f.fits,0.138,ok
RXJ0134-42,FOS,,y3790205t_c4f.fits,0.138,ok
RXJ0134-42,FOS,,y3790205t_c5f.fits,0.138,ok
RXJ0134-42,FOS,,y3790205t_c7f.fits,0.138,ok
RXJ0134-42,FOS,,y3790206t_c0f.fits,0.069,ok
RXJ0134-42,FOS,,y3790206t_c1f.fits,0.069,ok
RXJ0134-42,FOS,,y3790206t_c2f.fits,0.069,ok
RXJ0134-42,FOS,,y3790206t_c4f.fits,0.069,ok
RXJ0134-42,FOS,,y3790206t_c5f.fits,0.069,ok
RXJ0134-42,FOS,,y3790206t_c7f.fits,0.069,ok
RXJ0134-42,FOS,,y3790207t_c0f.fits,0.121,ok
RXJ0134-42,FOS,,y3790207t_c1f.fits,0.121,ok
RXJ0134-42,FOS,,y3790207t_c2f.fits,0.121,ok
RXJ0134-42,FOS,,y3790207t_c4f.fits,0.121,ok
RXJ0134-42,FOS,,y3790207t_c5f.fits,0.121,ok
RXJ0134-42,FOS,,y3790207t_c7f.fits,0.121,ok
RXJ0134-42,FOS,,y3790208t_c0f.fits,0.101,ok
RXJ0134-42,FOS,,y3790208t_c1f.fits,0.101,ok
RXJ0134-42,FOS,,y3790208t_c2f.fits,0.101,ok
RXJ0134-42,FOS,,y3790208t_c4f.fits,0.101,ok
RXJ0134-42,FOS,,y3790208t_c5f.fits,0.101,ok
RXJ0134-42,FOS,,y3790208t_c7f.fits,0.101,ok
RXS-J00057-5007,COS,,lc1204010_x1dsum.fits,1.817,ok
RXS-J00057-5007,COS,,lc1204qtq_x1d.fits,3.39,ok
RXS-J00057-5007,COS,,lc1204qyq_x1d.fits,3.39,ok
RXS-J00057-5007,COS,,lc1204r6q_x1d.fits,3.39,ok
RXS-J00057-5007,COS,,lc1204raq_x1d.fits,3.39,ok
RXS-J00057-5007,COS,,lc1204rfq_x1d.fits,3.39,ok
RXS-J00057-5007,COS,,lc1205010_x1dsum.fits,1.944,ok
RXS-J00057-5007,COS,,lc1205020_x1dsum.fits,1.817,ok
RXS-J00057-5007,COS,,lc1205rmq_x1d.fits,3.39,ok
RXS-J00057-5007,COS,,lc1205rqq_x1d.fits,3.39,ok
RXS-J00057-5007,COS,,lc1205rvq_x1d.fits,3.39,ok
RXS-J00057-5007,COS,,lc1205s0q_x1d.fits,3.39,ok
RXS-J00057-5007,COS,,lc1205s4q_x1d.fits,3.39,ok
RXS-J00057-5007,COS,,lc1205s9q_x1d.fits,3.39,ok
SBSG 0924+606B,COS,,lb5n25010_x1dsum.fits,1.947,ok
SBSG 0924+606B,COS,,lb5n25020_x1dsum.fits,1.944,ok
SBSG 0924+606B,COS,,lb5n25030_x1dsum.fits,1.947,ok
SBSG 0924+606B,COS,,lb5n25040_x1dsum.fits,1.944,ok
SBSG 0924+606B,COS,,lb5n25q4q_x1d.fits,3.39,ok
SBSG 0924+606B,COS,,lb5n25q6q_x1d.fits,3.39,ok
SBSG 0924+606B,COS,,lb5n25q8q_x1d.fits,3.39,ok
SBSG 0924+606B,COS,,lb5n25qaq_x1d.fits,3.39,ok
SBSG 1123+594A,COS,,lb4r11010_x1dsum.fits,1.947,ok
SBSG 1123+594A,COS,,lb4r11020_x1dsum.fits,1.944,ok
SBSG 1123+594A,COS,,lb4r11030_x1dsum.fits,1.944,ok
SBSG 1123+594A,COS,,lb4r11040_x1dsum.fits,1.944,ok
SBSG 1123+594A,COS,,lb4r11050_x1dsum.fits,1.947,ok
SBSG 1123+594A,COS,,lb4r11060_x1dsum.fits,1.944,ok
SBSG 1123+594A,COS,,lb4r11070_x1dsum.fits,1.944,ok
SBSG 1123+594A,COS,,lb4r11080_x1dsum.fits,1.944,ok
SBSG 1123+594A,COS,,lb4r11oxq_x1d.fits,3.39,ok
SBSG 1123+594A,COS,,lb4r11ozq_x1d.fits,3.39,ok
SBSG 1123+594A,COS,,lb4r11p1q_x1d.fits,3.39,ok
SBSG 1123+594A,COS,,lb4r11p3q_x1d.fits,3.39,ok
SBSG 1123+594A,COS,,lb4r11p5q_x1d.fits,3.39,ok
SBSG 1123+594A,COS,,lb4r11p7q_x1d.fits,3.39,ok
SBSG 1123+594A,COS,,lb4r11p9q_x1d.fits,3.39,ok
SBSG 1123+594A,COS,,lb4r11pbq_x1d.fits,3.39,ok
SBSG 1123+594A,COS,,lb4r12010_x1dsum.fits,0.245,ok
SBSG 1123+594A,COS,,lb4r12pjq_x1d.fits,0.432,ok
SBSG 1123+594A,COS,,lb4r12pmq_x1d.fits,0.429,ok
SBSG 1123+594A,STIS,,o8rs11010_x1d.fits,0.078,ok
SBSG 1123+594A,FOS,,y1hi0l02t_c0f.fits,0.04,ok
SBSG 1123+594A,FOS,,y1hi0l02t_c1f.fits,0.04,ok
SBSG 1123+594A,FOS,,y1hi0l02t_c2f.fits,0.04,ok
SBSG 1123+594A,FOS,,y1hi0l02t_c4f.fits,0.04,ok
SBSG 1123+594A,FOS,,y1hi0l02t_c5f.fits,0.04,ok
SBSG 1123+594A,FOS,,y1hi0l02t_c7f.fits,0.04,ok
SDSS J121044.09+164533.1,COS,,lf1323010_x1dsum.fits,0.245,ok
SDSS J121044.09+164533.1,COS,,lf1323020_x1dsum.fits,1.817,ok
SDSS J121044.09+164533.1,COS,,lf1323esq_x1d.fits,0.037,ok
SDSS J121044.09+164533.1,COS,,lf1323fjq_x1d.fits,0.429,ok
SDSS J121044.09+164533.1,COS,,lf1323foq_x1d.fits,3.39,ok
SDSS J121044.09+164533.1,COS,,lf1323fyq_x1d.fits,3.39,ok
SDSS J121044.09+164533.1,COS,,lf1323g6q_x1d.fits,3.39,ok
SDSS J132921.75+144431.2,COS,,ldi307010_x1dsum.fits,0.245,ok
SDSS J132921.75+144431.2,COS,,ldi307020_x1dsum.fits,1.814,ok
SDSS J132921.75+144431.2,COS,,ldi307030_x1dsum.fits,0.259,ok
SDSS J132921.75+144431.2,COS,,ldi307040_x1dsum.fits,0.259,ok
SDSS J132921.75+144431.2,COS,,ldi307frq_x1d.fits,0.429,ok
SDSS J132921.75+144431.2,COS,,ldi307ftq_x1d.fits,0.429,ok
SDSS J132921.75+144431.2,COS,,ldi307fvq_x1d.fits,3.39,ok
SDSS J132921.75+144431.2,COS,,ldi307fxq_x1d.fits,3.39,ok
SDSS J132921.75+144431.2,COS,,ldi307fzq_x1d.fits,3.39,ok
SDSS J132921.75+144431.2,COS,,ldi307g1q_x1d.fits,3.39,ok
SDSS J132921.75+144431.2,COS,,ldi307g3q_x1d.fits,3.39,ok
SDSS J132921.75+144431.2,COS,,ldi307g5q_x1d.fits,3.39,ok
SDSS J132921.75+144431.2,COS,,ldi307g7q_x1d.fits,3.39,ok
SDSS J132921.75+144431.2,COS,,ldi307g9q_x1d.fits,3.39,ok
SDSS J132921.75+144431.2,COS,,ldi307gbq_x1d.fits,0.429,ok
SDSS J132921.75+144431.2,COS,,ldi307gdq_x1d.fits,0.429,ok
SDSS J132921.75+144431.2,COS,,ldi318010_x1dsum.fits,0.245,ok
SDSS J132921.75+144431.2,COS,,ldi318d2q_x1d.fits,0.429,ok
SDSS J132921.75+144431.2,COS,,ldi318d4q_x1d.fits,0.429,ok
SDSS J132921.75+144431.2,COS,,ldi318d6q_x1d.fits,0.429,ok
SDSS J132921.75+144431.2,COS,,ldi318d8q_x1d.fits,0.429,ok
SDSS J141830.20+522212.4,STIS,,of8x26010_x1d.fits,0.078,ok
SDSS J141830.20+522212.4,STIS,,of8x28010_x1d.fits,0.078,ok
SDSS J141830.20+522212.4,STIS,,of8x29010_x1d.fits,0.078,ok
SDSS J141830.20+522212.4,STIS,,of8x30010_x1d.fits,0.078,ok
SDSS J141830.20+522212.4,STIS,,of8x31010_x1d.fits,0.078,ok
SDSS J141830.20+522212.4,STIS,,of8x32010_x1d.fits,0.078,ok
SDSS J141830.20+522212.4,STIS,,of8x33010_x1d.fits,0.078,ok
SDSS J141830.20+522212.4,STIS,,of8x34010_x1d.fits,0.078,ok
SDSS J141830.20+522212.4,STIS,,of8x35010_x1d.fits,0.078,ok
SDSS J141830.20+522212.4,STIS,,of8x36010_x1d.fits,0.078,ok
SDSS J141830.20+522212.4,STIS,,of8x37010_x1d.fits,0.078,ok
SDSS J141830.20+522212.4,STIS,,of8x39010_x1d.fits,0.078,ok
SDSS J141830.20+522212.4,STIS,,of8x40010_x1d.fits,0.078,ok
SDSS J141830.20+522212.4,STIS,,of8x41010_x1d.fits,0.078,ok
SDSS J141830.20+522212.4,STIS,,of8x42010_x1d.fits,0.078,ok
SDSS J141830.20+522212.4,STIS,,of8x43010_x1d.fits,0.078,ok
SDSS J141830.20+522212.4,STIS,,of8x44010_x1d.fits,0.078,ok
SDSS J141830.20+522212.4,STIS,,of8x45010_x1d.fits,0.078,ok
SDSS J141830.20+522212.4,STIS,,of8x46010_x1d.fits,0.078,ok
SDSS J141830.20+522212.4,STIS,,of8x47010_x1d.fits,0.078,ok
SDSS J141830.20+522212.4,STIS,,of8x48010_x1d.fits,0.078,ok
SDSS J141830.20+522212.4,STIS,,of8x49010_x1d.fits,0.078,ok
SDSS J141830.20+522212.4,STIS,,of8x50010_x1d.fits,0.078,ok
SDSS J142112.29+524147.2,STIS,,of8x02010_x1d.fits,0.078,ok
SDSS J142112.29+524147.2,STIS,,of8x03010_x1d.fits,0.078,ok
SDSS J142112.29+524147.2,STIS,,of8x04010_x1d.fits,0.078,ok
SDSS J142112.29+524147.2,STIS,,of8x05010_x1d.fits,0.078,ok
SDSS J142112.29+524147.2,STIS,,of8x06010_x1d.fits,0.078,ok
SDSS J142112.29+524147.2,STIS,,of8x07010_x1d.fits,0.078,ok
SDSS J142112.29+524147.2,STIS,,of8x08010_x1d.fits,0.078,ok
SDSS J142112.29+524147.2,STIS,,of8x10010_x1d.fits,0.078,ok
SDSS J142112.29+524147.2,STIS,,of8x11010_x1d.fits,0.078,ok
SDSS J142112.29+524147.2,STIS,,of8x12010_x1d.fits,0.078,ok
SDSS J142112.29+524147.2,STIS,,of8x14010_x1d.fits,0.078,ok
SDSS J142112.29+524147.2,STIS,,of8x15010_x1d.fits,0.078,ok
SDSS J142112.29+524147.2,STIS,,of8x16010_x1d.fits,0.078,ok
SDSS J142112.29+524147.2,STIS,,of8x17010_x1d.fits,0.078,ok
SDSS J142112.29+524147.2,STIS,,of8x18010_x1d.fits,0.078,ok
SDSS J142112.29+524147.2,STIS,,of8x19010_x1d.fits,0.078,ok
SDSS J142112.29+524147.2,STIS,,of8x20010_x1d.fits,0.078,ok
SDSS J142112.29+524147.2,STIS,,of8x21010_x1d.fits,0.078,ok
SDSS J142112.29+524147.2,STIS,,of8x22010_x1d.fits,0.078,ok
SDSS J142112.29+524147.2,STIS,,of8x23010_x1d.fits,0.078,ok
SDSS J142112.29+524147.2,STIS,,of8x24010_x1d.fits,0.078,ok
SDSS J143443.68+200524.4,COS,,lf1319010_x1dsum.fits,1.817,ok
SDSS J143443.68+200524.4,COS,,lf1319020_x1dsum.fits,1.814,ok
SDSS J143443.68+200524.4,COS,,lf1319030_x1dsum.fits,0.245,ok
SDSS J143443.68+200524.4,COS,,lf1319req_x1d.fits,3.39,ok
SDSS J143443.68+200524.4,COS,,lf1319riq_x1d.fits,3.39,ok
SDSS J143443.68+200524.4,COS,,lf1319rlq_x1d.fits,3.39,ok
SDSS J143443.68+200524.4,COS,,lf1319rpq_x1d.fits,3.39,ok
SDSS J143443.68+200524.4,COS,,lf1319rsq_x1d.fits,3.39,ok
SDSS J143443.68+200524.4,COS,,lf1319rxq_x1d.fits,3.39,ok
SDSS J143443.68+200524.4,COS,,lf1319s3q_x1d.fits,0.429,ok
SDSS J143443.68+200524.4,COS,,lf1319scq_x1d.fits,0.429,ok
SDSSJ112114.22+032546.7,COS,,lbho63010_x1dsum.fits,1.947,ok
SDSSJ112114.22+032546.7,COS,,lbho63020_x1dsum.fits,1.814,ok
SDSSJ112114.22+032546.7,COS,,lbho63030_x1dsum.fits,1.817,ok
SDSSJ112114.22+032546.7,COS,,lbho63040_x1dsum.fits,1.944,ok
SDSSJ112114.22+032546.7,COS,,lbho63kvq_x1d.fits,3.39,ok
SDSSJ112114.22+032546.7,COS,,lbho63kzq_x1d.fits,3.39,ok
SDSSJ112114.22+032546.7,COS,,lbho63l1q_x1d.fits,3.39,ok
SDSSJ112114.22+032546.7,COS,,lbho63l3q_x1d.fits,3.39,ok
SDSSJ112114.22+032546.7,COS,,lbho63l8q_x1d.fits,3.39,ok
SDSSJ112114.22+032546.7,COS,,lbho63ldq_x1d.fits,3.39,ok
SDSSJ1602+1410,COS,,lewr18010_x1dsum.fits,0.93,ok
SDSSJ1602+1410,COS,,lewr18mjq_x1d.fits,1.719,ok
SDSSJ1602+1410,COS,,lewr18mlq_x1d.fits,1.719,ok
SDSSJ1602+1410,COS,,lewr18mqq_x1d.fits,1.719,ok
SDSSJ1602+1410,COS,,lewr18msq_x1d.fits,1.719,ok
SWIFT J2325.6+2157,COS,,lcxv22050_x1dsum.fits,1.814,ok
SWIFT J2325.6+2157,COS,,lcxv22060_x1dsum.fits,1.814,ok
SWIFT J2325.6+2157,COS,,lcxv22070_x1dsum.fits,1.814,ok
SWIFT J2325.6+2157,COS,,lcxv22080_x1dsum.fits,1.814,ok
SWIFT J2325.6+2157,COS,,lcxv22ljq_x1d.fits,3.39,ok
SWIFT J2325.6+2157,COS,,lcxv22lmq_x1d.fits,3.39,ok
SWIFT J2325.6+2157,COS,,lcxv22lrq_x1d.fits,3.39,ok
SWIFT J2325.6+2157,COS,,lcxv22lxq_x1d.fits,3.39,ok
SWIFT J2325.6+2157,COS,,lcxv22m1q_x1d.fits,3.39,ok
SWIFT J2325.6+2157,COS,,lcxv22m5q_x1d.fits,3.39,ok
SWIFT J2325.6+2157,COS,,lcxv22m9q_x1d.fits,3.39,ok
SWIFT J2325.6+2157,COS,,lcxv22meq_x1d.fits,3.39,ok
SWIFT J2325.6+2157,COS,,lcxv22mkq_x1d.fits,3.39,ok
SWIFT J2325.6+2157,COS,,lcxv22moq_x1d.fits,3.39,ok
SWIFT J2325.6+2157,COS,,lcxv22msq_x1d.fits,3.39,ok
SWIFT J2325.6+2157,COS,,lcxv22mxq_x1d.fits,3.39,ok
SWIFT J2325.6+2157,COS,,lcxv22n3q_x1d.fits,3.39,ok
SWIFT J2325.6+2157,COS,,lcxv22n7q_x1d.fits,3.39,ok
SWIFT J2325.6+2157,COS,,lcxv22nbq_x1d.fits,3.39,ok
SWIFT J2325.6+2157,COS,,lcxv22ngq_x1d.fits,3.39,ok
TEX1156+213,FOS,,y2dz0h02t_c0f.fits,0.069,ok
TEX1156+213,FOS,,y2dz0h02t_c1f.fits,0.069,ok
TEX1156+213,FOS,,y2dz0h02t_c2f.fits,0.069,ok
TEX1156+213,FOS,,y2dz0h02t_c4f.fits,0.069,ok
TEX1156+213,FOS,,y2dz0h02t_c5f.fits,0.069,ok
TEX1156+213,FOS,,y2dz0h02t_c7f.fits,0.069,ok
TEX1156+213,FOS,,y2dz0h03t_c0f.fits,0.112,ok
TEX1156+213,FOS,,y2dz0h03t_c1f.fits,0.112,ok
TEX1156+213,FOS,,y2dz0h03t_c2f.fits,0.112,ok
TEX1156+213,FOS,,y2dz0h03t_c4f.fits,0.112,ok
TEX1156+213,FOS,,y2dz0h03t_c5f.fits,0.112,ok
TEX1156+213,FOS,,y2dz0h03t_c7f.fits,0.112,ok
TEX1156+213,FOS,,y2dz0h04t_c0f.fits,0.112,ok
TEX1156+213,FOS,,y2dz0h04t_c1f.fits,0.112,ok
TEX1156+213,FOS,,y2dz0h04t_c2f.fits,0.112,ok
TEX1156+213,FOS,,y2dz0h04t_c4f.fits,0.112,ok
TEX1156+213,FOS,,y2dz0h04t_c5f.fits,0.112,ok
TEX1156+213,FOS,,y2dz0h04t_c7f.fits,0.112,ok
TON-S180,STIS,,o4ec02010_x1d.fits,0.078,ok
TON-S180,STIS,,o4ec02020_x1d.fits,0.078,ok
TON-S180,STIS,,o4ec02030_x1d.fits,0.078,ok
TON-S180,STIS,,o4ec02040_x1d.fits,0.078,ok
TON-S180,STIS,,o58p01010_x1d.fits,0.078,ok
TON-S180,STIS,,o58p01020_x1d.fits,0.078,ok
TON-S180,STIS,,o6ct04010_sx1.fits,0.081,ok
TON156,FOS,,y3090802t_c0f.fits,0.147,ok
TON156,FOS,,y3090802t_c1f.fits,0.147,ok
TON156,FOS,,y3090802t_c2f.fits,0.147,ok
TON156,FOS,,y3090802t_c4f.fits,0.147,ok
TON156,FOS,,y3090802t_c5f.fits,0.147,ok
TON156,FOS,,y3090802t_c7f.fits,0.147,ok
TON156,FOS,,y3090803t_c0f.fits,0.207,ok
TON156,FOS,,y3090803t_c1f.fits,0.207,ok
TON156,FOS,,y3090803t_c2f.fits,0.207,ok
TON156,FOS,,y3090803t_c4f.fits,0.207,ok
TON156,FOS,,y3090803t_c5f.fits,0.207,ok
TON156,FOS,,y3090803t_c7f.fits,0.207,ok
TON157,FOS,,y1hk0602t_c0f.fits,0.049,ok
TON157,FOS,,y1hk0602t_c1f.fits,0.049,ok
TON157,FOS,,y1hk0602t_c2f.fits,0.049,ok
TON157,FOS,,y1hk0602t_c4f.fits,0.049,ok
TON157,FOS,,y1hk0602t_c5f.fits,0.049,ok
TON157,FOS,,y1hk0602t_c7f.fits,0.049,ok
TON157,FOS,,y3090902t_c0f.fits,0.147,ok
TON157,FOS,,y3090902t_c1f.fits,0.147,ok
TON157,FOS,,y3090902t_c2f.fits,0.147,ok
TON157,FOS,,y3090902t_c4f.fits,0.147,ok
TON157,FOS,,y3090902t_c5f.fits,0.147,ok
TON157,FOS,,y3090902t_c7f.fits,0.147,ok
TON157,FOS,,y3090903t_c0f.fits,0.207,ok
TON157,FOS,,y3090903t_c1f.fits,0.207,ok
TON157,FOS,,y3090903t_c2f.fits,0.207,ok
TON157,FOS,,y3090903t_c4f.fits,0.207,ok
TON157,FOS,,y3090903t_c5f.fits,0.207,ok
TON157,FOS,,y3090903t_c7f.fits,0.207,ok
TON157,FOS,,y3090904t_c0f.fits,0.207,ok
TON157,FOS,,y3090904t_c1f.fits,0.207,ok
TON157,FOS,,y3090904t_c2f.fits,0.207,ok
TON157,FOS,,y3090904t_c4f.fits,0.207,ok
TON157,FOS,,y3090904t_c5f.fits,0.207,ok
TON157,FOS,,y3090904t_c7f.fits,0.207,ok
TON157,FOS,,y3090905t_c0f.fits,0.207,ok
TON157,FOS,,y3090905t_c1f.fits,0.207,ok
TON157,FOS,,y3090905t_c2f.fits,0.207,ok
TON157,FOS,,y3090905t_c4f.fits,0.207,ok
TON157,FOS,,y3090905t_c5f.fits,0.207,ok
TON157,FOS,,y3090905t_c7f.fits,0.207,ok
Ton 1057,COS,,lbp406010_x1dsum.fits,1.814,ok
Ton 1057,COS,,lbp406020_x1dsum.fits,1.814,ok
Ton 1057,COS,,lbp406o9q_x1d.fits,3.39,ok
Ton 1057,COS,,lbp406obq_x1d.fits,3.39,ok
Ton 1057,COS,,lbp406oeq_x1d.fits,3.39,ok
Ton 1057,COS,,lbp406ozq_x1d.fits,3.39,ok
Ton 1057,COS,,lc9901010_x1dsum.fits,0.93,ok
Ton 1057,COS,,lc9901c1q_x1d.fits,1.719,ok
Ton 1057,COS,,lc9901c3q_x1d.fits,1.719,ok
Ton 1057,COS,,lc9901c5q_x1d.fits,1.719,ok
Ton 1057,COS,,lc9901c7q_x1d.fits,1.719,ok
Ton 1329,COS,,lb6807020_x1dsum.fits,0.245,ok
Ton 1329,COS,,lb6807030_x1dsum.fits,1.814,ok
Ton 1329,COS,,lb6807040_x1dsum.fits,1.944,ok
Ton 1329,COS,,lb6807050_x1dsum.fits,1.944,ok
Ton 1329,COS,,lb6807060_x1dsum.fits,1.944,ok
Ton 1329,COS,,lb6807070_x1dsum.fits,1.944,ok
Ton 1329,COS,,lb6807080_x1dsum.fits,1.944,ok
Ton 1329,COS,,lb6807090_x1dsum.fits,1.944,ok
Ton 1329,COS,,lb68070a0_x1dsum.fits,1.944,ok
Ton 1329,COS,,lb6807yoq_x1d.fits,0.429,ok
Ton 1329,COS,,lb6807yqq_x1d.fits,0.429,ok
Ton 1329,COS,,lb6807ysq_x1d.fits,0.429,ok
Ton 1329,COS,,lb6807yuq_x1d.fits,0.429,ok
Ton 1329,COS,,lb6807ywq_x1d.fits,3.39,ok
Ton 1329,COS,,lb6807yyq_x1d.fits,3.39,ok
Ton 1329,COS,,lb6807z0q_x1d.fits,3.39,ok
Ton 1329,COS,,lb6807z3q_x1d.fits,3.39,ok
Ton 1329,COS,,lb6807z5q_x1d.fits,3.39,ok
Ton 1329,COS,,lb6807z8q_x1d.fits,3.39,ok
Ton 1329,COS,,lb6807zaq_x1d.fits,3.39,ok
Ton 1329,COS,,lb6807zeq_x1d.fits,3.39,ok
Ton 1329,COS,,lb6807zgq_x1d.fits,3.39,ok
Ton 1329,COS,,lb6808040_x1dsum.fits,1.944,ok
Ton 1329,COS,,lb6808050_x1dsum.fits,1.944,ok
Ton 1329,COS,,lb6808060_x1dsum.fits,1.944,ok
Ton 1329,COS,,lb6808070_x1dsum.fits,1.944,ok
Ton 1329,COS,,lb6808n2q_x1d.fits,3.39,ok
Ton 1329,COS,,lb6808nwq_x1d.fits,3.39,ok
Ton 1329,COS,,lb6808o1q_x1d.fits,3.39,ok
Ton 1329,COS,,lb6808o6q_x1d.fits,3.39,ok
Ton 1388,COS,,lbgl01010_x1dsum.fits,1.944,ok
Ton 1388,COS,,lbgl01020_x1dsum.fits,1.944,ok
Ton 1388,COS,,lbgl01030_x1dsum.fits,1.944,ok
Ton 1388,COS,,lbgl01040_x1dsum.fits,1.944,ok
Ton 1388,COS,,lbgl01050_x1dsum.fits,1.947,ok
Ton 1388,COS,,lbgl01060_x1dsum.fits,1.944,ok
Ton 1388,COS,,lbgl01070_x1dsum.fits,1.944,ok
Ton 1388,COS,,lbgl01080_x1dsum.fits,1.944,ok
Ton 1388,COS,,lbgl01qnq_x1d.fits,3.39,ok
Ton 1388,COS,,lbgl01qpq_x1d.fits,3.39,ok
Ton 1388,COS,,lbgl01qxq_x1d.fits,3.39,ok
Ton 1388,COS,,lbgl01r0q_x1d.fits,3.39,ok
Ton 1388,COS,,lbgl01r2q_x1d.fits,3.39,ok
Ton 1388,COS,,lbgl01r4q_x1d.fits,3.39,ok
Ton 1388,COS,,lbgl01r6q_x1d.fits,3.39,ok
Ton 1388,COS,,lbgl01r8q_x1d.fits,3.39,ok
Ton 1388,STIS,,o4ec04010_x1d.fits,0.078,ok
Ton 1388,STIS,,o4ec04020_x1d.fits,0.078,ok
Ton 1388,STIS,,o4ec04030_x1d.fits,0.078,ok
Ton 1388,STIS,,o4ec04040_x1d.fits,0.078,ok
Ton 1388,STIS,,o5a301010_x1d.fits,1.716,ok
Ton 1388,STIS,,o5a301020_x1d.fits,13.55,ok
Ton 1388,STIS,,o5a302010_x1d.fits,1.716,ok
Ton 1388,STIS,,o5a302020_x1d.fits,6.788,ok
Ton 1388,STIS,,o5a302030_x1d.fits,1.172,ok
Ton 1388,STIS,,o5a302040_x1d.fits,2.318,ok
Ton 1388,STIS,,o5a302050_x1d.fits,1.172,ok
Ton 1388,STIS,,o5e701010_x1d.fits,1.716,ok
Ton 1388,STIS,,o5e701020_x1d.fits,1.716,ok
Ton 1388,STIS,,o5e701030_x1d.fits,1.716,ok
Ton 1388,STIS,,o5e701040_x1d.fits,1.716,ok
Ton 1388,STIS,,o5e701050_x1d.fits,1.716,ok
Ton 1388,STIS,,o5e701060_x1d.fits,1.716,ok
Ton 1388,STIS,,o5e701070_x1d.fits,1.716,ok
Ton 1388,STIS,,o5e702010_x1d.fits,1.716,ok
Ton 1388,STIS,,o5e702020_x1d.fits,1.716,ok
Ton 1388,STIS,,o5e702030_x1d.fits,1.716,ok
Ton 1388,STIS,,o5e702040_x1d.fits,1.716,ok
Ton 1388,STIS,,o5e702050_x1d.fits,1.716,ok
Ton 1388,STIS,,o5e702060_x1d.fits,1.716,ok
Ton 1388,STIS,,o5e702070_x1d.fits,1.716,ok
Ton 1388,FOS,,y17j0103t_c0f.fits,0.461,ok
Ton 1388,FOS,,y17j0103t_c1f.fits,0.461,ok
Ton 1388,FOS,,y17j0103t_c2f.fits,0.461,ok
Ton 1388,FOS,,y17j0103t_c4f.fits,0.461,ok
Ton 1388,FOS,,y17j0103t_c5f.fits,0.461,ok
Ton 1388,FOS,,y17j0103t_c7f.fits,0.461,ok
Ton 1388,FOS,,y17j0104t_c0f.fits,0.204,ok
Ton 1388,FOS,,y17j0104t_c1f.fits,0.204,ok
Ton 1388,FOS,,y17j0104t_c2f.fits,0.204,ok
Ton 1388,FOS,,y17j0104t_c4f.fits,0.204,ok
Ton 1388,FOS,,y17j0104t_c5f.fits,0.204,ok
Ton 1388,FOS,,y17j0104t_c7f.fits,0.204,ok
Ton 1388,FOS,,y17j0106t_c0f.fits,0.53,ok
Ton 1388,FOS,,y17j0106t_c1f.fits,0.53,ok
Ton 1388,FOS,,y17j0106t_c2f.fits,0.53,ok
Ton 1388,FOS,,y17j0106t_c4f.fits,0.53,ok
Ton 1388,FOS,,y17j0106t_c5f.fits,0.53,ok
Ton 1388,FOS,,y17j0106t_c7f.fits,0.53,ok
Ton 1388,FOS,,y17j0107t_c0f.fits,0.53,ok
Ton 1388,FOS,,y17j0107t_c1f.fits,0.53,ok
Ton 1388,FOS,,y17j0107t_c2f.fits,0.53,ok
Ton 1388,FOS,,y17j0107t_c4f.fits,0.53,ok
Ton 1388,FOS,,y17j0107t_c5f.fits,0.53,ok
Ton 1388,FOS,,y17j0107t_c7f.fits,0.53,ok
Ton 1388,FOS,,y17j0108t_c0f.fits,0.53,ok
Ton 1388,FOS,,y17j0108t_c1f.fits,0.53,ok
Ton 1388,FOS,,y17j0108t_c2f.fits,0.53,ok
Ton 1388,FOS,,y17j0108t_c4f.fits,0.53,ok
Ton 1388,FOS,,y17j0108t_c5f.fits,0.53,ok
Ton 1388,FOS,,y17j0108t_c7f.fits,0.53,ok
Ton 1388,FOS,,y17j0109t_c0f.fits,0.53,ok
Ton 1388,FOS,,y17j0109t_c1f.fits,0.53,ok
Ton 1388,FOS,,y17j0109t_c2f.fits,0.53,ok
Ton 1388,FOS,,y17j0109t_c4f.fits,0.53,ok
Ton 1388,FOS,,y17j0109t_c5f.fits,0.53,ok
Ton 1388,FOS,,y17j0109t_c7f.fits,0.53,ok
Ton 1388,FOS,,y38o0502t_c0f.fits,0.043,ok
Ton 1388,FOS,,y38o0502t_c1f.fits,0.043,ok
Ton 1388,FOS,,y38o0502t_c2f.fits,0.043,ok
Ton 1388,FOS,,y38o0502t_c4f.fits,0.043,ok
Ton 1388,FOS,,y38o0502t_c5f.fits,0.043,ok
Ton 1388,FOS,,y38o0502t_c7f.fits,0.043,ok
Ton 1388,FOS,,y38o0503t_c0f.fits,0.043,ok
Ton 1388,FOS,,y38o0503t_c1f.fits,0.043,ok
Ton 1388,FOS,,y38o0503t_c2f.fits,0.043,ok
Ton 1388,FOS,,y38o0503t_c4f.fits,0.043,ok
Ton 1388,FOS,,y38o0503t_c5f.fits,0.043,ok
Ton 1388,FOS,,y38o0503t_c7f.fits,0.043,ok
Ton 1388,FOS,,y38o0504t_c0f.fits,0.043,ok
Ton 1388,FOS,,y38o0504t_c1f.fits,0.043,ok
Ton 1388,FOS,,y38o0504t_c2f.fits,0.043,ok
Ton 1388,FOS,,y38o0504t_c4f.fits,0.043,ok
Ton 1388,FOS,,y38o0504t_c5f.fits,0.043,ok
Ton 1388,FOS,,y38o0504t_c7f.fits,0.043,ok
Ton 1388,FOS,,y38o0505t_c0f.fits,0.043,ok
Ton 1388,FOS,,y38o0505t_c1f.fits,0.043,ok
Ton 1388,FOS,,y38o0505t_c2f.fits,0.043,ok
Ton 1388,FOS,,y38o0505t_c4f.fits,0.043,ok
Ton 1388,FOS,,y38o0505t_c5f.fits,0.043,ok
Ton 1388,FOS,,y38o0505t_c7f.fits,0.043,ok
Ton 1388,FOS,,y38o0506t_c0f.fits,0.043,ok
Ton 1388,FOS,,y38o0506t_c1f.fits,0.043,ok
Ton 1388,FOS,,y38o0506t_c2f.fits,0.043,ok
Ton 1388,FOS,,y38o0506t_c4f.fits,0.043,ok
Ton 1388,FOS,,y38o0506t_c5f.fits,0.043,ok
Ton 1388,FOS,,y38o0506t_c7f.fits,0.043,ok
Ton 1480,FOS,,y3kp0102t_c0f.fits,0.147,ok
Ton 1480,FOS,,y3kp0102t_c1f.fits,0.147,ok
Ton 1480,FOS,,y3kp0102t_c2f.fits,0.147,ok
Ton 1480,FOS,,y3kp0102t_c4f.fits,0.147,ok
Ton 1480,FOS,,y3kp0102t_c5f.fits,0.147,ok
Ton 1480,FOS,,y3kp0102t_c7f.fits,0.147,ok
Ton 153,COS,,lb4001010_x1dsum.fits,0.245,ok
Ton 153,COS,,lb4001020_x1dsum.fits,0.245,ok
Ton 153,COS,,lb4001obq_x1d.fits,0.429,ok
Ton 153,COS,,lb4001odq_x1d.fits,0.429,ok
Ton 153,COS,,lb4001ofq_x1d.fits,0.429,ok
Ton 153,COS,,lb4001ohq_x1d.fits,0.429,ok
Ton 153,COS,,lb4001ojq_x1d.fits,0.429,ok
Ton 153,COS,,lb4001olq_x1d.fits,0.429,ok
Ton 153,COS,,lb4001onq_x1d.fits,0.429,ok
Ton 153,COS,,lb4001opq_x1d.fits,0.429,ok
Ton 153,COS,,lb4001orq_x1d.fits,0.429,ok
Ton 153,COS,,lb4001otq_x1d.fits,0.429,ok
Ton 153,COS,,lb4001ovq_x1d.fits,0.429,ok
Ton 153,COS,,lb4002010_x1dsum.fits,1.817,ok
Ton 153,COS,,lb4002c0q_x1d.fits,3.39,ok
Ton 153,COS,,lb4002c4q_x1d.fits,3.39,ok
Ton 153,COS,,lb4002cxq_x1d.fits,3.39,ok
Ton 153,COS,,lb4002d6q_x1d.fits,3.39,ok
Ton 153,COS,,lb4002ddq_x1d.fits,3.39,ok
Ton 153,COS,,lb4002dpq_x1d.fits,3.39,ok
Ton 153,COS,,lb4002dsq_x1d.fits,3.39,ok
Ton 153,COS,,lb4002dwq_x1d.fits,3.39,ok
Ton 153,COS,,lb4002e2q_x1d.fits,3.39,ok
Ton 153,COS,,lb4002e4q_x1d.fits,3.39,ok
Ton 153,COS,,lb4002e7q_x1d.fits,3.39,ok
Ton 153,COS,,lb4002ebq_x1d.fits,3.39,ok
Ton 153,COS,,lb4002egq_x1d.fits,3.39,ok
Ton 153,COS,,lb4002eiq_x1d.fits,3.39,ok
Ton 153,FOS,,y0rv0x03t_c0f.fits,0.4,ok
Ton 153,FOS,,y0rv0x03t_c1f.fits,0.4,ok
Ton 153,FOS,,y0rv0x03t_c2f.fits,0.4,ok
Ton 153,FOS,,y0rv0x03t_c4f.fits,0.4,ok
Ton 153,FOS,,y0rv0x03t_c5f.fits,0.4,ok
Ton 153,FOS,,y0rv0x03t_c7f.fits,0.4,ok
Ton 153,FOS,,y0rv0x04t_c0f.fits,0.4,ok
Ton 153,FOS,,y0rv0x04t_c1f.fits,0.4,ok
Ton 153,FOS,,y0rv0x04t_c2f.fits,0.4,ok
Ton 153,FOS,,y0rv0x04t_c4f.fits,0.4,ok
Ton 153,FOS,,y0rv0x04t_c5f.fits,0.4,ok
Ton 153,FOS,,y0rv0x04t_c7f.fits,0.4,ok
Ton 153,FOS,,y0rv0x05t_c0f.fits,0.4,ok
Ton 153,FOS,,y0rv0x05t_c1f.fits,0.4,ok
Ton 153,FOS,,y0rv0x05t_c2f.fits,0.4,ok
Ton 153,FOS,,y0rv0x05t_c4f.fits,0.4,ok
Ton 153,FOS,,y0rv0x05t_c5f.fits,0.4,ok
Ton 153,FOS,,y0rv0x05t_c7f.fits,0.4,ok
Ton 153,FOS,,y0rv0x06t_c0f.fits,0.282,ok
Ton 153,FOS,,y0rv0x06t_c1f.fits,0.282,ok
Ton 153,FOS,,y0rv0x06t_c2f.fits,0.282,ok
Ton 153,FOS,,y0rv0x06t_c4f.fits,0.282,ok
Ton 153,FOS,,y0rv0x06t_c5f.fits,0.282,ok
Ton 153,FOS,,y0rv0x06t_c7f.fits,0.282,ok
Ton 153,FOS,,y0rv0x07t_c0f.fits,0.228,ok
Ton 153,FOS,,y0rv0x07t_c1f.fits,0.228,ok
Ton 153,FOS,,y0rv0x07t_c2f.fits,0.228,ok
Ton 153,FOS,,y0rv0x07t_c4f.fits,0.228,ok
Ton 153,FOS,,y0rv0x07t_c5f.fits,0.228,ok
Ton 153,FOS,,y0rv0x07t_c7f.fits,0.228,ok
Ton 1565,COS,,lbp412010_x1dsum.fits,1.814,ok
Ton 1565,COS,,lbp412020_x1dsum.fits,1.814,ok
Ton 1565,COS,,lbp412j8q_x1d.fits,3.39,ok
Ton 1565,COS,,lbp412jaq_x1d.fits,3.39,ok
Ton 1565,COS,,lbp412jmq_x1d.fits,3.39,ok
Ton 1565,COS,,lbp412jqq_x1d.fits,3.39,ok
Ton 1565,COS,,lc9902010_x1dsum.fits,0.93,ok
Ton 1565,COS,,lc9902rgq_x1d.fits,1.719,ok
Ton 1565,COS,,lc9902riq_x1d.fits,1.719,ok
Ton 1565,COS,,lc9902ruq_x1d.fits,1.719,ok
Ton 1565,COS,,lc9902rzq_x1d.fits,1.719,ok
Ton 1565,FOS,,y38o0702t_c0f.fits,0.052,ok
Ton 1565,FOS,,y38o0702t_c1f.fits,0.052,ok
Ton 1565,FOS,,y38o0702t_c2f.fits,0.052,ok
Ton 1565,FOS,,y38o0702t_c4f.fits,0.052,ok
Ton 1565,FOS,,y38o0702t_c5f.fits,0.052,ok
Ton 1565,FOS,,y38o0702t_c7f.fits,0.052,ok
Ton 1565,FOS,,y38o0703t_c0f.fits,0.086,ok
Ton 1565,FOS,,y38o0703t_c1f.fits,0.086,ok
Ton 1565,FOS,,y38o0703t_c2f.fits,0.086,ok
Ton 1565,FOS,,y38o0703t_c4f.fits,0.086,ok
Ton 1565,FOS,,y38o0703t_c5f.fits,0.086,ok
Ton 1565,FOS,,y38o0703t_c7f.fits,0.086,ok
Ton 1565,FOS,,y38o0704t_c0f.fits,0.043,ok
Ton 1565,FOS,,y38o0704t_c1f.fits,0.043,ok
Ton 1565,FOS,,y38o0704t_c2f.fits,0.043,ok
Ton 1565,FOS,,y38o0704t_c4f.fits,0.043,ok
Ton 1565,FOS,,y38o0704t_c5f.fits,0.043,ok
Ton 1565,FOS,,y38o0704t_c7f.fits,0.043,ok
Ton 1565,FOS,,y38o0705t_c0f.fits,0.101,ok
Ton 1565,FOS,,y38o0705t_c1f.fits,0.101,ok
Ton 1565,FOS,,y38o0705t_c2f.fits,0.101,ok
Ton 1565,FOS,,y38o0705t_c4f.fits,0.101,ok
Ton 1565,FOS,,y38o0705t_c5f.fits,0.101,ok
Ton 1565,FOS,,y38o0705t_c7f.fits,0.101,ok
Ton 1565,FOS,,y38o0706t_c0f.fits,0.121,ok
Ton 1565,FOS,,y38o0706t_c1f.fits,0.121,ok
Ton 1565,FOS,,y38o0706t_c2f.fits,0.121,ok
Ton 1565,FOS,,y38o0706t_c4f.fits,0.121,ok
Ton 1565,FOS,,y38o0706t_c5f.fits,0.121,ok
Ton 1565,FOS,,y38o0706t_c7f.fits,0.121,ok
Ton 202,COS,,lbs346010_x1dsum.fits,1.947,ok
Ton 202,COS,,lbs346020_x1dsum.fits,1.944,ok
Ton 202,COS,,lbs346qyq_x1d.fits,3.39,ok
Ton 202,COS,,lbs346r1q_x1d.fits,3.39,ok
Ton 202,COS,,ldak05010_x1dsum.fits,1.814,ok
Ton 202,COS,,ldak05ejq_x1d.fits,3.39,ok
Ton 202,COS,,ldak05elq_x1d.fits,3.39,ok
Ton 202,COS,,ldak05enq_x1d.fits,3.39,ok
Ton 202,COS,,ldak05epq_x1d.fits,3.39,ok
Ton 202,COS,,le2j13010_x1dsum.fits,0.933,ok
Ton 202,COS,,le2j13020_x1dsum.fits,0.245,ok
Ton 202,COS,,le2j13a1q_x1d.fits,1.719,ok
Ton 202,COS,,le2j13a3q_x1d.fits,0.429,ok
Ton 202,COS,,le2j13a5q_x1d.fits,0.429,ok
Ton 202,COS,,le2j13a7q_x1d.fits,0.429,ok
Ton 202,COS,,le2j13a9q_x1d.fits,0.429,ok
Ton 202,COS,,le2j13zaq_x1d.fits,1.719,ok
Ton 202,COS,,le2j13zcq_x1d.fits,1.719,ok
Ton 202,COS,,le2j13zyq_x1d.fits,1.719,ok
Ton 202,COS,,ley213010_x1dsum.fits,1.814,ok
Ton 202,COS,,ley213e8q_x1d.fits,3.39,ok
Ton 202,COS,,ley213eaq_x1d.fits,3.39,ok
Ton 202,COS,,ley213eeq_x1d.fits,3.39,ok
Ton 202,COS,,ley213ehq_x1d.fits,3.39,ok
Ton 202,COS,,ley213ejq_x1d.fits,0.046,ok
Ton 202,COS,,ley213enq_x1d.fits,3.39,ok
Ton 202,COS,,ley213eqq_x1d.fits,3.39,ok
Ton 202,COS,,ley213ewq_x1d.fits,3.39,ok
Ton 202,COS,,ley213f0q_x1d.fits,3.39,ok
Ton 202,COS,,ley213f3q_x1d.fits,3.39,ok
Ton 202,COS,,ley213f9q_x1d.fits,3.39,ok
Ton 202,COS,,ley213fdq_x1d.fits,3.39,ok
Ton 202,COS,,ley213fgq_x1d.fits,3.39,ok
Ton 202,COS,,ley213fiq_x1d.fits,3.39,ok
Ton 202,COS,,ley213fpq_x1d.fits,3.39,ok
Ton 202,COS,,ley21z010_x1dsum.fits,0.046,ok
Ton 202,COS,,ley21zc5q_x1d.fits,3.39,ok
Ton 202,COS,,ley21zc8q_x1d.fits,0.046,ok
Ton 202,COS,,ley21zcfq_x1d.fits,3.39,ok
Ton 202,COS,,ley2z5010_x1dsum.fits,0.046,ok
Ton 202,COS,,ley2z5pvq_x1d.fits,3.39,ok
Ton 202,COS,,ley2z5pxq_x1d.fits,0.046,ok
Ton 202,COS,,ley2z5pzq_x1d.fits,3.39,ok
Ton 202,STIS,,o8s703010_x1d.fits,0.078,ok
Ton 202,STIS,,o8s703020_x1d.fits,0.078,ok
Ton 202,STIS,,o8s703030_x1d.fits,0.078,ok
Ton 202,STIS,,o8s703040_x1d.fits,0.078,ok
Ton 202,STIS,,o8s703050_x1d.fits,0.078,ok
Ton 202,STIS,,o8s704010_x1d.fits,0.078,ok
Ton 202,FOS,,y38o1202t_c0f.fits,0.069,ok
Ton 202,FOS,,y38o1202t_c1f.fits,0.069,ok
Ton 202,FOS,,y38o1202t_c2f.fits,0.069,ok
Ton 202,FOS,,y38o1202t_c4f.fits,0.069,ok
Ton 202,FOS,,y38o1202t_c5f.fits,0.069,ok
Ton 202,FOS,,y38o1202t_c7f.fits,0.069,ok
Ton 202,FOS,,y38o1203t_c0f.fits,0.052,ok
Ton 202,FOS,,y38o1203t_c1f.fits,0.052,ok
Ton 202,FOS,,y38o1203t_c2f.fits,0.052,ok
Ton 202,FOS,,y38o1203t_c4f.fits,0.052,ok
Ton 202,FOS,,y38o1203t_c5f.fits,0.052,ok
Ton 202,FOS,,y38o1203t_c7f.fits,0.052,ok
Ton 202,FOS,,y38o1204t_c0f.fits,0.052,ok
Ton 202,FOS,,y38o1204t_c1f.fits,0.052,ok
Ton 202,FOS,,y38o1204t_c2f.fits,0.052,ok
Ton 202,FOS,,y38o1204t_c4f.fits,0.052,ok
Ton 202,FOS,,y38o1204t_c5f.fits,0.052,ok
Ton 202,FOS,,y38o1204t_c7f.fits,0.052,ok
Ton 202,FOS,,y38o1205t_c0f.fits,0.112,ok
Ton 202,FOS,,y38o1205t_c1f.fits,0.112,ok
Ton 202,FOS,,y38o1205t_c2f.fits,0.112,ok
Ton 202,FOS,,y38o1205t_c4f.fits,0.112,ok
Ton 202,FOS,,y38o1205t_c5f.fits,0.112,ok
Ton 202,FOS,,y38o1205t_c7f.fits,0.112,ok
Ton 202,FOS,,y38o1206t_c0f.fits,0.121,ok
Ton 202,FOS,,y38o1206t_c1f.fits,0.121,ok
Ton 202,FOS,,y38o1206t_c2f.fits,0.121,ok
Ton 202,FOS,,y38o1206t_c4f.fits,0.121,ok
Ton 202,FOS,,y38o1206t_c5f.fits,0.121,ok
Ton 202,FOS,,y38o1206t_c7f.fits,0.121,ok
Ton 28,COS,,lbgl05010_x1dsum.fits,1.944,ok
Ton 28,COS,,lbgl05020_x1dsum.fits,1.814,ok
Ton 28,COS,,lbgl05030_x1dsum.fits,1.944,ok
Ton 28,COS,,lbgl05040_x1dsum.fits,1.944,ok
Ton 28,COS,,lbgl05050_x1dsum.fits,1.817,ok
Ton 28,COS,,lbgl05060_x1dsum.fits,1.944,ok
Ton 28,COS,,lbgl05070_x1dsum.fits,1.944,ok
Ton 28,COS,,lbgl05080_x1dsum.fits,1.944,ok
Ton 28,COS,,lbgl05msq_x1d.fits,3.39,ok
Ton 28,COS,,lbgl05muq_x1d.fits,3.39,ok
Ton 28,COS,,lbgl05mwq_x1d.fits,3.39,ok
Ton 28,COS,,lbgl05myq_x1d.fits,3.39,ok
Ton 28,COS,,lbgl05n0q_x1d.fits,3.39,ok
Ton 28,COS,,lbgl05n3q_x1d.fits,3.39,ok
Ton 28,COS,,lbgl05n7q_x1d.fits,3.39,ok
Ton 28,COS,,lbgl05naq_x1d.fits,3.39,ok
Ton 28,COS,,lbgl05nfq_x1d.fits,3.39,ok
Ton 28,COS,,lbgl05njq_x1d.fits,3.39,ok
Ton 28,STIS,,o58302010_x1d.fits,0.078,ok
Ton 28,STIS,,o58302020_x1d.fits,0.078,ok
Ton 28,STIS,,o6e117010_x1d.fits,1.757,ok
Ton 28,STIS,,o6e117020_x1d.fits,1.757,ok
Ton 28,STIS,,o6e118010_x1d.fits,1.757,ok
Ton 28,STIS,,o6e118020_x1d.fits,1.757,ok
Ton 28,STIS,,o6e119010_x1d.fits,1.757,ok
Ton 28,STIS,,o6e119020_x1d.fits,1.757,ok
Ton 28,STIS,,o6e119030_x1d.fits,1.757,ok
Ton 28,STIS,,o6e120010_x1d.fits,1.757,ok
Ton 28,STIS,,o6e120020_x1d.fits,1.757,ok
Ton 28,STIS,,o6e120030_x1d.fits,1.757,ok
Ton 28,STIS,,o6e121010_x1d.fits,1.757,ok
Ton 28,STIS,,o6e121020_x1d.fits,1.757,ok
Ton 28,STIS,,o6e121030_x1d.fits,1.757,ok
Ton 28,STIS,,o6e122010_x1d.fits,1.757,ok
Ton 28,STIS,,o6e122020_x1d.fits,1.757,ok
Ton 28,STIS,,o6e122030_x1d.fits,1.757,ok
Ton 28,STIS,,o6e123010_x1d.fits,1.757,ok
Ton 28,STIS,,o6e123020_x1d.fits,1.757,ok
Ton 28,STIS,,o6e123030_x1d.fits,1.757,ok
Ton 28,STIS,,of9m01010_sx1.fits,0.081,ok
Ton 28,STIS,,of9m01020_sx1.fits,0.081,ok
Ton 28,STIS,,of9m51010_sx1.fits,0.0,error
Ton 28,STIS,,of9m51020_sx1.fits,0.0,error
Ton 28,STIS,,of9m51030_x1d.fits,0.0,error
Ton 28,STIS,,of9m51040_x1d.fits,0.0,error
Ton 28,FOS,,y0vm0203t_c0f.fits,0.599,ok
Ton 28,FOS,,y0vm0203t_c1f.fits,0.599,ok
Ton 28,FOS,,y0vm0203t_c2f.fits,0.599,ok
Ton 28,FOS,,y0vm0203t_c4f.fits,0.599,ok
Ton 28,FOS,,y0vm0203t_c5f.fits,0.599,ok
Ton 28,FOS,,y0vm0203t_c7f.fits,0.599,ok
Ton 28,FOS,,y0vm0204t_c0f.fits,0.582,ok
Ton 28,FOS,,y0vm0204t_c1f.fits,0.582,ok
Ton 28,FOS,,y0vm0204t_c2f.fits,0.582,ok
Ton 28,FOS,,y0vm0204t_c4f.fits,0.582,ok
Ton 28,FOS,,y0vm0204t_c5f.fits,0.582,ok
Ton 28,FOS,,y0vm0204t_c7f.fits,0.582,ok
Ton 28,FOS,,y0vm0205t_c0f.fits,0.539,ok
Ton 28,FOS,,y0vm0205t_c1f.fits,0.539,ok
Ton 28,FOS,,y0vm0205t_c2f.fits,0.539,ok
Ton 28,FOS,,y0vm0205t_c4f.fits,0.539,ok
Ton 28,FOS,,y0vm0205t_c5f.fits,0.539,ok
Ton 28,FOS,,y0vm0205t_c7f.fits,0.539,ok
Ton 28,FOS,,y0vm0206t_c0f.fits,0.53,ok
Ton 28,FOS,,y0vm0206t_c1f.fits,0.53,ok
Ton 28,FOS,,y0vm0206t_c2f.fits,0.53,ok
Ton 28,FOS,,y0vm0206t_c4f.fits,0.53,ok
Ton 28,FOS,,y0vm0206t_c5f.fits,0.53,ok
Ton 28,FOS,,y0vm0206t_c7f.fits,0.53,ok
Ton 28,FOS,,y0vm0207t_c0f.fits,0.521,ok
Ton 28,FOS,,y0vm0207t_c1f.fits,0.521,ok
Ton 28,FOS,,y0vm0207t_c2f.fits,0.521,ok
Ton 28,FOS,,y0vm0207t_c4f.fits,0.521,ok
Ton 28,FOS,,y0vm0207t_c5f.fits,0.521,ok
Ton 28,FOS,,y0vm0207t_c7f.fits,0.521,ok
Ton 28,FOS,,y0vm0208t_c0f.fits,0.613,ok
Ton 28,FOS,,y0vm0208t_c1f.fits,0.613,ok
Ton 28,FOS,,y0vm0208t_c2f.fits,0.613,ok
Ton 28,FOS,,y0vm0208t_c4f.fits,0.613,ok
Ton 28,FOS,,y0vm0208t_c5f.fits,0.613,ok
Ton 28,FOS,,y0vm0208t_c7f.fits,0.613,ok
Ton 28,FOS,,y0vm0209t_c0f.fits,0.613,ok
Ton 28,FOS,,y0vm0209t_c1f.fits,0.613,ok
Ton 28,FOS,,y0vm0209t_c2f.fits,0.613,ok
Ton 28,FOS,,y0vm0209t_c4f.fits,0.613,ok
Ton 28,FOS,,y0vm0209t_c5f.fits,0.613,ok
Ton 28,FOS,,y0vm0209t_c7f.fits,0.613,ok
Ton 28,FOS,,y0xx0103t_c0f.fits,0.34,ok
Ton 28,FOS,,y0xx0103t_c1f.fits,0.34,ok
Ton 28,FOS,,y0xx0103t_c2f.fits,0.34,ok
Ton 28,FOS,,y0xx0103t_c4f.fits,0.34,ok
Ton 28,FOS,,y0xx0103t_c5f.fits,0.34,ok
Ton 28,FOS,,y0xx0103t_c7f.fits,0.34,ok
Ton 28,FOS,,y0xx0104t_c0f.fits,0.34,ok
Ton 28,FOS,,y0xx0104t_c1f.fits,0.34,ok
Ton 28,FOS,,y0xx0104t_c2f.fits,0.34,ok
Ton 28,FOS,,y0xx0104t_c4f.fits,0.34,ok
Ton 28,FOS,,y0xx0104t_c5f.fits,0.34,ok
Ton 28,FOS,,y0xx0104t_c7f.fits,0.34,ok
Ton 28,FOS,,y0xx0105t_c0f.fits,0.262,ok
Ton 28,FOS,,y0xx0105t_c1f.fits,0.262,ok
Ton 28,FOS,,y0xx0105t_c2f.fits,0.262,ok
Ton 28,FOS,,y0xx0105t_c4f.fits,0.262,ok
Ton 28,FOS,,y0xx0105t_c5f.fits,0.262,ok
Ton 28,FOS,,y0xx0105t_c7f.fits,0.262,ok
Ton 469,COS,,le4001010_x1dsum.fits,1.817,ok
Ton 469,COS,,le4001lcq_x1d.fits,3.39,ok
Ton 469,COS,,le4001lgq_x1d.fits,3.39,ok
Ton 469,COS,,leys13010_x1dsum.fits,1.814,ok
Ton 469,COS,,leys13020_x1dsum.fits,1.814,ok
Ton 469,COS,,leys13blq_x1d.fits,3.39,ok
Ton 469,COS,,leys13bnq_x1d.fits,3.39,ok
Ton 469,COS,,leys13bqq_x1d.fits,3.39,ok
Ton 469,COS,,leys13bsq_x1d.fits,3.39,ok
Ton 469,COS,,leys13bvq_x1d.fits,3.39,ok
Ton 469,COS,,leys13bxq_x1d.fits,3.39,ok
Ton 469,COS,,leys13bzq_x1d.fits,3.39,ok
Ton 469,COS,,leys13c2q_x1d.fits,3.39,ok
Ton 469,COS,,leys13c5q_x1d.fits,3.39,ok
Ton 469,COS,,leys13c7q_x1d.fits,3.39,ok
Ton 469,COS,,leys13c9q_x1d.fits,3.39,ok
Ton 469,COS,,leys13cbq_x1d.fits,3.39,ok
Ton 469,COS,,leys13chq_x1d.fits,3.39,ok
Ton 469,COS,,leys13cjq_x1d.fits,3.39,ok
Ton 469,COS,,leys13clq_x1d.fits,3.39,ok
Ton 469,COS,,leys13coq_x1d.fits,3.39,ok
Ton 469,STIS,,o67001010_x1d.fits,0.078,ok
Ton 469,STIS,,o67001020_x1d.fits,0.078,ok
Ton 469,STIS,,o67001030_x1d.fits,0.078,ok
Ton 469,STIS,,o67001040_x1d.fits,0.078,ok
Ton 469,STIS,,o67002010_x1d.fits,0.078,ok
Ton 469,STIS,,o67002020_x1d.fits,0.078,ok
Ton 469,STIS,,o67002030_x1d.fits,0.078,ok
Ton 469,STIS,,o67002040_x1d.fits,0.078,ok
Ton 469,STIS,,o67003010_x1d.fits,0.078,ok
Ton 469,STIS,,o67003020_x1d.fits,0.078,ok
Ton 469,STIS,,o67003030_x1d.fits,0.078,ok
Ton 469,STIS,,o67003040_x1d.fits,0.078,ok
Ton 469,STIS,,o67003050_x1d.fits,0.078,ok
Ton 469,STIS,,o67004010_x1d.fits,0.078,ok
Ton 469,STIS,,o67004020_x1d.fits,0.078,ok
Ton 469,STIS,,o67004030_x1d.fits,0.078,ok
Ton 469,STIS,,o6my40010_x1d.fits,0.078,ok
Ton 469,FOS,,y10q0103t_c0f.fits,0.415,ok
Ton 469,FOS,,y10q0103t_c1f.fits,0.415,ok
Ton 469,FOS,,y10q0103t_c2f.fits,0.415,ok
Ton 469,FOS,,y10q0103t_c4f.fits,0.415,ok
Ton 469,FOS,,y10q0103t_c5f.fits,0.415,ok
Ton 469,FOS,,y10q0103t_c7f.fits,0.415,ok
Ton 469,FOS,,y10q0104t_c0f.fits,0.504,ok
Ton 469,FOS,,y10q0104t_c1f.fits,0.504,ok
Ton 469,FOS,,y10q0104t_c2f.fits,0.504,ok
Ton 469,FOS,,y10q0104t_c4f.fits,0.504,ok
Ton 469,FOS,,y10q0104t_c5f.fits,0.504,ok
Ton 469,FOS,,y10q0104t_c7f.fits,0.504,ok
Ton 469,FOS,,y10q0105t_c0f.fits,0.504,ok
Ton 469,FOS,,y10q0105t_c1f.fits,0.504,ok
Ton 469,FOS,,y10q0105t_c2f.fits,0.504,ok
Ton 469,FOS,,y10q0105t_c4f.fits,0.504,ok
Ton 469,FOS,,y10q0105t_c5f.fits,0.504,ok
Ton 469,FOS,,y10q0105t_c7f.fits,0.504,ok
Ton 469,FOS,,y1hi0802t_c0f.fits,0.058,ok
Ton 469,FOS,,y1hi0802t_c1f.fits,0.058,ok
Ton 469,FOS,,y1hi0802t_c2f.fits,0.058,ok
Ton 469,FOS,,y1hi0802t_c4f.fits,0.058,ok
Ton 469,FOS,,y1hi0802t_c5f.fits,0.058,ok
Ton 469,FOS,,y1hi0802t_c7f.fits,0.058,ok
Ton 469,FOS,,y27o0202t_c0f.fits,0.086,ok
Ton 469,FOS,,y27o0202t_c1f.fits,0.086,ok
Ton 469,FOS,,y27o0202t_c2f.fits,0.086,ok
Ton 469,FOS,,y27o0202t_c4f.fits,0.086,ok
Ton 469,FOS,,y27o0202t_c5f.fits,0.086,ok
Ton 469,FOS,,y27o0202t_c7f.fits,0.086,ok
Ton 469,FOS,,y27o0203t_c0f.fits,0.069,ok
Ton 469,FOS,,y27o0203t_c1f.fits,0.069,ok
Ton 469,FOS,,y27o0203t_c2f.fits,0.069,ok
Ton 469,FOS,,y27o0203t_c4f.fits,0.069,ok
Ton 469,FOS,,y27o0203t_c5f.fits,0.069,ok
Ton 469,FOS,,y27o0203t_c7f.fits,0.069,ok
Ton 469,FOS,,y2gq1c01t_c0f.fits,0.043,ok
Ton 469,FOS,,y2gq1c01t_c1f.fits,0.043,ok
Ton 469,FOS,,y2gq1c01t_c2f.fits,0.043,ok
Ton 469,FOS,,y2gq1c01t_c4f.fits,0.043,ok
Ton 469,FOS,,y2gq1c01t_c5f.fits,0.043,ok
Ton 469,FOS,,y2gq1c01t_c7f.fits,0.043,ok
Ton 488,COS,,lbg810060_x1dsum.fits,1.947,ok
Ton 488,COS,,lbg810070_x1dsum.fits,1.944,ok
Ton 488,COS,,lbg810080_x1dsum.fits,1.944,ok
Ton 488,COS,,lbg810090_x1dsum.fits,1.944,ok
Ton 488,COS,,lbg810q4q_x1d.fits,3.39,ok
Ton 488,COS,,lbg810qvq_x1d.fits,3.39,ok
Ton 488,COS,,lbg810r5q_x1d.fits,3.39,ok
Ton 488,COS,,lbg810rbq_x1d.fits,3.39,ok
Ton 488,COS,,lbg811060_x1dsum.fits,1.947,ok
Ton 488,COS,,lbg811070_x1dsum.fits,1.944,ok
Ton 488,COS,,lbg811080_x1dsum.fits,1.944,ok
Ton 488,COS,,lbg811090_x1dsum.fits,1.944,ok
Ton 488,COS,,lbg811dsq_x1d.fits,3.39,ok
Ton 488,COS,,lbg811dyq_x1d.fits,3.39,ok
Ton 488,COS,,lbg811e8q_x1d.fits,3.39,ok
Ton 488,COS,,lbg811eeq_x1d.fits,3.39,ok
Ton 488,STIS,,of9m05010_x1d.fits,0.078,ok
Ton 488,STIS,,of9m05020_x1d.fits,0.078,ok
Ton 488,STIS,,of9m05030_x1d.fits,0.078,ok
Ton 488,STIS,,of9m05040_sx1.fits,0.081,ok
Ton 488,STIS,,of9m05050_sx1.fits,0.081,ok
Ton 730,COS,,lc9m16010_x1dsum.fits,1.817,ok
Ton 730,COS,,lc9m16hfq_x1d.fits,3.39,ok
Ton 730,COS,,lc9m16hmq_x1d.fits,3.39,ok
Ton 730,COS,,lc9m16hoq_x1d.fits,3.39,ok
Ton 730,STIS,,o5ew01010_x1d.fits,0.078,ok
Ton 730,STIS,,o5ew01020_x1d.fits,0.078,ok
Ton 730,STIS,,o5ew01030_x1d.fits,0.078,ok
Ton 951,COS,,lbp405010_x1dsum.fits,1.814,ok
Ton 951,COS,,lbp405020_x1dsum.fits,1.814,ok
Ton 951,COS,,lbp405pvq_x1d.fits,3.39,ok
Ton 951,COS,,lbp405pxq_x1d.fits,3.39,ok
Ton 951,COS,,lbp405pzq_x1d.fits,3.39,ok
Ton 951,COS,,lbp405q1q_x1d.fits,3.39,ok
Ton 951,FOS,,y0p80103t_c0f.fits,0.075,ok
Ton 951,FOS,,y0p80103t_c1f.fits,0.075,ok
Ton 951,FOS,,y0p80103t_c2f.fits,0.075,ok
Ton 951,FOS,,y0p80103t_c4f.fits,0.075,ok
Ton 951,FOS,,y0p80103t_c5f.fits,0.075,ok
Ton 951,FOS,,y0p80103t_c7f.fits,0.075,ok
Ton 951,FOS,,y0p80104t_c0f.fits,0.075,ok
Ton 951,FOS,,y0p80104t_c1f.fits,0.075,ok
Ton 951,FOS,,y0p80104t_c2f.fits,0.075,ok
Ton 951,FOS,,y0p80104t_c4f.fits,0.075,ok
Ton 951,FOS,,y0p80104t_c5f.fits,0.075,ok
Ton 951,FOS,,y0p80104t_c7f.fits,0.075,ok
Ton 951,FOS,,y0p80105t_c0f.fits,0.084,ok
Ton 951,FOS,,y0p80105t_c1f.fits,0.084,ok
Ton 951,FOS,,y0p80105t_c2f.fits,0.084,ok
Ton 951,FOS,,y0p80105t_c4f.fits,0.084,ok
Ton 951,FOS,,y0p80105t_c5f.fits,0.084,ok
Ton 951,FOS,,y0p80105t_c7f.fits,0.084,ok
Ton S 210,STIS,,o6l001010_x1d.fits,1.757,ok
Ton S 210,STIS,,o6l001020_x1d.fits,6.949,ok
Ton S 210,STIS,,o6l002010_x1d.fits,1.21,ok
Ton S 210,STIS,,o6l002020_x1d.fits,1.21,ok
Ton S 210,STIS,,o6l002030_x1d.fits,5.219,ok
UGC 12163,COS,,lbgu63010_x1dsum.fits,1.944,ok
UGC 12163,COS,,lbgu63020_x1dsum.fits,1.944,ok
UGC 12163,COS,,lbgu63030_x1dsum.fits,1.944,ok
UGC 12163,COS,,lbgu63040_x1dsum.fits,1.944,ok
UGC 12163,COS,,lbgu63050_x1dsum.fits,1.944,ok
UGC 12163,COS,,lbgu63060_x1dsum.fits,1.944,ok
UGC 12163,COS,,lbgu63070_x1dsum.fits,1.944,ok
UGC 12163,COS,,lbgu63080_x1dsum.fits,1.944,ok
UGC 12163,COS,,lbgu63lzq_x1d.fits,3.39,ok
UGC 12163,COS,,lbgu63m1q_x1d.fits,3.39,ok
UGC 12163,COS,,lbgu63m4q_x1d.fits,3.39,ok
UGC 12163,COS,,lbgu63m6q_x1d.fits,3.39,ok
UGC 12163,COS,,lbgu63mbq_x1d.fits,3.39,ok
UGC 12163,COS,,lbgu63mdq_x1d.fits,3.39,ok
UGC 12163,COS,,lbgu63mfq_x1d.fits,3.39,ok
UGC 12163,COS,,lbgu63mhq_x1d.fits,3.39,ok
UGC 12163,STIS,,o5it01010_x1d.fits,0.078,ok
UGC 12163,STIS,,o5it01020_x1d.fits,0.078,ok
UGC 12163,STIS,,o5it02010_x1d.fits,0.078,ok
UGC 12163,STIS,,o5it02020_x1d.fits,0.078,ok
UGC 12163,STIS,,o5it03010_x1d.fits,0.078,ok
UGC 12163,STIS,,o5it03020_x1d.fits,0.078,ok
UGC 12163,STIS,,o5it04010_x1d.fits,0.078,ok
UGC 12163,STIS,,o5it04020_x1d.fits,0.078,ok
UGC 12163,STIS,,o5it05010_x1d.fits,1.716,ok
UGC 12163,STIS,,o5it05020_x1d.fits,1.716,ok
UGC 12163,STIS,,o5it05030_x1d.fits,1.716,ok
UGC 12163,STIS,,o5it05040_x1d.fits,1.716,ok
UGC 12163,STIS,,o5it05050_x1d.fits,0.078,ok
UGC 12163,STIS,,o5it05060_x1d.fits,0.078,ok
UGC 12163,STIS,,o5it06010_x1d.fits,0.078,ok
UGC 12163,STIS,,o5it06020_x1d.fits,0.078,ok
UGC 12163,STIS,,o5it07010_x1d.fits,0.078,ok
UGC 12163,STIS,,o5it07020_x1d.fits,0.078,ok
UGC 12163,STIS,,o5it08010_x1d.fits,0.078,ok
UGC 12163,STIS,,o5it08020_x1d.fits,0.078,ok
UGC 12163,STIS,,o5it09010_x1d.fits,0.078,ok
UGC 12163,STIS,,o5it09020_x1d.fits,0.078,ok
UGC 12163,STIS,,o5it10010_x1d.fits,0.078,ok
UGC 12163,STIS,,o5it10020_x1d.fits,0.078,ok
UGC 12163,STIS,,o5it11010_x1d.fits,0.078,ok
UGC 12163,STIS,,o5it11020_x1d.fits,0.078,ok
UGC 12163,STIS,,o5it12010_x1d.fits,0.078,ok
UGC 12163,STIS,,o5it12020_x1d.fits,0.078,ok
UGC 12163,STIS,,o5it13010_x1d.fits,0.078,ok
UGC 12163,STIS,,o5it13020_x1d.fits,0.078,ok
UGC 12163,STIS,,o5it14010_x1d.fits,0.078,ok
UGC 12163,STIS,,o5it14020_x1d.fits,0.078,ok
UGC 12163,STIS,,o5it15010_x1d.fits,0.078,ok
UGC 12163,STIS,,o5it15020_x1d.fits,0.078,ok
UGC 12163,STIS,,o5it16010_x1d.fits,0.078,ok
UGC 12163,STIS,,o5it16020_x1d.fits,0.078,ok
UGC 12163,STIS,,o5it17010_x1d.fits,0.078,ok
UGC 12163,STIS,,o5it17020_x1d.fits,0.078,ok
UGC 12163,STIS,,o5it18010_x1d.fits,0.078,ok
UGC 12163,STIS,,o5it18020_x1d.fits,0.078,ok
UGC 12163,STIS,,o5it19010_x1d.fits,0.078,ok
UGC 12163,STIS,,o5it19020_x1d.fits,0.078,ok
UGC 12163,STIS,,o5it20010_x1d.fits,0.078,ok
UGC 12163,STIS,,o5it20020_x1d.fits,0.078,ok
UGC 12163,STIS,,o5it21010_x1d.fits,0.078,ok
UGC 12163,STIS,,o5it21020_x1d.fits,0.078,ok
UGC 12163,STIS,,o5it22010_x1d.fits,0.078,ok
UGC 12163,STIS,,o5it22020_x1d.fits,0.078,ok
UGC 12163,STIS,,o5it23010_x1d.fits,0.078,ok
UGC 12163,STIS,,o5it23020_x1d.fits,0.078,ok
UGC 12163,STIS,,o5it24010_x1d.fits,0.078,ok
UGC 12163,STIS,,o5it24020_x1d.fits,0.078,ok
UGC 12163,STIS,,o5it25010_x1d.fits,0.078,ok
UGC 12163,STIS,,o5it25020_x1d.fits,0.078,ok
UGC 12163,STIS,,o5it26010_x1d.fits,0.078,ok
UGC 12163,STIS,,o5it26020_x1d.fits,0.078,ok
UGC 12163,STIS,,o5it27010_x1d.fits,0.078,ok
UGC 12163,STIS,,o5it27020_x1d.fits,0.078,ok
UGC 12163,STIS,,o5it28010_x1d.fits,0.078,ok
UGC 12163,STIS,,o5it28020_x1d.fits,0.078,ok
UGC 12163,STIS,,o5it29010_x1d.fits,0.078,ok
UGC 12163,STIS,,o5it29020_x1d.fits,0.078,ok
UGC 12163,STIS,,o5it30010_x1d.fits,0.078,ok
UGC 12163,STIS,,o5it30020_x1d.fits,0.078,ok
UGC 12163,STIS,,o5it31010_x1d.fits,0.078,ok
UGC 12163,STIS,,o5it31020_x1d.fits,0.078,ok
UGC 12163,STIS,,o5it32010_x1d.fits,0.078,ok
UGC 12163,STIS,,o5it32020_x1d.fits,0.078,ok
UGC 12163,STIS,,o5it33010_x1d.fits,0.078,ok
UGC 12163,STIS,,o5it33020_x1d.fits,0.078,ok
UGC 12163,STIS,,o5it34010_x1d.fits,0.078,ok
UGC 12163,STIS,,o5it34020_x1d.fits,0.078,ok
UGC 12163,STIS,,o5it35010_x1d.fits,0.078,ok
UGC 12163,STIS,,o5it35020_x1d.fits,0.078,ok
UGC 12163,STIS,,o5it36010_x1d.fits,0.078,ok
UGC 12163,STIS,,o5it36020_x1d.fits,0.078,ok
UGC 12163,STIS,,o5it37010_x1d.fits,0.078,ok
UGC 12163,STIS,,o5it37020_x1d.fits,0.078,ok
UGC 12163,STIS,,o5it38010_x1d.fits,0.078,ok
UGC 12163,STIS,,o5it38020_x1d.fits,0.078,ok
UGC 12163,STIS,,o5it39010_x1d.fits,0.078,ok
UGC 12163,STIS,,o5it39020_x1d.fits,0.078,ok
UGC 12163,STIS,,o5it40010_x1d.fits,0.078,ok
UGC 12163,STIS,,o5it40020_x1d.fits,0.078,ok
UGC 12163,STIS,,o5it41010_x1d.fits,0.078,ok
UGC 12163,STIS,,o5it41020_x1d.fits,0.078,ok
UGC 12163,STIS,,o5it42010_x1d.fits,0.078,ok
UGC 12163,STIS,,o5it42020_x1d.fits,0.078,ok
UGC 12163,STIS,,o5it43010_x1d.fits,0.078,ok
UGC 12163,STIS,,o5it43020_x1d.fits,0.078,ok
UGC 12163,STIS,,o5it44010_x1d.fits,0.078,ok
UGC 12163,STIS,,o5it44020_x1d.fits,0.078,ok
UGC 12163,STIS,,o5it45010_x1d.fits,0.078,ok
UGC 12163,STIS,,o5it45020_x1d.fits,0.078,ok
UGC 12163,STIS,,o5it46010_x1d.fits,0.078,ok
UGC 12163,STIS,,o5it46020_x1d.fits,0.078,ok
UGC 12163,STIS,,obgu08010_x1d.fits,0.081,ok
UGC 12163,STIS,,obgu08020_x1d.fits,0.081,ok
UGC 12163,STIS,,obgu08030_x1d.fits,0.081,ok
UGC 12163,FOS,,y3790402t_c0f.fits,0.086,ok
UGC 12163,FOS,,y3790402t_c1f.fits,0.086,ok
UGC 12163,FOS,,y3790402t_c2f.fits,0.086,ok
UGC 12163,FOS,,y3790402t_c4f.fits,0.086,ok
UGC 12163,FOS,,y3790402t_c5f.fits,0.086,ok
UGC 12163,FOS,,y3790402t_c7f.fits,0.086,ok
UGC 12163,FOS,,y3790403t_c0f.fits,0.101,ok
UGC 12163,FOS,,y3790403t_c1f.fits,0.101,ok
UGC 12163,FOS,,y3790403t_c2f.fits,0.101,ok
UGC 12163,FOS,,y3790403t_c4f.fits,0.101,ok
UGC 12163,FOS,,y3790403t_c5f.fits,0.101,ok
UGC 12163,FOS,,y3790403t_c7f.fits,0.101,ok
UGC 12163,FOS,,y3790404t_c0f.fits,0.043,ok
UGC 12163,FOS,,y3790404t_c1f.fits,0.043,ok
UGC 12163,FOS,,y3790404t_c2f.fits,0.043,ok
UGC 12163,FOS,,y3790404t_c4f.fits,0.043,ok
UGC 12163,FOS,,y3790404t_c5f.fits,0.043,ok
UGC 12163,FOS,,y3790404t_c7f.fits,0.043,ok
UGC 12163,FOS,,y3790405t_c0f.fits,0.138,ok
UGC 12163,FOS,,y3790405t_c1f.fits,0.138,ok
UGC 12163,FOS,,y3790405t_c2f.fits,0.138,ok
UGC 12163,FOS,,y3790405t_c4f.fits,0.138,ok
UGC 12163,FOS,,y3790405t_c5f.fits,0.138,ok
UGC 12163,FOS,,y3790405t_c7f.fits,0.138,ok
UGC 12163,FOS,,y3790406t_c0f.fits,0.069,ok
UGC 12163,FOS,,y3790406t_c1f.fits,0.069,ok
UGC 12163,FOS,,y3790406t_c2f.fits,0.069,ok
UGC 12163,FOS,,y3790406t_c4f.fits,0.069,ok
UGC 12163,FOS,,y3790406t_c5f.fits,0.069,ok
UGC 12163,FOS,,y3790406t_c7f.fits,0.069,ok
UGC 12163,FOS,,y3790407t_c0f.fits,0.121,ok
UGC 12163,FOS,,y3790407t_c1f.fits,0.121,ok
UGC 12163,FOS,,y3790407t_c2f.fits,0.121,ok
UGC 12163,FOS,,y3790407t_c4f.fits,0.121,ok
UGC 12163,FOS,,y3790407t_c5f.fits,0.121,ok
UGC 12163,FOS,,y3790407t_c7f.fits,0.121,ok
UGC 12163,FOS,,y3790408t_c0f.fits,0.095,ok
UGC 12163,FOS,,y3790408t_c1f.fits,0.095,ok
UGC 12163,FOS,,y3790408t_c2f.fits,0.095,ok
UGC 12163,FOS,,y3790408t_c4f.fits,0.095,ok
UGC 12163,FOS,,y3790408t_c5f.fits,0.095,ok
UGC 12163,FOS,,y3790408t_c7f.fits,0.095,ok
US 1766,COS,,lc2101010_x1dsum.fits,0.245,ok
US 1766,COS,,lc2101020_x1dsum.fits,0.245,ok
US 1766,COS,,lc2101dbq_x1d.fits,0.429,ok
US 1766,COS,,lc2101ekq_x1d.fits,0.429,ok
US 1766,COS,,lc2101f1q_x1d.fits,0.429,ok
US 1766,COS,,lc2101f9q_x1d.fits,0.429,ok
US 1766,COS,,lc2101fhq_x1d.fits,0.429,ok
US 1766,COS,,lc2101foq_x1d.fits,0.429,ok
US 1786,COS,,lcob07010_x1dsum.fits,1.817,ok
US 1786,COS,,lcob07c4q_x1d.fits,3.39,ok
US 1786,COS,,lcob07d2q_x1d.fits,3.39,ok
US 1786,COS,,lcob07d8q_x1d.fits,3.39,ok
US 1786,COS,,lcob07daq_x1d.fits,3.39,ok
US 1786,COS,,lcob13010_x1dsum.fits,1.817,ok
US 1786,COS,,lcob13ayq_x1d.fits,3.39,ok
US 1786,COS,,lcob13bfq_x1d.fits,3.39,ok
US 1786,COS,,lcob13bnq_x1d.fits,3.39,ok
US 1786,COS,,lcob13bwq_x1d.fits,3.39,ok
US 1786,STIS,,ocuv06010_sx1.fits,0.081,ok
US 1867,COS,,lccl08010_x1dsum.fits,1.814,ok
US 1867,COS,,lccl08020_x1dsum.fits,0.245,ok
US 1867,COS,,lccl08o3q_x1d.fits,3.39,ok
US 1867,COS,,lccl08o6q_x1d.fits,3.39,ok
US 1867,COS,,lccl08odq_x1d.fits,3.39,ok
US 1867,COS,,lccl08oiq_x1d.fits,3.39,ok
US 1867,COS,,lccl08opq_x1d.fits,3.39,ok
US 1867,COS,,lccl08osq_x1d.fits,0.429,ok
US 1867,COS,,lccl08ozq_x1d.fits,0.429,ok
US 1867,COS,,lccl08p2q_x1d.fits,0.429,ok
US 1867,COS,,lccl08p9q_x1d.fits,0.429,ok
US 1867,COS,,lccl09010_x1dsum.fits,1.814,ok
US 1867,COS,,lccl09020_x1dsum.fits,0.245,ok
US 1867,COS,,lccl09tpq_x1d.fits,3.39,ok
US 1867,COS,,lccl09tuq_x1d.fits,3.39,ok
US 1867,COS,,lccl09u1q_x1d.fits,3.39,ok
US 1867,COS,,lccl09u4q_x1d.fits,3.39,ok
US 1867,COS,,lccl09ubq_x1d.fits,3.39,ok
US 1867,COS,,lccl09ueq_x1d.fits,0.429,ok
US 1867,COS,,lccl09ulq_x1d.fits,0.429,ok
US 1867,COS,,lccl09uqq_x1d.fits,0.429,ok
US 1867,COS,,lccl09uwq_x1d.fits,0.429,ok
US 1867,COS,,lccl10010_x1dsum.fits,1.814,ok
US 1867,COS,,lccl10020_x1dsum.fits,0.245,ok
US 1867,COS,,lccl10rqq_x1d.fits,3.39,ok
US 1867,COS,,lccl10rvq_x1d.fits,3.39,ok
US 1867,COS,,lccl10s3q_x1d.fits,0.429,ok
US 1867,COS,,lccl10sbq_x1d.fits,0.429,ok
US 1867,COS,,lccl10seq_x1d.fits,0.429,ok
US 1867,COS,,lccl10smq_x1d.fits,0.429,ok
US 1867,COS,,lccl11010_x1dsum.fits,1.814,ok
US 1867,COS,,lccl11vbq_x1d.fits,3.39,ok
US 1867,COS,,lccl11voq_x1d.fits,3.39,ok
US 1867,COS,,lccl11w6q_x1d.fits,3.39,ok
US 1867,COS,,lccl11x4q_x1d.fits,3.39,ok
US 1867,FOS,,y0rv0303t_c0f.fits,0.4,ok
US 1867,FOS,,y0rv0303t_c1f.fits,0.4,ok
US 1867,FOS,,y0rv0303t_c2f.fits,0.4,ok
US 1867,FOS,,y0rv0303t_c4f.fits,0.4,ok
US 1867,FOS,,y0rv0303t_c5f.fits,0.4,ok
US 1867,FOS,,y0rv0303t_c7f.fits,0.4,ok
US 1867,FOS,,y0rv0304t_c0f.fits,0.4,ok
US 1867,FOS,,y0rv0304t_c1f.fits,0.4,ok
US 1867,FOS,,y0rv0304t_c2f.fits,0.4,ok
US 1867,FOS,,y0rv0304t_c4f.fits,0.4,ok
US 1867,FOS,,y0rv0304t_c5f.fits,0.4,ok
US 1867,FOS,,y0rv0304t_c7f.fits,0.4,ok
US 1867,FOS,,y0rv0305t_c0f.fits,0.4,ok
US 1867,FOS,,y0rv0305t_c1f.fits,0.4,ok
US 1867,FOS,,y0rv0305t_c2f.fits,0.4,ok
US 1867,FOS,,y0rv0305t_c4f.fits,0.4,ok
US 1867,FOS,,y0rv0305t_c5f.fits,0.4,ok
US 1867,FOS,,y0rv0305t_c7f.fits,0.4,ok
US 1867,FOS,,y0rv0306t_c0f.fits,0.415,ok
US 1867,FOS,,y0rv0306t_c1f.fits,0.415,ok
US 1867,FOS,,y0rv0306t_c2f.fits,0.415,ok
US 1867,FOS,,y0rv0306t_c4f.fits,0.415,ok
US 1867,FOS,,y0rv0306t_c5f.fits,0.415,ok
US 1867,FOS,,y0rv0306t_c7f.fits,0.415,ok
US 1867,FOS,,y0rv0401t_c0f.fits,0.158,ok
US 1867,FOS,,y0rv0401t_c1f.fits,0.158,ok
US 1867,FOS,,y0rv0401t_c2f.fits,0.158,ok
US 1867,FOS,,y0rv0401t_c4f.fits,0.158,ok
US 1867,FOS,,y0rv0401t_c5f.fits,0.158,ok
US 1867,FOS,,y0rv0401t_c7f.fits,0.158,ok
US 737,STIS,,ocuv08010_sx1.fits,0.081,ok
Z 229-15,STIS,,oc1506010_x1d.fits,0.081,ok
Z 229-15,STIS,,oc1506020_x1d.fits,0.081,ok
Z 229-15,STIS,,oc1506030_x1d.fits,0.081,ok
Z 229-15,STIS,,oc1506040_x1d.fits,0.078,ok
Z 229-15,STIS,,oc1506050_x1d.fits,0.078,ok
Z 229-15,STIS,,oc1506060_x1d.fits,0.078,ok
Z 229-15,STIS,,oc1506070_x1d.fits,0.078,ok
Z 229-15,STIS,,oc1506080_x1d.fits,0.078,ok
Z 291-51,STIS,,o5ew02010_x1d.fits,0.078,ok
Z 291-51,STIS,,o5ew02020_x1d.fits,0.078,ok
Z 291-51,STIS,,o5ew02030_x1d.fits,0.078,ok
Z 291-51,STIS,,o5ew02040_x1d.fits,0.078,ok
Z 291-51,STIS,,o5ew02050_x1d.fits,0.078,ok
Z 291-51,STIS,,oc1505010_x1d.fits,0.081,ok
Z 291-51,STIS,,oc1505020_x1d.fits,0.081,ok
Z 291-51,STIS,,oc1505030_x1d.fits,0.081,ok
Z 291-51,STIS,,oc1505040_x1d.fits,0.078,ok
Z 291-51,STIS,,oc1505050_x1d.fits,0.078,ok
Z 291-51,STIS,,oc1505060_x1d.fits,0.078,ok
Z 291-51,STIS,,oc1505070_x1d.fits,0.078,ok
Z 291-51,STIS,,oc1505080_x1d.fits,0.078,ok
Z 535-12,COS,,lcxv02010_x1dsum.fits,0.04,ok
Z 535-12,COS,,lcxv02020_x1dsum.fits,1.814,ok
Z 535-12,COS,,lcxv02030_x1dsum.fits,1.814,ok
Z 535-12,COS,,lcxv02040_x1dsum.fits,1.814,ok
Z 535-12,COS,,lcxv02chq_x1d.fits,0.04,ok
Z 535-12,COS,,lcxv02cjq_x1d.fits,0.04,ok
Z 535-12,COS,,lcxv02clq_x1d.fits,0.04,ok
Z 535-12,COS,,lcxv02cnq_x1d.fits,0.04,ok
Z 535-12,COS,,lcxv02d2q_x1d.fits,3.39,ok
Z 535-12,COS,,lcxv02d4q_x1d.fits,3.39,ok
Z 535-12,COS,,lcxv02d6q_x1d.fits,3.39,ok
Z 535-12,COS,,lcxv02d8q_x1d.fits,3.39,ok
Z 535-12,COS,,lcxv02daq_x1d.fits,3.39,ok
Z 535-12,COS,,lcxv02ddq_x1d.fits,3.39,ok
Z 535-12,COS,,lcxv02dfq_x1d.fits,3.39,ok
Z 535-12,COS,,lcxv02dhq_x1d.fits,3.39,ok
Z 535-12,COS,,lcxv02djq_x1d.fits,3.39,ok
Z 535-12,COS,,lcxv02dlq_x1d.fits,3.39,ok
Z 535-12,COS,,lcxv02dnq_x1d.fits,3.39,ok
Z 535-12,COS,,lcxv02dzq_x1d.fits,3.39,ok
Z 535-12,COS,,lcxv24010_x1dsum.fits,1.814,ok
Z 535-12,COS,,lcxv24020_x1dsum.fits,1.814,ok
Z 535-12,COS,,lcxv24030_x1dsum.fits,0.04,ok
Z 535-12,COS,,lcxv24040_x1dsum.fits,0.04,ok
Z 535-12,COS,,lcxv24fpq_x1d.fits,3.39,ok
Z 535-12,COS,,lcxv24g9q_x1d.fits,3.39,ok
Z 535-12,COS,,lcxv24gbq_x1d.fits,3.39,ok
Z 535-12,COS,,lcxv24gdq_x1d.fits,3.39,ok
Z 535-12,COS,,lcxv24gfq_x1d.fits,3.39,ok
Z 535-12,COS,,lcxv24hnq_x1d.fits,0.046,ok
Z 535-12,COS,,lcxv24hpq_x1d.fits,0.046,ok
Z 535-12,COS,,lcxv24hsq_x1d.fits,0.046,ok
Z 535-12,COS,,lcxv24huq_x1d.fits,0.043,ok
Z 535-12,COS,,lcxv24hwq_x1d.fits,0.043,ok
Z 535-12,COS,,lcxv24i3q_x1d.fits,0.04,ok
Z 535-12,COS,,lcxv24i5q_x1d.fits,0.04,ok
Z 535-12,COS,,lcxv24i7q_x1d.fits,0.04,ok
Z 535-12,COS,,lcxv24i9q_x1d.fits,0.04,ok
Z 535-12,COS,,lcxv24ibq_x1d.fits,0.04,ok
Z 535-12,COS,,lcxv24idq_x1d.fits,0.04,ok
Z 535-12,COS,,lcxv25010_x1dsum.fits,1.814,ok
Z 535-12,COS,,lcxv25020_x1dsum.fits,1.814,ok
Z 535-12,COS,,lcxv25030_x1dsum.fits,1.814,ok
Z 535-12,COS,,lcxv25040_x1dsum.fits,1.814,ok
Z 535-12,COS,,lcxv25agq_x1d.fits,3.39,ok
Z 535-12,COS,,lcxv25b9q_x1d.fits,3.39,ok
Z 535-12,COS,,lcxv25bbq_x1d.fits,3.39,ok
Z 535-12,COS,,lcxv25bdq_x1d.fits,3.39,ok
Z 535-12,COS,,lcxv25bnq_x1d.fits,3.39,ok
Z 535-12,COS,,lcxv25bpq_x1d.fits,3.39,ok
Z 535-12,COS,,lcxv25bsq_x1d.fits,3.39,ok
Z 535-12,COS,,lcxv25byq_x1d.fits,3.39,ok
Z 535-12,COS,,lcxv25c0q_x1d.fits,3.39,ok
Z 535-12,COS,,lcxv25c2q_x1d.fits,3.39,ok
Z 535-12,COS,,lcxv25c4q_x1d.fits,3.39,ok
Z 535-12,COS,,lcxv25c6q_x1d.fits,3.39,ok
Z 535-12,COS,,lcxv25c8q_x1d.fits,3.39,ok
Z 535-12,COS,,lcxv25caq_x1d.fits,3.39,ok
Z 535-12,COS,,lcxv25ccq_x1d.fits,3.39,ok
Z 535-12,COS,,lcxv25csq_x1d.fits,3.39,ok
ZTF J004818.97+394111.8,COS,,lb4f07010_x1dsum.fits,1.944,ok
ZTF J004818.97+394111.8,COS,,lb4f07020_x1dsum.fits,1.944,ok
ZTF J004818.97+394111.8,COS,,lb4f07030_x1dsum.fits,1.944,ok
ZTF J004818.97+394111.8,COS,,lb4f07040_x1dsum.fits,1.944,ok
ZTF J004818.97+394111.8,COS,,lb4f07050_x1dsum.fits,1.944,ok
ZTF J004818.97+394111.8,COS,,lb4f07ixq_x1d.fits,3.39,ok
ZTF J004818.97+394111.8,COS,,lb4f07izq_x1d.fits,3.39,ok
ZTF J004818.97+394111.8,COS,,lb4f07k0q_x1d.fits,3.39,ok
ZTF J004818.97+394111.8,COS,,lb4f07k4q_x1d.fits,3.39,ok
ZTF J004818.97+394111.8,COS,,lb4f07k6q_x1d.fits,3.39,ok
ZTF J004818.97+394111.8,COS,,lb4f56010_x1dsum.fits,1.944,ok
ZTF J004818.97+394111.8,COS,,lb4f56020_x1dsum.fits,1.944,ok
ZTF J004818.97+394111.8,COS,,lb4f56030_x1dsum.fits,1.944,ok
ZTF J004818.97+394111.8,COS,,lb4f56040_x1dsum.fits,1.944,ok
ZTF J004818.97+394111.8,COS,,lb4f56ouq_x1d.fits,3.39,ok
ZTF J004818.97+394111.8,COS,,lb4f56owq_x1d.fits,3.39,ok
ZTF J004818.97+394111.8,COS,,lb4f56oyq_x1d.fits,3.39,ok
ZTF J004818.97+394111.8,COS,,lb4f56p0q_x1d.fits,3.39,ok
ZTF J140251.20+263117.6,COS,,le2j18010_x1dsum.fits,0.933,ok
ZTF J140251.20+263117.6,COS,,le2j18liq_x1d.fits,1.719,ok
ZTF J140251.20+263117.6,COS,,le2j18lkq_x1d.fits,1.719,ok
ZTF J140251.20+263117.6,COS,,le2j18lmq_x1d.fits,1.719,ok
ZTF J140251.20+263117.6,COS,,le2j18loq_x1d.fits,1.719,ok
[HB91] 1410+525,STIS,,of7v15010_x1d.fits,0.078,ok
[HB91] 1410+525,STIS,,of7v15020_x1d.fits,0.078,ok
[OKM2018] SWIFT J0056.9+1472,COS,,lf1320010_x1dsum.fits,0.259,ok
[OKM2018] SWIFT J0056.9+1472,COS,,lf1320020_x1dsum.fits,1.817,ok
[OKM2018] SWIFT J0056.9+1472,COS,,lf1320j1q_x1d.fits,0.429,ok
[OKM2018] SWIFT J0056.9+1472,COS,,lf1320j3q_x1d.fits,3.39,ok
[OKM2018] SWIFT J0056.9+1472,COS,,lf1320j5q_x1d.fits,3.39,ok
[OKM2018] SWIFT J1104.8+7689,STIS,,o6ct23010_sx1.fits,0.081,ok
[OKM2018] SWIFT J1104.8+7689,STIS,,o6e124010_x1d.fits,1.757,ok
[OKM2018] SWIFT J1104.8+7689,STIS,,o6e124020_x1d.fits,1.757,ok
[OKM2018] SWIFT J1104.8+7689,STIS,,o6e124030_x1d.fits,1.757,ok
[OKM2018] SWIFT J1104.8+7689,STIS,,o6e125010_x1d.fits,1.757,ok
[OKM2018] SWIFT J1104.8+7689,STIS,,o6e125020_x1d.fits,1.757,ok
[OKM2018] SWIFT J1104.8+7689,STIS,,o6e125030_x1d.fits,1.757,ok
[OKM2018] SWIFT J1104.8+7689,STIS,,o6e126010_x1d.fits,1.757,ok
[OKM2018] SWIFT J1104.8+7689,STIS,,o6e126020_x1d.fits,1.757,ok
[OKM2018] SWIFT J1104.8+7689,STIS,,o6e126030_x1d.fits,1.757,ok
[OKM2018] SWIFT J1104.8+7689,STIS,,o6e127010_x1d.fits,1.757,ok
[OKM2018] SWIFT J1104.8+7689,STIS,,o6e127020_x1d.fits,1.757,ok
[OKM2018] SWIFT J1104.8+7689,STIS,,o6e127030_x1d.fits,1.757,ok
[OKM2018] SWIFT J1104.8+7689,STIS,,o6e128010_x1d.fits,1.757,ok
[OKM2018] SWIFT J1104.8+7689,STIS,,o6e128020_x1d.fits,1.757,ok
[OKM2018] SWIFT J1104.8+7689,STIS,,o6e128030_x1d.fits,1.757,ok
[OKM2018] SWIFT J1104.8+7689,STIS,,o6e129010_x1d.fits,1.757,ok
[OKM2018] SWIFT J1104.8+7689,STIS,,o6e129020_x1d.fits,1.757,ok
[OKM2018] SWIFT J1104.8+7689,STIS,,o6e129030_x1d.fits,1.757,ok
[OKM2018] SWIFT J1104.8+7689,STIS,,o6e129040_x1d.fits,1.757,ok
[OKM2018] SWIFT J1104.8+7689,STIS,,o6e130010_x1d.fits,1.757,ok
[OKM2018] SWIFT J1104.8+7689,STIS,,o6e130020_x1d.fits,1.757,ok
[OKM2018] SWIFT J1104.8+7689,STIS,,o6e130030_x1d.fits,1.757,ok
[OKM2018] SWIFT J1104.8+7689,STIS,,o6e130040_x1d.fits,1.757,ok
[OKM2018] SWIFT J1104.8+7689,STIS,,of9m18010_x1d.fits,0.078,ok
[OKM2018] SWIFT J1104.8+7689,STIS,,of9m18020_x1d.fits,0.078,ok
[OKM2018] SWIFT J1104.8+7689,STIS,,of9m18030_sx1.fits,0.081,ok
[OKM2018] SWIFT J1104.8+7689,STIS,,of9m18040_sx1.fits,0.081,ok
[OKM2018] SWIFT J1104.8+7689,FOS,,y0rv0v03t_c0f.fits,0.469,ok
[OKM2018] SWIFT J1104.8+7689,FOS,,y0rv0v03t_c1f.fits,0.469,ok
[OKM2018] SWIFT J1104.8+7689,FOS,,y0rv0v03t_c2f.fits,0.469,ok
[OKM2018] SWIFT J1104.8+7689,FOS,,y0rv0v03t_c4f.fits,0.469,ok
[OKM2018] SWIFT J1104.8+7689,FOS,,y0rv0v03t_c5f.fits,0.469,ok
[OKM2018] SWIFT J1104.8+7689,FOS,,y0rv0v03t_c7f.fits,0.469,ok
[OKM2018] SWIFT J1104.8+7689,FOS,,y0rv0v04t_c0f.fits,0.469,ok
[OKM2018] SWIFT J1104.8+7689,FOS,,y0rv0v04t_c1f.fits,0.469,ok
[OKM2018] SWIFT J1104.8+7689,FOS,,y0rv0v04t_c2f.fits,0.469,ok
[OKM2018] SWIFT J1104.8+7689,FOS,,y0rv0v04t_c4f.fits,0.469,ok
[OKM2018] SWIFT J1104.8+7689,FOS,,y0rv0v04t_c5f.fits,0.469,ok
[OKM2018] SWIFT J1104.8+7689,FOS,,y0rv0v04t_c7f.fits,0.469,ok
[OKM2018] SWIFT J1104.8+7689,FOS,,y0rv0v05t_c0f.fits,0.469,ok
[OKM2018] SWIFT J1104.8+7689,FOS,,y0rv0v05t_c1f.fits,0.469,ok
[OKM2018] SWIFT J1104.8+7689,FOS,,y0rv0v05t_c2f.fits,0.469,ok
[OKM2018] SWIFT J1104.8+7689,FOS,,y0rv0v05t_c4f.fits,0.469,ok
[OKM2018] SWIFT J1104.8+7689,FOS,,y0rv0v05t_c5f.fits,0.469,ok
[OKM2018] SWIFT J1104.8+7689,FOS,,y0rv0v05t_c7f.fits,0.469,ok
[OKM2018] SWIFT J1104.8+7689,FOS,,y0rv0v06t_c0f.fits,0.492,ok
[OKM2018] SWIFT J1104.8+7689,FOS,,y0rv0v06t_c1f.fits,0.492,ok
[OKM2018] SWIFT J1104.8+7689,FOS,,y0rv0v06t_c2f.fits,0.492,ok
[OKM2018] SWIFT J1104.8+7689,FOS,,y0rv0v06t_c4f.fits,0.492,ok
[OKM2018] SWIFT J1104.8+7689,FOS,,y0rv0v06t_c5f.fits,0.492,ok
[OKM2018] SWIFT J1104.8+7689,FOS,,y0rv0v06t_c7f.fits,0.492,ok
[OKM2018] SWIFT J1104.8+7689,FOS,,y0rv0v07t_c0f.fits,0.158,ok
[OKM2018] SWIFT J1104.8+7689,FOS,,y0rv0v07t_c1f.fits,0.158,ok
[OKM2018] SWIFT J1104.8+7689,FOS,,y0rv0v07t_c2f.fits,0.158,ok
[OKM2018] SWIFT J1104.8+7689,FOS,,y0rv0v07t_c4f.fits,0.158,ok
[OKM2018] SWIFT J1104.8+7689,FOS,,y0rv0v07t_c5f.fits,0.158,ok
[OKM2018] SWIFT J1104.8+7689,FOS,,y0rv0v07t_c7f.fits,0.158,ok
[OKM2018] SWIFT J1104.8+7689,FOS,,y1dc0103t_c0f.fits,0.66,ok
[OKM2018] SWIFT J1104.8+7689,FOS,,y1dc0103t_c1f.fits,0.66,ok
[OKM2018] SWIFT J1104.8+7689,FOS,,y1dc0103t_c2f.fits,0.66,ok
[OKM2018] SWIFT J1104.8+7689,FOS,,y1dc0103t_c4f.fits,0.66,ok
[OKM2018] SWIFT J1104.8+7689,FOS,,y1dc0103t_c5f.fits,0.66,ok
[OKM2018] SWIFT J1104.8+7689,FOS,,y1dc0103t_c7f.fits,0.66,ok
[OKM2018] SWIFT J1104.8+7689,FOS,,y1dc0104t_c0f.fits,0.66,ok
[OKM2018] SWIFT J1104.8+7689,FOS,,y1dc0104t_c1f.fits,0.66,ok
[OKM2018] SWIFT J1104.8+7689,FOS,,y1dc0104t_c2f.fits,0.66,ok
[OKM2018] SWIFT J1104.8+7689,FOS,,y1dc0104t_c4f.fits,0.66,ok
[OKM2018] SWIFT J1104.8+7689,FOS,,y1dc0104t_c5f.fits,0.66,ok
[OKM2018] SWIFT J1104.8+7689,FOS,,y1dc0104t_c7f.fits,0.66,ok
[OKM2018] SWIFT J1104.8+7689,FOS,,y1dc0105t_c0f.fits,0.66,ok
[OKM2018] SWIFT J1104.8+7689,FOS,,y1dc0105t_c1f.fits,0.66,ok
[OKM2018] SWIFT J1104.8+7689,FOS,,y1dc0105t_c2f.fits,0.66,ok
[OKM2018] SWIFT J1104.8+7689,FOS,,y1dc0105t_c4f.fits,0.66,ok
[OKM2018] SWIFT J1104.8+7689,FOS,,y1dc0105t_c5f.fits,0.66,ok
[OKM2018] SWIFT J1104.8+7689,FOS,,y1dc0105t_c7f.fits,0.66,ok
[OKM2018] SWIFT J1104.8+7689,FOS,,y1dc0106t_c0f.fits,0.66,ok
[OKM2018] SWIFT J1104.8+7689,FOS,,y1dc0106t_c1f.fits,0.66,ok
[OKM2018] SWIFT J1104.8+7689,FOS,,y1dc0106t_c2f.fits,0.66,ok
[OKM2018] SWIFT J1104.8+7689,FOS,,y1dc0106t_c4f.fits,0.66,ok
[OKM2018] SWIFT J1104.8+7689,FOS,,y1dc0106t_c5f.fits,0.66,ok
[OKM2018] SWIFT J1104.8+7689,FOS,,y1dc0106t_c7f.fits,0.66,ok
[OKM2018] SWIFT J1104.8+7689,FOS,,y1dc0107t_c0f.fits,0.66,ok
[OKM2018] SWIFT J1104.8+7689,FOS,,y1dc0107t_c1f.fits,0.66,ok
[OKM2018] SWIFT J1104.8+7689,FOS,,y1dc0107t_c2f.fits,0.66,ok
[OKM2018] SWIFT J1104.8+7689,FOS,,y1dc0107t_c4f.fits,0.66,ok
[OKM2018] SWIFT J1104.8+7689,FOS,,y1dc0107t_c5f.fits,0.66,ok
[OKM2018] SWIFT J1104.8+7689,FOS,,y1dc0107t_c7f.fits,0.66,ok
[OKM2018] SWIFT J1104.8+7689,FOS,,y1dc0108t_c0f.fits,0.66,ok
[OKM2018] SWIFT J1104.8+7689,FOS,,y1dc0108t_c1f.fits,0.66,ok
[OKM2018] SWIFT J1104.8+7689,FOS,,y1dc0108t_c2f.fits,0.66,ok
[OKM2018] SWIFT J1104.8+7689,FOS,,y1dc0108t_c4f.fits,0.66,ok
[OKM2018] SWIFT J1104.8+7689,FOS,,y1dc0108t_c5f.fits,0.66,ok
[OKM2018] SWIFT J1104.8+7689,FOS,,y1dc0108t_c7f.fits,0.66,ok
[OKM2018] SWIFT J1104.8+7689,FOS,,y1dc0109t_c0f.fits,0.648,ok
[OKM2018] SWIFT J1104.8+7689,FOS,,y1dc0109t_c1f.fits,0.648,ok
[OKM2018] SWIFT J1104.8+7689,FOS,,y1dc0109t_c2f.fits,0.648,ok
[OKM2018] SWIFT J1104.8+7689,FOS,,y1dc0109t_c4f.fits,0.648,ok
[OKM2018] SWIFT J1104.8+7689,FOS,,y1dc0109t_c5f.fits,0.648,ok
[OKM2018] SWIFT J1104.8+7689,FOS,,y1dc0109t_c7f.fits,0.648,ok
[OKM2018] SWIFT J1357.0+1929,COS,,lccl12010_x1dsum.fits,1.814,ok
[OKM2018] SWIFT J1357.0+1929,COS,,lccl12020_x1dsum.fits,0.245,ok
[OKM2018] SWIFT J1357.0+1929,COS,,lccl12030_x1dsum.fits,0.245,ok
[OKM2018] SWIFT J1357.0+1929,COS,,lccl12duq_x1d.fits,3.39,ok
[OKM2018] SWIFT J1357.0+1929,COS,,lccl12dzq_x1d.fits,3.39,ok
[OKM2018] SWIFT J1357.0+1929,COS,,lccl12eaq_x1d.fits,3.39,ok
[OKM2018] SWIFT J1357.0+1929,COS,,lccl12ehq_x1d.fits,3.39,ok
[OKM2018] SWIFT J1357.0+1929,COS,,lccl12faq_x1d.fits,0.429,ok
[OKM2018] SWIFT J1357.0+1929,COS,,lccl12fiq_x1d.fits,0.429,ok
[OKM2018] SWIFT J1357.0+1929,COS,,lccl12foq_x1d.fits,0.429,ok
[OKM2018] SWIFT J1357.0+1929,COS,,lccl12fzq_x1d.fits,0.429,ok
[OKM2018] SWIFT J1357.0+1929,COS,,lccl12grq_x1d.fits,0.429,ok
[OKM2018] SWIFT J1357.0+1929,COS,,lccl12gzq_x1d.fits,0.429,ok
[OKM2018] SWIFT J1357.0+1929,COS,,lccl13010_x1dsum.fits,1.814,ok
[OKM2018] SWIFT J1357.0+1929,COS,,lccl13020_x1dsum.fits,0.245,ok
[OKM2018] SWIFT J1357.0+1929,COS,,lccl13030_x1dsum.fits,0.245,ok
[OKM2018] SWIFT J1357.0+1929,COS,,lccl13a1q_x1d.fits,0.429,ok
[OKM2018] SWIFT J1357.0+1929,COS,,lccl13xfq_x1d.fits,3.39,ok
[OKM2018] SWIFT J1357.0+1929,COS,,lccl13xkq_x1d.fits,3.39,ok
[OKM2018] SWIFT J1357.0+1929,COS,,lccl13xpq_x1d.fits,3.39,ok
[OKM2018] SWIFT J1357.0+1929,COS,,lccl13xwq_x1d.fits,3.39,ok
[OKM2018] SWIFT J1357.0+1929,COS,,lccl13xzq_x1d.fits,0.429,ok
[OKM2018] SWIFT J1357.0+1929,COS,,lccl13y7q_x1d.fits,0.429,ok
[OKM2018] SWIFT J1357.0+1929,COS,,lccl13yaq_x1d.fits,0.429,ok
[OKM2018] SWIFT J1357.0+1929,COS,,lccl13yoq_x1d.fits,0.429,ok
[OKM2018] SWIFT J1357.0+1929,COS,,lccl13zsq_x1d.fits,0.429,ok
[OKM2018] SWIFT J1357.0+1929,FOS,,y0rv1303t_c0f.fits,0.461,ok
[OKM2018] SWIFT J1357.0+1929,FOS,,y0rv1303t_c1f.fits,0.461,ok
[OKM2018] SWIFT J1357.0+1929,FOS,,y0rv1303t_c2f.fits,0.461,ok
[OKM2018] SWIFT J1357.0+1929,FOS,,y0rv1303t_c4f.fits,0.461,ok
[OKM2018] SWIFT J1357.0+1929,FOS,,y0rv1303t_c5f.fits,0.461,ok
[OKM2018] SWIFT J1357.0+1929,FOS,,y0rv1303t_c7f.fits,0.461,ok
[OKM2018] SWIFT J1357.0+1929,FOS,,y0rv1304t_c0f.fits,0.461,ok
[OKM2018] SWIFT J1357.0+1929,FOS,,y0rv1304t_c1f.fits,0.461,ok
[OKM2018] SWIFT J1357.0+1929,FOS,,y0rv1304t_c2f.fits,0.461,ok
[OKM2018] SWIFT J1357.0+1929,FOS,,y0rv1304t_c4f.fits,0.461,ok
[OKM2018] SWIFT J1357.0+1929,FOS,,y0rv1304t_c5f.fits,0.461,ok
[OKM2018] SWIFT J1357.0+1929,FOS,,y0rv1304t_c7f.fits,0.461,ok
[OKM2018] SWIFT J1357.0+1929,FOS,,y0rv1305t_c0f.fits,0.297,ok
[OKM2018] SWIFT J1357.0+1929,FOS,,y0rv1305t_c1f.fits,0.297,ok
[OKM2018] SWIFT J1357.0+1929,FOS,,y0rv1305t_c2f.fits,0.297,ok
[OKM2018] SWIFT J1357.0+1929,FOS,,y0rv1305t_c4f.fits,0.297,ok
[OKM2018] SWIFT J1357.0+1929,FOS,,y0rv1305t_c5f.fits,0.297,ok
[OKM2018] SWIFT J1357.0+1929,FOS,,y0rv1305t_c7f.fits,0.297,ok
[OKM2018] SWIFT J1357.0+1929,FOS,,y0rv1306t_c0f.fits,0.158,ok
[OKM2018] SWIFT J1357.0+1929,FOS,,y0rv1306t_c1f.fits,0.158,ok
[OKM2018] SWIFT J1357.0+1929,FOS,,y0rv1306t_c2f.fits,0.158,ok
[OKM2018] SWIFT J1357.0+1929,FOS,,y0rv1306t_c4f.fits,0.158,ok
[OKM2018] SWIFT J1357.0+1929,FOS,,y0rv1306t_c5f.fits,0.158,ok
[OKM2018] SWIFT J1357.0+1929,FOS,,y0rv1306t_c7f.fits,0.158,ok
[OKM2018] SWIFT J1357.0+1929,FOS,,y12b0802t_c0f.fits,0.066,ok
[OKM2018] SWIFT J1357.0+1929,FOS,,y12b0802t_c1f.fits,0.066,ok
[OKM2018] SWIFT J1357.0+1929,FOS,,y12b0802t_c2f.fits,0.066,ok
[OKM2018] SWIFT J1357.0+1929,FOS,,y12b0802t_c4f.fits,0.066,ok
[OKM2018] SWIFT J1357.0+1929,FOS,,y12b0802t_c5f.fits,0.066,ok
[OKM2018] SWIFT J1357.0+1929,FOS,,y12b0802t_c7f.fits,0.066,ok
[OKM2018] SWIFT J1357.0+1929,FOS,,y12b0803t_c0f.fits,0.04,ok
[OKM2018] SWIFT J1357.0+1929,FOS,,y12b0803t_c1f.fits,0.04,ok
[OKM2018] SWIFT J1357.0+1929,FOS,,y12b0803t_c2f.fits,0.04,ok
[OKM2018] SWIFT J1357.0+1929,FOS,,y12b0803t_c4f.fits,0.04,ok
[OKM2018] SWIFT J1357.0+1929,FOS,,y12b0803t_c5f.fits,0.04,ok
[OKM2018] SWIFT J1357.0+1929,FOS,,y12b0803t_c7f.fits,0.04,ok
[OKM2018] SWIFT J1357.0+1929,FOS,,y12b0804t_c0f.fits,0.04,ok
[OKM2018] SWIFT J1357.0+1929,FOS,,y12b0804t_c1f.fits,0.04,ok
[OKM2018] SWIFT J1357.0+1929,FOS,,y12b0804t_c2f.fits,0.04,ok
[OKM2018] SWIFT J1357.0+1929,FOS,,y12b0804t_c4f.fits,0.04,ok
[OKM2018] SWIFT J1357.0+1929,FOS,,y12b0804t_c5f.fits,0.04,ok
[OKM2018] SWIFT J1357.0+1929,FOS,,y12b0804t_c7f.fits,0.04,ok
[VV2000] J113923.7+002301,STIS,,ocuv16010_sx1.fits,0.081,ok
[VV2006] J075620.1+304535,COS,,lb1407010_x1dsum.fits,1.817,ok
[VV2006] J075620.1+304535,COS,,lb1407c5q_x1d.fits,3.39,ok
[VV2006] J075620.1+304535,COS,,lb1407c9q_x1d.fits,3.39,ok
[VV2006] J075620.1+304535,COS,,lb1407cgs_x1d.fits,3.39,ok
[VV2006] J075620.1+304535,COS,,lb1407cpq_x1d.fits,3.39,ok
[VV2006] J083510.4+035901,STIS,,ocuv05010_sx1.fits,0.081,ok
[VV2006] J095632.5+512824,STIS,,oe3003010_x1d.fits,0.132,ok
[VV2006] J103928.1+392342,COS,,ldi317010_x1dsum.fits,0.245,ok
[VV2006] J103928.1+392342,COS,,ldi317020_x1dsum.fits,0.259,ok
[VV2006] J103928.1+392342,COS,,ldi317030_x1dsum.fits,1.814,ok
[VV2006] J103928.1+392342,COS,,ldi317040_x1dsum.fits,0.259,ok
[VV2006] J103928.1+392342,COS,,ldi317odq_x1d.fits,0.429,ok
[VV2006] J103928.1+392342,COS,,ldi317onq_x1d.fits,0.037,ok
[VV2006] J103928.1+392342,COS,,ldi317p9q_x1d.fits,0.429,ok
[VV2006] J103928.1+392342,COS,,ldi317pbq_x1d.fits,3.39,ok
[VV2006] J103928.1+392342,COS,,ldi317pdq_x1d.fits,3.39,ok
[VV2006] J103928.1+392342,COS,,ldi317piq_x1d.fits,3.39,ok
[VV2006] J103928.1+392342,COS,,ldi317puq_x1d.fits,3.39,ok
[VV2006] J103928.1+392342,COS,,ldi317pwq_x1d.fits,0.429,ok
[VV2006] J103928.1+392342,COS,,ldi330010_x1dsum.fits,0.245,ok
[VV2006] J103928.1+392342,COS,,ldi330bbq_x1d.fits,0.429,ok
[VV2006] J103928.1+392342,COS,,ldi330bdq_x1d.fits,0.429,ok
[VV2006] J104839.4+442820,COS,,ldi314010_x1dsum.fits,0.245,ok
[VV2006] J104839.4+442820,COS,,ldi314020_x1dsum.fits,0.245,ok
[VV2006] J104839.4+442820,COS,,ldi314030_x1dsum.fits,1.814,ok
[VV2006] J104839.4+442820,COS,,ldi314dsq_x1d.fits,0.429,ok
[VV2006] J104839.4+442820,COS,,ldi314dzq_x1d.fits,0.429,ok
[VV2006] J104839.4+442820,COS,,ldi314e5q_x1d.fits,0.429,ok
[VV2006] J104839.4+442820,COS,,ldi314edq_x1d.fits,0.429,ok
[VV2006] J104839.4+442820,COS,,ldi314egq_x1d.fits,0.429,ok
[VV2006] J104839.4+442820,COS,,ldi314ekq_x1d.fits,3.39,ok
[VV2006] J104839.4+442820,COS,,ldi314erq_x1d.fits,3.39,ok
[VV2006] J104839.4+442820,COS,,ldi314etq_x1d.fits,3.39,ok
[VV2006] J104839.4+442820,COS,,ldi314evq_x1d.fits,3.39,ok
[VV2006] J112317.5+051804,COS,,ldi321010_x1dsum.fits,0.245,ok
[VV2006] J112317.5+051804,COS,,ldi321020_x1dsum.fits,0.259,ok
[VV2006] J112317.5+051804,COS,,ldi321030_x1dsum.fits,1.814,ok
[VV2006] J112317.5+051804,COS,,ldi321040_x1dsum.fits,0.259,ok
[VV2006] J112317.5+051804,COS,,ldi321ifq_x1d.fits,0.429,ok
[VV2006] J112317.5+051804,COS,,ldi321ihq_x1d.fits,0.429,ok
[VV2006] J112317.5+051804,COS,,ldi321ijq_x1d.fits,0.429,ok
[VV2006] J112317.5+051804,COS,,ldi321ilq_x1d.fits,3.39,ok
[VV2006] J112317.5+051804,COS,,ldi321inq_x1d.fits,3.39,ok
[VV2006] J112317.5+051804,COS,,ldi321ipq_x1d.fits,3.39,ok
[VV2006] J112317.5+051804,COS,,ldi321irq_x1d.fits,3.39,ok
[VV2006] J112317.5+051804,COS,,ldi321itq_x1d.fits,0.429,ok
[VV2006] J123734.4+444731,COS,,leeo05010_x1dsum.fits,1.817,ok
[VV2006] J123734.4+444731,COS,,leeo05qxq_x1d.fits,3.39,ok
[VV2006] J123734.4+444731,COS,,leeo05r3q_x1d.fits,3.39,ok
[VV2006] J123734.4+444731,COS,,leeo05rdq_x1d.fits,3.39,ok
[VV2006] J123734.4+444731,COS,,leeo05rmq_x1d.fits,3.39,ok
[VV2006] J123734.4+444731,STIS,,ocuv17010_sx1.fits,0.081,ok
[VV2006] J134844.8+024948,COS,,ldi320010_x1dsum.fits,0.245,ok
[VV2006] J134844.8+024948,COS,,ldi320020_x1dsum.fits,0.245,ok
[VV2006] J134844.8+024948,COS,,ldi320030_x1dsum.fits,1.814,ok
[VV2006] J134844.8+024948,COS,,ldi320fhq_x1d.fits,0.429,ok
[VV2006] J134844.8+024948,COS,,ldi320fkq_x1d.fits,0.429,ok
[VV2006] J134844.8+024948,COS,,ldi320g0q_x1d.fits,0.429,ok
[VV2006] J134844.8+024948,COS,,ldi320g4q_x1d.fits,0.429,ok
[VV2006] J134844.8+024948,COS,,ldi320gcq_x1d.fits,0.429,ok
[VV2006] J134844.8+024948,COS,,ldi320ggq_x1d.fits,3.39,ok
[VV2006] J134844.8+024948,COS,,ldi320giq_x1d.fits,3.39,ok
[VV2006] J134844.8+024948,COS,,ldi320hcq_x1d.fits,3.39,ok
[VV2006] J134844.8+024948,COS,,ldi320heq_x1d.fits,3.39,ok
[VV2006] J142052.4+525621,STIS,,of7v13010_x1d.fits,0.078,ok
[VV2006] J142927.3+523849,COS,,lc2102010_x1dsum.fits,0.245,ok
[VV2006] J142927.3+523849,COS,,lc2102020_x1dsum.fits,0.259,ok
[VV2006] J142927.3+523849,COS,,lc2102gxq_x1d.fits,0.429,ok
[VV2006] J142927.3+523849,COS,,lc2102h2q_x1d.fits,0.429,ok
[VV2006] J142927.3+523849,COS,,lc2102hcq_x1d.fits,0.429,ok
[VV2006] J142927.3+523849,COS,,lc2102hmq_x1d.fits,0.429,ok
[VV2006] J142927.3+523849,COS,,lc2102hwq_x1d.fits,0.429,ok
[VV2006] J142927.3+523849,COS,,lc2103010_x1dsum.fits,0.245,ok
[VV2006] J142927.3+523849,COS,,lc2103020_x1dsum.fits,0.259,ok
[VV2006] J142927.3+523849,COS,,lc2103m4q_x1d.fits,0.429,ok
[VV2006] J142927.3+523849,COS,,lc2103m9q_x1d.fits,0.429,ok
[VV2006] J142927.3+523849,COS,,lc2103miq_x1d.fits,0.429,ok
[VV2006] J142927.3+523849,COS,,lc2103msq_x1d.fits,0.429,ok
[VV2006] J142927.3+523849,COS,,lc2103n7q_x1d.fits,0.429,ok
[VV2006] J234145.5-004640,STIS,,ocuv25010_sx1.fits,0.081,ok
[VV96] J125415.5+480850,STIS,,ocuv18010_sx1.fits,0.081,ok
[VV98] J102847.0+391758,COS,,lcld14010_x1dsum.fits,1.814,ok
[VV98] J102847.0+391758,COS,,lcld14auq_x1d.fits,3.39,ok
[VV98] J102847.0+391758,COS,,lcld14awq_x1d.fits,3.39,ok
[VV98] J102847.0+391758,COS,,lcld14b2q_x1d.fits,3.39,ok
[VV98] J102847.0+391758,COS,,lcld14b4q_x1d.fits,3.39,ok
