mast_target_name,ra_deg,dec_deg,em_min_aa,em_max_aa,obs_id,t_exptime,instrument,target_classification,proposal_id,calib_level,query_classif
2MASS J07505172+2454095,117.7154998734,24.90259851382,1568.0,3184.0,hst_hsla_2massj07505172p2454095--6563,3466.0,STIS,UAT=Seyfert galaxies; TIER1=Galaxy; TIER2=Active galaxy; TIER3=Seyfert galaxy,17511,3,*Active galaxy*
SDSS J141706.67+514340.2,214.27783696683,51.72778899675,1568.0,3184.0,hst_hsla_sdssj141706d67p514340d2--6230,4186.399125,STIS,UAT=Seyfert galaxies; TIER1=Galaxy; TIER2=Active galaxy; TIER3=Seyfert galaxy,16171,3,*Active galaxy*
SDSS J224548.24+331250.6,341.451004,33.21406999999999,5235.999999999999,10266.000000000002,hst_hsla_sdssj224548d24p331250d6--6557,4234.0,STIS,UAT=Quasars; TIER1=Galaxy; TIER2=Active galaxy; TIER3=Quasar,17423,3,*Active galaxy*
NGC 4314,185.63331812519,29.89557705725,2900.0,6867.0,hst_hsla_ngc4314--3904,1740.0,STIS,UAT=LINER galaxies; TIER1=Galaxy; TIER2=Active galaxy; TIER3=LINER,7361,3,*Active galaxy*
M 84,186.2655972083333,12.886983138888889,2900.0,5700.0,hst_hsla_m84--3895,1420.0,STIS,UAT=Seyfert galaxies; TIER1=Galaxy; TIER2=Active galaxy; TIER3=Seyfert galaxy,7566,3,*Active galaxy*
NGC 1700,74.23465036378,-4.86577630923,2900.0,8847.0,hst_hsla_ngc1700--3890,3153.0,STIS,UAT=Emission line galaxies; TIER1=Galaxy; TIER2=Active galaxy; TIER3=Emission line galaxy,MULTI,3,*Active galaxy*
3C 135,78.5348684213,0.9423663556500002,5235.999999999999,10266.000000000002,hst_hsla_3c135--3857,2020.0,STIS,UAT=Seyfert galaxies; TIER1=Galaxy; TIER2=Active galaxy; TIER3=Seyfert galaxy,7568,3,*Active galaxy*
HE 1029-1401,157.97632241064,-14.280938361769998,1194.0,1300.0,hst_hsla_he1029-1401--3916,7535.0,STIS,UAT=Seyfert galaxies; TIER1=Galaxy; TIER2=Active galaxy; TIER3=Seyfert galaxy,7345,3,*Active galaxy*
US 796,144.7375732252,41.47256021457,2898.0,3054.0000000000005,hst_hsla_us796--4058,8155.0,STIS,UAT=Quasars; TIER1=Galaxy; TIER2=Active galaxy; TIER3=Quasar,7475,3,*Active galaxy*
Ton 1480,183.78846235412,33.16534427917,1140.0,1730.0,hst_hsla_ton1480--4115,8069.0,STIS,UAT=Quasars; TIER1=Galaxy; TIER2=Active galaxy; TIER3=Quasar,7291,3,*Active galaxy*
UVQS J045147.35+304713.0,72.947372118215,30.787018827985,5235.999999999999,10266.000000000002,hst_hsla_uvqsj045147d35p304713d0--4045,1800.0,STIS,UAT=Active galactic nuclei; TIER1=Galaxy; TIER2=Active galaxy; TIER3=AGN,7310,3,*Active galaxy*
SDSS J023437.62-084714.2,38.657166666670015,-8.787694444444,1194.0,1300.0,hst_hsla_sdssj023437d62-084714d2--3917,7556.0,STIS,UAT=Seyfert galaxies; TIER1=Galaxy; TIER2=Active galaxy; TIER3=Seyfert galaxy,7345,3,*Active galaxy*
QSO J2159-2417,329.85391668985,-24.29779998121,1568.0,3184.0,hst_hsla_qsoj2159-2417--4133,3358.0,STIS,UAT=Quasars; TIER1=Galaxy; TIER2=Active galaxy; TIER3=Quasar,8225,3,*Active galaxy*
QSO J1940-6907,295.10636729783334,-69.13249214874999,1140.0,1730.0,hst_hsla_qsoj1940-6907--3996,49518.23375,STIS,UAT=Quasars; TIER1=Galaxy; TIER2=Active galaxy; TIER3=Quasar,7272,3,*Active galaxy*
QSO J1348+2818,207.04903952925,28.30051167854,1140.0,1730.0,hst_hsla_qsoj1348p2818--4175,2342.0,STIS,UAT=Quasars; TIER1=Galaxy; TIER2=Active galaxy; TIER3=Quasar,8287,3,*Active galaxy*
QSO J1314-3105,198.73666666666665,-31.098638888888885,1140.0,1730.0,hst_hsla_qsoj1314-3105--4179,2360.0,STIS,UAT=Quasars; TIER1=Galaxy; TIER2=Active galaxy; TIER3=Quasar,8287,3,*Active galaxy*
QSO J2233-606,338.40658862764,-60.55809722026001,1140.0,5700.0,hst_hsla_qsoj2233-606--3913,150852.0,STIS,UAT=Quasars; TIER1=Galaxy; TIER2=Active galaxy; TIER3=Quasar,MULTI,3,*Active galaxy*
QSO J1210-2758,182.68242399506,-27.983049235829995,1568.0,3184.0,hst_hsla_qsoj1210-2758--4125,5071.0,STIS,UAT=Quasars; TIER1=Galaxy; TIER2=Active galaxy; TIER3=Quasar,8225,3,*Active galaxy*
QSO J0311-6039,47.77875,-60.650944444444434,1140.0,1730.0,hst_hsla_qsoj0311-6039--4180,2520.0,STIS,UAT=Quasars; TIER1=Galaxy; TIER2=Active galaxy; TIER3=Quasar,8287,3,*Active galaxy*
QSO J0304-2211,46.20777179637,-22.19774503543,1568.0,3184.0,hst_hsla_qsoj0304-2211--4056,21789.0,STIS,UAT=Quasars; TIER1=Galaxy; TIER2=Active galaxy; TIER3=Quasar,MULTI,3,*Active galaxy*
QSO B1320+4755B,200.71126740942,47.66032099302,1568.0,3184.0,hst_hsla_qsob1320p4755b--4162,8327.0,STIS,UAT=Quasars; TIER1=Galaxy; TIER2=Active galaxy; TIER3=Quasar,8126,3,*Active galaxy*
QSO B1331+170,203.39909481003,16.81778152798,2303.0,3111.0,hst_hsla_qsob1331p170--4083,60189.0,STIS,UAT=Blazars; TIER1=Galaxy; TIER2=Active galaxy; TIER3=Blazar,MULTI,3,*Active galaxy*
QSO B1634+7037,248.62079882682,70.5256648436,1806.0,3111.0,hst_hsla_qsob1634p7037--3974,72025.0,STIS,UAT=Quasars; TIER1=Galaxy; TIER2=Active galaxy; TIER3=Quasar,MULTI,3,*Active galaxy*
QSO B2348-147,357.87423074694993,-14.465789116539998,1140.0,1730.0,hst_hsla_qsob2348-147--4176,2318.0,STIS,UAT=BL Lacertae objects; TIER1=Galaxy; TIER2=Active galaxy; TIER3=BL Lac,8287,3,*Active galaxy*
QSO B0454+0356,74.19656162824,4.01470725069,2293.0,2383.0,hst_hsla_qsob0454p0356--4057,8931.600006,STIS,UAT=Quasars; TIER1=Galaxy; TIER2=Active galaxy; TIER3=Quasar,7475,3,*Active galaxy*
QSO B0450-221,73.1865850358,-22.02219299066,1568.0,3184.0,hst_hsla_qsob0450-221--4142,2202.0,STIS,UAT=Quasars; TIER1=Galaxy; TIER2=Active galaxy; TIER3=Quasar,8225,3,*Active galaxy*
QSO B0327-241,52.47531480775,-23.95243706463889,1568.0,3184.0,hst_hsla_qsob0327-241--4139,4798.0,STIS,UAT=Quasars; TIER1=Galaxy; TIER2=Active galaxy; TIER3=Quasar,8225,3,*Active galaxy*
QSO B0123-226,21.562507104009995,-22.376000377920004,1568.0,3184.0,hst_hsla_qsob0123-226--4137,4738.0,STIS,UAT=Quasars; TIER1=Galaxy; TIER2=Active galaxy; TIER3=Quasar,8225,3,*Active galaxy*
QSO B0413-210,64.01816557225,-20.940977090611103,1568.0,3184.0,hst_hsla_qsob0413-210--4140,5053.0,STIS,UAT=Quasars; TIER1=Galaxy; TIER2=Active galaxy; TIER3=Quasar,8225,3,*Active galaxy*
QSO B1103-006,166.6323929477,-0.8812167917400002,1140.0,1730.0,hst_hsla_qsob1103-006--3944,1820.0,STIS,UAT=Seyfert galaxies; TIER1=Galaxy; TIER2=Active galaxy; TIER3=Seyfert galaxy,7295,3,*Active galaxy*
QSO B0037-3544,9.927595589690002,-35.4669017317,1568.0,3184.0,hst_hsla_qsob0037-3544--4160,2198.0,STIS,UAT=Quasars; TIER1=Galaxy; TIER2=Active galaxy; TIER3=Quasar,8126,3,*Active galaxy*
QSO B0106-233,17.26246702395,-23.12502218668,1568.0,3184.0,hst_hsla_qsob0106-233--4136,4738.0,STIS,UAT=Quasars; TIER1=Galaxy; TIER2=Active galaxy; TIER3=Quasar,8225,3,*Active galaxy*
QSO B0235+1624,39.66226403402778,16.616423569703706,1568.0,10266.000000000002,hst_hsla_qsob0235p1624--3936,17867.0,STIS,UAT=BL Lacertae objects; TIER1=Galaxy; TIER2=Active galaxy; TIER3=BL Lac,7294,3,*Active galaxy*
QSO B0035-3520,9.57299759548,-35.06815909814001,1568.0,3184.0,hst_hsla_qsob0035-3520--4158,2150.0,STIS,UAT=Quasars; TIER1=Galaxy; TIER2=Active galaxy; TIER3=Quasar,8126,3,*Active galaxy*
NGC 5252,204.56612821847,4.542644796,2900.0,6867.0,hst_hsla_ngc5252--4076,2101.0,STIS,UAT=Seyfert galaxies; TIER1=Galaxy; TIER2=Active galaxy; TIER3=Seyfert galaxy,8055,3,*Active galaxy*
NGC 4698,192.09545117941,8.48740765341,2900.0,6867.0,hst_hsla_ngc4698--3911,4342.0,STIS,UAT=Seyfert galaxies; TIER1=Galaxy; TIER2=Active galaxy; TIER3=Seyfert galaxy,7361,3,*Active galaxy*
NGC 4380,186.34240833333328,10.016705555555555,2900.0,6867.0,hst_hsla_ngc4380--3906,4370.0,STIS,UAT=BL Lacertae objects; TIER1=Galaxy; TIER2=Active galaxy; TIER3=BL Lac,7361,3,*Active galaxy*
NGC 4143,182.40028298935,42.53417554538,2900.0,6867.0,hst_hsla_ngc4143--3902,1800.0,STIS,UAT=LINER galaxies; TIER1=Galaxy; TIER2=Active galaxy; TIER3=LINER,7361,3,*Active galaxy*
NGC 4203,183.77107275074167,33.19737277293333,2900.0,6867.0,hst_hsla_ngc4203--3903,2660.0,STIS,UAT=LINER galaxies; TIER1=Galaxy; TIER2=Active galaxy; TIER3=LINER,MULTI,3,*Active galaxy*
NGC 4138,182.37417142377,43.68524003889,2900.0,6867.0,hst_hsla_ngc4138--3901,1800.0,STIS,UAT=Seyfert galaxies; TIER1=Galaxy; TIER2=Active galaxy; TIER3=Seyfert galaxy,7361,3,*Active galaxy*
NGC 3507,165.8556748889,18.13544648437,1568.0,10266.000000000002,hst_hsla_ngc3507--4064,4194.0,STIS,UAT=Active galactic nuclei; TIER1=Galaxy; TIER2=Active galaxy; TIER3=AGN,7357,3,*Active galaxy*
NGC 3862,176.2708710209583,19.606316941916667,2900.0,10266.000000000002,hst_hsla_ngc3862--3856,1970.0,STIS,UAT=Seyfert galaxies; TIER1=Galaxy; TIER2=Active galaxy; TIER3=Seyfert galaxy,7568,3,*Active galaxy*
NGC 2841,140.51115779654,50.97659363413,8275.0,8847.0,hst_hsla_ngc2841--4097,2070.0,STIS,UAT=LINER galaxies; TIER1=Galaxy; TIER2=Active galaxy; TIER3=LINER,8022,3,*Active galaxy*
NGC 2787,139.82751941944,69.20323075448,2900.0,6867.0,hst_hsla_ngc2787--3898,4876.0,STIS,UAT=LINER galaxies; TIER1=Galaxy; TIER2=Active galaxy; TIER3=LINER,7361,3,*Active galaxy*
Mrk 926,346.1811567076999,-8.68573041024,1194.0,1300.0,hst_hsla_mrk926--3918,7535.0,STIS,UAT=Seyfert galaxies; TIER1=Galaxy; TIER2=Active galaxy; TIER3=Seyfert galaxy,7345,3,*Active galaxy*
M 91,188.86018615055,14.49632231493,2900.0,6867.0,hst_hsla_m91--3909,1704.0,STIS,UAT=LINER galaxies; TIER1=Galaxy; TIER2=Active galaxy; TIER3=LINER,7361,3,*Active galaxy*
Mrk 1383,217.27738334943,1.28504305757,1140.0,1735.0,hst_hsla_mrk1383--3914,19158.0,STIS,UAT=Seyfert galaxies; TIER1=Galaxy; TIER2=Active galaxy; TIER3=Seyfert galaxy,9778,3,*Active galaxy*
M 89,188.9158712964306,12.556363969046297,8275.0,8847.0,hst_hsla_m89--4096,1950.0,STIS,UAT=Seyfert galaxies; TIER1=Galaxy; TIER2=Active galaxy; TIER3=Seyfert galaxy,8022,3,*Active galaxy*
M 88,187.99646877602,14.420319158839998,6295.0,6867.0,hst_hsla_m88--3908,900.0,STIS,UAT=Seyfert galaxies; TIER1=Galaxy; TIER2=Active galaxy; TIER3=Seyfert galaxy,7361,3,*Active galaxy*
M 81,148.88779969927,69.06552257019,1140.0,10266.000000000002,hst_hsla_m81--3959,23594.0,STIS,UAT=Seyfert galaxies; TIER1=Galaxy; TIER2=Active galaxy; TIER3=Seyfert galaxy,MULTI,3,*Active galaxy*
LBQS 2116-4439,320.04865080408,-44.44820793203001,1568.0,3184.0,hst_hsla_lbqs2116-4439--4073,8279.0,STIS,UAT=Quasars; TIER1=Galaxy; TIER2=Active galaxy; TIER3=Quasar,7359,3,*Active galaxy*
LBQS 2208-1720,332.81447048754,-17.09026864394,1568.0,3184.0,hst_hsla_lbqs2208-1720--4074,7904.0,STIS,UAT=Quasars; TIER1=Galaxy; TIER2=Active galaxy; TIER3=Quasar,7359,3,*Active galaxy*
LEDA 88588,107.17286942279,-49.55175247825,1140.0,3184.0,hst_hsla_leda88588--4078,7572.0,STIS,UAT=Seyfert galaxies; TIER1=Galaxy; TIER2=Active galaxy; TIER3=Seyfert galaxy,7360,3,*Active galaxy*
LBQS 2206-1958A,332.217030862275,-19.733100385687223,2772.9999999999995,2863.0,hst_hsla_lbqs2206-1958a--4028,50068.0,STIS,UAT=Quasars; TIER1=Galaxy; TIER2=Active galaxy; TIER3=Quasar,7334,3,*Active galaxy*
LBQS 2111-4335,318.7787983333333,-43.38633083333333,1568.0,3184.0,hst_hsla_lbqs2111-4335--4072,5315.0,STIS,UAT=Quasars; TIER1=Galaxy; TIER2=Active galaxy; TIER3=Quasar,7359,3,*Active galaxy*
LEDA 20174,106.80457788404,64.59971542078,1194.0,2914.0,hst_hsla_leda20174--3919,10962.0,STIS,UAT=Seyfert galaxies; TIER1=Galaxy; TIER2=Active galaxy; TIER3=Seyfert galaxy,MULTI,3,*Active galaxy*
LBQS 1239+0028,190.51104086002,0.20808667138,1568.0,3184.0,hst_hsla_lbqs1239p0028--4070,5009.0,STIS,UAT=Quasars; TIER1=Galaxy; TIER2=Active galaxy; TIER3=Quasar,7359,3,*Active galaxy*
LBQS 1235+1807,189.58413779661,17.84420934475,1568.0,3184.0,hst_hsla_lbqs1235p1807--4069,5798.0,STIS,UAT=Quasars; TIER1=Galaxy; TIER2=Active galaxy; TIER3=Quasar,7359,3,*Active galaxy*
LBQS 1212+1445,183.66780798045,14.48313579985,1568.0,3184.0,hst_hsla_lbqs1212p1445--4068,10811.0,STIS,UAT=Quasars; TIER1=Galaxy; TIER2=Active galaxy; TIER3=Quasar,7359,3,*Active galaxy*
LBQS 0019-0145B,5.520383310789999,-1.4799648157699998,1568.0,3184.0,hst_hsla_lbqs0019-0145b--4156,2100.0,STIS,UAT=Quasars; TIER1=Galaxy; TIER2=Active galaxy; TIER3=Quasar,8126,3,*Active galaxy*
IRAS 11058-1131,167.08452765994,-11.80331277667,2900.0,6867.0,hst_hsla_iras11058-1131--4075,2101.0,STIS,UAT=Seyfert galaxies; TIER1=Galaxy; TIER2=Active galaxy; TIER3=Seyfert galaxy,8055,3,*Active galaxy*
ICRF J225805.9-275821,344.52484532029166,-27.97257132144444,1568.0,3184.0,hst_hsla_icrfj225805d9-275821--4134,2223.0,STIS,UAT=Seyfert galaxies; TIER1=Galaxy; TIER2=Active galaxy; TIER3=Seyfert galaxy,8225,3,*Active galaxy*
[K98d] 912,185.728752999466,15.822273792108888,2900.0,8847.0,hst_hsla_bk98db912--3905,7402.0,STIS,UAT=Active galactic nuclei; TIER1=Galaxy; TIER2=Active galaxy; TIER3=AGN,MULTI,3,*Active galaxy*
3C 288.1,205.55524174994,60.36188061306999,1140.0,3184.0,hst_hsla_3c288d1--4027,11671.0,STIS,UAT=Quasars; TIER1=Galaxy; TIER2=Active galaxy; TIER3=Quasar,7356,3,*Active galaxy*
8C 0958+561,150.3360247820267,55.89883249295444,1568.0,10266.000000000002,hst_hsla_8c0958p561--4059,25727.600098000003,STIS,UAT=Quasars; TIER1=Galaxy; TIER2=Active galaxy; TIER3=Quasar,MULTI,3,*Active galaxy*
2MASX J17021115+6058480,255.54641110234,60.98001425559,1568.0,5700.0,hst_hsla_2masxj17021115p6058480--4099,2399.7999,STIS,UAT=Seyfert galaxies; TIER1=Galaxy; TIER2=Active galaxy; TIER3=Seyfert galaxy,8024,3,*Active galaxy*
3C 286,202.78453479432,30.50915558099,2050.0,2914.0,hst_hsla_3c286--4060,10107.0,STIS,UAT=Seyfert galaxies; TIER1=Galaxy; TIER2=Active galaxy; TIER3=Seyfert galaxy,MULTI,3,*Active galaxy*
3C 346.0,250.9525105,17.263671055555555,5235.999999999999,10266.000000000002,hst_hsla_3c346d0--3858,1870.0,STIS,UAT=BL Lacertae objects; TIER1=Galaxy; TIER2=Active galaxy; TIER3=BL Lac,7568,3,*Active galaxy*
CSO 673,219.19830035343,49.88240581735,1568.0,3184.0,hst_hsla_cso673--4071,8375.0,STIS,UAT=Quasars; TIER1=Galaxy; TIER2=Active galaxy; TIER3=Quasar,7359,3,*Active galaxy*
[VV96] J201322.9-465707,303.34593404914,-46.952027741470005,2900.0,5700.0,hst_hsla_bvv96bj201322d9-465707--4021,1795.0,STIS,UAT=Quasars; TIER1=Galaxy; TIER2=Active galaxy; TIER3=Quasar,7767,3,*Active galaxy*
[VV98] J064056.0-503146,100.23343955536,-50.52965533069,1140.0,1735.0,hst_hsla_bvv98bj064056d0-503146--4084,13913.0,STIS,UAT=Quasars; TIER1=Galaxy; TIER2=Active galaxy; TIER3=Quasar,7762,3,*Active galaxy*
[VV96] J132239.4+473929,200.66372785058,47.65793097275,1568.0,3184.0,hst_hsla_bvv96bj132239d4p473929--4161,2263.0,STIS,UAT=Quasars; TIER1=Galaxy; TIER2=Active galaxy; TIER3=Quasar,8126,3,*Active galaxy*
[HB89] 0107-025 NED05 ABS01,17.56784,-2.31417,1568.0,3184.0,hst_hsla_bhb89b0107-025ned05abs01--3941,16875.0,STIS,UAT=Quasars; TIER1=Galaxy; TIER2=Active galaxy; TIER3=Quasar,7752,3,*Active galaxy*
QSO J2316-2849,349.0675,-28.816722222222225,1140.0,1730.0,hst_hsla_qsoj2316-2849--4177,2342.0,STIS,UAT=Quasars; TIER1=Galaxy; TIER2=Active galaxy; TIER3=Quasar,8287,3,*Active galaxy*
QSO J1220-2113,185.09166715579,-21.22096312737,1568.0,3184.0,hst_hsla_qsoj1220-2113--4126,4738.0,STIS,UAT=Quasars; TIER1=Galaxy; TIER2=Active galaxy; TIER3=Quasar,8225,3,*Active galaxy*
QSO J2218-6150,334.71250000000003,-61.84522222222222,1140.0,1730.0,hst_hsla_qsoj2218-6150--4181,2520.0,STIS,UAT=Quasars; TIER1=Galaxy; TIER2=Active galaxy; TIER3=Quasar,8287,3,*Active galaxy*
QSO J1226-2630,186.66717991603,-26.50053869366,1568.0,3184.0,hst_hsla_qsoj1226-2630--4128,4772.0,STIS,UAT=Quasars; TIER1=Galaxy; TIER2=Active galaxy; TIER3=Quasar,8225,3,*Active galaxy*
QSO J1203+1522,180.88037696748,15.381862676390002,1140.0,1730.0,hst_hsla_qsoj1203p1522--4174,2316.0,STIS,UAT=Quasars; TIER1=Galaxy; TIER2=Active galaxy; TIER3=Quasar,8287,3,*Active galaxy*
QSO J2139-2454,324.80512055512503,-24.90418508225,1568.0,3184.0,hst_hsla_qsoj2139-2454--4132,5057.0,STIS,UAT=Quasars; TIER1=Galaxy; TIER2=Active galaxy; TIER3=Quasar,8225,3,*Active galaxy*
QSO B1011+4315,153.69662153674,43.008379865090006,1140.0,1730.0,hst_hsla_qsob1011p4315--4173,2441.0,STIS,UAT=Quasars; TIER1=Galaxy; TIER2=Active galaxy; TIER3=Quasar,8287,3,*Active galaxy*
QSO J0109-2102,17.3551037893,-21.0485566564,1140.0,1730.0,hst_hsla_qsoj0109-2102--4183,2289.0,STIS,UAT=Quasars; TIER1=Galaxy; TIER2=Active galaxy; TIER3=Quasar,8287,3,*Active galaxy*
QSO B1359-281,210.510006944375,-28.373651176916667,1568.0,3184.0,hst_hsla_qsob1359-281--4131,5071.0,STIS,UAT=Quasars; TIER1=Galaxy; TIER2=Active galaxy; TIER3=Quasar,8225,3,*Active galaxy*
QSO B1349-265,208.04292275676,-26.824518676070003,1568.0,3184.0,hst_hsla_qsob1349-265--4129,5079.0,STIS,UAT=Quasars; TIER1=Galaxy; TIER2=Active galaxy; TIER3=Quasar,8225,3,*Active galaxy*
QSO J0032-2144,8.186154440695,-21.739518386795005,1568.0,3184.0,hst_hsla_qsoj0032-2144--4135,5037.0,STIS,UAT=Quasars; TIER1=Galaxy; TIER2=Active galaxy; TIER3=Quasar,8225,3,*Active galaxy*
QSO B0037-3545,9.90556112674,-35.48808821447,1568.0,3184.0,hst_hsla_qsob0037-3545--4159,2138.0,STIS,UAT=Quasars; TIER1=Galaxy; TIER2=Active galaxy; TIER3=Quasar,8126,3,*Active galaxy*
QSO B2314-340,349.18038856805504,-33.82011044530167,1140.0,1730.0,hst_hsla_qsob2314-340--4178,2364.0,STIS,UAT=Quasars; TIER1=Galaxy; TIER2=Active galaxy; TIER3=Quasar,8287,3,*Active galaxy*
QSO J1143+3452,175.78700385052,34.87284254339,1140.0,1730.0,hst_hsla_qsoj1143p3452--4184,5269.0,STIS,UAT=Quasars; TIER1=Galaxy; TIER2=Active galaxy; TIER3=Quasar,8287,3,*Active galaxy*
QSO B1244+3143,191.81016835898,31.444730934119995,1140.0,1730.0,hst_hsla_qsob1244p3143--4185,2364.0,STIS,UAT=Quasars; TIER1=Galaxy; TIER2=Active galaxy; TIER3=Quasar,8287,3,*Active galaxy*
QSO B0035-3518,9.52322634229,-35.02793949189,1568.0,3184.0,hst_hsla_qsob0035-3518--4157,2198.0,STIS,UAT=Quasars; TIER1=Galaxy; TIER2=Active galaxy; TIER3=Quasar,8126,3,*Active galaxy*
QSO B0437-244,69.78872521447,-24.36898157502,1568.0,3184.0,hst_hsla_qsob0437-244--4141,2206.0,STIS,UAT=Quasars; TIER1=Galaxy; TIER2=Active galaxy; TIER3=Quasar,8225,3,*Active galaxy*
QSO B0502+675,76.98401319193,67.62339591647,2900.0,10266.000000000002,hst_hsla_qsob0502p675--4165,5304.0,STIS,UAT=BL Lacertae objects; TIER1=Galaxy; TIER2=Active galaxy; TIER3=BL Lac,8135,3,*Active galaxy*
NGC 5728,220.59954937774,-17.25312243994,8275.0,8847.0,hst_hsla_ngc5728--4227,11175.0,STIS,UAT=Seyfert galaxies; TIER1=Galaxy; TIER2=Active galaxy; TIER3=Seyfert galaxy,8123,3,*Active galaxy*
NGC 6503,267.36016774889885,70.14438927149779,2900.0,6867.0,hst_hsla_ngc6503--4476,5884.0,STIS,UAT=LINER galaxies; TIER1=Galaxy; TIER2=Active galaxy; TIER3=LINER,8607,3,*Active galaxy*
NGC 4527,188.53539999999995,2.65381,2900.0,7054.0,hst_hsla_ngc4527--4374,5630.0,STIS,UAT=Active galactic nuclei; TIER1=Galaxy; TIER2=Active galaxy; TIER3=AGN,MULTI,3,*Active galaxy*
NGC 3706,172.43512882957,-36.39131818498,8275.0,8847.0,hst_hsla_ngc3706--4500,3846.0,STIS,UAT=Emission line galaxies; TIER1=Galaxy; TIER2=Active galaxy; TIER3=Emission line galaxy,8687,3,*Active galaxy*
LBQS 0019-0145A,5.46533790716,-1.47613359243,1568.0,3184.0,hst_hsla_lbqs0019-0145a--4155,2100.0,STIS,UAT=Quasars; TIER1=Galaxy; TIER2=Active galaxy; TIER3=Quasar,8126,3,*Active galaxy*
ICRF J013738.3-243053,24.4097761712,-24.51496773125,1568.0,3184.0,hst_hsla_icrfj013738d3-243053--4138,5037.0,STIS,UAT=Seyfert galaxies; TIER1=Galaxy; TIER2=Active galaxy; TIER3=Seyfert galaxy,8225,3,*Active galaxy*
LBQS 0101-3025,15.979887466139996,-30.16308897447,1140.0,1730.0,hst_hsla_lbqs0101-3025--4182,2348.0,STIS,UAT=Quasars; TIER1=Galaxy; TIER2=Active galaxy; TIER3=Quasar,8287,3,*Active galaxy*
ICRF J184208.9+794617,280.53739061993167,79.77133442154222,2900.0,10266.000000000002,hst_hsla_icrfj184208d9p794617--4425,1440.0,STIS,UAT=Seyfert galaxies; TIER1=Galaxy; TIER2=Active galaxy; TIER3=Seyfert galaxy,8700,3,*Active galaxy*
ICRF J120533.2-263404,181.38838452783327,-26.56790651808333,1568.0,3184.0,hst_hsla_icrfj120533d2-263404--4124,4772.0,STIS,UAT=Seyfert galaxies; TIER1=Galaxy; TIER2=Active galaxy; TIER3=Seyfert galaxy,8225,3,*Active galaxy*
ICRF J183503.3+324146,278.76412340524,32.69634887906,2758.0,10266.000000000002,hst_hsla_icrfj183503d3p324146--4424,7193.0,STIS,UAT=Seyfert galaxies; TIER1=Galaxy; TIER2=Active galaxy; TIER3=Seyfert galaxy,MULTI,3,*Active galaxy*
HE 0515-4414,79.28173722976167,-44.18209440712667,1684.0,3111.0,hst_hsla_he0515-4414--4171,33180.0,STIS,UAT=Quasars; TIER1=Galaxy; TIER2=Active galaxy; TIER3=Quasar,MULTI,3,*Active galaxy*
3C351,256.1732083333,60.74125000000001,1140.0,1735.0,hst_hsla_3c351--4098,63583.0,STIS,UAT=Quasar; TIER1=Galaxy; TIER2=Active galaxy; TIER3=Quasar,8015,3,*Active galaxy*
QSO J1358-2352,209.63638838531,-23.87256689728,1568.0,3184.0,hst_hsla_qsoj1358-2352--4130,2198.0,STIS,UAT=Quasars; TIER1=Galaxy; TIER2=Active galaxy; TIER3=Quasar,8225,3,*Active galaxy*
QSO J2252-5021,343.18350605129,-50.36064880869,1140.0,1730.0,hst_hsla_qsoj2252-5021--4172,2530.0,STIS,UAT=Quasars; TIER1=Galaxy; TIER2=Active galaxy; TIER3=Quasar,8287,3,*Active galaxy*
QSO J0354-3809,58.70798915783166,-38.16525204110111,1684.0,3066.0,hst_hsla_qsoj0354-3809--4168,2273.0,STIS,UAT=Quasars; TIER1=Galaxy; TIER2=Active galaxy; TIER3=Quasar,8283,3,*Active galaxy*
QSO B1440+122,220.70143146003164,12.011478971905,2900.0,10266.000000000002,hst_hsla_qsob1440p122--4166,4807.0,STIS,UAT=BL Lacertae objects; TIER1=Galaxy; TIER2=Active galaxy; TIER3=BL Lac,8135,3,*Active galaxy*
NGC 4507,188.90264124037,-39.90936400452,2900.0,6867.0,hst_hsla_ngc4507--4260,3768.0,STIS,UAT=Seyfert galaxies; TIER1=Galaxy; TIER2=Active galaxy; TIER3=Seyfert galaxy,MULTI,3,*Active galaxy*
NAME Cyg A,299.8680842049376,40.73389079618055,2900.0,5700.0,hst_hsla_namecyga--4276,12517.8,STIS,UAT=Seyfert galaxies; TIER1=Galaxy; TIER2=Active galaxy; TIER3=Seyfert galaxy,8106,3,*Active galaxy*
Mrk 1506,68.29623197304,5.354338739319999,2900.0,10266.000000000002,hst_hsla_mrk1506--4422,2880.0,STIS,UAT=Seyfert galaxies; TIER1=Galaxy; TIER2=Active galaxy; TIER3=Seyfert galaxy,8700,3,*Active galaxy*
NGC 4253,184.61048482205,29.81292542652,1140.0,5235.999999999999,hst_hsla_ngc4253--4403,7371.0,STIS,UAT=Seyfert galaxies; TIER1=Galaxy; TIER2=Active galaxy; TIER3=Seyfert galaxy,MULTI,3,*Active galaxy*
LEDA 2827122,186.25551857679,-29.63877479429,1568.0,3184.0,hst_hsla_leda2827122--4127,5079.0,STIS,UAT=Seyfert galaxies; TIER1=Galaxy; TIER2=Active galaxy; TIER3=Seyfert galaxy,8225,3,*Active galaxy*
WISE J121857.50+471814.5,184.7397638888889,47.30392499999999,6482.0,8847.0,hst_hsla_wisej121857d50p471814d5--4371,4752.0,STIS,UAT=Seyfert galaxies; TIER1=Galaxy; TIER2=Active galaxy; TIER3=Seyfert galaxy,MULTI,3,*Active galaxy*
WISEA J090930.79-093223.1,137.37833,-9.53977,1568.0,3184.0,hst_hsla_wiseaj090930d79-093223d1--4527,1500.0,STIS,UAT=Quasars; TIER1=Galaxy; TIER2=Active galaxy; TIER3=Quasar,8681,3,*Active galaxy*
Z 184-23,162.54520233106,35.03371899247999,1194.0,1250.0,hst_hsla_z184-23--4285,8301.0,STIS,UAT=Seyfert galaxies; TIER1=Galaxy; TIER2=Active galaxy; TIER3=Seyfert galaxy,8316,3,*Active galaxy*
Z 291-51,169.74043300777,58.05656371727,1140.0,5700.0,hst_hsla_z291-51--4282,30176.0,STIS,UAT=Seyfert galaxies; TIER1=Galaxy; TIER2=Active galaxy; TIER3=Seyfert galaxy,MULTI,3,*Active galaxy*
QSO J2215-2944,333.81681116671,-29.7398134965,1568.0,3184.0,hst_hsla_qsoj2215-2944--4575,2376.0,STIS,UAT=BL Lacertae objects; TIER1=Galaxy; TIER2=Active galaxy; TIER3=BL Lac,8569,3,*Active galaxy*
QSO J1559-2442,239.92253783933324,-24.71078673063889,1568.0,3184.0,hst_hsla_qsoj1559-2442--4570,5057.0,STIS,UAT=Blazars; TIER1=Galaxy; TIER2=Active galaxy; TIER3=Blazar,8569,3,*Active galaxy*
QSO B1421+331,215.85857525472,32.87232265681,1568.0,3184.0,hst_hsla_qsob1421p331--4567,2376.0,STIS,UAT=Quasars; TIER1=Galaxy; TIER2=Active galaxy; TIER3=Quasar,8569,3,*Active galaxy*
QSO B2359+068,0.41905063036,7.165001435560001,1568.0,3184.0,hst_hsla_qsob2359p068--4576,2304.0,STIS,UAT=Quasars; TIER1=Galaxy; TIER2=Active galaxy; TIER3=Quasar,8569,3,*Active galaxy*
QSO B2048+196,312.80277586944,19.83508449673,1568.0,3184.0,hst_hsla_qsob2048p196--4573,2332.0,STIS,UAT=BL Lacertae objects; TIER1=Galaxy; TIER2=Active galaxy; TIER3=BL Lac,8569,3,*Active galaxy*
QSO J1557-2029,239.33815930091,-20.48669294494,1568.0,3184.0,hst_hsla_qsoj1557-2029--4569,2321.0,STIS,UAT=Quasars; TIER1=Galaxy; TIER2=Active galaxy; TIER3=Quasar,8569,3,*Active galaxy*
QSO B0824+110,126.777136075375,10.87337567488889,1568.0,3184.0,hst_hsla_qsob0824p110--4558,2304.0,STIS,UAT=Quasars; TIER1=Galaxy; TIER2=Active galaxy; TIER3=Quasar,8569,3,*Active galaxy*
QSO J0453-1305,73.30656009956,-13.09863481083,1568.0,3184.0,hst_hsla_qsoj0453-1305--4557,2304.0,STIS,UAT=Quasars; TIER1=Galaxy; TIER2=Active galaxy; TIER3=Quasar,8569,3,*Active galaxy*
QSO B1311-270,198.44733819243,-27.28033366399,1568.0,3184.0,hst_hsla_qsob1311-270--4564,2376.0,STIS,UAT=Quasars; TIER1=Galaxy; TIER2=Active galaxy; TIER3=Quasar,8569,3,*Active galaxy*
QSO B1019+309,155.62624256576,30.68475543154,1140.0,1730.0,hst_hsla_qsob1019p309--4561,2376.0,STIS,UAT=Quasars; TIER1=Galaxy; TIER2=Active galaxy; TIER3=Quasar,8569,3,*Active galaxy*
QSO B0239-154,40.4854929002,-15.244687637469996,1568.0,3184.0,hst_hsla_qsob0239-154--4554,2304.0,STIS,UAT=Quasars; TIER1=Galaxy; TIER2=Active galaxy; TIER3=Quasar,8569,3,*Active galaxy*
QSO B0449-1645,73.05938745258,-16.67121844869,1568.0,3184.0,hst_hsla_qsob0449-1645--4556,2304.0,STIS,UAT=Quasars; TIER1=Galaxy; TIER2=Active galaxy; TIER3=Quasar,8569,3,*Active galaxy*
QSO J1649+3047,252.32921882776,30.788301768939995,1568.0,3184.0,hst_hsla_qsoj1649p3047--4258,25566.0,STIS,UAT=Quasars; TIER1=Galaxy; TIER2=Active galaxy; TIER3=Quasar,8266,3,*Active galaxy*
QSO B1402-012,211.19123104687492,-1.506096432527778,1568.0,3184.0,hst_hsla_qsob1402-012--4566,2304.0,STIS,UAT=BL Lacertae objects; TIER1=Galaxy; TIER2=Active galaxy; TIER3=BL Lac,8569,3,*Active galaxy*
QSO B0117+2118,20.07193431647,21.56283269338,2303.0,3111.0,hst_hsla_qsob0117p2118--4492,42039.0,STIS,UAT=Quasars; TIER1=Galaxy; TIER2=Active galaxy; TIER3=Quasar,8673,3,*Active galaxy*
NGC 6951,309.30859363709465,66.10564903610552,6482.0,7054.0,hst_hsla_ngc6951--4378,432.0,STIS,UAT=Seyfert galaxies; TIER1=Galaxy; TIER2=Active galaxy; TIER3=Seyfert galaxy,8228,3,*Active galaxy*
NGC 7331,339.26687751587,34.41577779903001,2900.0,7054.0,hst_hsla_ngc7331--4379,5662.0,STIS,UAT=LINER galaxies; TIER1=Galaxy; TIER2=Active galaxy; TIER3=LINER,MULTI,3,*Active galaxy*
NGC 7674,351.9861629227733,8.778930898867777,2900.0,5700.0,hst_hsla_ngc7674--4261,2340.0,STIS,UAT=Seyfert galaxies; TIER1=Galaxy; TIER2=Active galaxy; TIER3=Seyfert galaxy,8259,3,*Active galaxy*
NGC 613,23.575776041666664,-29.418346527777786,6482.0,7054.0,hst_hsla_ngc613--4357,360.0,STIS,UAT=Active galactic nuclei; TIER1=Galaxy; TIER2=Active galaxy; TIER3=AGN,8228,3,*Active galaxy*
NGC 5929,231.52564420141,41.67063293712611,4818.0,5104.0,hst_hsla_ngc5929--4324,1524.0,STIS,UAT=Seyfert galaxies; TIER1=Galaxy; TIER2=Active galaxy; TIER3=Seyfert galaxy,8253,3,*Active galaxy*
NGC 5879,227.44476493960667,57.00014429831944,2900.0,5700.0,hst_hsla_ngc5879--4475,2585.0,STIS,UAT=Active galactic nuclei; TIER1=Galaxy; TIER2=Active galaxy; TIER3=AGN,8607,3,*Active galaxy*
NGC 4593,189.91434796126,-5.34417638568,1140.0,10266.000000000002,hst_hsla_ngc4593--4402,36752.0,STIS,UAT=Seyfert galaxies; TIER1=Galaxy; TIER2=Active galaxy; TIER3=Seyfert galaxy,MULTI,3,*Active galaxy*
NGC 3887,176.7690125,-16.85464166666667,6482.0,7054.0,hst_hsla_ngc3887--4367,360.0,STIS,UAT=Seyfert galaxies; TIER1=Galaxy; TIER2=Active galaxy; TIER3=Seyfert galaxy,8228,3,*Active galaxy*
NGC 4041,180.55099029048,62.13724892342,6482.0,7054.0,hst_hsla_ngc4041--4368,453.0,STIS,UAT=Seyfert galaxies; TIER1=Galaxy; TIER2=Active galaxy; TIER3=Seyfert galaxy,8228,3,*Active galaxy*
NGC 2685,133.89459492375,58.73441015003,2900.0,6867.0,hst_hsla_ngc2685--4467,5682.0,STIS,UAT=Seyfert galaxies; TIER1=Galaxy; TIER2=Active galaxy; TIER3=Seyfert galaxy,8607,3,*Active galaxy*
NGC 262,12.19642282916667,31.95696793616666,2900.0,5700.0,hst_hsla_ngc262--4325,2610.0,STIS,UAT=Seyfert galaxies; TIER1=Galaxy; TIER2=Active galaxy; TIER3=Seyfert galaxy,8253,3,*Active galaxy*
NGC 1832,78.01425694766166,-15.68787801308611,6482.0,7054.0,hst_hsla_ngc1832--4359,360.0,STIS,UAT=Seyfert galaxies; TIER1=Galaxy; TIER2=Active galaxy; TIER3=Seyfert galaxy,8228,3,*Active galaxy*
NGC 2110,88.047451805995,-7.45632603686,4818.0,6867.0,hst_hsla_ngc2110--4323,2962.0,STIS,UAT=Seyfert galaxies; TIER1=Galaxy; TIER2=Active galaxy; TIER3=Seyfert galaxy,MULTI,3,*Active galaxy*
NGC 1300,49.92102592497,-19.41116321262,6482.0,7054.0,hst_hsla_ngc1300--4358,360.0,STIS,UAT=Seyfert galaxies; TIER1=Galaxy; TIER2=Active galaxy; TIER3=Seyfert galaxy,8228,3,*Active galaxy*
Mrk 1066,44.994154294847,36.8205024943507,2900.0,5700.0,hst_hsla_mrk1066--4327,2640.0,STIS,UAT=Seyfert galaxies; TIER1=Galaxy; TIER2=Active galaxy; TIER3=Seyfert galaxy,8253,3,*Active galaxy*
Mrk 205,185.43363504162,75.31062250173,1140.0,1735.0,hst_hsla_mrk205--4427,52200.0,STIS,UAT=Seyfert galaxies; TIER1=Galaxy; TIER2=Active galaxy; TIER3=Seyfert galaxy,8625,3,*Active galaxy*
Mrk 463E,209.01189057142852,18.371763936507936,2900.0,5700.0,hst_hsla_mrk463e--4326,2312.0,STIS,UAT=Seyfert galaxies; TIER1=Galaxy; TIER2=Active galaxy; TIER3=Seyfert galaxy,8253,3,*Active galaxy*
Mrk 3,93.90123585614812,71.03747159685759,1140.0,10266.000000000002,hst_hsla_mrk3--4397,11874.0,STIS,UAT=Seyfert galaxies; TIER1=Galaxy; TIER2=Active galaxy; TIER3=Seyfert galaxy,8480,3,*Active galaxy*
M 63,198.95496415193443,42.02941000704704,6482.0,7054.0,hst_hsla_m63--4376,432.0,STIS,UAT=LINER galaxies; TIER1=Galaxy; TIER2=Active galaxy; TIER3=LINER,8228,3,*Active galaxy*
M 105,161.95666666666665,12.581645370370367,6295.0,6867.0,hst_hsla_m105--4577,2092.0,STIS,UAT=LINER galaxies; TIER1=Galaxy; TIER2=Active galaxy; TIER3=LINER,8589,3,*Active galaxy*
M 66,170.0626,12.9915,2900.0,6867.0,hst_hsla_m66--4468,5210.0,STIS,UAT=Active galactic nuclei; TIER1=Galaxy; TIER2=Active galaxy; TIER3=AGN,8607,3,*Active galaxy*
LEDA 68751,335.9564170578629,-2.103572070093333,2900.0,10266.000000000002,hst_hsla_leda68751--4426,1440.0,STIS,UAT=Seyfert galaxies; TIER1=Galaxy; TIER2=Active galaxy; TIER3=Seyfert galaxy,8700,3,*Active galaxy*
M 61,185.47886521524063,4.473860964843555,1140.0,10266.000000000002,hst_hsla_m61--4372,32534.0,STIS,UAT=Seyfert galaxies; TIER1=Galaxy; TIER2=Active galaxy; TIER3=Seyfert galaxy,MULTI,3,*Active galaxy*
LEDA 37161,178.01478947864,-11.37335862314,1194.0,1250.0,hst_hsla_leda37161--4283,8067.0,STIS,UAT=Seyfert galaxies; TIER1=Galaxy; TIER2=Active galaxy; TIER3=Seyfert galaxy,8316,3,*Active galaxy*
LEDA 1520649,346.73025000000007,16.93754722222222,1140.0,1730.0,hst_hsla_leda1520649--4596,1366.0,STIS,UAT=Emission line galaxies; TIER1=Galaxy; TIER2=Active galaxy; TIER3=Emission line galaxy,8590,3,*Active galaxy*
LBQS 0009-0138,3.0454174171500004,-1.36877468414,1568.0,3184.0,hst_hsla_lbqs0009-0138--4560,2304.0,STIS,UAT=Quasars; TIER1=Galaxy; TIER2=Active galaxy; TIER3=Quasar,8569,3,*Active galaxy*
IRAS 17002+5153,255.35344394546,51.82234663301,1568.0,3184.0,hst_hsla_iras17002p5153--4526,1200.0,STIS,UAT=Seyfert galaxies; TIER1=Galaxy; TIER2=Active galaxy; TIER3=Seyfert galaxy,8681,3,*Active galaxy*
LEDA 2566,10.708004166666669,2.6136944444444445,1140.0,1730.0,hst_hsla_leda2566--4590,1404.0,STIS,UAT=Active galactic nuclei; TIER1=Galaxy; TIER2=Active galaxy; TIER3=AGN,8590,3,*Active galaxy*
IRAS 15206+3342,230.65873666666667,33.52662505555556,1140.0,10266.000000000002,hst_hsla_iras15206p3342--4309,10309.0,STIS,UAT=Seyfert galaxies; TIER1=Galaxy; TIER2=Active galaxy; TIER3=Seyfert galaxy,8190,3,*Active galaxy*
ICRF J143844.7+621154,219.68659767927,62.198447927790006,1568.0,3184.0,hst_hsla_icrfj143844d7p621154--4568,4260.0,STIS,UAT=Seyfert galaxies; TIER1=Galaxy; TIER2=Active galaxy; TIER3=Seyfert galaxy,8569,3,*Active galaxy*
IC 820,191.546436530755,30.722674524850557,2900.0,7054.0,hst_hsla_ic820--4613,1680.0,STIS,UAT=Active galactic nuclei; TIER1=Galaxy; TIER2=Active galaxy; TIER3=AGN,8669,3,*Active galaxy*
ICRF J092338.8-213547,140.91202169032,-21.596424935490003,1140.0,3184.0,hst_hsla_icrfj092338d8-213547--4524,7656.0,STIS,UAT=Seyfert galaxies; TIER1=Galaxy; TIER2=Active galaxy; TIER3=Seyfert galaxy,8684,3,*Active galaxy*
ESO 438-9,167.70000965139,-28.50104693836,1194.0,1250.0,hst_hsla_eso438-9--4284,11090.0,STIS,UAT=Seyfert galaxies; TIER1=Galaxy; TIER2=Active galaxy; TIER3=Seyfert galaxy,8316,3,*Active galaxy*
ESO 383-35,203.97368567836668,-34.295577877332775,4818.0,5104.0,hst_hsla_eso383-35--4338,1707.0,STIS,UAT=Seyfert galaxies; TIER1=Galaxy; TIER2=Active galaxy; TIER3=Seyfert galaxy,8240,3,*Active galaxy*
CXOU J103845.8+533011,159.6910248645833,53.50326263888888,6482.0,7054.0,hst_hsla_cxouj103845d8p533011--4363,432.0,STIS,UAT=Active galactic nuclei; TIER1=Galaxy; TIER2=Active galaxy; TIER3=AGN,8228,3,*Active galaxy*
[HDC2009] N,143.04206319444447,21.500925462962964,6482.0,7054.0,hst_hsla_bhdc2009bn--4360,360.0,STIS,UAT=Active galactic nuclei; TIER1=Galaxy; TIER2=Active galaxy; TIER3=AGN,8228,3,*Active galaxy*
A2 410,196.14882408921,28.62774081888,1140.0,1730.0,hst_hsla_a2410--4594,1428.0,STIS,UAT=Quasars; TIER1=Galaxy; TIER2=Active galaxy; TIER3=Quasar,8590,3,*Active galaxy*
7C 164730.80+305239.00,252.37032085223,30.78122469095,1568.0,3184.0,hst_hsla_7c164730d80p305239d00--4259,27540.0,STIS,UAT=Quasars; TIER1=Galaxy; TIER2=Active galaxy; TIER3=Quasar,8266,3,*Active galaxy*
7C 1218+3359,185.14114856002,33.7200072689,1568.0,3184.0,hst_hsla_7c1218p3359--4562,2380.0,STIS,UAT=Quasars; TIER1=Galaxy; TIER2=Active galaxy; TIER3=Quasar,8569,3,*Active galaxy*
4C 12.40,170.37399147073,12.60484511855,1568.0,3184.0,hst_hsla_4c12d40--4528,1200.0,STIS,UAT=Quasars; TIER1=Galaxy; TIER2=Active galaxy; TIER3=Quasar,8681,3,*Active galaxy*
4C 21.59,327.94119264035,21.50381756434,1568.0,3184.0,hst_hsla_4c21d59--4574,2333.0,STIS,UAT=Quasars; TIER1=Galaxy; TIER2=Active galaxy; TIER3=Quasar,8569,3,*Active galaxy*
4C 12.59,247.93821200332,11.93422316322,1568.0,3184.0,hst_hsla_4c12d59--4571,2304.0,STIS,UAT=Quasars; TIER1=Galaxy; TIER2=Active galaxy; TIER3=Quasar,8569,3,*Active galaxy*
7C 022118.10+273638.00,36.05119381614,27.83653841268,2900.0,10266.000000000002,hst_hsla_7c022118d10p273638d00--4279,9839.0,STIS,UAT=Seyfert galaxies; TIER1=Galaxy; TIER2=Active galaxy; TIER3=Seyfert galaxy,8104,3,*Active galaxy*
4C 18.51,265.5289496176599,18.45583741468,1140.0,5700.0,hst_hsla_4c18d51--4521,12764.0,STIS,UAT=Seyfert galaxies; TIER1=Galaxy; TIER2=Active galaxy; TIER3=Seyfert galaxy,8684,3,*Active galaxy*
4C 00.34,150.07363626277,0.0899177784699999,1568.0,3184.0,hst_hsla_4c00d34--4559,2354.0,STIS,UAT=Quasars; TIER1=Galaxy; TIER2=Active galaxy; TIER3=Quasar,8569,3,*Active galaxy*
4C 11.45,200.32848544826,11.113886566540002,1568.0,3184.0,hst_hsla_4c11d45--4565,2304.0,STIS,UAT=Quasars; TIER1=Galaxy; TIER2=Active galaxy; TIER3=Quasar,8569,3,*Active galaxy*
4C 11.72,343.5434225942,11.610763356599996,1344.0,3184.0,hst_hsla_4c11d72--4530,15314.0,STIS,UAT=BL Lacertae objects; TIER1=Galaxy; TIER2=Active galaxy; TIER3=BL Lac,MULTI,3,*Active galaxy*
3C 351.0,256.17239267035,60.74181128250001,1568.0,3184.0,hst_hsla_3c351d0--4525,486.0,STIS,UAT=Blazars; TIER1=Galaxy; TIER2=Active galaxy; TIER3=Blazar,8681,3,*Active galaxy*
3C 9,5.105096529439999,15.68188174219,2900.0,5700.0,hst_hsla_3c9--4552,2312.0,STIS,UAT=BL Lacertae objects; TIER1=Galaxy; TIER2=Active galaxy; TIER3=BL Lac,8569,3,*Active galaxy*
4C -02.79,301.53519545356994,-2.39304804089,1568.0,3184.0,hst_hsla_4c-02d79--4572,2304.0,STIS,UAT=Quasars; TIER1=Galaxy; TIER2=Active galaxy; TIER3=Quasar,8569,3,*Active galaxy*
2MASX J23533957+2337576,358.41484747003,23.63257947342,1140.0,1730.0,hst_hsla_2masxj23533957p2337576--4597,1411.0,STIS,UAT=Emission line galaxies; TIER1=Galaxy; TIER2=Active galaxy; TIER3=Emission line galaxy,8590,3,*Active galaxy*
3C 371,271.71116788205,69.82447489146,2900.0,10266.000000000002,hst_hsla_3c371--4423,1440.0,STIS,UAT=BL Lacertae objects; TIER1=Galaxy; TIER2=Active galaxy; TIER3=BL Lac,8700,3,*Active galaxy*
2MASX J02014911+2409101,30.454499174069998,24.15290718999,1140.0,1730.0,hst_hsla_2masxj02014911p2409101--4592,1411.0,STIS,UAT=Emission line galaxies; TIER1=Galaxy; TIER2=Active galaxy; TIER3=Emission line galaxy,8590,3,*Active galaxy*
3C 332.0,244.42724170401996,32.37621452166,1140.0,10266.000000000002,hst_hsla_3c332d0--4523,24995.0,STIS,UAT=Seyfert galaxies; TIER1=Galaxy; TIER2=Active galaxy; TIER3=Seyfert galaxy,8684,3,*Active galaxy*
2MASX J01375893+2257185,24.4956496623621,22.9552598383481,1140.0,1730.0,hst_hsla_2masxj01375893p2257185--4591,1411.0,STIS,UAT=Emission line galaxies; TIER1=Galaxy; TIER2=Active galaxy; TIER3=Emission line galaxy,8590,3,*Active galaxy*
2MASS J18302317+7313107,277.59650944639,73.21964172771,1194.0,1250.0,hst_hsla_2massj18302317p7313107--4286,5842.0,STIS,UAT=Seyfert galaxies; TIER1=Galaxy; TIER2=Active galaxy; TIER3=Seyfert galaxy,8316,3,*Active galaxy*
2E 2879,193.10981718159,56.57210381524,2900.0,10266.000000000002,hst_hsla_2e2879--4280,10280.0,STIS,UAT=Seyfert galaxies; TIER1=Galaxy; TIER2=Active galaxy; TIER3=Seyfert galaxy,8104,3,*Active galaxy*
WISEA J112800.75+785931.7,172.0029166667,78.99255555556,1568.0,3184.0,hst_hsla_wiseaj112800d75p785931d7--4774,7594.0,STIS,UAT=Starburst galaxies; TIER1=Galaxy; TIER2=Active galaxy; TIER3=Starburst galaxy,9036,3,*Active galaxy*
Ton 1125,148.90807953481,33.584427906989994,3022.0,3308.0,hst_hsla_ton1125--4722,2361.0,STIS,UAT=Quasars; TIER1=Galaxy; TIER2=Active galaxy; TIER3=Quasar,9051,3,*Active galaxy*
Ton S 172,12.804986046470002,-27.79995299767,1140.0,1730.0,hst_hsla_tons172--4787,2359.0,STIS,UAT=Quasars; TIER1=Galaxy; TIER2=Active galaxy; TIER3=Quasar,9137,3,*Active galaxy*
US 987,147.14983895385,43.38405581247,1568.0,3184.0,hst_hsla_us987--4721,1100.0,STIS,UAT=Quasars; TIER1=Galaxy; TIER2=Active galaxy; TIER3=Quasar,9051,3,*Active galaxy*
QSO J1527+2452,231.75747308983,24.88037738456,1568.0,3184.0,hst_hsla_qsoj1527p2452--4729,2200.0,STIS,UAT=Quasars; TIER1=Galaxy; TIER2=Active galaxy; TIER3=Quasar,9051,3,*Active galaxy*
QSO J1614+4704,243.64447667173,47.07224297758,1568.0,3184.0,hst_hsla_qsoj1614p4704--4731,1100.0,STIS,UAT=Quasars; TIER1=Galaxy; TIER2=Active galaxy; TIER3=Quasar,9051,3,*Active galaxy*
QSO J2144-0754,326.13648203914,-7.911885024289998,1568.0,3184.0,hst_hsla_qsoj2144-0754--4733,2110.0,STIS,UAT=Quasars; TIER1=Galaxy; TIER2=Active galaxy; TIER3=Quasar,9051,3,*Active galaxy*
QSO J1537+3358,234.37925071622,33.97685469776,1568.0,3184.0,hst_hsla_qsoj1537p3358--4730,2236.0,STIS,UAT=Quasars; TIER1=Galaxy; TIER2=Active galaxy; TIER3=Quasar,9051,3,*Active galaxy*
QSO J1413+4212,213.39329589729,42.20048601835,1684.0,3066.0,hst_hsla_qsoj1413p4212--4727,2420.0,STIS,UAT=Quasars; TIER1=Galaxy; TIER2=Active galaxy; TIER3=Quasar,9051,3,*Active galaxy*
QSO J1304-0037,196.10001516623,-0.63253497099,1140.0,1730.0,hst_hsla_qsoj1304-0037--4671,600.0,STIS,UAT=Quasars; TIER1=Galaxy; TIER2=Active galaxy; TIER3=Quasar,9067,3,*Active galaxy*
QSO J1317+3531,199.42971006321,35.52554572897,1140.0,1730.0,hst_hsla_qsoj1317p3531--4627,576.0,STIS,UAT=Quasars; TIER1=Galaxy; TIER2=Active galaxy; TIER3=Quasar,8582,3,*Active galaxy*
QSO J1130-1449,172.52946159057333,-14.824214631661482,2303.0,3111.0,hst_hsla_qsoj1130-1449--4780,52380.0,STIS,UAT=Blazars; TIER1=Galaxy; TIER2=Active galaxy; TIER3=Blazar,9173,3,*Active galaxy*
QSO J1137+3907,174.28958795385,39.12308416518167,1568.0,3184.0,hst_hsla_qsoj1137p3907--4726,2260.0,STIS,UAT=Quasars; TIER1=Galaxy; TIER2=Active galaxy; TIER3=Quasar,9051,3,*Active galaxy*
QSO J1108+3133,167.00542242677,31.55950046688,1568.0,3184.0,hst_hsla_qsoj1108p3133--4725,1100.0,STIS,UAT=Quasars; TIER1=Galaxy; TIER2=Active galaxy; TIER3=Quasar,9051,3,*Active galaxy*
QSO J1103+3715,165.95725140821,37.25746183811,1568.0,3184.0,hst_hsla_qsoj1103p3715--4724,1088.0,STIS,UAT=Quasars; TIER1=Galaxy; TIER2=Active galaxy; TIER3=Quasar,9051,3,*Active galaxy*
QSO J1026+6136,156.57956762378,61.60803112429001,1140.0,1730.0,hst_hsla_qsoj1026p6136--4670,600.0,STIS,UAT=Quasars; TIER1=Galaxy; TIER2=Active galaxy; TIER3=Quasar,9067,3,*Active galaxy*
QSO J1008-0223,152.14473845457,-2.3840440473799998,1140.0,1730.0,hst_hsla_qsoj1008-0223--4673,600.0,STIS,UAT=Quasars; TIER1=Galaxy; TIER2=Active galaxy; TIER3=Quasar,9067,3,*Active galaxy*
QSO J0955+5940,148.79720515518,59.67518098936999,1140.0,1730.0,hst_hsla_qsoj0955p5940--4678,600.0,STIS,UAT=Quasars; TIER1=Galaxy; TIER2=Active galaxy; TIER3=Quasar,9067,3,*Active galaxy*
QSO J0814+5029,123.64664387473,50.49621274914,1140.0,1730.0,hst_hsla_qsoj0814p5029--4675,600.0,STIS,UAT=Quasars; TIER1=Galaxy; TIER2=Active galaxy; TIER3=Quasar,9067,3,*Active galaxy*
QSO J0753+4231,118.26390607528998,42.52521272999,1140.0,1730.0,hst_hsla_qsoj0753p4231--4674,600.0,STIS,UAT=Quasars; TIER1=Galaxy; TIER2=Active galaxy; TIER3=Quasar,9067,3,*Active galaxy*
QSO J0839+5256,129.96815557199,52.94005050631,1140.0,1730.0,hst_hsla_qsoj0839p5256--4679,600.0,STIS,UAT=Quasars; TIER1=Galaxy; TIER2=Active galaxy; TIER3=Quasar,9067,3,*Active galaxy*
QSO J0806+5041,121.58533518793,50.69012923926,1568.0,3184.0,hst_hsla_qsoj0806p5041--4720,1320.0,STIS,UAT=Quasars; TIER1=Galaxy; TIER2=Active galaxy; TIER3=Quasar,9051,3,*Active galaxy*
QSO J0102-0853,15.706889618979996,-8.895673341529998,1568.0,3184.0,hst_hsla_qsoj0102-0853--4713,1090.0,STIS,UAT=Quasars; TIER1=Galaxy; TIER2=Active galaxy; TIER3=Quasar,9051,3,*Active galaxy*
QSO J0141-0024,25.346010284300004,-0.40613078088,1568.0,3184.0,hst_hsla_qsoj0141-0024--4714,2150.0,STIS,UAT=Quasars; TIER1=Galaxy; TIER2=Active galaxy; TIER3=Quasar,9051,3,*Active galaxy*
QSO J0354-2724,58.52322444691999,-27.405849645280004,1568.0,3184.0,hst_hsla_qsoj0354-2724--4555,2376.0,STIS,UAT=Quasars; TIER1=Galaxy; TIER2=Active galaxy; TIER3=Quasar,8569,3,*Active galaxy*
QSO J0308-3250,47.09782992301,-32.8358520302,1140.0,1730.0,hst_hsla_qsoj0308-3250--4993,720.0,STIS,UAT=Quasars; TIER1=Galaxy; TIER2=Active galaxy; TIER3=Quasar,9506,3,*Active galaxy*
QSO J0749+4152,117.36630283545,41.878420590580006,1140.0,1730.0,hst_hsla_qsoj0749p4152--4672,600.0,STIS,UAT=Quasars; TIER1=Galaxy; TIER2=Active galaxy; TIER3=Quasar,9067,3,*Active galaxy*
QSO J0210-0152,32.66617163707,-1.87043429766,1568.0,3184.0,hst_hsla_qsoj0210-0152--4716,1100.0,STIS,UAT=Quasars; TIER1=Galaxy; TIER2=Active galaxy; TIER3=Quasar,9051,3,*Active galaxy*
QSO B1946+770,296.22855038778,77.09796294889333,1140.0,1730.0,hst_hsla_qsob1946p770--4625,576.0,STIS,UAT=Quasars; TIER1=Galaxy; TIER2=Active galaxy; TIER3=Quasar,8582,3,*Active galaxy*
QSO J0800+4435,120.02637330071,44.59877938281,1140.0,1730.0,hst_hsla_qsoj0800p4435--4676,600.0,STIS,UAT=Quasars; TIER1=Galaxy; TIER2=Active galaxy; TIER3=Quasar,9067,3,*Active galaxy*
QSO B1312+7837,198.33889045263,78.36495463532,1684.0,3066.0,hst_hsla_qsob1312p7837--4838,1680.0,STIS,UAT=Quasars; TIER1=Galaxy; TIER2=Active galaxy; TIER3=Quasar,9187,3,*Active galaxy*
QSO B2139+0127,325.42546321089,1.67775979859,1684.0,3066.0,hst_hsla_qsob2139p0127--4833,1680.0,STIS,UAT=Quasars; TIER1=Galaxy; TIER2=Active galaxy; TIER3=Quasar,9187,3,*Active galaxy*
QSO J0311-7651,47.98020708235,-76.86412453759,1140.0,2965.0,hst_hsla_qsoj0311-7651--4533,43968.0,STIS,UAT=BL Lacertae objects; TIER1=Galaxy; TIER2=Active galaxy; TIER3=BL Lac,8651,3,*Active galaxy*
QSO J0208-0503,32.01264260398,-5.050010996679999,1568.0,3184.0,hst_hsla_qsoj0208-0503--4715,2150.0,STIS,UAT=Quasars; TIER1=Galaxy; TIER2=Active galaxy; TIER3=Quasar,9051,3,*Active galaxy*
QSO B0958+5625,150.4275,56.178888888888885,1140.0,1730.0,hst_hsla_qsob0958p5625--4626,576.0,STIS,UAT=Quasars; TIER1=Galaxy; TIER2=Active galaxy; TIER3=Quasar,8582,3,*Active galaxy*
QSO B0926-0201,142.30655396447,-2.24617437537,1684.0,3066.0,hst_hsla_qsob0926-0201--4832,1680.0,STIS,UAT=Quasars; TIER1=Galaxy; TIER2=Active galaxy; TIER3=Quasar,9187,3,*Active galaxy*
QSO B1157+3143,180.02603833055997,31.44189935332,1140.0,1730.0,hst_hsla_qsob1157p3143--4868,26820.0,STIS,UAT=Quasars; TIER1=Galaxy; TIER2=Active galaxy; TIER3=Quasar,9350,3,*Active galaxy*
QSO B0624+6907,97.51043792605,69.0844205104,1140.0,2914.0,hst_hsla_qsob0624p6907--4664,51480.0,STIS,UAT=Quasars; TIER1=Galaxy; TIER2=Active galaxy; TIER3=Quasar,MULTI,3,*Active galaxy*
QSO B0254-3327B,44.19943959567,-33.25684428878,1140.0,3184.0,hst_hsla_qsob0254-3327b--4529,3912.0,STIS,UAT=Quasars; TIER1=Galaxy; TIER2=Active galaxy; TIER3=Quasar,MULTI,3,*Active galaxy*
QSO B0246-4046,42.21444057989,-40.57080965199,1684.0,3066.0,hst_hsla_qsob0246-4046--4831,1680.0,STIS,UAT=Quasars; TIER1=Galaxy; TIER2=Active galaxy; TIER3=Quasar,9187,3,*Active galaxy*
QSO B0049-2939,12.90939192746,-29.386772711500008,1140.0,1730.0,hst_hsla_qsob0049-2939--4788,8159.0,STIS,UAT=Quasars; TIER1=Galaxy; TIER2=Active galaxy; TIER3=Quasar,9137,3,*Active galaxy*
QSO B0109-353,17.93180047038,-35.05016320434999,1684.0,3066.0,hst_hsla_qsob0109-353--4830,1680.0,STIS,UAT=Quasars; TIER1=Galaxy; TIER2=Active galaxy; TIER3=Quasar,9187,3,*Active galaxy*
QSO B0027-289,7.517525825569998,-28.70717241495001,1140.0,1730.0,hst_hsla_qsob0027-289--4781,5259.0,STIS,UAT=Seyfert galaxies; TIER1=Galaxy; TIER2=Active galaxy; TIER3=Seyfert galaxy,9137,3,*Active galaxy*
PHL 3349,17.00036808899,-29.83690207144,1140.0,1730.0,hst_hsla_phl3349--4795,8159.0,STIS,UAT=Quasars; TIER1=Galaxy; TIER2=Active galaxy; TIER3=Quasar,9137,3,*Active galaxy*
PKS0558-504,89.94816666667,-50.44822222222,2758.0,2914.0,hst_hsla_pks0558-504--4663,1500.0,STIS,UAT=Quasar; TIER1=Galaxy; TIER2=Active galaxy; TIER3=Quasar,9128,3,*Active galaxy*
QSO B0128-2150,22.77295317664,-21.57966973783,1684.0,3066.0,hst_hsla_qsob0128-2150--4840,1680.0,STIS,UAT=Quasars; TIER1=Galaxy; TIER2=Active galaxy; TIER3=Quasar,9187,3,*Active galaxy*
NGC 7682,352.26632555666,3.53331150429,6295.0,6867.0,hst_hsla_ngc7682--4639,1080.0,STIS,UAT=Seyfert galaxies; TIER1=Galaxy; TIER2=Active galaxy; TIER3=Seyfert galaxy,9143,3,*Active galaxy*
NGC 7592W,349.59086565404914,-4.41580674443639,2900.0,7054.0,hst_hsla_ngc7592w--4614,1130.0,STIS,UAT=Seyfert galaxies; TIER1=Galaxy; TIER2=Active galaxy; TIER3=Seyfert galaxy,8669,3,*Active galaxy*
NGC 788,30.276928704090004,-6.81587494669,2900.0,6867.0,hst_hsla_ngc788--4640,1885.0,STIS,UAT=Seyfert galaxies; TIER1=Galaxy; TIER2=Active galaxy; TIER3=Seyfert galaxy,9143,3,*Active galaxy*
NGC 7213,332.31754185155,-47.16669888881,8275.0,8847.0,hst_hsla_ngc7213--4804,1785.0,STIS,UAT=Seyfert galaxies; TIER1=Galaxy; TIER2=Active galaxy; TIER3=Seyfert galaxy,9107,3,*Active galaxy*
NGC 6861,301.83117500000003,-48.37026111111111,6482.0,7054.0,hst_hsla_ngc6861--4816,600.0,STIS,UAT=Emission line galaxies; TIER1=Galaxy; TIER2=Active galaxy; TIER3=Emission line galaxy,9163,3,*Active galaxy*
NGC 5964,234.40087641979,5.973989072769999,2900.0,5700.0,hst_hsla_ngc5964--4750,900.0,STIS,UAT=Emission line galaxies; TIER1=Galaxy; TIER2=Active galaxy; TIER3=Emission line galaxy,9070,3,*Active galaxy*
NGC 5347,208.32416038922,33.49083656061,2900.0,6867.0,hst_hsla_ngc5347--4637,1931.0,STIS,UAT=Seyfert galaxies; TIER1=Galaxy; TIER2=Active galaxy; TIER3=Seyfert galaxy,9143,3,*Active galaxy*
NGC 507,20.91645833333333,33.25617222222222,2900.0,5700.0,hst_hsla_ngc507--4797,3826.0,STIS,UAT=Radio galaxies; TIER1=Galaxy; TIER2=Active galaxy; TIER3=Radio galaxy,9106,3,*Active galaxy*
NGC 5135,201.43357916666665,-29.833677777777776,2900.0,6867.0,hst_hsla_ngc5135--4635,1909.0,STIS,UAT=Seyfert galaxies; TIER1=Galaxy; TIER2=Active galaxy; TIER3=Seyfert galaxy,9143,3,*Active galaxy*
NGC 4775,193.44044583333329,-6.622147222222222,2900.0,5700.0,hst_hsla_ngc4775--4746,900.0,STIS,UAT=Emission line galaxies; TIER1=Galaxy; TIER2=Active galaxy; TIER3=Emission line galaxy,9070,3,*Active galaxy*
NGC4861,194.7510416666999,34.84669444444,1140.0,3184.0,hst_hsla_ngc4861--4777,1930.0,STIS,UAT=Starburst galaxies; TIER1=Galaxy; TIER2=Active galaxy; TIER3=Starburst galaxy,9036,3,*Active galaxy*
NGC 4701,192.29830461338,3.38871922999,2900.0,5700.0,hst_hsla_ngc4701--4745,900.0,STIS,UAT=Active galactic nuclei; TIER1=Galaxy; TIER2=Active galaxy; TIER3=AGN,9070,3,*Active galaxy*
NGC 5283,205.2741177378608,67.67223079462248,6295.0,6867.0,hst_hsla_ngc5283--4636,1200.0,STIS,UAT=Seyfert galaxies; TIER1=Galaxy; TIER2=Active galaxy; TIER3=Seyfert galaxy,9143,3,*Active galaxy*
NGC4395,186.45408333329985,33.547499999999985,1140.0,3111.0,hst_hsla_ngc4395--4854,10204.0,STIS,UAT=Seyfert galaxies; TIER1=Galaxy; TIER2=Active galaxy; TIER3=Seyfert galaxy,9362,3,*Active galaxy*
NGC 428,18.23210908805573,0.9815856268481942,2900.0,5700.0,hst_hsla_ngc428--4734,900.0,STIS,UAT=Active galactic nuclei; TIER1=Galaxy; TIER2=Active galaxy; TIER3=AGN,9070,3,*Active galaxy*
NGC 4343,185.91121531509,6.95402255908,6295.0,6867.0,hst_hsla_ngc4343--4695,1005.0,STIS,UAT=Active galactic nuclei; TIER1=Galaxy; TIER2=Active galaxy; TIER3=AGN,9068,3,*Active galaxy*
NGC 2784,138.0812375,-24.1726,8275.0,8847.0,hst_hsla_ngc2784--4602,1440.0,STIS,UAT=Emission line galaxies; TIER1=Galaxy; TIER2=Active galaxy; TIER3=Emission line galaxy,8591,3,*Active galaxy*
NGC 4055,181.00612033593,20.23231228703,2900.0,5700.0,hst_hsla_ngc4055--4798,8409.0,STIS,UAT=Radio galaxies; TIER1=Galaxy; TIER2=Active galaxy; TIER3=Radio galaxy,9106,3,*Active galaxy*
NGC 3921,177.7786683289,55.07872623819,6482.0,7054.0,hst_hsla_ngc3921--4617,740.0,STIS,UAT=LINER galaxies; TIER1=Galaxy; TIER2=Active galaxy; TIER3=LINER,8669,3,*Active galaxy*
NGC 3346,160.91221232682,14.8717883011,2900.0,5700.0,hst_hsla_ngc3346--4737,900.0,STIS,UAT=Emission line galaxies; TIER1=Galaxy; TIER2=Active galaxy; TIER3=Emission line galaxy,9070,3,*Active galaxy*
NGC 3081,149.87309876014,-22.8263187061,2900.0,6867.0,hst_hsla_ngc3081--4634,1892.0,STIS,UAT=Seyfert galaxies; TIER1=Galaxy; TIER2=Active galaxy; TIER3=Seyfert galaxy,9143,3,*Active galaxy*
Mrk 618,69.09291061972,-10.37610748376,2758.0,2914.0,hst_hsla_mrk618--4661,1500.0,STIS,UAT=Seyfert galaxies; TIER1=Galaxy; TIER2=Active galaxy; TIER3=Seyfert galaxy,9128,3,*Active galaxy*
NGC 1493,59.36427950433999,-46.21069810981,2900.0,5700.0,hst_hsla_ngc1493--4739,900.0,STIS,UAT=Seyfert galaxies; TIER1=Galaxy; TIER2=Active galaxy; TIER3=Seyfert galaxy,9070,3,*Active galaxy*
NGC 2273,102.536121579,60.84579573476001,2900.0,6867.0,hst_hsla_ngc2273--4633,2091.0,STIS,UAT=Seyfert galaxies; TIER1=Galaxy; TIER2=Active galaxy; TIER3=Seyfert galaxy,9143,3,*Active galaxy*
NGC 3423,162.80968570499,5.8400441572,2900.0,5700.0,hst_hsla_ngc3423--4740,900.0,STIS,UAT=Seyfert galaxies; TIER1=Galaxy; TIER2=Active galaxy; TIER3=Seyfert galaxy,9070,3,*Active galaxy*
NGC 2434,113.71312689265,-69.28416556112,8275.0,8847.0,hst_hsla_ngc2434--4799,7351.0,STIS,UAT=Emission line galaxies; TIER1=Galaxy; TIER2=Active galaxy; TIER3=Emission line galaxy,9107,3,*Active galaxy*
NGC 2654,132.29925474768,60.221213030410006,4818.0,7054.0,hst_hsla_ngc2654--4757,10000.0,STIS,UAT=Seyfert galaxies; TIER1=Galaxy; TIER2=Active galaxy; TIER3=Seyfert galaxy,9046,3,*Active galaxy*
NGC 1358,53.41533650702999,-5.08950386547,2900.0,6867.0,hst_hsla_ngc1358--4632,1885.0,STIS,UAT=Seyfert galaxies; TIER1=Galaxy; TIER2=Active galaxy; TIER3=Seyfert galaxy,9143,3,*Active galaxy*
MRK586,31.958125,2.714916666667,2758.0,2914.0,hst_hsla_mrk586--4660,1500.0,STIS,UAT=Quasar; TIER1=Galaxy; TIER2=Active galaxy; TIER3=Quasar,9128,3,*Active galaxy*
MS007007+6338,106.3735833333,63.55866666667001,2758.0,2914.0,hst_hsla_ms007007p6338--4665,1500.0,STIS,UAT=Quasar; TIER1=Galaxy; TIER2=Active galaxy; TIER3=Quasar,9128,3,*Active galaxy*
Mrk 573,25.99074079096,2.34986983381,2900.0,6867.0,hst_hsla_mrk573--4631,1885.0,STIS,UAT=Seyfert galaxies; TIER1=Galaxy; TIER2=Active galaxy; TIER3=Seyfert galaxy,9143,3,*Active galaxy*
Mrk 1095,79.04753852996,-0.1497658797,2758.0,2914.0,hst_hsla_mrk1095--4662,900.0,STIS,UAT=Seyfert galaxies; TIER1=Galaxy; TIER2=Active galaxy; TIER3=Seyfert galaxy,9128,3,*Active galaxy*
MCPS J00.984178-72.18011,14.763099999999994,-72.179714,1140.0,1730.0,hst_hsla_mcpsj00d984178-72d18011--4607,590.0,STIS,UAT=Starburst galaxies; TIER1=Galaxy; TIER2=Active galaxy; TIER3=Starburst galaxy,8629,3,*Active galaxy*
M 94,192.7213198309527,41.12036116025711,2900.0,6867.0,hst_hsla_m94--4601,10464.0,STIS,UAT=Seyfert galaxies; TIER1=Galaxy; TIER2=Active galaxy; TIER3=Seyfert galaxy,16772,3,*Active galaxy*
LBQS 1226+1035,187.15366354963,10.31165391195,1568.0,3184.0,hst_hsla_lbqs1226p1035--4563,2334.0,STIS,UAT=Quasars; TIER1=Galaxy; TIER2=Active galaxy; TIER3=Quasar,8569,3,*Active galaxy*
LBQS 0056-2843,14.77504690854,-28.45089511439,1140.0,1730.0,hst_hsla_lbqs0056-2843--4792,11059.0,STIS,UAT=Quasars; TIER1=Galaxy; TIER2=Active galaxy; TIER3=Quasar,9137,3,*Active galaxy*
LBQS 0052-2856,13.77557579918,-28.67591330953,1140.0,1730.0,hst_hsla_lbqs0052-2856--4791,8159.0,STIS,UAT=Quasars; TIER1=Galaxy; TIER2=Active galaxy; TIER3=Quasar,9137,3,*Active galaxy*
LBQS 0048+0025,12.8770747835275,0.6972219294916666,1568.0,3184.0,hst_hsla_lbqs0048p0025--4712,2190.0,STIS,UAT=Quasars; TIER1=Galaxy; TIER2=Active galaxy; TIER3=Quasar,9051,3,*Active galaxy*
LBQS 0046-2834,12.18481641328,-28.29434419127,1140.0,1730.0,hst_hsla_lbqs0046-2834--4786,8159.0,STIS,UAT=Quasars; TIER1=Galaxy; TIER2=Active galaxy; TIER3=Quasar,9137,3,*Active galaxy*
LBQS 0059-3034,15.502091740682223,-30.307056682801488,1140.0,1730.0,hst_hsla_lbqs0059-3034--4793,8275.0,STIS,UAT=Quasars; TIER1=Galaxy; TIER2=Active galaxy; TIER3=Quasar,9137,3,*Active galaxy*
LBQS 0052-3020,13.60633928144,-30.076680621120005,1140.0,1730.0,hst_hsla_lbqs0052-3020--4790,11222.0,STIS,UAT=Quasars; TIER1=Galaxy; TIER2=Active galaxy; TIER3=Quasar,9137,3,*Active galaxy*
LBQS 0059-2946,15.55832596575,-29.50320239494,1140.0,1730.0,hst_hsla_lbqs0059-2946--4794,11059.0,STIS,UAT=Quasars; TIER1=Galaxy; TIER2=Active galaxy; TIER3=Quasar,9137,3,*Active galaxy*
LBQS 0045-3045,11.917645709169998,-30.47736338565,1140.0,1730.0,hst_hsla_lbqs0045-3045--4785,11222.0,STIS,UAT=Quasars; TIER1=Galaxy; TIER2=Active galaxy; TIER3=Quasar,9137,3,*Active galaxy*
LBQS 0049-3024,13.037179388619998,-30.131843384880003,1140.0,1730.0,hst_hsla_lbqs0049-3024--4789,8275.0,STIS,UAT=Quasars; TIER1=Galaxy; TIER2=Active galaxy; TIER3=Quasar,9137,3,*Active galaxy*
LBQS 0041-2904,10.981734087999998,-28.79720448144,1140.0,1730.0,hst_hsla_lbqs0041-2904--4783,11059.0,STIS,UAT=Quasars; TIER1=Galaxy; TIER2=Active galaxy; TIER3=Quasar,9137,3,*Active galaxy*
LBQS 0041-2638,10.928332407289998,-26.36940650234,1568.0,3184.0,hst_hsla_lbqs0041-2638--4553,2374.0,STIS,UAT=Quasars; TIER1=Galaxy; TIER2=Active galaxy; TIER3=Quasar,8569,3,*Active galaxy*
LBQS 0040-3024,10.74953647882,-30.12811139415,1140.0,1730.0,hst_hsla_lbqs0040-3024--4782,8275.0,STIS,UAT=Quasars; TIER1=Galaxy; TIER2=Active galaxy; TIER3=Quasar,9137,3,*Active galaxy*
LBQS 0018+0047,5.366198842959999,1.07229876347,1568.0,5700.0,hst_hsla_lbqs0018p0047--5018,4709.0,STIS,UAT=Quasars; TIER1=Galaxy; TIER2=Active galaxy; TIER3=Quasar,9382,3,*Active galaxy*
ICRF J083052.0+241059,127.71702580208331,24.18328341441667,3037.0,3193.0,hst_hsla_icrfj083052d0p241059--4980,9660.0,STIS,UAT=Seyfert galaxies; TIER1=Galaxy; TIER2=Active galaxy; TIER3=Seyfert galaxy,9441,3,*Active galaxy*
IC 3639,190.22014370181,-36.75584916977,2900.0,6867.0,hst_hsla_ic3639--4630,1903.0,STIS,UAT=Seyfert galaxies; TIER1=Galaxy; TIER2=Active galaxy; TIER3=Seyfert galaxy,9143,3,*Active galaxy*
IRAS F15146+1911,229.2217852745,19.01339896778,1140.0,3184.0,hst_hsla_irasf15146p1911--4817,5168.0,STIS,UAT=Seyfert galaxies; TIER1=Galaxy; TIER2=Active galaxy; TIER3=Seyfert galaxy,9161,3,*Active galaxy*
IR09149-6206,139.0402916667,-62.32519444444001,2758.0,2914.0,hst_hsla_ir09149-6206--4666,1500.0,STIS,UAT=Seyfert galaxies; TIER1=Galaxy; TIER2=Active galaxy; TIER3=Seyfert galaxy,9128,3,*Active galaxy*
ICRF J143120.5+395241,217.83557652197,39.87820277488,1568.0,3184.0,hst_hsla_icrfj143120d5p395241--4728,2292.0,STIS,UAT=Seyfert galaxies; TIER1=Galaxy; TIER2=Active galaxy; TIER3=Seyfert galaxy,9051,3,*Active galaxy*
GALEXASC J130947.06+081948.4,197.4464583332999,8.329972222222002,2758.0,2914.0,hst_hsla_galexascj130947d06p081948d4--4668,1500.0,STIS,UAT=Quasar; TIER1=Galaxy; TIER2=Active galaxy; TIER3=Quasar,9128,3,*Active galaxy*
[VV2000] J114035.5+695925,175.14690771263,69.99094442592,1684.0,3066.0,hst_hsla_bvv2000bj114035d5p695925--4837,1680.0,STIS,UAT=Quasars; TIER1=Galaxy; TIER2=Active galaxy; TIER3=Quasar,9187,3,*Active galaxy*
[VV96] J055200.4-531244,88.00232438961,-53.21207334163,1684.0,3066.0,hst_hsla_bvv96bj055200d4-531244--4835,1680.0,STIS,UAT=Quasars; TIER1=Galaxy; TIER2=Active galaxy; TIER3=Quasar,9187,3,*Active galaxy*
[VV96] J055445.7-330517,88.69086550889,-33.08802988421,1684.0,3066.0,hst_hsla_bvv96bj055445d7-330517--4836,1680.0,STIS,UAT=Quasars; TIER1=Galaxy; TIER2=Active galaxy; TIER3=Quasar,9187,3,*Active galaxy*
[VCV96] Q 0043-2923,11.45086,-29.11599,1140.0,1730.0,hst_hsla_bvcv96bq0043-2923--4784,2399.0,STIS,UAT=Quasars; TIER1=Galaxy; TIER2=Active galaxy; TIER3=Quasar,9137,3,*Active galaxy*
[VV96] J043837.3-370342,69.65576885313,-37.06162749395,1684.0,3066.0,hst_hsla_bvv96bj043837d3-370342--4834,1680.0,STIS,UAT=Quasars; TIER1=Galaxy; TIER2=Active galaxy; TIER3=Quasar,9187,3,*Active galaxy*
[VV2006] J080036.0+501044,120.15006097007004,50.17896958621,1684.0,3066.0,hst_hsla_bvv2006bj080036d0p501044--4719,2537.0,STIS,UAT=Quasars; TIER1=Galaxy; TIER2=Active galaxy; TIER3=Quasar,9051,3,*Active galaxy*
[MKK97] 107042,196.85916666666665,29.307222222222222,5235.999999999999,10266.000000000002,hst_hsla_bmkk97b107042--4828,4538.0,STIS,UAT=Active galactic nuclei; TIER1=Galaxy; TIER2=Active galaxy; TIER3=AGN,9126,3,*Active galaxy*
[MKK97] 117731,197.1595833333333,29.58,5966.0,6538.0,hst_hsla_bmkk97b117731--4829,2024.0,STIS,UAT=Active galactic nuclei; TIER1=Galaxy; TIER2=Active galaxy; TIER3=AGN,9126,3,*Active galaxy*
[MKK97] 110601,197.1990625,29.395,5235.999999999999,10266.000000000002,hst_hsla_bmkk97b110601--4608,4696.0,STIS,UAT=Active galactic nuclei; TIER1=Galaxy; TIER2=Active galaxy; TIER3=AGN,8678,3,*Active galaxy*
[K80] SA 68 6134,4.54725,15.798055555555557,5235.999999999999,10266.000000000002,hst_hsla_bk80bsa686134--4609,2640.0,STIS,UAT=Emission line galaxies; TIER1=Galaxy; TIER2=Active galaxy; TIER3=Emission line galaxy,8678,3,*Active galaxy*
[KAC2002] A,191.5178377409375,-7.513149263680555,1568.0,3184.0,hst_hsla_bkac2002ba--4641,2901.0,STIS,UAT=Emission line galaxies; TIER1=Galaxy; TIER2=Active galaxy; TIER3=Emission line galaxy,9076,3,*Active galaxy*
7C 132816.2+252436,202.65706697701,25.15305086277,1684.0,3066.0,hst_hsla_7c132816d2p252436--4846,16002.0,STIS,UAT=Quasars; TIER1=Galaxy; TIER2=Active galaxy; TIER3=Quasar,9280,3,*Active galaxy*
7C 1014+5411,154.42765337034,53.94308403458,1568.0,3184.0,hst_hsla_7c1014p5411--4723,5580.0,STIS,UAT=Quasars; TIER1=Galaxy; TIER2=Active galaxy; TIER3=Quasar,9051,3,*Active galaxy*
2MASX J16355210+7128540,248.96716616465,71.48162562662,1140.0,1730.0,hst_hsla_2masxj16355210p7128540--4991,720.0,STIS,UAT=Seyfert galaxies; TIER1=Galaxy; TIER2=Active galaxy; TIER3=Seyfert galaxy,9506,3,*Active galaxy*
7C 170448.10+361856.00,256.64219424032,36.25223250135,1568.0,3184.0,hst_hsla_7c170448d10p361856d00--4732,2268.0,STIS,UAT=Quasars; TIER1=Galaxy; TIER2=Active galaxy; TIER3=Quasar,9051,3,*Active galaxy*
2MASS J17175306+5500480,259.47112300000003,55.01335100000001,1140.0,1730.0,hst_hsla_2massj17175306p5500480--4677,600.0,STIS,UAT=Seyfert galaxies; TIER1=Galaxy; TIER2=Active galaxy; TIER3=Seyfert galaxy,9067,3,*Active galaxy*
7C 074500.90+301403.00,117.03943941607,30.1084821567,1684.0,3066.0,hst_hsla_7c074500d90p301403d00--4718,2266.0,STIS,UAT=Quasars; TIER1=Galaxy; TIER2=Active galaxy; TIER3=Quasar,9051,3,*Active galaxy*
7C 074105.70+321502.00,116.07191895177,32.13494559469,1568.0,3184.0,hst_hsla_7c074105d70p321502d00--4717,2156.0,STIS,UAT=Quasars; TIER1=Galaxy; TIER2=Active galaxy; TIER3=Quasar,9051,3,*Active galaxy*
2MASS J13503888-2512167,207.66199725316,-25.20468189449,1684.0,3066.0,hst_hsla_2massj13503888-2512167--4839,1680.0,STIS,UAT=Quasars; TIER1=Galaxy; TIER2=Active galaxy; TIER3=Quasar,9187,3,*Active galaxy*
2MASS J14464593+4035057,221.69141344137,40.58494367601,1140.0,1735.0,hst_hsla_2massj14464593p4035057--4758,48624.0,STIS,UAT=Seyfert galaxies; TIER1=Galaxy; TIER2=Active galaxy; TIER3=Seyfert galaxy,9184,3,*Active galaxy*
1ES1959+650,300.0003750000001,65.148,2758.0,2914.0,hst_hsla_1es1959p650--4669,1200.0,STIS,UAT=Seyfert galaxies; TIER1=Galaxy; TIER2=Active galaxy; TIER3=Seyfert galaxy,9128,3,*Active galaxy*
2MASS J03551332-5451575,58.80550560843,-54.86600522479,1568.0,3184.0,hst_hsla_2massj03551332-5451575--4995,720.0,STIS,UAT=Seyfert galaxies; TIER1=Galaxy; TIER2=Active galaxy; TIER3=Seyfert galaxy,9507,3,*Active galaxy*
WISEA J103148.78-003602.6,157.95324000000002,-0.6009100000000005,1568.0,3184.0,hst_hsla_wiseaj103148d78-003602d6--5043,2351.0,STIS,UAT=Quasar; TIER1=Galaxy; TIER2=Active galaxy; TIER3=Quasar,9382,3,*Active galaxy*
UGC 9799,229.18537247464,7.02161816965,6482.0,7054.0,hst_hsla_ugc9799--5106,2030.0,STIS,UAT=Seyfert galaxies; TIER1=Galaxy; TIER2=Active galaxy; TIER3=Seyfert galaxy,9838,3,*Active galaxy*
QSO J2330-5506,352.50765939425,-55.10660105085,1568.0,3184.0,hst_hsla_qsoj2330-5506--5002,900.0,STIS,UAT=Quasars; TIER1=Galaxy; TIER2=Active galaxy; TIER3=Quasar,9507,3,*Active galaxy*
QSO J2331+0038,352.84091704562,0.63539740249,1568.0,3184.0,hst_hsla_qsoj2331p0038--5083,2379.0,STIS,UAT=Quasars; TIER1=Galaxy; TIER2=Active galaxy; TIER3=Quasar,9382,3,*Active galaxy*
QSO J2339-0029,354.82446393131,-0.4954307873300002,1568.0,3184.0,hst_hsla_qsoj2339-0029--5085,2347.0,STIS,UAT=Quasars; TIER1=Galaxy; TIER2=Active galaxy; TIER3=Quasar,9382,3,*Active galaxy*
QSO J2334+0052,353.66670834802994,0.86716261567,1568.0,3184.0,hst_hsla_qsoj2334p0052--5084,8157.0,STIS,UAT=Quasars; TIER1=Galaxy; TIER2=Active galaxy; TIER3=Quasar,9382,3,*Active galaxy*
QSO J1736+5938,264.18472641418,59.64442216708,1568.0,3184.0,hst_hsla_qsoj1736p5938--5081,4380.0,STIS,UAT=Quasars; TIER1=Galaxy; TIER2=Active galaxy; TIER3=Quasar,9382,3,*Active galaxy*
QSO J1733+5533,263.34583727579,55.55023350253,1568.0,3184.0,hst_hsla_qsoj1733p5533--5080,4380.0,STIS,UAT=Quasars; TIER1=Galaxy; TIER2=Active galaxy; TIER3=Quasar,9382,3,*Active galaxy*
QSO J1716+5654,259.09854984048,56.91246795718,1568.0,3184.0,hst_hsla_qsoj1716p5654--5076,9840.0,STIS,UAT=Quasars; TIER1=Galaxy; TIER2=Active galaxy; TIER3=Quasar,9382,3,*Active galaxy*
QSO J1714+5757,258.55578472115,57.95306716613,1568.0,3184.0,hst_hsla_qsoj1714p5757--5074,4380.0,STIS,UAT=Quasars; TIER1=Galaxy; TIER2=Active galaxy; TIER3=Quasar,9382,3,*Active galaxy*
QSO J1715+5747,258.91612050518995,57.78950510177,1568.0,3184.0,hst_hsla_qsoj1715p5747--5075,4380.0,STIS,UAT=Quasars; TIER1=Galaxy; TIER2=Active galaxy; TIER3=Quasar,9382,3,*Active galaxy*
QSO J2328+0022,352.084930387,0.3772713602200001,1568.0,3184.0,hst_hsla_qsoj2328p0022--5082,5260.0,STIS,UAT=Quasars; TIER1=Galaxy; TIER2=Active galaxy; TIER3=Quasar,9382,3,*Active galaxy*
QSO J1727+5302,261.91261486447,53.04146687675999,1568.0,3184.0,hst_hsla_qsoj1727p5302--5078,4380.0,STIS,UAT=Quasars; TIER1=Galaxy; TIER2=Active galaxy; TIER3=Quasar,9382,3,*Active galaxy*
QSO J1712+5559,258.18381386008,55.9971567208,1568.0,3184.0,hst_hsla_qsoj1712p5559--5073,4380.0,STIS,UAT=Quasars; TIER1=Galaxy; TIER2=Active galaxy; TIER3=Quasar,9382,3,*Active galaxy*
QSO J1722+5442,260.65392720489,54.70129303617,1568.0,3184.0,hst_hsla_qsoj1722p5442--5077,4380.0,STIS,UAT=Quasars; TIER1=Galaxy; TIER2=Active galaxy; TIER3=Quasar,9382,3,*Active galaxy*
QSO J1729+5758,262.49484061455,57.97734775222999,1568.0,3184.0,hst_hsla_qsoj1729p5758--5079,4380.0,STIS,UAT=Quasars; TIER1=Galaxy; TIER2=Active galaxy; TIER3=Quasar,9382,3,*Active galaxy*
QSO J1636+7205,249.06333333333333,72.08694444444444,1140.0,1730.0,hst_hsla_qsoj1636p7205--4990,1543.400024,STIS,UAT=Seyfert galaxies; TIER1=Galaxy; TIER2=Active galaxy; TIER3=Seyfert galaxy,9506,3,*Active galaxy*
QSO J1537+0021,234.30733933804,0.3545232979199999,1568.0,5700.0,hst_hsla_qsoj1537p0021--5072,7562.0,STIS,UAT=Quasars; TIER1=Galaxy; TIER2=Active galaxy; TIER3=Quasar,9382,3,*Active galaxy*
QSO J1341+0059,205.47595015958,0.9968665269499998,1568.0,3184.0,hst_hsla_qsoj1341p0059--5061,2359.0,STIS,UAT=Quasars; TIER1=Galaxy; TIER2=Active galaxy; TIER3=Quasar,9382,3,*Active galaxy*
QSO J1521-0009,230.25835993877,-0.15088937197,1568.0,3184.0,hst_hsla_qsoj1521-0009--5071,5236.0,STIS,UAT=Quasars; TIER1=Galaxy; TIER2=Active galaxy; TIER3=Quasar,9382,3,*Active galaxy*
QSO J1224+0037,186.05959038107,0.6191836679599999,1568.0,3184.0,hst_hsla_qsoj1224p0037--5056,2363.0,STIS,UAT=Quasars; TIER1=Galaxy; TIER2=Active galaxy; TIER3=Quasar,9382,3,*Active galaxy*
QSO J1420-0054,215.21028026832,-0.90720072156,1568.0,3184.0,hst_hsla_qsoj1420-0054--5065,5236.0,STIS,UAT=Quasars; TIER1=Galaxy; TIER2=Active galaxy; TIER3=Quasar,9382,3,*Active galaxy*
QSO J1455-0045,223.78394762504,-0.7520851802500002,1568.0,3184.0,hst_hsla_qsoj1455-0045--5069,2375.0,STIS,UAT=Quasars; TIER1=Galaxy; TIER2=Active galaxy; TIER3=Quasar,9382,3,*Active galaxy*
QSO J1225+0035,186.4859112242,0.5931041336000001,1568.0,3184.0,hst_hsla_qsoj1225p0035--5088,5240.0,STIS,UAT=Quasars; TIER1=Galaxy; TIER2=Active galaxy; TIER3=Quasar,9382,3,*Active galaxy*
QSO J1501+0019,225.34772626965,0.32778786939,1568.0,3184.0,hst_hsla_qsoj1501p0019--5070,2375.0,STIS,UAT=Quasars; TIER1=Galaxy; TIER2=Active galaxy; TIER3=Quasar,9382,3,*Active galaxy*
QSO J1109+0051,167.40147207859,0.8531861808199998,1568.0,3184.0,hst_hsla_qsoj1109p0051--5051,8145.0,STIS,UAT=Quasars; TIER1=Galaxy; TIER2=Active galaxy; TIER3=Quasar,9382,3,*Active galaxy*
QSO J1419-0036,214.83763197458,-0.61468934865,1568.0,3184.0,hst_hsla_qsoj1419-0036--5064,2375.0,STIS,UAT=Quasars; TIER1=Galaxy; TIER2=Active galaxy; TIER3=Quasar,9382,3,*Active galaxy*
QSO J1225-0052,186.49354140002,-0.8739367442099999,1568.0,3184.0,hst_hsla_qsoj1225-0052--5057,5236.0,STIS,UAT=Quasars; TIER1=Galaxy; TIER2=Active galaxy; TIER3=Quasar,9382,3,*Active galaxy*
QSO J1126+0034,171.51169606826,0.57176422532,1568.0,3184.0,hst_hsla_qsoj1126p0034--5054,2371.0,STIS,UAT=Quasars; TIER1=Galaxy; TIER2=Active galaxy; TIER3=Quasar,9382,3,*Active galaxy*
QSO J1112+0013,168.23388236411,0.2287649399,1568.0,3184.0,hst_hsla_qsoj1112p0013--5053,2363.0,STIS,UAT=Quasars; TIER1=Galaxy; TIER2=Active galaxy; TIER3=Quasar,9382,3,*Active galaxy*
QSO J1426+0051,216.71208999449,0.86407117782,1568.0,3184.0,hst_hsla_qsoj1426p0051--5066,5240.0,STIS,UAT=Quasars; TIER1=Galaxy; TIER2=Active galaxy; TIER3=Quasar,9382,3,*Active galaxy*
QSO J1220-0040,185.15420241787,-0.67567736736,1568.0,3184.0,hst_hsla_qsoj1220-0040--5055,5248.0,STIS,UAT=Quasars; TIER1=Galaxy; TIER2=Active galaxy; TIER3=Quasar,9382,3,*Active galaxy*
QSO J1107+0048,166.87098110243,0.80313598635,1568.0,3184.0,hst_hsla_qsoj1107p0048--5049,2383.0,STIS,UAT=Quasars; TIER1=Galaxy; TIER2=Active galaxy; TIER3=Quasar,9382,3,*Active galaxy*
QSO J1108-0802,167.05265186297,-8.04131282018,1568.0,3184.0,hst_hsla_qsoj1108-0802--5001,900.0,STIS,UAT=Quasars; TIER1=Galaxy; TIER2=Active galaxy; TIER3=Quasar,9507,3,*Active galaxy*
QSO J1107+0003,166.90281439313,0.0581876283499999,1568.0,3184.0,hst_hsla_qsoj1107p0003--5050,2367.0,STIS,UAT=Quasars; TIER1=Galaxy; TIER2=Active galaxy; TIER3=Quasar,9382,3,*Active galaxy*
QSO J1022+0101,155.74914256329,1.0232096466600002,1568.0,3184.0,hst_hsla_qsoj1022p0101--5041,5236.0,STIS,UAT=Quasars; TIER1=Galaxy; TIER2=Active galaxy; TIER3=Quasar,9382,3,*Active galaxy*
QSO J1037+0028,159.4352162225,0.46924269633,1568.0,3184.0,hst_hsla_qsoj1037p0028--5045,2367.0,STIS,UAT=Quasars; TIER1=Galaxy; TIER2=Active galaxy; TIER3=Quasar,9382,3,*Active galaxy*
QSO J1032+0003,158.1633946998,0.06506031731,1568.0,3184.0,hst_hsla_qsoj1032p0003--5044,2400.0,STIS,UAT=Quasars; TIER1=Galaxy; TIER2=Active galaxy; TIER3=Quasar,9382,3,*Active galaxy*
QSO J1048+0032,162.21888019922,0.5416702146800001,1568.0,3184.0,hst_hsla_qsoj1048p0032--5047,2367.0,STIS,UAT=Quasars; TIER1=Galaxy; TIER2=Active galaxy; TIER3=Quasar,9382,3,*Active galaxy*
QSO J1010-0047,152.63934762949,-0.7901366839,1568.0,3184.0,hst_hsla_qsoj1010-0047--5040,2375.0,STIS,UAT=Quasars; TIER1=Galaxy; TIER2=Active galaxy; TIER3=Quasar,9382,3,*Active galaxy*
QSO J1047-0047,161.88910511942,-0.78348122874,1568.0,3184.0,hst_hsla_qsoj1047-0047--5046,5248.0,STIS,UAT=Quasars; TIER1=Galaxy; TIER2=Active galaxy; TIER3=Quasar,9382,3,*Active galaxy*
QSO J1009+0036,152.43828448463,0.6092468195099999,1568.0,3184.0,hst_hsla_qsoj1009p0036--5038,5236.0,STIS,UAT=Quasars; TIER1=Galaxy; TIER2=Active galaxy; TIER3=Quasar,9382,3,*Active galaxy*
QSO J1009-0026,152.37693396471,-0.4386446952399999,1568.0,3184.0,hst_hsla_qsoj1009-0026--5037,2383.0,STIS,UAT=Quasars; TIER1=Galaxy; TIER2=Active galaxy; TIER3=Quasar,9382,3,*Active galaxy*
QSO J1008-0018,152.15568170423,-0.30977230336,1568.0,3184.0,hst_hsla_qsoj1008-0018--5036,5248.0,STIS,UAT=Quasars; TIER1=Galaxy; TIER2=Active galaxy; TIER3=Quasar,9382,3,*Active galaxy*
QSO J1007+0042,151.81472966523,0.71620949637,1568.0,3184.0,hst_hsla_qsoj1007p0042--5035,4731.0,STIS,UAT=Quasars; TIER1=Galaxy; TIER2=Active galaxy; TIER3=Quasar,9382,3,*Active galaxy*
QSO J0953-0038,148.34860575211,-0.6341032353800001,1568.0,3184.0,hst_hsla_qsoj0953-0038--5033,5248.0,STIS,UAT=Quasars; TIER1=Galaxy; TIER2=Active galaxy; TIER3=Quasar,9382,3,*Active galaxy*
QSO J0145-3520,26.46131133174,-35.34710365791,1568.0,3184.0,hst_hsla_qsoj0145-3520--5004,900.0,STIS,UAT=Quasars; TIER1=Galaxy; TIER2=Active galaxy; TIER3=Quasar,9507,3,*Active galaxy*
QSO J0134+0051,23.52402694103,0.85261721782,1568.0,3184.0,hst_hsla_qsoj0134p0051--5025,5252.0,STIS,UAT=Quasars; TIER1=Galaxy; TIER2=Active galaxy; TIER3=Quasar,9382,3,*Active galaxy*
QSO J0959-0035,149.90950946448,-0.58356708379,2900.0,5700.0,hst_hsla_qsoj0959-0035--5034,2355.0,STIS,UAT=Quasars; TIER1=Galaxy; TIER2=Active galaxy; TIER3=Quasar,9382,3,*Active galaxy*
QSO J0153+0052,28.28803058039,0.8805902476300003,1568.0,3184.0,hst_hsla_qsoj0153p0052--5028,5236.0,STIS,UAT=Quasars; TIER1=Galaxy; TIER2=Active galaxy; TIER3=Quasar,9382,3,*Active galaxy*
QSO J0801+5210,120.32415334002005,52.17627733916999,1140.0,1730.0,hst_hsla_qsoj0801p5210--4986,1543.400024,STIS,UAT=Quasars; TIER1=Galaxy; TIER2=Active galaxy; TIER3=Quasar,9506,3,*Active galaxy*
QSO J0157-0048,29.391143816890008,-0.8068159544100001,1568.0,3184.0,hst_hsla_qsoj0157-0048--5030,5260.0,STIS,UAT=Quasars; TIER1=Galaxy; TIER2=Active galaxy; TIER3=Quasar,9382,3,*Active galaxy*
QSO J0139-0023,24.91131270979,-0.39669370151,1568.0,3184.0,hst_hsla_qsoj0139-0023--5027,5236.0,STIS,UAT=Quasars; TIER1=Galaxy; TIER2=Active galaxy; TIER3=Quasar,9382,3,*Active galaxy*
QSO J0138-0005,24.6063895637,-0.09292424988,1568.0,3184.0,hst_hsla_qsoj0138-0005--5026,5244.0,STIS,UAT=Quasars; TIER1=Galaxy; TIER2=Active galaxy; TIER3=Quasar,9382,3,*Active galaxy*
QSO J0411-4956,62.75384919592,-49.94896429863,1568.0,3184.0,hst_hsla_qsoj0411-4956--4996,900.0,STIS,UAT=Quasars; TIER1=Galaxy; TIER2=Active galaxy; TIER3=Quasar,9507,3,*Active galaxy*
QSO J0732+6159,113.07759499457,61.98477981157999,1140.0,1730.0,hst_hsla_qsoj0732p6159--4989,720.0,STIS,UAT=Quasars; TIER1=Galaxy; TIER2=Active galaxy; TIER3=Quasar,9506,3,*Active galaxy*
QSO J0153+0009,28.325800428360008,0.15316790977,1568.0,3184.0,hst_hsla_qsoj0153p0009--5029,2379.0,STIS,UAT=Quasars; TIER1=Galaxy; TIER2=Active galaxy; TIER3=Quasar,9382,3,*Active galaxy*
QSO J0132+0116,23.141207380160004,1.2687014655899995,1568.0,3184.0,hst_hsla_qsoj0132p0116--5024,5236.0,STIS,UAT=Quasars; TIER1=Galaxy; TIER2=Active galaxy; TIER3=Quasar,9382,3,*Active galaxy*
QSO J0128-3029,22.1034460147,-30.49478792469,1140.0,1730.0,hst_hsla_qsoj0128-3029--4992,1594.300049,STIS,UAT=Quasars; TIER1=Galaxy; TIER2=Active galaxy; TIER3=Quasar,9506,3,*Active galaxy*
QSO J0110+0019,17.73710234053,0.31998794279,1568.0,3184.0,hst_hsla_qsoj0110p0019--5021,2367.0,STIS,UAT=Quasars; TIER1=Galaxy; TIER2=Active galaxy; TIER3=Quasar,9382,3,*Active galaxy*
QSO J0126-0105,21.62657431259,-1.0835208032699997,1568.0,3184.0,hst_hsla_qsoj0126-0105--5023,2371.0,STIS,UAT=Quasars; TIER1=Galaxy; TIER2=Active galaxy; TIER3=Quasar,9382,3,*Active galaxy*
QSO J0123-0058,20.76345960233,-0.9719190504500002,1568.0,3184.0,hst_hsla_qsoj0123-0058--5089,5160.0,STIS,UAT=Quasars; TIER1=Galaxy; TIER2=Active galaxy; TIER3=Quasar,9382,3,*Active galaxy*
QSO J0106+0105,16.516118512650003,1.08504710089,1568.0,3184.0,hst_hsla_qsoj0106p0105--5020,5236.0,STIS,UAT=Quasars; TIER1=Galaxy; TIER2=Active galaxy; TIER3=Quasar,9382,3,*Active galaxy*
QSO B1052-0004,163.67077592678,-0.34678981881,1568.0,3184.0,hst_hsla_qsob1052-0004--5048,2375.0,STIS,UAT=Quasars; TIER1=Galaxy; TIER2=Active galaxy; TIER3=Quasar,9382,3,*Active galaxy*
QSO B1327-2040,202.53208547206,-20.93793744937,1140.0,1730.0,hst_hsla_qsob1327-2040--5060,2394.0,STIS,UAT=Quasars; TIER1=Galaxy; TIER2=Active galaxy; TIER3=Quasar,9382,3,*Active galaxy*
QSO B0909+5312,138.254295,52.991361,1684.0,5700.0,hst_hsla_qsob0909p5312--5017,16849.0,STIS,UAT=Quasars; TIER1=Galaxy; TIER2=Active galaxy; TIER3=Quasar,9380,3,*Active galaxy*
QSO B1122-168,171.17860788233,-17.08816362187,1574.0,10266.000000000002,hst_hsla_qsob1122-168--5104,33753.0,STIS,UAT=Quasars; TIER1=Galaxy; TIER2=Active galaxy; TIER3=Quasar,9885,3,*Active galaxy*
QSO B0253+0058,44.03021026361,1.1773906402399998,1568.0,3184.0,hst_hsla_qsob0253p0058--5032,5240.0,STIS,UAT=Quasars; TIER1=Galaxy; TIER2=Active galaxy; TIER3=Quasar,9382,3,*Active galaxy*
QSO B0252-549,43.37158466745001,-54.69762153256,1568.0,3184.0,hst_hsla_qsob0252-549--4994,900.0,STIS,UAT=Quasars; TIER1=Galaxy; TIER2=Active galaxy; TIER3=Quasar,9507,3,*Active galaxy*
QSO B0250+0055,43.31858100091,1.1332844255200003,1568.0,3184.0,hst_hsla_qsob0250p0055--5031,8141.0,STIS,UAT=Quasars; TIER1=Galaxy; TIER2=Active galaxy; TIER3=Quasar,9382,3,*Active galaxy*
QSO B0113-009,19.06463599682,-0.7263312778599998,1568.0,3184.0,hst_hsla_qsob0113-009--5022,2363.0,STIS,UAT=Quasars; TIER1=Galaxy; TIER2=Active galaxy; TIER3=Quasar,9382,3,*Active galaxy*
NGC 5806,225.00170334114,1.89132766522,2900.0,6867.0,hst_hsla_ngc5806--5136,6563.0,STIS,UAT=Seyfert galaxies; TIER1=Galaxy; TIER2=Active galaxy; TIER3=Seyfert galaxy,MULTI,3,*Active galaxy*
NGC 5377,209.06946771155,47.23571340251999,2900.0,6867.0,hst_hsla_ngc5377--5135,3805.0,STIS,UAT=Active galactic nuclei; TIER1=Galaxy; TIER2=Active galaxy; TIER3=AGN,MULTI,3,*Active galaxy*
NGC 4030,180.09841716474665,-1.099930152657778,2900.0,5700.0,hst_hsla_ngc4030--5138,2180.0,STIS,UAT=Emission line galaxies; TIER1=Galaxy; TIER2=Active galaxy; TIER3=Emission line galaxy,9783,3,*Active galaxy*
NGC 4980,197.2920083333333,-28.641788888888883,2900.0,5700.0,hst_hsla_ngc4980--5133,2140.0,STIS,UAT=Seyfert galaxies; TIER1=Galaxy; TIER2=Active galaxy; TIER3=Seyfert galaxy,9783,3,*Active galaxy*
NGC 3277,158.23103508913,28.51174424471,2900.0,5700.0,hst_hsla_ngc3277--5131,2200.0,STIS,UAT=Seyfert galaxies; TIER1=Galaxy; TIER2=Active galaxy; TIER3=Seyfert galaxy,9783,3,*Active galaxy*
[VV96] J034220.6-265359,55.585472702,-26.899807000450004,1194.0,1250.0,hst_hsla_bvv96bj034220d6-265359--5016,4895.0,STIS,UAT=Quasars; TIER1=Galaxy; TIER2=Active galaxy; TIER3=Quasar,9378,3,*Active galaxy*
2QZ J101018.2+000350,152.57579053828,0.06424486028,1568.0,3184.0,hst_hsla_2qzj101018d2p000350--5039,2375.0,STIS,UAT=Quasars; TIER1=Galaxy; TIER2=Active galaxy; TIER3=Quasar,9382,3,*Active galaxy*
2QZ J111054.9+004853,167.72884399849,0.81508149932,1568.0,3184.0,hst_hsla_2qzj111054d9p004853--5052,5244.0,STIS,UAT=Seyfert galaxies; TIER1=Galaxy; TIER2=Active galaxy; TIER3=Seyfert galaxy,9382,3,*Active galaxy*
3C 184.1,115.7557408356846,80.44056740328723,2900.0,10266.000000000002,hst_hsla_3c184d1--4973,2808.0,STIS,UAT=Seyfert galaxies; TIER1=Galaxy; TIER2=Active galaxy; TIER3=Seyfert galaxy,9495,3,*Active galaxy*
2MASS J11041671-1016078,166.06961020891,-10.26888251053,1568.0,3184.0,hst_hsla_2massj11041671-1016078--5000,900.0,STIS,UAT=Seyfert galaxies; TIER1=Galaxy; TIER2=Active galaxy; TIER3=Seyfert galaxy,9507,3,*Active galaxy*
2MASS J04432078-2820520,70.83660403751,-28.34782364377,1568.0,3184.0,hst_hsla_2massj04432078-2820520--4998,900.0,STIS,UAT=Seyfert galaxies; TIER1=Galaxy; TIER2=Active galaxy; TIER3=Seyfert galaxy,9507,3,*Active galaxy*
2MASS J04394488-4540425,69.93699336665,-45.67850138464,1140.0,5700.0,hst_hsla_2massj04394488-4540425--5140,19456.0,STIS,UAT=Seyfert galaxies; TIER1=Galaxy; TIER2=Active galaxy; TIER3=Seyfert galaxy,9894,3,*Active galaxy*
2MASS J01395577+0619225,24.98237404376,6.322922446080001,1140.0,3184.0,hst_hsla_2massj01395577p0619225--5139,21892.0,STIS,UAT=Seyfert galaxies; TIER1=Galaxy; TIER2=Active galaxy; TIER3=Seyfert galaxy,9894,3,*Active galaxy*
NGC 1385,54.3680125,-24.50127777777778,2900.0,5700.0,hst_hsla_ngc1385--5128,2180.0,STIS,UAT=Emission line galaxies; TIER1=Galaxy; TIER2=Active galaxy; TIER3=Emission line galaxy,9783,3,*Active galaxy*
Mrk 132,150.37351716207,54.91056786501,2303.0,3111.0,hst_hsla_mrk132--4841,68920.0,STIS,UAT=Quasars; TIER1=Galaxy; TIER2=Active galaxy; TIER3=Quasar,9186,3,*Active galaxy*
2E 3716,247.79700206486,40.80144989841,1140.0,1730.0,hst_hsla_2e3716--4987,1543.400024,STIS,UAT=Seyfert galaxies; TIER1=Galaxy; TIER2=Active galaxy; TIER3=Seyfert galaxy,9506,3,*Active galaxy*
NGC 1325,51.10657078985,-21.54406284499,2900.0,5700.0,hst_hsla_ngc1325--5127,1070.0,STIS,UAT=Emission line galaxies; TIER1=Galaxy; TIER2=Active galaxy; TIER3=Emission line galaxy,9783,3,*Active galaxy*
LEDA 56356,238.68574933499,8.37261445516,1568.0,3184.0,hst_hsla_leda56356--5003,900.0,STIS,UAT=Seyfert galaxies; TIER1=Galaxy; TIER2=Active galaxy; TIER3=Seyfert galaxy,9507,3,*Active galaxy*
LBQS 2350-0045B,358.34010143972,-0.47796032393,1568.0,3184.0,hst_hsla_lbqs2350-0045b--5087,2379.0,STIS,UAT=Quasars; TIER1=Galaxy; TIER2=Active galaxy; TIER3=Quasar,9382,3,*Active galaxy*
LEDA 138654,54.39115679844292,-26.15619328398,1194.0,1250.0,hst_hsla_leda138654--5015,4823.0,STIS,UAT=Seyfert galaxies; TIER1=Galaxy; TIER2=Active galaxy; TIER3=Seyfert galaxy,9378,3,*Active galaxy*
LBQS 1434-0038,219.18775383886,-0.86405073264,1568.0,3184.0,hst_hsla_lbqs1434-0038--5068,5248.0,STIS,UAT=Quasars; TIER1=Galaxy; TIER2=Active galaxy; TIER3=Quasar,9382,3,*Active galaxy*
LBQS 1026-0045B,157.15424189652,-1.00764619462,1568.0,3184.0,hst_hsla_lbqs1026-0045b--5042,5256.0,STIS,UAT=Quasars; TIER1=Galaxy; TIER2=Active galaxy; TIER3=Quasar,9382,3,*Active galaxy*
LBQS 1320-0006,200.84911294442,-0.36534578577,1568.0,3184.0,hst_hsla_lbqs1320-0006--5059,2375.0,STIS,UAT=Quasars; TIER1=Galaxy; TIER2=Active galaxy; TIER3=Quasar,9382,3,*Active galaxy*
LBQS 1343-0008,206.44947236931,-0.38983452316,1568.0,3184.0,hst_hsla_lbqs1343-0008--5063,2350.0,STIS,UAT=Quasars; TIER1=Galaxy; TIER2=Active galaxy; TIER3=Quasar,9382,3,*Active galaxy*
LBQS 1429-0036,217.93252391267,-0.83652392692,1568.0,3184.0,hst_hsla_lbqs1429-0036--5067,2375.0,STIS,UAT=Quasars; TIER1=Galaxy; TIER2=Active galaxy; TIER3=Quasar,9382,3,*Active galaxy*
LBQS 1340-0020,205.69276835021,-0.5954976915600001,1568.0,3184.0,hst_hsla_lbqs1340-0020--5062,2355.0,STIS,UAT=Quasars; TIER1=Galaxy; TIER2=Active galaxy; TIER3=Quasar,9382,3,*Active galaxy*
LBQS 0018+0026,5.38864963787,0.7169459727499999,1568.0,3184.0,hst_hsla_lbqs0018p0026--5019,2379.0,STIS,UAT=Quasars; TIER1=Galaxy; TIER2=Active galaxy; TIER3=Quasar,9382,3,*Active galaxy*
LBQS 2350-0045A,358.22299063104,-0.48067588121,1568.0,3184.0,hst_hsla_lbqs2350-0045a--5086,2375.0,STIS,UAT=Quasars; TIER1=Galaxy; TIER2=Active galaxy; TIER3=Quasar,9382,3,*Active galaxy*
ICRF J074110.7+311200,115.29459710029168,31.20006364308333,2131.0,2544.0,hst_hsla_icrfj074110d7p311200--4979,38225.0,STIS,UAT=Seyfert galaxies; TIER1=Galaxy; TIER2=Active galaxy; TIER3=Seyfert galaxy,9441,3,*Active galaxy*
ICRF J041340.3+111214,63.41808751479166,11.20410722375,2900.0,10266.000000000002,hst_hsla_icrfj041340d3p111214--4972,5587.0,STIS,UAT=Seyfert galaxies; TIER1=Galaxy; TIER2=Active galaxy; TIER3=Seyfert galaxy,9495,3,*Active galaxy*
IC 4296,204.16263555495837,-33.965853621333345,6482.0,7054.0,hst_hsla_ic4296--5105,2010.0,STIS,UAT=Radio galaxies; TIER1=Galaxy; TIER2=Active galaxy; TIER3=Radio galaxy,9838,3,*Active galaxy*
HE 1006-1211,152.2612167814,-12.43855104257,1568.0,3184.0,hst_hsla_he1006-1211--4999,900.0,STIS,UAT=Quasars; TIER1=Galaxy; TIER2=Active galaxy; TIER3=Quasar,9507,3,*Active galaxy*
HE 0502-2948,76.07932564594,-29.74419908663,1140.0,3184.0,hst_hsla_he0502-2948--4988,1620.0,STIS,UAT=Quasars; TIER1=Galaxy; TIER2=Active galaxy; TIER3=Quasar,MULTI,3,*Active galaxy*
HE 0436-2614,69.54225640843,-26.14385773571,1568.0,3184.0,hst_hsla_he0436-2614--4997,720.0,STIS,UAT=Quasars; TIER1=Galaxy; TIER2=Active galaxy; TIER3=Quasar,9507,3,*Active galaxy*
2MASS J14530055+3136167,223.25224132367,31.604759414889998,1568.0,3184.0,hst_hsla_2massj14530055p3136167--5428,5458.0,STIS,UAT=Quasars; TIER1=Galaxy; TIER2=Active galaxy; TIER3=Quasar,12308,3,*Active galaxy*
UGC 1841,35.79794010260417,42.99213685172222,6482.0,7054.0,hst_hsla_ugc1841--5323,1190.0,STIS,UAT=Seyfert galaxies; TIER1=Galaxy; TIER2=Active galaxy; TIER3=Seyfert galaxy,11606,3,*Active galaxy*
SDSS J120520.46+314433.6,181.33527631352,31.74268587837,1568.0,3184.0,hst_hsla_sdssj120520d46p314433d6--5427,2437.0,STIS,UAT=Quasars; TIER1=Galaxy; TIER2=Active galaxy; TIER3=Quasar,12308,3,*Active galaxy*
SDSS J162933.60+253200.6,247.3900269456,25.53350782234,1568.0,3184.0,hst_hsla_sdssj162933d60p253200d6--5690,2230.0,STIS,UAT=Quasars; TIER1=Galaxy; TIER2=Active galaxy; TIER3=Quasar,13298,3,*Active galaxy*
QSO J1503+6105,225.78688265073,61.09767378118999,1140.0,1730.0,hst_hsla_qsoj1503p6105--5170,600.199875,STIS,UAT=Quasars; TIER1=Galaxy; TIER2=Active galaxy; TIER3=Quasar,9759,3,*Active galaxy*
QSO J1504+0122,226.20902388955,1.37099826706,1140.0,1730.0,hst_hsla_qsoj1504p0122--5205,1320.0,STIS,UAT=Quasars; TIER1=Galaxy; TIER2=Active galaxy; TIER3=Quasar,9874,3,*Active galaxy*
QSO J1619+3813,244.94527435068,38.22467308191,1140.0,1730.0,hst_hsla_qsoj1619p3813--5203,1320.0,STIS,UAT=Quasars; TIER1=Galaxy; TIER2=Active galaxy; TIER3=Quasar,9874,3,*Active galaxy*
QSO J0831+3635,127.99081707979002,36.59806139997999,1568.0,3184.0,hst_hsla_qsoj0831p3635--5423,2463.0,STIS,UAT=Quasars; TIER1=Galaxy; TIER2=Active galaxy; TIER3=Quasar,12308,3,*Active galaxy*
QSO J1232+5252,188.16373703697,52.88083963212001,1140.0,1730.0,hst_hsla_qsoj1232p5252--5168,600.1935,STIS,UAT=Quasars; TIER1=Galaxy; TIER2=Active galaxy; TIER3=Quasar,9759,3,*Active galaxy*
QSO J1040+5145,160.24036686146,51.7516153785,1140.0,1730.0,hst_hsla_qsoj1040p5145--5169,600.1985,STIS,UAT=Quasars; TIER1=Galaxy; TIER2=Active galaxy; TIER3=Quasar,9759,3,*Active galaxy*
QSO B1044+056,161.8881929803,5.41525601341,2716.0,2872.0,hst_hsla_qsob1044p056--5215,2075.0,STIS,UAT=Quasars; TIER1=Galaxy; TIER2=Active galaxy; TIER3=Quasar,9877,3,*Active galaxy*
PB 9340,43.56090460853,-7.57651850658,1568.0,3184.0,hst_hsla_pb9340--5425,2416.0,STIS,UAT=Quasars; TIER1=Galaxy; TIER2=Active galaxy; TIER3=Quasar,12308,3,*Active galaxy*
NGC 931,37.06028712677999,31.31151926759,4950.0,5235.999999999999,hst_hsla_ngc931--5237,4296.0,STIS,UAT=Seyfert galaxies; TIER1=Galaxy; TIER2=Active galaxy; TIER3=Seyfert galaxy,11611,3,*Active galaxy*
NGC 5033,198.36469791666667,36.59363055555556,8275.0,8847.0,hst_hsla_ngc5033--5166,2050.0,STIS,UAT=Seyfert galaxies; TIER1=Galaxy; TIER2=Active galaxy; TIER3=Seyfert galaxy,9776,3,*Active galaxy*
NGC 2985,147.5926375,72.27864722222222,6295.0,6867.0,hst_hsla_ngc2985--5388,5322.0,STIS,UAT=Seyfert galaxies; TIER1=Galaxy; TIER2=Active galaxy; TIER3=Seyfert galaxy,12187,3,*Active galaxy*
NAME Pic A,79.95717888494,-45.77884796187,6482.0,7054.0,hst_hsla_namepica--5217,7599.0,STIS,UAT=Seyfert galaxies; TIER1=Galaxy; TIER2=Active galaxy; TIER3=Seyfert galaxy,9782,3,*Active galaxy*
Mrk 1087,72.4352875,3.334075,5235.999999999999,10266.000000000002,hst_hsla_mrk1087--5546,150.0,STIS,UAT=Active galactic nuclei; TIER1=Galaxy; TIER2=Active galaxy; TIER3=AGN,12472,3,*Active galaxy*
Mrk 477,220.15873366955,53.50443375144,5073.0,5359.0,hst_hsla_mrk477--5750,2224.0,STIS,UAT=Seyfert galaxies; TIER1=Galaxy; TIER2=Active galaxy; TIER3=Seyfert galaxy,13728,3,*Active galaxy*
Mrk 50,185.85056765332,2.67901372367,1140.0,5700.0,hst_hsla_mrk50--5596,4239.0,STIS,UAT=Seyfert galaxies; TIER1=Galaxy; TIER2=Active galaxy; TIER3=Seyfert galaxy,12922,3,*Active galaxy*
Mrk 493,239.79009655029,35.02987815357,1140.0,10266.000000000002,hst_hsla_mrk493--5235,34128.0,STIS,UAT=Seyfert galaxies; TIER1=Galaxy; TIER2=Active galaxy; TIER3=Seyfert galaxy,MULTI,3,*Active galaxy*
LEDA 34449,169.2766621154,44.2259233443,1145.0,1814.0,hst_hsla_leda34449--5214,8153.0,STIS,UAT=Seyfert galaxies; TIER1=Galaxy; TIER2=Active galaxy; TIER3=Seyfert galaxy,9871,3,*Active galaxy*
IRAS 13349+2438,204.32799973258,24.38425552319,1140.0,3184.0,hst_hsla_iras13349p2438--5230,9890.0,STIS,UAT=Seyfert galaxies; TIER1=Galaxy; TIER2=Active galaxy; TIER3=Seyfert galaxy,10088,3,*Active galaxy*
ICRF J171914.4+485849,259.81038582142,48.98039533476,6482.0,7054.0,hst_hsla_icrfj171914d4p485849--5218,4450.0,STIS,UAT=Seyfert galaxies; TIER1=Galaxy; TIER2=Active galaxy; TIER3=Seyfert galaxy,9782,3,*Active galaxy*
ICRF J100601.7+345410,151.50729262570832,34.90288933647222,5235.999999999999,10266.000000000002,hst_hsla_icrfj100601d7p345410--5207,1860.0,STIS,UAT=Seyfert galaxies; TIER1=Galaxy; TIER2=Active galaxy; TIER3=Seyfert galaxy,9897,3,*Active galaxy*
IC 2497,145.26710391036,34.73282567055,5235.999999999999,10266.000000000002,hst_hsla_ic2497--5322,2000.0,STIS,UAT=Radio galaxies; TIER1=Galaxy; TIER2=Active galaxy; TIER3=Radio galaxy,11620,3,*Active galaxy*
ESO 436-42,158.6613625,-28.583277777777784,1568.0,3184.0,hst_hsla_eso436-42--5550,4085.0,STIS,UAT=Seyfert galaxies; TIER1=Galaxy; TIER2=Active galaxy; TIER3=Seyfert galaxy,12472,3,*Active galaxy*
[VV2006] J135535.8+004213,208.89927394358,0.70365566821,1568.0,3184.0,hst_hsla_bvv2006bj135535d8p004213--5426,5368.0,STIS,UAT=Quasars; TIER1=Galaxy; TIER2=Active galaxy; TIER3=Quasar,12308,3,*Active galaxy*
[VV2006] J120400.3+033849,181.00117838311,3.64719582668,1568.0,3184.0,hst_hsla_bvv2006bj120400d3p033849--5429,2396.0,STIS,UAT=Quasars; TIER1=Galaxy; TIER2=Active galaxy; TIER3=Quasar,12308,3,*Active galaxy*
[VV2006] J135309.5+033328,208.28946100543,3.55778442158,1568.0,3184.0,hst_hsla_bvv2006bj135309d5p033328--5424,5376.0,STIS,UAT=Quasars; TIER1=Galaxy; TIER2=Active galaxy; TIER3=Quasar,12308,3,*Active galaxy*
[VV2006] J095324.6+635103,148.35232114971,63.85089410132,1568.0,3184.0,hst_hsla_bvv2006bj095324d6p635103--5422,2686.0,STIS,UAT=Quasars; TIER1=Galaxy; TIER2=Active galaxy; TIER3=Quasar,12308,3,*Active galaxy*
2MASX J21531910-1514111,328.32969946858,-15.236678287129996,1140.0,1730.0,hst_hsla_2masxj21531910-1514111--5161,2211.0,STIS,UAT=Seyfert galaxies; TIER1=Galaxy; TIER2=Active galaxy; TIER3=Seyfert galaxy,9858,3,*Active galaxy*
2MASX J15102489+0058438,227.60386999839,0.97889633003,1140.0,1730.0,hst_hsla_2masxj15102489p0058438--5204,1320.0,STIS,UAT=Seyfert galaxies; TIER1=Galaxy; TIER2=Active galaxy; TIER3=Seyfert galaxy,9874,3,*Active galaxy*
2MASS J12094480+0232127,182.4367173853,2.53685171502,1140.0,1730.0,hst_hsla_2massj12094480p0232127--5206,1320.0,STIS,UAT=Seyfert galaxies; TIER1=Galaxy; TIER2=Active galaxy; TIER3=Seyfert galaxy,9874,3,*Active galaxy*
2MASS J03123866-7651335,48.1613454702,-76.85920476234,5235.999999999999,10266.000000000002,hst_hsla_2massj03123866-7651335--5174,1482.0,STIS,UAT=Active galactic nuclei; TIER1=Galaxy; TIER2=Active galaxy; TIER3=AGN,9869,3,*Active galaxy*
2dFGRS TGN450Z076,180.37657839006,1.19409863759,1140.0,1730.0,hst_hsla_2dfgrstgn450z076--5202,1320.0,STIS,UAT=Seyfert galaxies; TIER1=Galaxy; TIER2=Active galaxy; TIER3=Seyfert galaxy,9874,3,*Active galaxy*
Z 378-15,340.12606539166666,3.358464388888889,1140.0,3184.0,hst_hsla_z378-15--5830,13695.0,STIS,UAT=Active galactic nuclei; TIER1=Galaxy; TIER2=Active galaxy; TIER3=AGN,13801,3,*Active galaxy*
Z 229-15,286.35807747152,42.46104429319999,1140.0,5700.0,hst_hsla_z229-15--5599,7844.0,STIS,UAT=Seyfert galaxies; TIER1=Galaxy; TIER2=Active galaxy; TIER3=Seyfert galaxy,12922,3,*Active galaxy*
ZW VIII 211,192.06343876082,17.77402095173,1140.0,10266.000000000002,hst_hsla_zwviii211--5832,5988.0,STIS,UAT=Radio galaxies; TIER1=Galaxy; TIER2=Active galaxy; TIER3=Radio galaxy,MULTI,3,*Active galaxy*
US 737,143.76055098887,43.51962164579,1684.0,3066.0,hst_hsla_us737--5848,2482.0,STIS,UAT=Quasars; TIER1=Galaxy; TIER2=Active galaxy; TIER3=Quasar,14135,3,*Active galaxy*
SDSS J090843.25+285229.8,137.18022411114,28.8749440621,1568.0,3184.0,hst_hsla_sdssj090843d25p285229d8--5686,2250.0,STIS,UAT=Quasars; TIER1=Galaxy; TIER2=Active galaxy; TIER3=Quasar,13298,3,*Active galaxy*
SDSS J100043.13+020637.2,150.17974913475,2.110379875775,5235.999999999999,10266.000000000002,hst_hsla_sdssj100043d13p020637d2--5507,950.0,STIS,UAT=Seyfert galaxies; TIER1=Galaxy; TIER2=Active galaxy; TIER3=Seyfert galaxy,12366,3,*Active galaxy*
SDSS J081250.80+522530.8,123.21163507516002,52.42524354691,1568.0,3184.0,hst_hsla_sdssj081250d80p522530d8--5685,2446.0,STIS,UAT=Quasars; TIER1=Galaxy; TIER2=Active galaxy; TIER3=Quasar,13298,3,*Active galaxy*
QSO B1352-2242,208.93088333333333,-22.956443333333333,1140.0,3184.0,hst_hsla_qsob1352-2242--5829,21935.0,STIS,UAT=Quasars; TIER1=Galaxy; TIER2=Active galaxy; TIER3=Quasar,MULTI,3,*Active galaxy*
QSO J0147+1258,26.82409023497,12.969106662139998,1568.0,3184.0,hst_hsla_qsoj0147p1258--5561,14203.99625,STIS,UAT=Quasars; TIER1=Galaxy; TIER2=Active galaxy; TIER3=Quasar,12522,3,*Active galaxy*
NGC 6814,295.66910924423,-10.32364131079,1140.0,5700.0,hst_hsla_ngc6814--5598,4687.0,STIS,UAT=Seyfert galaxies; TIER1=Galaxy; TIER2=Active galaxy; TIER3=Seyfert galaxy,12922,3,*Active galaxy*
NVSS J172227+320757,260.6132458666667,32.132550111111115,5235.999999999999,10266.000000000002,hst_hsla_nvssj172227p320757--5835,1264.0,STIS,UAT=Radio galaxies; TIER1=Galaxy; TIER2=Active galaxy; TIER3=Radio galaxy,14046,3,*Active galaxy*
PB 8142,5.08009359788,-11.102610079680002,1684.0,3066.0,hst_hsla_pb8142--5843,2380.0,STIS,UAT=Quasars; TIER1=Galaxy; TIER2=Active galaxy; TIER3=Quasar,14135,3,*Active galaxy*
NGC 404,17.362543136355,35.718087630075004,2900.0,5700.0,hst_hsla_ngc404--5543,13230.0,STIS,UAT=LINER galaxies; TIER1=Galaxy; TIER2=Active galaxy; TIER3=LINER,12611,3,*Active galaxy*
NGC 1052,40.26999642988584,-8.255765754682777,1568.0,5700.0,hst_hsla_ngc1052--5535,13293.0,STIS,UAT=Seyfert galaxies; TIER1=Galaxy; TIER2=Active galaxy; TIER3=Seyfert galaxy,12595,3,*Active galaxy*
Mrk 40,171.40064156716,54.38253160884,1140.0,5700.0,hst_hsla_mrk40--5595,6770.0,STIS,UAT=Seyfert galaxies; TIER1=Galaxy; TIER2=Active galaxy; TIER3=Seyfert galaxy,12922,3,*Active galaxy*
Mrk 1310,180.3098043269,-3.67805973665,1140.0,5700.0,hst_hsla_mrk1310--5597,4239.0,STIS,UAT=Seyfert galaxies; TIER1=Galaxy; TIER2=Active galaxy; TIER3=Seyfert galaxy,12922,3,*Active galaxy*
LBQS 1445-0151,221.92403110886,-2.0608833835,1568.0,3184.0,hst_hsla_lbqs1445-0151--5688,4960.0,STIS,UAT=Quasars; TIER1=Galaxy; TIER2=Active galaxy; TIER3=Quasar,13298,3,*Active galaxy*
LEDA 28398,147.88233205438,52.99332992957,1568.0,5700.0,hst_hsla_leda28398--5549,10392.0,STIS,UAT=Emission line galaxies; TIER1=Galaxy; TIER2=Active galaxy; TIER3=Emission line galaxy,12472,3,*Active galaxy*
IRAS 07559+5058,119.92068685832,50.83998922183,5073.0,5359.0,hst_hsla_iras07559p5058--5751,2270.0,STIS,UAT=Seyfert galaxies; TIER1=Galaxy; TIER2=Active galaxy; TIER3=Seyfert galaxy,13728,3,*Active galaxy*
IRAS F02183+0019,35.22720833333334,0.5567944444444446,1568.0,3184.0,hst_hsla_irasf02183p0019--5545,3915.0,STIS,UAT=Active galactic nuclei; TIER1=Galaxy; TIER2=Active galaxy; TIER3=AGN,12472,3,*Active galaxy*
FBQS J1530+2310,232.68366610434,23.17040779296,1568.0,3184.0,hst_hsla_fbqsj1530p2310--5689,2260.0,STIS,UAT=BL Lacertae objects; TIER1=Galaxy; TIER2=Active galaxy; TIER3=BL Lac,13298,3,*Active galaxy*
[VV2006] J083510.4+035901,128.79317092281,3.98367581586,1684.0,3066.0,hst_hsla_bvv2006bj083510d4p035901--5846,2372.0,STIS,UAT=Quasars; TIER1=Galaxy; TIER2=Active galaxy; TIER3=Quasar,14135,3,*Active galaxy*
[VV2006] J134929.8+122707,207.37434655116667,12.451911132104442,1568.0,3184.0,hst_hsla_bvv2006bj134929d8p122707--5828,2267.0,STIS,UAT=Quasars; TIER1=Galaxy; TIER2=Active galaxy; TIER3=Quasar,13801,3,*Active galaxy*
A2 110,193.08114630434,26.68165436341,1568.0,3184.0,hst_hsla_a2110--5687,2270.0,STIS,UAT=BL Lacertae objects; TIER1=Galaxy; TIER2=Active galaxy; TIER3=BL Lac,13298,3,*Active galaxy*
4C 74.13,115.43520416666668,74.24433055555556,7509.0,8081.0,hst_hsla_4c74d13--5590,1424.0,STIS,UAT=Radio galaxies; TIER1=Galaxy; TIER2=Active galaxy; TIER3=Radio galaxy,12895,3,*Active galaxy*
2MASS J10005499+2622423,150.2290055769,26.37845167503,1684.0,3066.0,hst_hsla_2massj10005499p2622423--5849,2392.0,STIS,UAT=Seyfert galaxies; TIER1=Galaxy; TIER2=Active galaxy; TIER3=Seyfert galaxy,14135,3,*Active galaxy*
2MASS J08265888+0611428,126.74521702360002,6.19516783218,1684.0,3066.0,hst_hsla_2massj08265888p0611428--5844,2376.0,STIS,UAT=Seyfert galaxies; TIER1=Galaxy; TIER2=Active galaxy; TIER3=Seyfert galaxy,14135,3,*Active galaxy*
2MASS J14054122+4026325,211.42173501865,40.442371810340006,5328.0,5614.000000000001,hst_hsla_2massj14054122p4026325--5752,2177.0,STIS,UAT=Seyfert galaxies; TIER1=Galaxy; TIER2=Active galaxy; TIER3=Seyfert galaxy,13728,3,*Active galaxy*
2MASS J08333293+1644110,128.38717334522,16.73640443064,1684.0,3066.0,hst_hsla_2massj08333293p1644110--5845,2388.0,STIS,UAT=Quasars; TIER1=Galaxy; TIER2=Active galaxy; TIER3=Quasar,14135,3,*Active galaxy*
2MASS J09145142+4219570,138.71425427967,42.33249157656001,1684.0,3066.0,hst_hsla_2massj09145142p4219570--5847,2470.0,STIS,UAT=Seyfert galaxies; TIER1=Galaxy; TIER2=Active galaxy; TIER3=Seyfert galaxy,14135,3,*Active galaxy*
2dFGRS TGS564Z081,19.78609815545,-34.19181331855,1140.0,3184.0,hst_hsla_2dfgrstgs564z081--5749,16523.0,STIS,UAT=Seyfert galaxies; TIER1=Galaxy; TIER2=Active galaxy; TIER3=Seyfert galaxy,MULTI,3,*Active galaxy*
Z 341-6,281.3595291666666,72.1835638888889,2900.0,5700.0,hst_hsla_z341-6--5888,1310.0,STIS,UAT=Seyfert galaxies; TIER1=Galaxy; TIER2=Active galaxy; TIER3=Seyfert galaxy,14248,3,*Active galaxy*
SDSS J084344.98+354942.0,130.93739163521,35.82836485064999,2900.0,5700.0,hst_hsla_sdssj084344d98p354942d0--5890,2292.0,STIS,UAT=Seyfert galaxies; TIER1=Galaxy; TIER2=Active galaxy; TIER3=Seyfert galaxy,14248,3,*Active galaxy*
RX J1119.7+5951,169.92137938619,59.85240105366,1684.0,3066.0,hst_hsla_rxj1119d7p5951--5852,2618.0,STIS,UAT=Seyfert galaxies; TIER1=Galaxy; TIER2=Active galaxy; TIER3=Seyfert galaxy,14135,3,*Active galaxy*
PKS 0745-19,116.88051961914,-19.29444814841,6997.0,7569.0,hst_hsla_pks0745-19--5936,9600.0,STIS,UAT=Radio galaxies; TIER1=Galaxy; TIER2=Active galaxy; TIER3=Radio galaxy,14669,3,*Active galaxy*
PB 3456,199.11604446006,31.97380169442,1684.0,3066.0,hst_hsla_pb3456--5855,2408.0,STIS,UAT=Quasars; TIER1=Galaxy; TIER2=Active galaxy; TIER3=Quasar,14135,3,*Active galaxy*
NGC 5972,234.72564696541,17.02620739194,2900.0,7054.0,hst_hsla_ngc5972--5897,4926.5996,STIS,UAT=Seyfert galaxies; TIER1=Galaxy; TIER2=Active galaxy; TIER3=Seyfert galaxy,14271,3,*Active galaxy*
NGC 3147,154.22349524198,73.40073383283999,1140.0,10266.000000000002,hst_hsla_ngc3147--6001,13133.543625,STIS,UAT=Seyfert galaxies; TIER1=Galaxy; TIER2=Active galaxy; TIER3=Seyfert galaxy,MULTI,3,*Active galaxy*
LB 10193,171.56224165314,31.0296237732,1684.0,3066.0,hst_hsla_lb10193--5861,2408.0,STIS,UAT=Quasars; TIER1=Galaxy; TIER2=Active galaxy; TIER3=Quasar,14135,3,*Active galaxy*
LEDA 138434,24.850004625511662,29.401800892536663,2900.0,7569.0,hst_hsla_leda138434--5889,4058.0,STIS,UAT=Seyfert galaxies; TIER1=Galaxy; TIER2=Active galaxy; TIER3=Seyfert galaxy,14248,3,*Active galaxy*
UGC 4211,121.19335019143,10.77667127968,2900.0,5700.0,hst_hsla_ugc4211--5891,2240.0,STIS,UAT=Seyfert galaxies; TIER1=Galaxy; TIER2=Active galaxy; TIER3=Seyfert galaxy,14248,3,*Active galaxy*
CSO 606,210.88039982977,46.46801603446001,1684.0,3066.0,hst_hsla_cso606--5857,2518.0,STIS,UAT=Quasars; TIER1=Galaxy; TIER2=Active galaxy; TIER3=Quasar,14135,3,*Active galaxy*
CSO 1075,223.39223861845,31.23371836298,1684.0,3066.0,hst_hsla_cso1075--5858,2412.0,STIS,UAT=Quasars; TIER1=Galaxy; TIER2=Active galaxy; TIER3=Quasar,14135,3,*Active galaxy*
[VV2006] J234145.5-004640,355.43965158513,-0.7779400211799999,1684.0,3066.0,hst_hsla_bvv2006bj234145d5-004640--5860,2372.0,STIS,UAT=Quasars; TIER1=Galaxy; TIER2=Active galaxy; TIER3=Quasar,14135,3,*Active galaxy*
[VV96] J125415.5+480850,193.56480552381,48.14741801123001,1684.0,3066.0,hst_hsla_bvv96bj125415d5p480850--5854,2514.0,STIS,UAT=Quasars; TIER1=Galaxy; TIER2=Active galaxy; TIER3=Quasar,14135,3,*Active galaxy*
[VV2000] J113923.7+002301,174.84860685109,0.3837854808799999,1684.0,3066.0,hst_hsla_bvv2000bj113923d7p002301--5853,2376.0,STIS,UAT=Quasars; TIER1=Galaxy; TIER2=Active galaxy; TIER3=Quasar,14135,3,*Active galaxy*
AT 2018bcb,340.9286500000002,-16.985697222219997,1140.0,3184.0,hst_hsla_at2018bcb--6039,41511.0,STIS,UAT=Quasar; TIER1=Galaxy; TIER2=Active galaxy; TIER3=Quasar,15312,3,*Active galaxy*
3C 196,123.40047107710666,48.217270134169446,1568.0,5700.0,hst_hsla_3c196--6060,14704.0,STIS,UAT=Seyfert galaxies; TIER1=Galaxy; TIER2=Active galaxy; TIER3=Seyfert galaxy,15092,3,*Active galaxy*
2MASX J22014163+1151237,330.42345508836,11.85677262418,2900.0,10266.000000000002,hst_hsla_2masxj22014163p1151237--5898,15033.0,STIS,UAT=Seyfert galaxies; TIER1=Galaxy; TIER2=Active galaxy; TIER3=Seyfert galaxy,14271,3,*Active galaxy*
2MASS J13470152+2154008,206.75641519516,21.90031086617,1684.0,3066.0,hst_hsla_2massj13470152p2154008--5856,2384.0,STIS,UAT=Quasars; TIER1=Galaxy; TIER2=Active galaxy; TIER3=Quasar,14135,3,*Active galaxy*
2MASS J15265460+5655124,231.72755883027,56.92011277253,1684.0,3066.0,hst_hsla_2massj15265460p5655124--5859,2618.0,STIS,UAT=Quasars; TIER1=Galaxy; TIER2=Active galaxy; TIER3=Quasar,14135,3,*Active galaxy*
2MASS J10145491+0033374,153.72876484817,0.5603794891799999,5808.000000000001,6380.0,hst_hsla_2massj10145491p0033374--6031,4606.0,STIS,UAT=Seyfert galaxies; TIER1=Galaxy; TIER2=Active galaxy; TIER3=Seyfert galaxy,15281,3,*Active galaxy*
2MASS J11113865+5750298,167.91107796773,57.84167982689,1684.0,3066.0,hst_hsla_2massj11113865p5750298--5851,2618.0,STIS,UAT=Seyfert galaxies; TIER1=Galaxy; TIER2=Active galaxy; TIER3=Seyfert galaxy,14135,3,*Active galaxy*
2MASS J10332064+2740242,158.33604695179,27.6734307385,1684.0,3066.0,hst_hsla_2massj10332064p2740242--5850,2392.0,STIS,UAT=Quasars; TIER1=Galaxy; TIER2=Active galaxy; TIER3=Quasar,14135,3,*Active galaxy*
2MASX J15330803+4432086,233.28339880538505,44.53565008730556,1140.0,3184.0,hst_hsla_2masxj15330803p4432086--6095,21916.0,STIS,UAT=Seyfert galaxies; TIER1=Galaxy; TIER2=Active galaxy; TIER3=Seyfert galaxy,15331,3,*Active galaxy*
NAME MPB2022 J1649+0812,252.4220833333333,8.209305555555556,5235.999999999999,10266.000000000002,hst_hsla_namempb2022j1649p0812--6419,1980.0,STIS,UAT=Active galactic nuclei; TIER1=Galaxy; TIER2=Active galaxy; TIER3=AGN,16887,3,*Active galaxy*
NGC 4457,187.245938533,3.57061543248,2900.0,6867.0,hst_hsla_ngc4457--6404,11505.0,STIS,UAT=LINER galaxies; TIER1=Galaxy; TIER2=Active galaxy; TIER3=LINER,16772,3,*Active galaxy*
NAME MPB2022 J0348-4015,57.11945833333333,-40.25366666666667,5235.999999999999,10266.000000000002,hst_hsla_namempb2022j0348-4015--6417,2100.0,STIS,UAT=Active galactic nuclei; TIER1=Galaxy; TIER2=Active galaxy; TIER3=AGN,16887,3,*Active galaxy*
[VV2006] J120629.7+433224,181.6236578153133,43.53888214506888,1568.0,3184.0,hst_hsla_bvv2006bj120629d7p433224--6458,1286.0,STIS,UAT=Quasars; TIER1=Galaxy; TIER2=Active galaxy; TIER3=Quasar,17146,3,*Active galaxy*
[VV2006] J164818.1+415549,252.07532578076,41.93060824448,5235.999999999999,10266.000000000002,hst_hsla_bvv2006bj164818d1p415549--6418,2100.0,STIS,UAT=Quasars; TIER1=Galaxy; TIER2=Active galaxy; TIER3=Quasar,16887,3,*Active galaxy*
[VV2006] J095632.5+512824,149.13536735114,51.47328094174,1568.0,3184.0,hst_hsla_bvv2006bj095632d5p512824--6157,2316.0,STIS,UAT=Quasars; TIER1=Galaxy; TIER2=Active galaxy; TIER3=Quasar,15872,3,*Active galaxy*
WISEA J185226.10+483314.9,283.1087708333,48.55417222221999,5235.999999999999,10266.000000000002,hst_hsla_wiseaj185226d10p483314d9--6217,2150.0,STIS,UAT=Quasar; TIER1=Galaxy; TIER2=Active galaxy; TIER3=Quasar,16210,3,*Active galaxy*
WISEA J161349.51-264432.5,243.4563333333,-26.74238888889001,5235.999999999999,10266.000000000002,hst_hsla_wiseaj161349d51-264432d5--6216,2144.0,STIS,UAT=Active galactic nuclei; TIER1=Galaxy; TIER2=Active galaxy; TIER3=AGN,16210,3,*Active galaxy*
SDSS J141645.15+542540.7,214.18815810196,54.42799059031001,1568.0,3184.0,hst_hsla_sdssj141645d15p542540d7--6236,2293.197875,STIS,UAT=Quasars; TIER1=Galaxy; TIER2=Active galaxy; TIER3=Quasar,16171,3,*Active galaxy*
SDSS J141318.96+543202.4,213.32899154118,54.53398792158,1568.0,3184.0,hst_hsla_sdssj141318d96p543202d4--6234,2293.199,STIS,UAT=Quasars; TIER1=Galaxy; TIER2=Active galaxy; TIER3=Quasar,16171,3,*Active galaxy*
SDSS J142103.53+515819.4,215.2646876501,51.97208742001,1568.0,3184.0,hst_hsla_sdssj142103d53p515819d4--6233,2293.199375,STIS,UAT=Seyfert galaxies; TIER1=Galaxy; TIER2=Active galaxy; TIER3=Seyfert galaxy,16171,3,*Active galaxy*
SDSS J162501.98+430931.6,246.25824250000005,43.15877833333333,2900.0,5700.0,hst_hsla_sdssj162501d98p430931d6--6526,2120.0,STIS,UAT=Quasars; TIER1=Galaxy; TIER2=Active galaxy; TIER3=Quasar,17287,3,*Active galaxy*
SDSS J141941.10+533649.6,214.9212821548,53.61378223601,1568.0,3184.0,hst_hsla_sdssj141941d10p533649d6--6534,2051.1975,STIS,UAT=Quasars; TIER1=Galaxy; TIER2=Active galaxy; TIER3=Quasar,17433,3,*Active galaxy*
SDSS J141729.27+531826.5,214.37197728473,53.30735634309,1568.0,3184.0,hst_hsla_sdssj141729d27p531826d5--6235,2293.199875,STIS,UAT=Quasars; TIER1=Galaxy; TIER2=Active galaxy; TIER3=Quasar,16171,3,*Active galaxy*
SDSS J141720.29+514032.5,214.33458443455,51.67563326883,1568.0,3184.0,hst_hsla_sdssj141720d29p514032d5--6536,4681.3965,STIS,UAT=Seyfert galaxies; TIER1=Galaxy; TIER2=Active galaxy; TIER3=Seyfert galaxy,17433,3,*Active galaxy*
SDSS J142010.24+524029.6,215.04269027125,52.67487681872,1568.0,3184.0,hst_hsla_sdssj142010d24p524029d6--6226,7839.596125,STIS,UAT=Quasars; TIER1=Galaxy; TIER2=Active galaxy; TIER3=Quasar,16171,3,*Active galaxy*
SDSS J142038.52+532416.4,215.16052110537,53.40459363242,1568.0,3184.0,hst_hsla_sdssj142038d52p532416d4--6239,4966.3973750000005,STIS,UAT=Quasars; TIER1=Galaxy; TIER2=Active galaxy; TIER3=Quasar,16171,3,*Active galaxy*
SDSS J141214.20+532546.7,213.05915121148,53.42965208281,1568.0,3184.0,hst_hsla_sdssj141214d20p532546d7--6222,2293.199875,STIS,UAT=Quasars; TIER1=Galaxy; TIER2=Active galaxy; TIER3=Quasar,16171,3,*Active galaxy*
SDSS J141308.12+515210.5,213.28375462264,51.86956359267,1568.0,3184.0,hst_hsla_sdssj141308d12p515210d5--6538,2091.19775,STIS,UAT=Seyfert galaxies; TIER1=Galaxy; TIER2=Active galaxy; TIER3=Seyfert galaxy,17433,3,*Active galaxy*
SDSS J141115.18+515208.9,212.8132926478,51.86916708695,1568.0,3184.0,hst_hsla_sdssj141115d18p515208d9--6229,2173.19925,STIS,UAT=Quasars; TIER1=Galaxy; TIER2=Active galaxy; TIER3=Quasar,16171,3,*Active galaxy*
SDSS J141112.71+534507.1,212.80299670063,53.75198014516,1568.0,3184.0,hst_hsla_sdssj141112d71p534507d1--6224,2293.199625,STIS,UAT=Quasars; TIER1=Galaxy; TIER2=Active galaxy; TIER3=Quasar,16171,3,*Active galaxy*
SDSS J141004.27+523141.0,212.51784162359,52.52805911497,1568.0,3184.0,hst_hsla_sdssj141004d27p523141d0--6227,2233.199625,STIS,UAT=Quasars; TIER1=Galaxy; TIER2=Active galaxy; TIER3=Quasar,16171,3,*Active galaxy*
SDSS J141041.25+531848.9,212.6718814027,53.3136067879,1568.0,3184.0,hst_hsla_sdssj141041d25p531848d9--6223,5206.398875000001,STIS,UAT=Quasars; TIER1=Galaxy; TIER2=Active galaxy; TIER3=Quasar,16171,3,*Active galaxy*
SDSS J141018.04+532937.4,212.57520271871,53.49372972548,1568.0,3184.0,hst_hsla_sdssj141018d04p532937d4--6238,4926.398125,STIS,UAT=Quasars; TIER1=Galaxy; TIER2=Active galaxy; TIER3=Quasar,16171,3,*Active galaxy*
SDSS J140518.02+531530.1,211.32512708345,53.25834502785,1568.0,3184.0,hst_hsla_sdssj140518d02p531530d1--6231,2293.19925,STIS,UAT=Quasars; TIER1=Galaxy; TIER2=Active galaxy; TIER3=Quasar,16171,3,*Active galaxy*
SDSS J132752.04+103627.2,201.9668877086767,10.607565966399443,5235.999999999999,10266.000000000002,hst_hsla_sdssj132752d04p103627d2--6424,1840.0,STIS,UAT=Quasars; TIER1=Galaxy; TIER2=Active galaxy; TIER3=Quasar,16887,3,*Active galaxy*
SDSS J081246.41+200729.9,123.193381,20.124983,2900.0,5700.0,hst_hsla_sdssj081246d41p200729d9--6525,904.0,STIS,UAT=Quasars; TIER1=Galaxy; TIER2=Active galaxy; TIER3=Quasar,17287,3,*Active galaxy*
SDSS J073251.55+353315.3,113.21486271872,35.55426137244,5235.999999999999,10266.000000000002,hst_hsla_sdssj073251d55p353315d3--6524,4469.0,STIS,UAT=Quasars; TIER1=Galaxy; TIER2=Active galaxy; TIER3=Quasar,17423,3,*Active galaxy*
WISEA J175543.17+422924.3,268.9299208333,42.49006944444,5235.999999999999,10266.000000000002,hst_hsla_wiseaj175543d17p422924d3--6221,2102.0,STIS,UAT=Quasar; TIER1=Galaxy; TIER2=Active galaxy; TIER3=Quasar,16210,3,*Active galaxy*
WISEA J221849.84-332243.8,334.7077466667,-33.37895000000001,5235.999999999999,10266.000000000002,hst_hsla_wiseaj221849d84-332243d8--6423,1022.0,STIS,UAT=Quasar; TIER1=Galaxy; TIER2=Active galaxy; TIER3=Quasar,16887,3,*Active galaxy*
WISEA J204847.97+625858.2,312.2,62.98286111111,5235.999999999999,10266.000000000002,hst_hsla_wiseaj204847d97p625858d2--6219,2330.0,STIS,UAT=Active galactic nuclei; TIER1=Galaxy; TIER2=Active galaxy; TIER3=AGN,16210,3,*Active galaxy*
WISEA J205000.00-294721.6,312.5,-29.78930555555999,5235.999999999999,10266.000000000002,hst_hsla_wiseaj205000d00-294721d6--6422,1872.0,STIS,UAT=Active galactic nuclei; TIER1=Galaxy; TIER2=Active galaxy; TIER3=AGN,16887,3,*Active galaxy*
WISEA J193718.82-182132.1,294.32837500000005,-18.35891666667,5235.999999999999,10266.000000000002,hst_hsla_wiseaj193718d82-182132d1--6421,2020.0,STIS,UAT=Active galactic nuclei; TIER1=Galaxy; TIER2=Active galaxy; TIER3=AGN,16887,3,*Active galaxy*
WISEA J171139.97-161148.1,257.9165416667,-16.19658333333,5235.999999999999,10266.000000000002,hst_hsla_wiseaj171139d97-161148d1--6420,1920.0,STIS,UAT=Active galactic nuclei; TIER1=Galaxy; TIER2=Active galaxy; TIER3=AGN,16887,3,*Active galaxy*
WISEA J024628.65+692234.1,41.61929166667,69.37611111111,5235.999999999999,10266.000000000002,hst_hsla_wiseaj024628d65p692234d1--6211,2350.0,STIS,UAT=Quasar; TIER1=Galaxy; TIER2=Active galaxy; TIER3=Quasar,16210,3,*Active galaxy*
WISEA J024135.03+780106.8,40.395500000000006,78.01863888889,5235.999999999999,10266.000000000002,hst_hsla_wiseaj024135d03p780106d8--6210,2384.0,STIS,UAT=Active galactic nuclei; TIER1=Galaxy; TIER2=Active galaxy; TIER3=AGN,16210,3,*Active galaxy*
QSO B2149-2745,328.03110291666667,-27.530413611111108,1140.0,3184.0,hst_hsla_qsob2149-2745--6455,11744.0,STIS,UAT=Quasars; TIER1=Galaxy; TIER2=Active galaxy; TIER3=Quasar,17146,3,*Active galaxy*
NGC 4438,186.94029395564,13.00880780455,2900.0,6867.0,hst_hsla_ngc4438--6403,6944.0,STIS,UAT=LINER galaxies; TIER1=Galaxy; TIER2=Active galaxy; TIER3=LINER,16772,3,*Active galaxy*
NGC 3799,175.03920311222166,15.32719640322,1140.0,3184.0,hst_hsla_ngc3799--6522,14839.77275,STIS,UAT=LINER galaxies; TIER1=Galaxy; TIER2=Active galaxy; TIER3=LINER,17001,3,*Active galaxy*
NGC 3607,169.22770181250002,18.05147388888889,2900.0,5700.0,hst_hsla_ngc3607--6402,3700.0,STIS,UAT=Seyfert galaxies; TIER1=Galaxy; TIER2=Active galaxy; TIER3=Seyfert galaxy,16772,3,*Active galaxy*
M 89,188.91584861131253,12.556351509125,2900.0,5700.0,hst_hsla_m89--6400,3808.0,STIS,UAT=Seyfert galaxies; TIER1=Galaxy; TIER2=Active galaxy; TIER3=Seyfert galaxy,16772,3,*Active galaxy*
EQ J1059+0622 A,164.86013397345206,6.374322098969816,2900.0,5700.0,hst_hsla_eqj1059p0622a--6528,1804.0,STIS,UAT=Active galactic nuclei; TIER1=Galaxy; TIER2=Active galaxy; TIER3=AGN,17287,3,*Active galaxy*
ESO 583-4,235.59053282717,-22.670616057790003,1140.0,3184.0,hst_hsla_eso583-4--6335,18006.34125,STIS,UAT=Seyfert galaxies; TIER1=Galaxy; TIER2=Active galaxy; TIER3=Seyfert galaxy,16775,3,*Active galaxy*
ESO 253-3,81.32539166666666,-46.00578611111111,1140.0,3184.0,hst_hsla_eso253-3--6308,5250.0,STIS,UAT=Seyfert galaxies; TIER1=Galaxy; TIER2=Active galaxy; TIER3=Seyfert galaxy,16451,3,*Active galaxy*
SDSS J011341.11+010608.5,18.42129427129,1.10240435685,1140.0,1730.0,hst_hsla_sdssj011341d11p010608d5--6333,7348.508,STIS,UAT=Seyfert galaxies; TIER1=Galaxy; TIER2=Active galaxy; TIER3=Seyfert galaxy,16728,3,*Active galaxy*
QSO J1015+1230,153.76980875,12.506188055555556,2900.0,5700.0,hst_hsla_qsoj1015p1230--6527,1908.0,STIS,UAT=Quasars; TIER1=Galaxy; TIER2=Active galaxy; TIER3=Quasar,17287,3,*Active galaxy*
QSO J0158-4325,29.6726475,-43.41771583333333,1140.0,1730.0,hst_hsla_qsoj0158-4325--6454,7298.0,STIS,UAT=Quasars; TIER1=Galaxy; TIER2=Active galaxy; TIER3=Quasar,17146,3,*Active galaxy*
[HB91] 1410+525,213.01198111724,52.34057968494,1568.0,3184.0,hst_hsla_bhb91b1410p525--6537,4721.393625000001,STIS,UAT=Seyfert galaxies; TIER1=Galaxy; TIER2=Active galaxy; TIER3=Seyfert galaxy,17433,3,*Active galaxy*
CXOMP J141123.4+521331,212.84758496855,52.22548494575,1568.0,3184.0,hst_hsla_cxompj141123d4p521331--6228,2233.199625,STIS,UAT=Seyfert galaxies; TIER1=Galaxy; TIER2=Active galaxy; TIER3=Seyfert galaxy,16171,3,*Active galaxy*
[VV2006] J122016.8+112628,185.0703085524,11.44113225106,5235.999999999999,10266.000000000002,hst_hsla_bvv2006bj122016d8p112628--6327,2126.2,STIS,UAT=Quasars; TIER1=Galaxy; TIER2=Active galaxy; TIER3=Quasar,16794,3,*Active galaxy*
[VV2006] J142052.4+525621,215.21849578728,52.93955248688,1568.0,3184.0,hst_hsla_bvv2006bj142052d4p525621--6535,2151.195875,STIS,UAT=Quasars; TIER1=Galaxy; TIER2=Active galaxy; TIER3=Quasar,17433,3,*Active galaxy*
[VV2006] J090408.7+333205,136.03611806951,33.53479591881,5235.999999999999,10266.000000000002,hst_hsla_bvv2006bj090408d7p333205--6215,2158.0,STIS,UAT=Quasars; TIER1=Galaxy; TIER2=Active galaxy; TIER3=Quasar,16210,3,*Active galaxy*
[VV2006] J120629.6+433217,181.62354625724333,43.53832656862111,1140.0,3184.0,hst_hsla_bvv2006bj120629d6p433217--6457,9081.0,STIS,UAT=Quasars; TIER1=Galaxy; TIER2=Active galaxy; TIER3=Quasar,17146,3,*Active galaxy*
[VV2006] J075350.6+424743,118.46073664573002,42.79553052218,5235.999999999999,10266.000000000002,hst_hsla_bvv2006bj075350d6p424743--6220,917.0,STIS,UAT=Quasars; TIER1=Galaxy; TIER2=Active galaxy; TIER3=Quasar,16210,3,*Active galaxy*
[VV2006] J082341.1+241804,125.92114958333332,24.301512222222225,5235.999999999999,10266.000000000002,hst_hsla_bvv2006bj082341d1p241804--6213,1794.0,STIS,UAT=Quasars; TIER1=Galaxy; TIER2=Active galaxy; TIER3=Quasar,16210,3,*Active galaxy*
[VV2006] J100229.5+444942,150.62278,44.82853333333333,2900.0,5700.0,hst_hsla_bvv2006bj100229d5p444942--6530,2120.0,STIS,UAT=Quasars; TIER1=Galaxy; TIER2=Active galaxy; TIER3=Quasar,17304,3,*Active galaxy*
[VV2006] J074800.5+314647,117.00229708333332,31.77992638888889,5235.999999999999,10266.000000000002,hst_hsla_bvv2006bj074800d5p314647--6218,1984.0,STIS,UAT=Quasars; TIER1=Galaxy; TIER2=Active galaxy; TIER3=Quasar,16210,3,*Active galaxy*
2MASS J14162560+5354386,214.10712170413,53.91070204956,1568.0,3184.0,hst_hsla_2massj14162560p5354386--6225,2293.1995,STIS,UAT=Seyfert galaxies; TIER1=Galaxy; TIER2=Active galaxy; TIER3=Seyfert galaxy,16171,3,*Active galaxy*
3XMM J141724.5+523025,214.35247990319,52.50688049798,1568.0,3184.0,hst_hsla_3xmmj141724d5p523025--6237,5086.398875000001,STIS,UAT=Seyfert galaxies; TIER1=Galaxy; TIER2=Active galaxy; TIER3=Seyfert galaxy,16171,3,*Active galaxy*
2MASSI J0859463+274534,134.94314129172,27.75968350765,1568.0,3184.0,hst_hsla_2massij0859463p274534--6533,2105.19875,STIS,UAT=Seyfert galaxies; TIER1=Galaxy; TIER2=Active galaxy; TIER3=Seyfert galaxy,17433,3,*Active galaxy*
2MASS J08453328+4749345,131.38871196543,47.82625850237,1568.0,3184.0,hst_hsla_2massj08453328p4749345--6532,2135.19925,STIS,UAT=Seyfert galaxies; TIER1=Galaxy; TIER2=Active galaxy; TIER3=Seyfert galaxy,17433,3,*Active galaxy*
WISEA J225736.15-655508.7,344.40058333330006,-65.91912222222,5235.999999999999,10266.000000000002,hst_hsla_wiseaj225736d15-655508d7--6558,4977.0,STIS,UAT=Quasar; TIER1=Galaxy; TIER2=Active galaxy; TIER3=Quasar,17423,3,*Active galaxy*
WISEA J171042.53+285014.2,257.67738598486363,28.837520454549097,1140.0,3184.0,hst_hsla_wiseaj171042d53p285014d2--6630,7253.566625,STIS,UAT=Quasar; TIER1=Galaxy; TIER2=Active galaxy; TIER3=Quasar,17894,3,*Active galaxy*
WISEA J141711.07+453915.2,214.29612499999996,45.654225,5235.999999999999,10266.000000000002,hst_hsla_wiseaj141711d07p453915d2--6552,4210.0,STIS,UAT=Quasar; TIER1=Galaxy; TIER2=Active galaxy; TIER3=Quasar,17423,3,*Active galaxy*
WISEA J133519.86+072807.3,203.8330649999999,7.468816666666994,1140.0,3184.0,hst_hsla_wiseaj133519d86p072807d3--6692,9056.7785,STIS,UAT=Seyfert galaxies; TIER1=Galaxy; TIER2=Active galaxy; TIER3=Seyfert galaxy,17933,3,*Active galaxy*
NGC6300,259.2490416667,-62.81981388889001,2900.0,5700.0,hst_hsla_ngc6300--7018,951.0,STIS,UAT=Seyfert galaxies; TIER1=Galaxy; TIER2=Active galaxy; TIER3=Seyfert galaxy,9143,3,*Active galaxy*
NGC 2623,129.60006666666663,25.754525,2900.0,5700.0,hst_hsla_ngc2623--6905,1860.0,STIS,UAT=LINER galaxies; TIER1=Galaxy; TIER2=Active galaxy; TIER3=LINER,8669,3,*Active galaxy*
NGC 5427,210.85850335188996,-6.03074521951,2900.0,5700.0,hst_hsla_ngc5427--7016,805.0,STIS,UAT=Seyfert galaxies; TIER1=Galaxy; TIER2=Active galaxy; TIER3=Seyfert galaxy,9143,3,*Active galaxy*
SDSS J230926.64+002725.7,347.36100468007,0.4571571245999999,5235.999999999999,10266.000000000002,hst_hsla_sdssj230926d64p002725d7--6559,1836.0,STIS,UAT=Quasars; TIER1=Galaxy; TIER2=Active galaxy; TIER3=Quasar,17423,3,*Active galaxy*
SDSS J211731.95+090237.1,319.383123,9.043651,5235.999999999999,10266.000000000002,hst_hsla_sdssj211731d95p090237d1--6556,4186.0,STIS,UAT=Quasars; TIER1=Galaxy; TIER2=Active galaxy; TIER3=Quasar,17423,3,*Active galaxy*
SDSS J144036.46+633354.4,220.15189958301,63.56505465159999,5235.999999999999,10266.000000000002,hst_hsla_sdssj144036d46p633354d4--6553,4833.0,STIS,UAT=Quasars; TIER1=Galaxy; TIER2=Active galaxy; TIER3=Quasar,17423,3,*Active galaxy*
SDSS J145602.38+574258.4,224.009931,57.716249,5235.999999999999,10266.000000000002,hst_hsla_sdssj145602d38p574258d4--6554,4275.0,STIS,UAT=Quasars; TIER1=Galaxy; TIER2=Active galaxy; TIER3=Quasar,17423,3,*Active galaxy*
SDSS J160923.26+503445.4,242.34699170929,50.57930662966001,5235.999999999999,10266.000000000002,hst_hsla_sdssj160923d26p503445d4--6555,4233.0,STIS,UAT=Quasars; TIER1=Galaxy; TIER2=Active galaxy; TIER3=Quasar,17423,3,*Active galaxy*
SDSS J083531.09+252808.7,128.87949104119252,25.469105329984995,5235.999999999999,10266.000000000002,hst_hsla_sdssj083531d09p252808d7--6549,4398.0,STIS,UAT=Quasars; TIER1=Galaxy; TIER2=Active galaxy; TIER3=Quasar,17423,3,*Active galaxy*
SDSS J030012.26-053233.7,45.05110782521,-5.542695560049999,5235.999999999999,10266.000000000002,hst_hsla_sdssj030012d26-053233d7--6547,4380.0,STIS,UAT=Quasars; TIER1=Galaxy; TIER2=Active galaxy; TIER3=Quasar,17423,3,*Active galaxy*
SDSS J142112.29+524147.2,215.30120753242,52.69643513521,1568.0,3184.0,hst_hsla_sdssj142112d29p524147d2--6560,39525.0,STIS,UAT=Quasars; TIER1=Galaxy; TIER2=Active galaxy; TIER3=Quasar,17487,3,*Active galaxy*
SDSS J004127.45-020332.4,10.364391,-2.059003,5235.999999999999,10266.000000000002,hst_hsla_sdssj004127d45-020332d4--6545,4174.0,STIS,UAT=Quasars; TIER1=Galaxy; TIER2=Active galaxy; TIER3=Quasar,17423,3,*Active galaxy*
SDSS J114953.76+252028.6,177.4739569956,25.34127066306,5235.999999999999,10266.000000000002,hst_hsla_sdssj114953d76p252028d6--6550,4186.0,STIS,UAT=Quasars; TIER1=Galaxy; TIER2=Active galaxy; TIER3=Quasar,17423,3,*Active galaxy*
SDSS J015159.72-050941.7,27.998835554690004,-5.1615534615,5235.999999999999,10266.000000000002,hst_hsla_sdssj015159d72-050941d7--6546,4186.0,STIS,UAT=Quasars; TIER1=Galaxy; TIER2=Active galaxy; TIER3=Quasar,17423,3,*Active galaxy*
SDSS J141830.20+522212.4,214.62587693983,52.37012387923,1568.0,3184.0,hst_hsla_sdssj141830d20p522212d4--6561,38337.0,STIS,UAT=Quasars; TIER1=Galaxy; TIER2=Active galaxy; TIER3=Quasar,17487,3,*Active galaxy*
NGC 7720,354.62227758374996,27.031535834499998,5235.999999999999,10266.000000000002,hst_hsla_ngc7720--6952,720.0,STIS,UAT=Seyfert galaxies; TIER1=Galaxy; TIER2=Active galaxy; TIER3=Seyfert galaxy,8700,3,*Active galaxy*
LEDA 145386,48.398731269025006,-2.1517670330922223,1140.0,3184.0,hst_hsla_leda145386--6621,3252.1135000000004,STIS,UAT=Seyfert galaxies; TIER1=Galaxy; TIER2=Active galaxy; TIER3=Seyfert galaxy,17609,3,*Active galaxy*
GALEXASC J044837.03-061913.0,72.15416666667,-6.320222222222,2900.0,5700.0,hst_hsla_galexascj044837d03-061913d0--7015,805.0,STIS,UAT=Seyfert galaxies; TIER1=Galaxy; TIER2=Active galaxy; TIER3=Seyfert galaxy,9143,3,*Active galaxy*
[VV2006] J120119.0+523022,180.32922429732,52.50628463532,5235.999999999999,10266.000000000002,hst_hsla_bvv2006bj120119d0p523022--6551,4233.0,STIS,UAT=Quasars; TIER1=Galaxy; TIER2=Active galaxy; TIER3=Quasar,17423,3,*Active galaxy*
[VV2006] J075502.7+264612,118.76117667211,26.77011928145,5235.999999999999,10266.000000000002,hst_hsla_bvv2006bj075502d7p264612--6548,4398.0,STIS,UAT=Quasars; TIER1=Galaxy; TIER2=Active galaxy; TIER3=Quasar,17423,3,*Active galaxy*
AT 2018gkq,28.84178718979834,6.611768658954999,2900.0,5700.0,hst_hsla_at2018gkq--7019,805.0,STIS,UAT=Active galactic nuclei; TIER1=Galaxy; TIER2=Active galaxy; TIER3=AGN,9143,3,*Active galaxy*
AKARI-IRC-V1 J1757000+590759,269.25113513449,59.13339670413,1568.0,3184.0,hst_hsla_akari-irc-v1j1757000p590759--6691,4614.0,STIS,UAT=Quasars; TIER1=Galaxy; TIER2=Active galaxy; TIER3=Quasar,17874,3,*Active galaxy*
QSO J2346-0016,356.60696213056,-0.26678539963,1140.0,1730.0,hst_hsla_qsoj2346-0016--0662,600.0,STIS,UAT=Quasars; TIER1=Galaxy; TIER2=Active galaxy; TIER3=Quasar,9067,3,*Active galaxy*
HE 0226-4110,37.06349653384,-40.95410073562,1140.0,1735.0,hst_hsla_he0226-4110--0271,43772.0,STIS,UAT=Seyfert galaxies; TIER1=Galaxy; TIER2=Active galaxy; TIER3=Seyfert galaxy,9184,3,*Active galaxy*
2MASS J08105865+7602424,122.74443397661,76.04512512535,1206.0,2914.0,hst_hsla_2massj08105865p7602424--0178,27081.940874999997,STIS,UAT=Seyfert galaxies; TIER1=Galaxy; TIER2=Active galaxy; TIER3=Seyfert galaxy,MULTI,3,*Active galaxy*
Mrk 771,188.0150932125,20.15819328726,1194.0,1300.0,hst_hsla_mrk771--0787,12989.0,STIS,UAT=Seyfert galaxies; TIER1=Galaxy; TIER2=Active galaxy; TIER3=Seyfert galaxy,MULTI,3,*Active galaxy*
QSO J1719+4804,259.90937352255,48.07006879428,1540.0,3184.0,hst_hsla_qsoj1719p4804--1566,29292.0,STIS,UAT=Blazars; TIER1=Galaxy; TIER2=Active galaxy; TIER3=Blazar,MULTI,3,*Active galaxy*
2MASS J16180935+0139216,244.5390688888889,1.6559901666666663,5235.999999999999,10266.000000000002,hst_hsla_2massj16180935p0139216--2509,800.0,STIS,UAT=Active galactic nuclei; TIER1=Galaxy; TIER2=Active galaxy; TIER3=AGN,12934,3,*Active galaxy*
MCPS J00.985520-72.17561,14.781900000000004,-72.175414,1140.0,1730.0,hst_hsla_mcpsj00d985520-72d17561--4606,590.0,STIS,UAT=Starburst galaxies; TIER1=Galaxy; TIER2=Active galaxy; TIER3=Starburst galaxy,8629,3,*Active galaxy*
ZTF J132349.52+654148.2,200.95632601265,65.696712351,1568.0,5700.0,hst_hsla_ztfj132349d52p654148d2--6566,1929.0,STIS,UAT=Seyfert galaxies; TIER1=Galaxy; TIER2=Active galaxy; TIER3=Seyfert galaxy,17511,3,*Active galaxy*
Mrk 705,141.51362267542,12.73437010813,1140.0,5235.999999999999,hst_hsla_mrk705--5238,6224.0,STIS,UAT=Seyfert galaxies; TIER1=Galaxy; TIER2=Active galaxy; TIER3=Seyfert galaxy,MULTI,3,*Active galaxy*
PG 1404+226,211.59120870287,22.396254319459995,1568.0,3184.0,hst_hsla_pg1404p226--6565,1938.0,STIS,UAT=Seyfert galaxies; TIER1=Galaxy; TIER2=Active galaxy; TIER3=Seyfert galaxy,17511,3,*Active galaxy*
ATO J115.9667+27.2109,115.96677682873,27.21097365481,1568.0,5700.0,hst_hsla_atoj115d9667p27d2109--6564,1616.0,STIS,UAT=Seyfert galaxies; TIER1=Galaxy; TIER2=Active galaxy; TIER3=Seyfert galaxy,17511,3,*Active galaxy*
Mrk 142,156.38032787431,51.67635219139,1140.0,3184.0,hst_hsla_mrk142--6567,4046.0,STIS,UAT=Seyfert galaxies; TIER1=Galaxy; TIER2=Active galaxy; TIER3=Seyfert galaxy,17511,3,*Active galaxy*
LEDA 54782,230.30940448588,22.46217435926,1568.0,5700.0,hst_hsla_leda54782--6568,4140.0,STIS,UAT=Seyfert galaxies; TIER1=Galaxy; TIER2=Active galaxy; TIER3=Seyfert galaxy,17511,3,*Active galaxy*
[OKM2018] SWIFT J1104.8+7689,166.0577547903,76.98283181919,1140.0,5700.0,hst_hsla_bokm2018bswiftj1104d8p7689--4667,70568.0,STIS,UAT=Seyfert galaxies; TIER1=Galaxy; TIER2=Active galaxy; TIER3=Seyfert galaxy,MULTI,3,*Active galaxy*
[BDW2002] q1104-1805b,166.63956183332445,-18.356836023082963,2303.0,3111.0,hst_hsla_bbdw2002bq1104-1805b--4401,100212.0,STIS,UAT=Gravitational lensing; TIER1=Galaxy; TIER2=Galaxy Clusters & Large Scale Structure; TIER3=Gravitationally lensed image of a quasar,8471,3,*Quasar*
[RHB2002] HS 0810+2554 D,123.38045584063408,25.750799852423054,1684.0,3066.0,hst_hsla_brhb2002bhs0810p2554d--4642,18930.0,STIS,UAT=Gravitational lensing; TIER1=Galaxy; TIER2=Galaxy Clusters & Large Scale Structure; TIER3=Gravitationally lensed image of a quasar,MULTI,3,*Quasar*
[KIO2010] SDSS J1054+2733 B,163.67024678182833,27.551779154135275,1568.0,3184.0,hst_hsla_bkio2010bsdssj1054p2733b--5827,2286.0,STIS,UAT=Gravitational lensing; TIER1=Galaxy; TIER2=Galaxy Clusters & Large Scale Structure; TIER3=Gravitationally lensed image of a quasar,13801,3,*Quasar*
[CSR96] J03.13 A,154.34969444444445,-20.782833333333333,1568.0,3184.0,hst_hsla_bcsr96bj03d13a--5826,17756.0,STIS,UAT=Gravitational lensing; TIER1=Galaxy; TIER2=Galaxy Clusters & Large Scale Structure; TIER3=Gravitationally lensed image of a quasar,13801,3,*Quasar*
BR2212-1626,333.7516123674,-16.25742006871,5240.0,10270.0,o4j0020e0,100.0,STIS/CCD,GALAXY;QUASAR;HIGH REDSHIFT GALAXY,7234,3,*Quasar*
Q0000-26,0.9827555278649,-26.02932194559,5240.0,10270.0,o4j0010e0,100.0,STIS/CCD,GALAXY;QUASAR;HIGH REDSHIFT GALAXY,7234,3,*Quasar*
Q0000-26,0.9838448359668,-26.02797298227,5240.0,10270.0,o4j0010f0,50.0,STIS/CCD,GALAXY;QUASAR;HIGH REDSHIFT GALAXY,7234,3,*Quasar*
BR2212-1626,333.7511094941,-16.2590152927,5240.0,10270.0,o4j0020f0,50.0,STIS/CCD,GALAXY;QUASAR;HIGH REDSHIFT GALAXY,7234,3,*Quasar*
BR2212-1626,333.7513609486,-16.25821768581,5240.0,10270.0,o4j0020d0,100.0,STIS/CCD,GALAXY;QUASAR;HIGH REDSHIFT GALAXY,7234,3,*Quasar*
Q0000-26,0.983300169812,-26.02864745496,5240.0,10270.0,o4j0010d0,100.0,STIS/CCD,GALAXY;QUASAR;HIGH REDSHIFT GALAXY,7234,3,*Quasar*
3C277.1,193.1091159362,56.57267427977,5450.0,10140.0,o5en04010,2280.0,STIS/CCD,GALAXY;QUASAR,8104,3,*Quasar*
QSO-0748+3006,117.0385507701,30.10816762512,1680.0,3060.0,o6du07020,2880.0,STIS/CCD,GALAXY;QUASAR,9051,3,*Quasar*
QSO-1105+3614,166.4880416667,36.24647222222,1680.0,3060.0,o6du14010,2298.0,STIS/CCD,GALAXY;QUASAR,9051,3,*Quasar*
QSO-1105+3614,166.4873755844,36.24661391627,1680.0,3060.0,o6du14020,2913.0,STIS/CCD,GALAXY;QUASAR,9051,3,*Quasar*
3C48-A,24.42255377928,33.15943464921,2900.0,5700.0,o6lh01040,2400.0,STIS/CCD,GALAXY;QUASAR,9365,3,*Quasar*
3C48-A,24.42255377928,33.15943464921,2900.0,5700.0,o6lh02040,2885.0,STIS/CCD,GALAXY;QUASAR,9365,3,*Quasar*
3C48-A,24.42278901639,33.15923874282,2900.0,5700.0,o6lh02010,2393.0,STIS/CCD,GALAXY;QUASAR,9365,3,*Quasar*
3C48-A,24.42208330191,33.15982646065,2900.0,5700.0,o6lh01020,2350.0,STIS/CCD,GALAXY;QUASAR,9365,3,*Quasar*
Q0827+243,127.7170833333,24.18319444444,1640.0,3190.0,o6mq07020,2572.0,STIS/CCD,GALAXY;QUASAR,9441,3,*Quasar*
3C48,24.4222352386,33.15929576141,2900.0,5700.0,o6lh01050,311.0,STIS/CCD,GALAXY;QUASAR,9365,3,*Quasar*
3C48,24.42176476035,33.15968757149,2900.0,5700.0,o6lh01030,315.0,STIS/CCD,GALAXY;QUASAR,9365,3,*Quasar*
3C48-A,24.42278901639,33.15923874282,2900.0,5700.0,o6lh02050,2885.0,STIS/CCD,GALAXY;QUASAR,9365,3,*Quasar*
3C48-A,24.42208330191,33.15982646065,2900.0,5700.0,o6lh02030,2885.0,STIS/CCD,GALAXY;QUASAR,9365,3,*Quasar*
Q1044+056,161.888171819,5.415096057951,1640.0,3190.0,o8sb01010,2060.0,STIS/CCD,GALAXY;QUASAR,9877,3,*Quasar*
Q1044+056,161.8880120221,5.415046357404,1640.0,3190.0,o8sb01030,2575.0,STIS/CCD,GALAXY;QUASAR,9877,3,*Quasar*
Q1044+056,161.8880919206,5.415071207682,1640.0,3190.0,o8sb01020,2575.0,STIS/CCD,GALAXY;QUASAR,9877,3,*Quasar*
Q1044+056,161.8884150644,5.415156433785,1640.0,3190.0,o8sb09030,2575.0,STIS/CCD,GALAXY;QUASAR,9877,3,*Quasar*
Q1044+056,161.8882125201,5.415106203068,1640.0,3190.0,o8sb04010,2075.0,STIS/CCD,GALAXY;QUASAR,9877,3,*Quasar*
Q1044+056,161.8885795946,5.41518723435,1640.0,3190.0,o8sb09010,2060.0,STIS/CCD,GALAXY;QUASAR,9877,3,*Quasar*
Q1044+056,161.8884973295,5.415171834073,1640.0,3190.0,o8sb09020,2575.0,STIS/CCD,GALAXY;QUASAR,9877,3,*Quasar*
Q1044+056,161.8885280899,5.415217605898,1640.0,3190.0,o8sb07010,2060.0,STIS/CCD,GALAXY;QUASAR,9877,3,*Quasar*
Q1044+056,161.8879764358,5.41502096977,1640.0,3190.0,o8sb05030,2575.0,STIS/CCD,GALAXY;QUASAR,9877,3,*Quasar*
Q1044+056,161.8886068977,5.415245696733,1640.0,3190.0,o8sb07020,2575.0,STIS/CCD,GALAXY;QUASAR,9877,3,*Quasar*
Q1044+056,161.8883327992,5.415141033487,1640.0,3190.0,o8sb10010,2060.0,STIS/CCD,GALAXY;QUASAR,9877,3,*Quasar*
Q1044+056,161.8884492822,5.415189515053,1640.0,3190.0,o8sb06020,2575.0,STIS/CCD,GALAXY;QUASAR,9877,3,*Quasar*
Q1044+056,161.8883704744,5.415161424198,1640.0,3190.0,o8sb06010,2060.0,STIS/CCD,GALAXY;QUASAR,9877,3,*Quasar*
Q1044+056,161.8880552435,5.415049060676,1640.0,3190.0,o8sb05020,2575.0,STIS/CCD,GALAXY;QUASAR,9877,3,*Quasar*
Q1044+056,161.8881340512,5.415077151572,1640.0,3190.0,o8sb05010,2060.0,STIS/CCD,GALAXY;QUASAR,9877,3,*Quasar*
Q1044+056,161.8882505342,5.415125633177,1640.0,3190.0,o8sb10020,2575.0,STIS/CCD,GALAXY;QUASAR,9877,3,*Quasar*
Q1044+056,161.8881682691,5.415110232856,1640.0,3190.0,o8sb11010,2060.0,STIS/CCD,GALAXY;QUASAR,9877,3,*Quasar*
Q1044+056,161.8885291065,5.415214724067,1640.0,3190.0,o8sb02020,2575.0,STIS/CCD,GALAXY;QUASAR,9877,3,*Quasar*
Q1044+056,161.888086004,5.415094832524,1640.0,3190.0,o8sb11020,2575.0,STIS/CCD,GALAXY;QUASAR,9877,3,*Quasar*
Q1044+056,161.8879214738,5.415064031826,1640.0,3190.0,o8sb12020,2575.0,STIS/CCD,GALAXY;QUASAR,9877,3,*Quasar*
Q1044+056,161.8880037389,5.41507943218,1640.0,3190.0,o8sb12010,2060.0,STIS/CCD,GALAXY;QUASAR,9877,3,*Quasar*
SDSS-J115245.66+101623.8,178.1902819952,10.27343414573,3020.0,5610.0,ocmg16030,648.0,STIS/CCD,GALAXY;NLR;QUASAR,13728,3,*Quasar*
FIRST-J120041.4+314745,180.1724416667,31.79613611111,5450.0,10140.0,ocmg14010,671.0,STIS/CCD,GALAXY;NLR;QUASAR,13728,3,*Quasar*
B2-1435+30,219.4076119409,30.18369449218,3020.0,5610.0,ocmg21030,686.0,STIS/CCD,GALAXY;NLR;QUASAR,13728,3,*Quasar*
2MASX-J11001238+0846157,165.0515719633,8.771174664946,3020.0,5610.0,ocmg15030,610.0,STIS/CCD,GALAXY;NLR;QUASAR,13728,3,*Quasar*
FIRST-J120041.4+314745,180.1725233728,31.79613623943,5450.0,10140.0,ocmg14020,672.0,STIS/CCD,GALAXY;NLR;QUASAR,13728,3,*Quasar*
2MASX-J17135038+5729546,258.45967,57.49856944444,5450.0,10140.0,ocmg22010,704.0,STIS/CCD,GALAXY;NLR;QUASAR,13728,3,*Quasar*
FIRST-J120041.4+314745,180.1726050789,31.7961363677,5450.0,10140.0,ocmg14030,672.0,STIS/CCD,GALAXY;NLR;QUASAR,13728,3,*Quasar*
2MASX-J08025293+2552551,120.7205909001,25.88223873563,3020.0,5610.0,ocmg18030,665.0,STIS/CCD,GALAXY;NLR;QUASAR,13728,3,*Quasar*
2MASX-J11001238+0846157,165.0515963983,8.771109554696,3020.0,5610.0,ocmg15020,613.0,STIS/CCD,GALAXY;NLR;QUASAR,13728,3,*Quasar*
2MASX-J16531506+2349431,253.3127932076,23.8286183826,3020.0,5610.0,ocmg20020,723.0,STIS/CCD,GALAXY;NLR;QUASAR,13728,3,*Quasar*
2MASX-J11001238+0846157,165.0516208333,8.771044444444,3020.0,5610.0,ocmg15010,610.0,STIS/CCD,GALAXY;NLR;QUASAR,13728,3,*Quasar*
2MASX-J08025293+2552551,120.72053,25.88211111111,3020.0,5610.0,ocmg18010,666.0,STIS/CCD,GALAXY;NLR;QUASAR,13728,3,*Quasar*
B2-1435+30,219.4076909704,30.18370696833,3020.0,5610.0,ocmg21020,684.0,STIS/CCD,GALAXY;NLR;QUASAR,13728,3,*Quasar*
2MASX-J17135038+5729546,258.4596105573,57.49850778099,5450.0,10140.0,ocmg22020,706.0,STIS/CCD,GALAXY;NLR;QUASAR,13728,3,*Quasar*
2MASX-J13003807+5454367,195.1586665391,54.91036125354,3020.0,5610.0,ocmg17030,738.0,STIS/CCD,GALAXY;NLR;QUASAR,13728,3,*Quasar*
2MASX-J08025293+2552551,120.7205604501,25.88217492337,3020.0,5610.0,ocmg18020,666.0,STIS/CCD,GALAXY;NLR;QUASAR,13728,3,*Quasar*
2MASX-J16531506+2349431,253.31272,23.8286,3020.0,5610.0,ocmg20010,723.0,STIS/CCD,GALAXY;NLR;QUASAR,13728,3,*Quasar*
2MASX-J13003807+5454367,195.1586999363,54.91029451567,3020.0,5610.0,ocmg17020,736.0,STIS/CCD,GALAXY;NLR;QUASAR,13728,3,*Quasar*
SDSS-J115245.66+101623.8,178.1902701642,10.27336568397,3020.0,5610.0,ocmg16020,648.0,STIS/CCD,GALAXY;NLR;QUASAR,13728,3,*Quasar*
2MASX-J13003807+5454367,195.1587333333,54.91022777778,3020.0,5610.0,ocmg17010,736.0,STIS/CCD,GALAXY;NLR;QUASAR,13728,3,*Quasar*
SDSS-J115245.66+101623.8,178.1902583333,10.27329722222,3020.0,5610.0,ocmg16010,648.0,STIS/CCD,GALAXY;NLR;QUASAR,13728,3,*Quasar*
2MASX-J16531506+2349431,253.3128664152,23.82863676516,3020.0,5610.0,ocmg20030,723.0,STIS/CCD,GALAXY;NLR;QUASAR,13728,3,*Quasar*
B2-1435+30,219.40777,30.18371944444,3020.0,5610.0,ocmg21010,685.0,STIS/CCD,GALAXY;NLR;QUASAR,13728,3,*Quasar*
2MASX-J17135038+5729546,258.4595511149,57.49844611752,5450.0,10140.0,ocmg22030,704.0,STIS/CCD,GALAXY;NLR;QUASAR,13728,3,*Quasar*
MRK-1014,29.95939166667,0.3947222222222,5450.0,10140.0,odl710010,1487.0,STIS/CCD,GALAXY;NLR;QSO;QUASAR,15281,3,*Quasar*
MRK-1014,29.95945000808,0.3947598914687,5450.0,10140.0,odl710020,1487.0,STIS/CCD,GALAXY;NLR;QSO;QUASAR,15281,3,*Quasar*
2XMM-J130946.9+081948,197.445825,8.330066666667,5450.0,10140.0,odl714010,1450.0,STIS/CCD,GALAXY;NLR;QSO;QUASAR,15281,3,*Quasar*
2XMM-J130946.9+081948,197.4457180232,8.329976742887,5450.0,10140.0,odl714030,1.504113,STIS/CCD,GALAXY;NLR;QSO;QUASAR,15281,3,*Quasar*
2XMM-J130946.9+081948,197.4457715116,8.330021704781,5450.0,10140.0,odl714020,1.536112,STIS/CCD,GALAXY;NLR;QSO;QUASAR,15281,3,*Quasar*
2XMM-J130946.9+081948,197.445825,8.330066666667,5450.0,10140.0,odl714040,1.536113,STIS/CCD,GALAXY;NLR;QSO;QUASAR,15281,3,*Quasar*
J2122-0026,320.6792083333,-0.4482222222222,5240.0,10270.0,oeb514010,891.0,STIS/CCD,GALAXY;QSO;QUASAR,16210,3,*Quasar*
J2122-0026,320.6790078392,-0.4480299592014,5240.0,10270.0,oeb514020,891.0,STIS/CCD,GALAXY;QSO;QUASAR,16210,3,*Quasar*
J0753+4247,118.4604347751,42.79569733972,5240.0,10270.0,oeb542010,917.0,STIS/CCD,GALAXY;QSO;QUASAR,16210,3,*Quasar*
J0536+5038,84.0841584988,50.64087573966,5240.0,10270.0,oeb508020,903.0,STIS/CCD,GALAXY;QSO;QUASAR,16210,3,*Quasar*
J0536+5038,84.08429166667,50.64061111111,5240.0,10270.0,oeb508010,903.0,STIS/CCD,GALAXY;QSO;QUASAR,16210,3,*Quasar*
J2218-3322.SLITPOS2,334.7078604377,-33.37921102618,5240.0,10270.0,oes508020,1022.0,STIS/CCD,GALAXY;QSO;QUASAR,16887,3,*Quasar*
SDSSJ1327+1036,201.9670925018,10.60766631773,2900.0,5700.0,of3959020,954.0,STIS/CCD,GALAXY;QUASAR,17287,3,*Quasar*
SDSSJ1118+0749,169.7229166667,7.829444444444,2900.0,5700.0,of3952010,1.536637,STIS/CCD,GALAXY;QUASAR,17287,3,*Quasar*
SDSSJ1118+0749,169.7228574144,7.829715949155,2900.0,5700.0,of3912020,1.536449,STIS/CCD,GALAXY;QUASAR,17287,3,*Quasar*
SDSSJ1118+0749,169.7229166667,7.829444444444,2900.0,5700.0,of3912010,1.536449,STIS/CCD,GALAXY;QUASAR,17287,3,*Quasar*
SDSSJ1327+1036,201.966574165,10.60744479322,2900.0,5700.0,of3915020,1.504449,STIS/CCD,GALAXY;QUASAR,17287,3,*Quasar*
SDSSJ1327+1036,201.9668333333,10.60755555556,2900.0,5700.0,of3915010,1.536449,STIS/CCD,GALAXY;QUASAR,17287,3,*Quasar*
SDSSJ0911+2405,137.9607811806,24.09601711109,2900.0,5700.0,of3908020,1.53645,STIS/CCD,GALAXY;QUASAR,17287,3,*Quasar*
SDSSJ0911+2405,137.9610833333,24.09605,2900.0,5700.0,of3908010,1.536449,STIS/CCD,GALAXY;QUASAR,17287,3,*Quasar*
SDSSJ0812+2007,123.1933827426,20.12477231737,2900.0,5700.0,of3904020,904.0,STIS/CCD,GALAXY;QUASAR,17287,3,*Quasar*
SDSSJ0911+2405,137.9610833333,24.09605,2900.0,5700.0,of3958010,1018.0,STIS/CCD,GALAXY;QUASAR,17287,3,*Quasar*
SDSSJ1327+1036,201.9668333333,10.60755555556,2900.0,5700.0,of3959010,954.0,STIS/CCD,GALAXY;QUASAR,17287,3,*Quasar*
SDSSJ0911+2405,137.9607811806,24.09601711109,2900.0,5700.0,of3958020,1018.0,STIS/CCD,GALAXY;QUASAR,17287,3,*Quasar*
SDSSJ1118+0749,169.7228574144,7.829715949155,2900.0,5700.0,of3952020,1.536636,STIS/CCD,GALAXY;QUASAR,17287,3,*Quasar*
PG1048+342,162.9328815273,33.99074452849,2900.0,5700.0,of9m16010,1.536637,STIS/CCD,GALAXY;QSO;QUASAR,17511,3,*Quasar*
PG1048+342,162.9329249095,33.99076555969,2900.0,5700.0,of9m16020,1.504637,STIS/CCD,GALAXY;QSO;QUASAR,17511,3,*Quasar*
PG1048+342,162.9329682918,33.99078659088,2900.0,5700.0,of9m16030,1.536637,STIS/CCD,GALAXY;QSO;QUASAR,17511,3,*Quasar*
PG1415+451,214.2534596601,44.93512917112,2900.0,5700.0,of9m13020,1.536637,STIS/CCD,GALAXY;QSO;QUASAR,17511,3,*Quasar*
PG1415+451,214.2534263719,44.93509480829,2900.0,5700.0,of9m13010,1.536637,STIS/CCD,GALAXY;QSO;QUASAR,17511,3,*Quasar*
SDSSJ075051.72+245409.3,117.7154999774,24.90259699412,2900.0,5700.0,of9m02040,1.536638,STIS/CCD,GALAXY;QSO;QUASAR,17511,3,*Quasar*
SDSSJ075051.72+245409.3,117.7155375809,24.90262092744,2900.0,5700.0,of9m02050,1.504638,STIS/CCD,GALAXY;QSO;QUASAR,17511,3,*Quasar*
PG1402+261,211.3175745624,25.92614440418,2900.0,5700.0,of9m08010,1.504637,STIS/CCD,GALAXY;QSO;QUASAR,17511,3,*Quasar*
PG1402+261,211.3175994019,25.92617957597,2900.0,5700.0,of9m08020,1.536637,STIS/CCD,GALAXY;QSO;QUASAR,17511,3,*Quasar*
PG1552+085,238.6857776858,8.372644581347,2900.0,5700.0,of9m10020,258.0,STIS/CCD,GALAXY;QSO;QUASAR,17511,3,*Quasar*
J0241+7801,40.3965714281,78.01847249027,5240.0,10270.0,oeb501020,856.0,STIS/CCD,GALAXY;QSO;QUASAR,16210,3,*Quasar*
0957+561A,150.3364166667,55.89863888889,5240.0,10270.0,o5f301020,660.0,STIS/CCD,GALAXY;QUASAR;;EXT-MEDIUM;ABSORPTION LINE SYSTEM - EXTRAGALACTIC;DAMPED LYMAN ALPHA CLOUD,8336,3,*Quasar*
2E-93,7.307079706154,13.26767876047,5450.0,10140.0,odl708020,1452.0,STIS/CCD,GALAXY;NLR;QSO;QUASAR,15281,3,*Quasar*
2E-93,7.307091666667,13.26774722222,5450.0,10140.0,odl708010,1452.0,STIS/CCD,GALAXY;NLR;QSO;QUASAR,15281,3,*Quasar*
J0749+2255,117.3457083333,22.91994444444,5240.0,10270.0,oeb503010,2136.0,STIS/CCD,GALAXY;QSO;QUASAR,16210,3,*Quasar*
3C286,202.7847950719,30.50937614802,1640.0,3190.0,o6ji05030,1444.0,STIS/CCD,GALAXY;QUASAR,9280,3,*Quasar*
3C286,202.7844774643,30.50906192587,1640.0,3190.0,o6ji05020,2943.0,STIS/CCD,GALAXY;QUASAR,9280,3,*Quasar*
MRK-1014,29.95939166667,0.3947222222222,5450.0,10140.0,odl710040,414.0,STIS/CCD,GALAXY;NLR;QSO;QUASAR,15281,3,*Quasar*
J1711-1611,257.9163156065,-16.1964100322,5240.0,10270.0,oes504020,960.0,STIS/CCD,GALAXY;QSO;QUASAR,16887,3,*Quasar*
J0241+7801,40.3955,78.01863888889,5240.0,10270.0,oeb501010,1528.0,STIS/CCD,GALAXY;QSO;QUASAR,16210,3,*Quasar*
Q0827+243,127.716969581,24.18315472576,1640.0,3190.0,o6mq07030,2569.0,STIS/CCD,GALAXY;QUASAR,9441,3,*Quasar*
3C287,202.6573579161,25.15294756572,1680.0,3060.0,o6ji07020,2916.0,STIS/CCD,GALAXY;QUASAR,9280,3,*Quasar*
3C309.1,224.7814010387,71.67211125713,1640.0,3190.0,o6ji03010,2520.0,STIS/CCD,GALAXY;QUASAR,9280,3,*Quasar*
SDSSJ101000.68+300321.5,152.5028297914,30.05602098397,2900.0,5700.0,of9m05050,398.0,STIS/CCD,GALAXY;QSO;QUASAR,17511,3,*Quasar*
J1937-1821,294.328375,-18.35891666667,5240.0,10270.0,oes505010,1010.0,STIS/CCD,GALAXY;QSO;QUASAR,16887,3,*Quasar*
2DFGRS-TGN357Z241,153.7287527029,0.5603613397161,5450.0,10140.0,odl712020,1400.0,STIS/CCD,GALAXY;NLR;QSO;QUASAR,15281,3,*Quasar*
UM425,170.83625,1.629833333333,1680.0,3060.0,o4p8010j0,2440.0,STIS/CCD,GALAXY;QUASAR;;GALAXY;GRAVITATIONAL LENS,7558,3,*Quasar*
MRK-1014,29.95950834949,0.3947975607148,5450.0,10140.0,odl710030,1487.0,STIS/CCD,GALAXY;NLR;QSO;QUASAR,15281,3,*Quasar*
J1755+4229,268.9299208333,42.49006944444,5240.0,10270.0,oeb560010,1051.0,STIS/CCD,GALAXY;QSO;QUASAR,16210,3,*Quasar*
PG1519+226,230.309486533,22.4622084358,2900.0,5700.0,of9m15030,206.0,STIS/CCD,GALAXY;QSO;QUASAR,17511,3,*Quasar*
J0841+4825,130.3740416667,48.43008333333,5240.0,10270.0,oeb506010,1912.0,STIS/CCD,GALAXY;QSO;QUASAR,16210,3,*Quasar*
J0904+3332,136.0361666667,33.53475,5240.0,10270.0,oeb507010,2158.0,STIS/CCD,GALAXY;QSO;QUASAR,16210,3,*Quasar*
SDSSJ1015+1230,153.7698333333,12.50619166667,2900.0,5700.0,of3910010,954.0,STIS/CCD,GALAXY;QUASAR,17287,3,*Quasar*
PG1552+085,238.6857491258,8.372613958972,2900.0,5700.0,of9m10010,258.0,STIS/CCD,GALAXY;QSO;QUASAR,17511,3,*Quasar*
SDSSJ1015+1230,153.7700903591,12.5063108139,2900.0,5700.0,of3910020,954.0,STIS/CCD,GALAXY;QUASAR,17287,3,*Quasar*
SDSSJ1625+4309,246.2580659677,43.15902096292,2900.0,5700.0,of3907020,1060.0,STIS/CCD,GALAXY;QUASAR,17287,3,*Quasar*
QSO-0800+5010,120.149875,50.17904722222,1680.0,3060.0,o6du08010,1217.0,STIS/CCD,GALAXY;QUASAR,9051,3,*Quasar*
QSO-1413+4212,213.393420441,42.19977952863,1680.0,3060.0,o6du18020,1320.0,STIS/CCD,GALAXY;QUASAR,9051,3,*Quasar*
J2050-2947,312.5003148143,-29.78935570082,5240.0,10270.0,oes506020,936.0,STIS/CCD,GALAXY;QSO;QUASAR,16887,3,*Quasar*
2E-93,7.307067745648,13.26761029871,5450.0,10140.0,odl708030,1452.0,STIS/CCD,GALAXY;NLR;QSO;QUASAR,15281,3,*Quasar*
SDSSJ080101.41+184840.7,120.2558660283,18.81134731962,2900.0,5700.0,of9m03010,378.0,STIS/CCD,GALAXY;QSO;QUASAR,17511,3,*Quasar*
2XMM-J095652.4+411522,149.2182064903,41.25616577336,5450.0,10140.0,odl711020,1504.0,STIS/CCD,GALAXY;NLR;QSO;QUASAR,15281,3,*Quasar*
2DFGRS-TGN357Z241,153.7287583333,0.5604305555556,5450.0,10140.0,odl712010,1400.0,STIS/CCD,GALAXY;NLR;QSO;QUASAR,15281,3,*Quasar*
J1613-2644,243.4563333333,-26.74238888889,5240.0,10270.0,oeb509010,2144.0,STIS/CCD,GALAXY;QSO;QUASAR,16210,3,*Quasar*
J1648+4155,252.0754895066,41.93079643358,5240.0,10270.0,oes502020,1050.0,STIS/CCD,GALAXY;QSO;QUASAR,16887,3,*Quasar*
J1649+0812,252.4220833333,8.20925,5240.0,10270.0,oes503010,990.0,STIS/CCD,GALAXY;QSO;QUASAR,16887,3,*Quasar*
3C277.1,193.1094166667,56.57261111111,5450.0,10140.0,o5en03040,2800.0,STIS/CCD,GALAXY;QUASAR,8104,3,*Quasar*
SDSSJ1059+0622,164.8600340032,6.374559866744,2900.0,5700.0,of3911020,902.0,STIS/CCD,GALAXY;QUASAR,17287,3,*Quasar*
3C286,202.7843715956,30.50895718498,1640.0,3190.0,o6ji05040,1444.0,STIS/CCD,GALAXY;QUASAR,9280,3,*Quasar*
PG1100+772,166.0570001882,76.98283056803,2900.0,5700.0,of9m18030,218.0,STIS/CCD,GALAXY;QSO;QUASAR,17511,3,*Quasar*
SDSSJ0956+6900,149.151875,69.00780555556,2900.0,5700.0,of3y01010,1022.0,STIS/CCD,GALAXY;QUASAR,17304,3,*Quasar*
J0823+2418,125.9211420151,24.30177734457,5240.0,10270.0,oeb505020,897.0,STIS/CCD,GALAXY;QSO;QUASAR,16210,3,*Quasar*
2E-217,13.71721208333,25.42748333333,5450.0,10140.0,odl709040,357.0,STIS/CCD,GALAXY;NLR;QSO;QUASAR,15281,3,*Quasar*
3C48-A,24.42231854112,33.15963055515,2900.0,5700.0,o6lh02020,2885.0,STIS/CCD,GALAXY;QUASAR,9365,3,*Quasar*
J2050-2947,312.5,-29.78930555556,5240.0,10270.0,oes506010,936.0,STIS/CCD,GALAXY;QSO;QUASAR,16887,3,*Quasar*
J0246+6922,41.61929166667,69.37611111111,5240.0,10270.0,oeb502010,1175.0,STIS/CCD,GALAXY;QSO;QUASAR,16210,3,*Quasar*
2E-93,7.307091666667,13.26774722222,5450.0,10140.0,odl708040,336.0,STIS/CCD,GALAXY;NLR;QSO;QUASAR,15281,3,*Quasar*
3C309.1,224.7821979319,71.67244415129,1640.0,3190.0,o6ji03040,1585.0,STIS/CCD,GALAXY;QUASAR,9280,3,*Quasar*
3C287,202.6572158324,25.1528951313,1680.0,3060.0,o6ji07040,1424.0,STIS/CCD,GALAXY;QUASAR,9280,3,*Quasar*
UM425,170.83625,1.629833333333,1680.0,3060.0,o4p8010g0,2078.0,STIS/CCD,GALAXY;QUASAR;;GALAXY;GRAVITATIONAL LENS,7558,3,*Quasar*
SDSSJ074352.02+271239.5,115.9667766556,27.21097497783,2900.0,5700.0,of9m04010,90.0,STIS/CCD,GALAXY;QSO;QUASAR,17511,3,*Quasar*
2DFGRS-TGN357Z241,153.7287583333,0.5604305555556,5450.0,10140.0,odl712040,406.0,STIS/CCD,GALAXY;NLR;QSO;QUASAR,15281,3,*Quasar*
3C287,202.657642084,25.15305243415,1680.0,3060.0,o6ji07010,2228.0,STIS/CCD,GALAXY;QUASAR,9280,3,*Quasar*
QSO-0955+3335,148.9084166667,33.58444166667,3020.0,5610.0,o6du11010,1100.0,STIS/CCD,GALAXY;QUASAR,9051,3,*Quasar*
SDSSJ101000.68+300321.5,152.5028640384,30.05599170156,2900.0,5700.0,of9m05040,398.0,STIS/CCD,GALAXY;QSO;QUASAR,17511,3,*Quasar*
2XMM-J095652.4+411522,149.2182983333,41.25615833333,5450.0,10140.0,odl711010,1512.0,STIS/CCD,GALAXY;NLR;QSO;QUASAR,15281,3,*Quasar*
J1327+1036,201.9666285521,10.60745357131,5240.0,10270.0,oes510020,920.0,STIS/CCD,GALAXY;QSO;QUASAR,16887,3,*Quasar*
SDSSJ1059+0622,164.860125,6.374297222222,2900.0,5700.0,of3911010,902.0,STIS/CCD,GALAXY;QUASAR,17287,3,*Quasar*
J2218-3322.SLITPOS2,334.7077466667,-33.37895,5240.0,10270.0,oes508010,1022.0,STIS/CCD,GALAXY;QSO;QUASAR,16887,3,*Quasar*
PKS1739+18,265.529,18.455875,2900.0,5700.0,o65305010,2258.0,STIS/CCD,GALAXY;QUASAR,8684,3,*Quasar*
3C287,202.6577841681,25.15310486815,1680.0,3060.0,o6ji07030,1433.0,STIS/CCD,GALAXY;QUASAR,9280,3,*Quasar*
2MASSI-J1051514-005117,162.964335,-0.854925,5450.0,10140.0,odl713040,308.0,STIS/CCD,GALAXY;NLR;QSO;QUASAR,15281,3,*Quasar*
J0246+6922,41.61869468622,69.37592960543,5240.0,10270.0,oeb502020,1175.0,STIS/CCD,GALAXY;QSO;QUASAR,16210,3,*Quasar*
2MASSI-J1051514-005117,162.9644044509,-0.8549245761524,5450.0,10140.0,odl713020,1413.0,STIS/CCD,GALAXY;NLR;QSO;QUASAR,15281,3,*Quasar*
MRK-1014,29.95939330244,0.3946527970449,5450.0,10140.0,odl758020,1487.0,STIS/CCD,GALAXY;NLR;QSO;QUASAR,15281,3,*Quasar*
PG1322+659,200.9563271509,65.69671106877,2900.0,5700.0,of9m09010,180.0,STIS/CCD,GALAXY;QSO;QUASAR,17511,3,*Quasar*
3C9.0,5.105333333333,15.68156111111,2900.0,5700.0,o66g01010,2312.0,STIS/CCD,GALAXY;QUASAR;;EXT-MEDIUM;ABSORPTION LINE SYSTEM - EXTRAGALACTIC,8569,3,*Quasar*
SDSSJ1625+4309,246.25825,43.15877777778,2900.0,5700.0,of3907010,1060.0,STIS/CCD,GALAXY;QUASAR,17287,3,*Quasar*
SDSSJ0732+3533,113.214991779,35.55452213628,2900.0,5700.0,of3902020,906.0,STIS/CCD,GALAXY;QUASAR,17287,3,*Quasar*
J1648+4155,252.07525,41.93058333333,5240.0,10270.0,oes502010,1050.0,STIS/CCD,GALAXY;QSO;QUASAR,16887,3,*Quasar*
2XMM-J095652.4+411522,149.2182983333,41.25615833333,5450.0,10140.0,odl711040,358.0,STIS/CCD,GALAXY;NLR;QSO;QUASAR,15281,3,*Quasar*
2MASX-J14054117+4026326,211.4215947267,40.44248988571,3020.0,5610.0,ocmg19030,726.0,STIS/CCD,GALAXY;NLR;QUASAR,13728,3,*Quasar*
2E-217,13.717251859,25.4275427648,5450.0,10140.0,odl709020,1455.0,STIS/CCD,GALAXY;NLR;QSO;QUASAR,15281,3,*Quasar*
Q0827+243,127.7170260996,24.1831754592,1640.0,3190.0,o6mq08020,2573.0,STIS/CCD,GALAXY;QUASAR,9441,3,*Quasar*
3C48-A,24.42231854112,33.15963055515,2900.0,5700.0,o6lh01010,2393.0,STIS/CCD,GALAXY;QUASAR,9365,3,*Quasar*
J1649+0812,252.4220926399,8.209527625012,5240.0,10270.0,oes503020,990.0,STIS/CCD,GALAXY;QSO;QUASAR,16887,3,*Quasar*
J1937-1821,294.3284177562,-18.35864186901,5240.0,10270.0,oes505020,1010.0,STIS/CCD,GALAXY;QSO;QUASAR,16887,3,*Quasar*
2MASX-J07594101+5050245,119.9205385333,50.83999854161,3020.0,5610.0,ocmg13020,756.0,STIS/CCD,GALAXY;NLR;QUASAR,13728,3,*Quasar*
UM425,170.83625,1.629833333333,1680.0,3060.0,o4p8010i0,2440.0,STIS/CCD,GALAXY;QUASAR;;GALAXY;GRAVITATIONAL LENS,7558,3,*Quasar*
SDSSJ080101.41+184840.7,120.255902198,18.81137106595,2900.0,5700.0,of9m03020,378.0,STIS/CCD,GALAXY;QSO;QUASAR,17511,3,*Quasar*
QSO-0800+5010,120.1507093616,50.17919936652,1680.0,3060.0,o6du08020,1320.0,STIS/CCD,GALAXY;QUASAR,9051,3,*Quasar*
2MASX-J14054117+4026326,211.4216573634,40.44243938732,3020.0,5610.0,ocmg19020,725.0,STIS/CCD,GALAXY;NLR;QUASAR,13728,3,*Quasar*
2MASX-J14054117+4026326,211.42172,40.44238888889,3020.0,5610.0,ocmg19010,726.0,STIS/CCD,GALAXY;NLR;QUASAR,13728,3,*Quasar*
J0748+3146,117.0022411138,31.78027443351,5240.0,10270.0,oeb512020,992.0,STIS/CCD,GALAXY;QSO;QUASAR,16210,3,*Quasar*
J0753+4247,118.4607375,42.79553055556,5240.0,10270.0,oeb541010,917.0,STIS/CCD,GALAXY;QSO;QUASAR,16210,3,*Quasar*
W2M-J1220+1126,185.070375,11.44108055556,5240.0,10270.0,oemp01010,2126.2,STIS/CCD,GALAXY;INTERACTING GALAXY;MULTIPLE NUCLEI;QSO;QUASAR;RADIO GALAXY,16794,3,*Quasar*
UM425,170.83625,1.629833333333,1680.0,3060.0,o4p8010h0,2440.0,STIS/CCD,GALAXY;QUASAR;;GALAXY;GRAVITATIONAL LENS,7558,3,*Quasar*
2XMM-J130946.9+081948,197.445825,8.330066666667,5450.0,10140.0,odl759040,359.0,STIS/CCD,GALAXY;NLR;QSO;QUASAR,15281,3,*Quasar*
2MASX-J07594101+5050245,119.9204312333,50.84001374979,3020.0,5610.0,ocmg13030,758.0,STIS/CCD,GALAXY;NLR;QUASAR,13728,3,*Quasar*
SDSSJ100402.61+285535.3,151.0108758274,28.92648049031,2900.0,5700.0,of9m01010,100.0,STIS/CCD,GALAXY;QSO;QUASAR,17511,3,*Quasar*
SDSSJ1002+4449,150.6223321228,44.82864393216,2900.0,5700.0,of3y02020,1060.0,STIS/CCD,GALAXY;QUASAR,17304,3,*Quasar*
0957+561B,150.3370416667,55.897,2900.0,5700.0,o5f303010,900.0,STIS/CCD,GALAXY;QUASAR;;EXT-MEDIUM;ABSORPTION LINE SYSTEM - EXTRAGALACTIC;DAMPED LYMAN ALPHA CLOUD,8336,3,*Quasar*
Q1044+056,161.8882916667,5.415133333333,1640.0,3190.0,o8sb02010,2075.0,STIS/CCD,GALAXY;QUASAR,9877,3,*Quasar*
J1852+4833,283.1087708333,48.55417222222,5240.0,10270.0,oeb511010,1075.0,STIS/CCD,GALAXY;QSO;QUASAR,16210,3,*Quasar*
2XMM-J130946.9+081948,197.4457038668,8.329996489373,5450.0,10140.0,odl759030,1434.0,STIS/CCD,GALAXY;NLR;QSO;QUASAR,15281,3,*Quasar*
3C277.1,193.1094166667,56.57261111111,2900.0,5700.0,o5en03030,2800.0,STIS/CCD,GALAXY;QUASAR,8104,3,*Quasar*
SDSSJ0732+3533,113.214875,35.55426111111,2900.0,5700.0,of3902010,906.0,STIS/CCD,GALAXY;QUASAR,17287,3,*Quasar*
3C287,202.6572148167,25.15289741529,1680.0,3060.0,o6ji06040,1424.0,STIS/CCD,GALAXY;QUASAR,9280,3,*Quasar*
SDSSJ1002+4449,150.6227083333,44.82856666667,2900.0,5700.0,of3y02010,1060.0,STIS/CCD,GALAXY;QUASAR,17304,3,*Quasar*
QSO-1413+4212,213.3935416667,42.20032777778,1680.0,3060.0,o6du18010,1100.0,STIS/CCD,GALAXY;QUASAR,9051,3,*Quasar*
2MASSI-J1051514-005117,162.9644739018,-0.8549241523036,5450.0,10140.0,odl713030,1400.0,STIS/CCD,GALAXY;NLR;QSO;QUASAR,15281,3,*Quasar*
Q0827+243,127.717140567,24.18321342966,1640.0,3190.0,o6mq08010,2259.0,STIS/CCD,GALAXY;QUASAR,9441,3,*Quasar*
QSO-0748+3006,117.0391666667,30.108325,1680.0,3060.0,o6du07010,2266.0,STIS/CCD,GALAXY;QUASAR,9051,3,*Quasar*
PG1519+226,230.3094039539,22.46217496015,2900.0,5700.0,of9m15010,206.0,STIS/CCD,GALAXY;QSO;QUASAR,17511,3,*Quasar*
MRK-1014,29.95939166667,0.3947222222222,5450.0,10140.0,odl758010,1487.0,STIS/CCD,GALAXY;NLR;QSO;QUASAR,15281,3,*Quasar*
3C277.1,193.1094166667,56.57261111111,5240.0,10270.0,o5en03010,2340.0,STIS/CCD,GALAXY;QUASAR,8104,3,*Quasar*
SDSSJ0812+2007,123.193375,20.12505,2900.0,5700.0,of3904010,904.0,STIS/CCD,GALAXY;QUASAR,17287,3,*Quasar*
Q0827+243,127.7171970857,24.18323416304,1640.0,3190.0,o6mq07010,2259.0,STIS/CCD,GALAXY;QUASAR,9441,3,*Quasar*
MRK-477,220.158684403,53.50445059193,3020.0,5610.0,ocmg12020,742.0,STIS/CCD,GALAXY;NLR;QUASAR,13728,3,*Quasar*
MRK-477,220.1586271394,53.50439007272,3020.0,5610.0,ocmg12030,740.0,STIS/CCD,GALAXY;NLR;QUASAR,13728,3,*Quasar*
3C287,202.6577851838,25.15310258417,1680.0,3060.0,o6ji06030,1433.0,STIS/CCD,GALAXY;QUASAR,9280,3,*Quasar*
J0748+3146,117.0022916667,31.78,5240.0,10270.0,oeb512010,992.0,STIS/CCD,GALAXY;QSO;QUASAR,16210,3,*Quasar*
PG1322+659,200.9562279768,65.69670269601,2900.0,5700.0,of9m09020,180.0,STIS/CCD,GALAXY;QSO;QUASAR,17511,3,*Quasar*
PG1519+226,230.3094452435,22.46219169798,2900.0,5700.0,of9m15020,206.0,STIS/CCD,GALAXY;QSO;QUASAR,17511,3,*Quasar*
0957+561B,150.3370416667,55.897,5240.0,10270.0,o5f303020,660.0,STIS/CCD,GALAXY;QUASAR;;EXT-MEDIUM;ABSORPTION LINE SYSTEM - EXTRAGALACTIC;DAMPED LYMAN ALPHA CLOUD,8336,3,*Quasar*
SDSSJ074352.02+271239.5,115.9667401062,27.21094890925,2900.0,5700.0,of9m04020,90.0,STIS/CCD,GALAXY;QSO;QUASAR,17511,3,*Quasar*
MRK-1014,29.95939493821,0.3945833718676,5450.0,10140.0,odl758030,1487.0,STIS/CCD,GALAXY;NLR;QSO;QUASAR,15281,3,*Quasar*
2MASSI-J1051514-005117,162.964335,-0.854925,5450.0,10140.0,odl713010,1400.0,STIS/CCD,GALAXY;NLR;QSO;QUASAR,15281,3,*Quasar*
2E-217,13.7172916347,25.42760219627,5450.0,10140.0,odl709030,1447.0,STIS/CCD,GALAXY;NLR;QSO;QUASAR,15281,3,*Quasar*
MRK-477,220.1587416667,53.50451111111,3020.0,5610.0,ocmg12010,742.0,STIS/CCD,GALAXY;NLR;QUASAR,13728,3,*Quasar*
2E-217,13.71721208333,25.42748333333,5450.0,10140.0,odl709010,1463.0,STIS/CCD,GALAXY;NLR;QSO;QUASAR,15281,3,*Quasar*
J1852+4833,283.1088480329,48.55444525953,5240.0,10270.0,oeb511020,1075.0,STIS/CCD,GALAXY;QSO;QUASAR,16210,3,*Quasar*
2MASX-J07594101+5050245,119.9206458333,50.83998333333,3020.0,5610.0,ocmg13010,756.0,STIS/CCD,GALAXY;NLR;QUASAR,13728,3,*Quasar*
2XMM-J095652.4+411522,149.2181146472,41.25617321331,5450.0,10140.0,odl711030,1496.0,STIS/CCD,GALAXY;NLR;QSO;QUASAR,15281,3,*Quasar*
J1327+1036,201.9668879167,10.60756388889,5240.0,10270.0,oes510010,920.0,STIS/CCD,GALAXY;QSO;QUASAR,16887,3,*Quasar*
J1711-1611,257.9165416667,-16.19658333333,5240.0,10270.0,oes504010,960.0,STIS/CCD,GALAXY;QSO;QUASAR,16887,3,*Quasar*
J1755+4229,268.9299991563,42.49034115177,5240.0,10270.0,oeb560020,1051.0,STIS/CCD,GALAXY;QSO;QUASAR,16210,3,*Quasar*
SDSSJ100402.61+285535.3,151.0109129726,28.92650655071,2900.0,5700.0,of9m01020,100.0,STIS/CCD,GALAXY;QSO;QUASAR,17511,3,*Quasar*
SDSSJ0956+6900,149.152564654,69.00793252455,2900.0,5700.0,of3y01020,1022.0,STIS/CCD,GALAXY;QUASAR,17304,3,*Quasar*
3C309.1,224.7819322978,71.67233318694,1640.0,3190.0,o6ji03020,3024.0,STIS/CCD,GALAXY;QUASAR,9280,3,*Quasar*
MRK-1014,29.95939166667,0.3947222222222,5450.0,10140.0,odl758040,414.0,STIS/CCD,GALAXY;NLR;QSO;QUASAR,15281,3,*Quasar*
J0348-4015,57.11941666667,-40.25361111111,5240.0,10270.0,oes501010,1050.0,STIS/CCD,GALAXY;QSO;QUASAR,16887,3,*Quasar*
J0823+2418,125.921125,24.3015,5240.0,10270.0,oeb505010,897.0,STIS/CCD,GALAXY;QSO;QUASAR,16210,3,*Quasar*
3C309.1,224.7811354139,71.67200029168,1640.0,3190.0,o6ji03030,1585.0,STIS/CCD,GALAXY;QUASAR,9280,3,*Quasar*
3C286,202.7846892025,30.50927140739,1640.0,3190.0,o6ji05010,2212.0,STIS/CCD,GALAXY;QUASAR,9280,3,*Quasar*
PG1100+772,166.0568963073,76.98279609162,2900.0,5700.0,of9m18040,218.0,STIS/CCD,GALAXY;QSO;QUASAR,17511,3,*Quasar*
J0348-4015,57.11945913288,-40.25333523054,5240.0,10270.0,oes501020,1050.0,STIS/CCD,GALAXY;QSO;QUASAR,16887,3,*Quasar*
UM425,170.83625,1.629833333333,1680.0,3060.0,o4p8010k0,2440.0,STIS/CCD,GALAXY;QUASAR;;GALAXY;GRAVITATIONAL LENS,7558,3,*Quasar*
2XMM-J130946.9+081948,197.4457644334,8.330031578025,5450.0,10140.0,odl759020,1412.0,STIS/CCD,GALAXY;NLR;QSO;QUASAR,15281,3,*Quasar*
3C287,202.6573574083,25.15294870771,1680.0,3060.0,o6ji06020,2916.0,STIS/CCD,GALAXY;QUASAR,9280,3,*Quasar*
3C287,202.6576425918,25.15305129215,1680.0,3060.0,o6ji06010,2228.0,STIS/CCD,GALAXY;QUASAR,9280,3,*Quasar*
0957+561A,150.3364166667,55.89863888889,2900.0,5700.0,o5f301010,900.0,STIS/CCD,GALAXY;QUASAR;;EXT-MEDIUM;ABSORPTION LINE SYSTEM - EXTRAGALACTIC;DAMPED LYMAN ALPHA CLOUD,8336,3,*Quasar*
2DFGRS-TGN357Z241,153.7287470725,0.5602921238766,5450.0,10140.0,odl712030,1400.0,STIS/CCD,GALAXY;NLR;QSO;QUASAR,15281,3,*Quasar*
2XMM-J130946.9+081948,197.445825,8.330066666667,5450.0,10140.0,odl759010,1421.0,STIS/CCD,GALAXY;NLR;QSO;QUASAR,15281,3,*Quasar*
QSO-0955+3335,148.9090805836,33.58449394811,3020.0,5610.0,o6du11020,1261.0,STIS/CCD,GALAXY;QUASAR,9051,3,*Quasar*
J2048+6258,312.2,62.98286111111,5240.0,10270.0,oeb513010,2330.0,STIS/CCD,GALAXY;QSO;QUASAR,16210,3,*Quasar*
SRGAJ175701+590751,269.2511058333,59.13340277778,1680.0,3060.0,ofir02fiq,0.6,STIS/CCD,GALAXY;QUASAR;ULTRALUMINOUS IR GAL,17874,1,*Quasar*
SDSSJ100402.61+285535.3,151.0108758268,28.9264804837,2900.0,5700.0,of9m51010,100.0,STIS/CCD,GALAXY;QSO;QUASAR,17511,3,*Quasar*
SDSSJ100402.61+285535.3,151.0109201182,28.92649575905,2900.0,5700.0,of9m51020,100.0,STIS/CCD,GALAXY;QSO;QUASAR,17511,3,*Quasar*
PG1048+342,162.9328815133,33.99074453695,2900.0,5700.0,of9m66010,1.504632,STIS/CCD,GALAXY;QSO;QUASAR,17511,3,*Quasar*
PG1048+342,162.9329275882,33.99076117175,2900.0,5700.0,of9m66020,1.536632,STIS/CCD,GALAXY;QSO;QUASAR,17511,3,*Quasar*
PG1048+342,162.9329736632,33.99077780654,2900.0,5700.0,of9m66030,1.536632,STIS/CCD,GALAXY;QSO;QUASAR,17511,3,*Quasar*
QSO-B1115+080A,169.5706379167,7.766155555556,2900.0,5700.0,ofon02010,1986.0,STIS/CCD,GALAXY;GRAVITATIONAL LENS;QSO;QUASAR,18083,3,*Quasar*
QSO-B1115+080A,169.5706379167,7.766155555556,5240.0,10270.0,ofon02020,2455.0,STIS/CCD,GALAXY;GRAVITATIONAL LENS;QSO;QUASAR,18083,3,*Quasar*
HB89-1416+159,214.7115435378,15.68528981382,2900.0,5700.0,ofoh02030,645.0,STIS/CCD,GALAXY;QUASAR,18036,3,*Quasar*
HB89-1416+159,214.7113382218,15.68509465511,2900.0,5700.0,ofoh02010,645.0,STIS/CCD,GALAXY;QUASAR,18036,3,*Quasar*
HB89-1416+159,214.7114408797,15.68519223449,2900.0,5700.0,ofoh02020,645.0,STIS/CCD,GALAXY;QUASAR,18036,3,*Quasar*
PG1415+451,214.253426341,44.93509484635,2900.0,5700.0,of9m63010,1.536631,STIS/CCD,GALAXY;QSO;QUASAR,17511,3,*Quasar*
PG1415+451,214.2534573635,44.93513025571,2900.0,5700.0,of9m63020,1.536631,STIS/CCD,GALAXY;QSO;QUASAR,17511,3,*Quasar*
SDSSJ075051.72+245409.3,117.7154999749,24.90259696846,2900.0,5700.0,of9m52010,300.0,STIS/CCD,GALAXY;QSO;QUASAR,17511,3,*Quasar*
SDSSJ075051.72+245409.3,117.7155376468,24.90262081306,2900.0,5700.0,of9m52020,300.0,STIS/CCD,GALAXY;QSO;QUASAR,17511,3,*Quasar*
PG0804+761,122.7437916667,76.04511111111,1140.0,1740.0,o4ec06010,4866.0,STIS/FUV-MAMA,GALAXY;QUASAR,7345,3,*Quasar*
PG0804+761,122.7437916667,76.04511111111,1140.0,1740.0,o4ec06020,4166.0,STIS/FUV-MAMA,GALAXY;QUASAR,7345,3,*Quasar*
PKS1448-232,222.760375,-23.49194444444,1150.0,1730.0,o4nx0h010,360.0,STIS/FUV-MAMA,GALAXY;QUASAR,7298,3,*Quasar*
S5-0836+71,130.351125,70.895,1150.0,1730.0,o4nx04010,360.0,STIS/FUV-MAMA,GALAXY;QUASAR,7298,3,*Quasar*
PKS0858-279,135.16675,-28.14,1150.0,1730.0,o4nx05010,360.0,STIS/FUV-MAMA,GALAXY;QUASAR,7298,3,*Quasar*
PKS0329-255,52.7873532789,-25.41201222315,1150.0,1730.0,o4nx02010,360.0,STIS/FUV-MAMA,GALAXY;QUASAR,7298,3,*Quasar*
Q1246-057,192.3076666667,-5.988683333333,1150.0,1730.0,o4n306010,2072.0,STIS/FUV-MAMA,GALAXY;QUASAR,7295,3,*Quasar*
PG0804+761,122.7440416667,76.04517222222,1140.0,1740.0,o4n301010,2448.0,STIS/FUV-MAMA,GALAXY;QUASAR,7295,3,*Quasar*
PG0953+415,149.2183333333,41.25611111111,1123.0,1710.0,o4x001020,11520.0,STIS/FUV-MAMA,GALAXY;QSO;QUASAR,7747,3,*Quasar*
3C288-1,205.5552083333,60.36191666667,1150.0,1730.0,o53h01010,2350.0,STIS/FUV-MAMA,GALAXY;QUASAR,7356,3,*Quasar*
3C288-1,205.5552083333,60.36191666667,1150.0,1730.0,o53h01040,3107.0,STIS/FUV-MAMA,GALAXY;QUASAR,7356,3,*Quasar*
3C351,256.1732083333,60.74125,1123.0,1710.0,o57901010,2385.0,STIS/FUV-MAMA,GALAXY;QUASAR;;EXT-MEDIUM;ABSORPTION LINE SYSTEM - EXTRAGALACTIC,8015,3,*Quasar*
3C351,256.1732083333,60.74125,1123.0,1710.0,o57901080,2500.0,STIS/FUV-MAMA,GALAXY;QUASAR;;EXT-MEDIUM;ABSORPTION LINE SYSTEM - EXTRAGALACTIC,8015,3,*Quasar*
3C351,256.1732083333,60.74125,1123.0,1710.0,o57902070,1314.208,STIS/FUV-MAMA,GALAXY;QUASAR;;EXT-MEDIUM;ABSORPTION LINE SYSTEM - EXTRAGALACTIC,8015,3,*Quasar*
3C351,256.1732083333,60.74125,1123.0,1710.0,o57904040,2500.0,STIS/FUV-MAMA,GALAXY;QUASAR;;EXT-MEDIUM;ABSORPTION LINE SYSTEM - EXTRAGALACTIC,8015,3,*Quasar*
3C351,256.1732083333,60.74125,1123.0,1710.0,o57904090,2230.0,STIS/FUV-MAMA,GALAXY;QUASAR;;EXT-MEDIUM;ABSORPTION LINE SYSTEM - EXTRAGALACTIC,8015,3,*Quasar*
3C351,256.1732083333,60.74125,1123.0,1710.0,o57902060,2500.0,STIS/FUV-MAMA,GALAXY;QUASAR;;EXT-MEDIUM;ABSORPTION LINE SYSTEM - EXTRAGALACTIC,8015,3,*Quasar*
PKS1302-102,196.3874166667,-10.55568333333,1123.0,1710.0,o5bu01010,0.0,STIS/FUV-MAMA,GALAXY;QUASAR,8306,3,*Quasar*
3C273,187.2777083333,2.052277777778,1150.0,1730.0,o5g045jzq,600.0,STIS/FUV-MAMA,GALAXY;QUASAR,8144,2,*Quasar*
SBS1127+575,172.5144866918,57.30819904907,1140.0,1740.0,o5ew04050,3900.0,STIS/FUV-MAMA,GALAXY;QUASAR;LYMAN ALPHA CLOUD;HALO,8316,3,*Quasar*
SBS1127+575,172.5144796022,57.30820484236,1140.0,1740.0,o5ew04040,3900.0,STIS/FUV-MAMA,GALAXY;QUASAR;LYMAN ALPHA CLOUD;HALO,8316,3,*Quasar*
SBS1127+575,172.5144583333,57.30822222222,1140.0,1740.0,o5ew04010,3900.0,STIS/FUV-MAMA,GALAXY;QUASAR;LYMAN ALPHA CLOUD;HALO,8316,3,*Quasar*
SBS1127+575,172.5144654229,57.30821642893,1140.0,1740.0,o5ew04020,3900.0,STIS/FUV-MAMA,GALAXY;QUASAR;LYMAN ALPHA CLOUD;HALO,8316,3,*Quasar*
SBS1127+575,172.5144725125,57.30821063564,1140.0,1740.0,o5ew04030,3900.0,STIS/FUV-MAMA,GALAXY;QUASAR;LYMAN ALPHA CLOUD;HALO,8316,3,*Quasar*
4C+34.47,260.8365416667,34.29941666667,1150.0,1730.0,o5g077y2q,600.0,STIS/FUV-MAMA,GALAXY;QUASAR,8144,2,*Quasar*
PG1211+143,183.5735833333,14.05333888889,1123.0,1710.0,o61y03010,2418.0,STIS/FUV-MAMA,GALAXY;QUASAR;LYMAN ALPHA CLOUD,8571,3,*Quasar*
PG1211+143,183.5735833333,14.05333888889,1123.0,1710.0,o61y02020,5798.0,STIS/FUV-MAMA,GALAXY;QUASAR;LYMAN ALPHA CLOUD,8571,3,*Quasar*
PG1211+143,183.5735833333,14.05333888889,1123.0,1710.0,o61y07010,2418.0,STIS/FUV-MAMA,GALAXY;QUASAR;LYMAN ALPHA CLOUD,8571,3,*Quasar*
PG1211+143,183.5735833333,14.05333888889,1123.0,1710.0,o61y05020,5798.0,STIS/FUV-MAMA,GALAXY;QUASAR;LYMAN ALPHA CLOUD,8571,3,*Quasar*
PG1211+143,183.5735833333,14.05333888889,1123.0,1710.0,o61y06020,5798.0,STIS/FUV-MAMA,GALAXY;QUASAR;LYMAN ALPHA CLOUD,8571,3,*Quasar*
PG1211+143,183.5735833333,14.05333888889,1123.0,1710.0,o61y08020,4610.648,STIS/FUV-MAMA,GALAXY;QUASAR;LYMAN ALPHA CLOUD,8571,3,*Quasar*
PG1211+143,183.5735833333,14.05333888889,1123.0,1710.0,o61y07020,5798.0,STIS/FUV-MAMA,GALAXY;QUASAR;LYMAN ALPHA CLOUD,8571,3,*Quasar*
LB8956,134.3617083333,18.92338888889,1150.0,1730.0,o66g14010,2352.0,STIS/FUV-MAMA,GALAXY;QUASAR;;EXT-MEDIUM;ABSORPTION LINE SYSTEM - EXTRAGALACTIC,8569,3,*Quasar*
3C249.1,166.057375,76.98282777778,1123.0,1710.0,o6e124020,3280.0,STIS/FUV-MAMA,GALAXY;QUASAR;;EXT-MEDIUM;ABSORPTION LINE SYSTEM,9184,3,*Quasar*
HE0348-5353,57.36875,-53.74657777778,1150.0,1730.0,o8p803010,498.0,STIS/FUV-MAMA,GALAXY;QSO;QUASAR,9858,3,*Quasar*
HE0348-5353,57.36875,-53.74657777778,1150.0,1730.0,o8p803020,500.0,STIS/FUV-MAMA,GALAXY;QSO;QUASAR,9858,3,*Quasar*
HE0348-5353,57.36875,-53.74657777778,1140.0,1740.0,o8p803030,850.0,STIS/FUV-MAMA,GALAXY;QSO;QUASAR,9858,3,*Quasar*
HE0348-5353,57.36875,-53.74657777778,1140.0,1740.0,o8p803040,1000.0,STIS/FUV-MAMA,GALAXY;QSO;QUASAR,9858,3,*Quasar*
HE0348-5353,57.36875,-53.74657777778,1140.0,1740.0,o8p803050,914.0,STIS/FUV-MAMA,GALAXY;QSO;QUASAR,9858,3,*Quasar*
HE0348-5353,57.36875,-53.74657777778,1150.0,1730.0,o8p803060,500.0,STIS/FUV-MAMA,GALAXY;QSO;QUASAR,9858,3,*Quasar*
HE0348-5353,57.36875,-53.74657777778,1140.0,1740.0,o8p803070,950.0,STIS/FUV-MAMA,GALAXY;QSO;QUASAR,9858,3,*Quasar*
HE0348-5353,57.36875,-53.74657777778,1140.0,1740.0,o8p803090,910.0,STIS/FUV-MAMA,GALAXY;QSO;QUASAR,9858,3,*Quasar*
HE0348-5353,57.36875,-53.74657777778,1140.0,1740.0,o8p803080,950.0,STIS/FUV-MAMA,GALAXY;QSO;QUASAR,9858,3,*Quasar*
ASASSN18JD,340.92865,-16.98569722222,1150.0,1730.0,odlw04040,498.0,STIS/FUV-MAMA,GALAXY;ACCRETION DISK;QUASAR,15312,3,*Quasar*
ASASSN18JD,340.9287050173,-16.98560478792,1150.0,1730.0,odlw04050,1212.0,STIS/FUV-MAMA,GALAXY;ACCRETION DISK;QUASAR,15312,3,*Quasar*
ASASSN18JD,340.9287600346,-16.98551235361,1150.0,1730.0,odlw04060,1212.0,STIS/FUV-MAMA,GALAXY;ACCRETION DISK;QUASAR,15312,3,*Quasar*
J1206+4322B-OFFSET,181.6238143212,43.53915850411,1150.0,1730.0,oex015040,0.0,STIS/FUV-MAMA,GALAXY;GRAVITATIONAL LENS;QSO;QUASAR,17146,3,*Quasar*
J1206+4322B-OFFSET,181.6237095628,43.53912418803,1150.0,1730.0,oex015030,0.0,STIS/FUV-MAMA,GALAXY;GRAVITATIONAL LENS;QSO;QUASAR,17146,3,*Quasar*
J1206+4322B-OFFSET,181.6236048045,43.53908987184,1150.0,1730.0,oex015020,0.0,STIS/FUV-MAMA,GALAXY;GRAVITATIONAL LENS;QSO;QUASAR,17146,3,*Quasar*
J1206+4322B-OFFSET,181.6235000463,43.53905555556,1150.0,1730.0,oex015010,0.0,STIS/FUV-MAMA,GALAXY;GRAVITATIONAL LENS;QSO;QUASAR,17146,3,*Quasar*
J0246-0825AB,41.64219415888,-8.426797583714,1150.0,1730.0,oex010020,957.0,STIS/FUV-MAMA,GALAXY;GRAVITATIONAL LENS;QSO;QUASAR,17146,3,*Quasar*
J0246-0825AB,41.642125,-8.42675,1150.0,1730.0,oex010010,957.0,STIS/FUV-MAMA,GALAXY;GRAVITATIONAL LENS;QSO;QUASAR,17146,3,*Quasar*
J0246-0825AB,41.64240163563,-8.426940334783,1150.0,1730.0,oex010050,0.0,STIS/FUV-MAMA,GALAXY;GRAVITATIONAL LENS;QSO;QUASAR,17146,3,*Quasar*
J0246-0825AB,41.64226331778,-8.426845167416,1150.0,1730.0,oex010030,1186.0,STIS/FUV-MAMA,GALAXY;GRAVITATIONAL LENS;QSO;QUASAR,17146,3,*Quasar*
J0246-0825AB,41.6423324767,-8.426892751105,1150.0,1730.0,oex010040,1186.0,STIS/FUV-MAMA,GALAXY;GRAVITATIONAL LENS;QSO;QUASAR,17146,3,*Quasar*
J0246-0825AB,41.64247079458,-8.426987918448,1150.0,1730.0,oex010060,0.0,STIS/FUV-MAMA,GALAXY;GRAVITATIONAL LENS;QSO;QUASAR,17146,3,*Quasar*
J0246-0825AB,41.64226331778,-8.426845167416,1150.0,1730.0,oex011030,0.0,STIS/FUV-MAMA,GALAXY;GRAVITATIONAL LENS;QSO;QUASAR,17146,3,*Quasar*
J0246-0825AB,41.64219415888,-8.426797583714,1150.0,1730.0,oex011020,0.0,STIS/FUV-MAMA,GALAXY;GRAVITATIONAL LENS;QSO;QUASAR,17146,3,*Quasar*
J0246-0825AB,41.64247079458,-8.426987918448,1150.0,1730.0,oex011060,0.0,STIS/FUV-MAMA,GALAXY;GRAVITATIONAL LENS;QSO;QUASAR,17146,3,*Quasar*
J0246-0825AB,41.642125,-8.42675,1150.0,1730.0,oex011010,0.0,STIS/FUV-MAMA,GALAXY;GRAVITATIONAL LENS;QSO;QUASAR,17146,3,*Quasar*
J0246-0825AB,41.64240163563,-8.426940334783,1150.0,1730.0,oex011050,0.0,STIS/FUV-MAMA,GALAXY;GRAVITATIONAL LENS;QSO;QUASAR,17146,3,*Quasar*
J0246-0825AB,41.6423324767,-8.426892751105,1150.0,1730.0,oex011040,0.0,STIS/FUV-MAMA,GALAXY;GRAVITATIONAL LENS;QSO;QUASAR,17146,3,*Quasar*
J0246-0825AB,41.642125,-8.42675,1150.0,1730.0,oex012050,0.0,STIS/FUV-MAMA,GALAXY;GRAVITATIONAL LENS;QSO;QUASAR,17146,3,*Quasar*
J0246-0825AB,41.64219415888,-8.426797583714,1150.0,1730.0,oex012060,0.0,STIS/FUV-MAMA,GALAXY;GRAVITATIONAL LENS;QSO;QUASAR,17146,3,*Quasar*
PG1211+143,183.5736653446,14.05365351494,1150.0,1730.0,of9m14040,0.0,STIS/FUV-MAMA,GALAXY;QSO;QUASAR,17511,3,*Quasar*
PG1211+143,183.573705589,14.05366807529,1150.0,1730.0,of9m14050,0.0,STIS/FUV-MAMA,GALAXY;QSO;QUASAR,17511,3,*Quasar*
PG1211+143,183.5736251002,14.05363895458,1150.0,1730.0,of9m14030,0.0,STIS/FUV-MAMA,GALAXY;QSO;QUASAR,17511,3,*Quasar*
PG1351+640,208.3157916667,63.76252777778,1140.0,1740.0,o4ec54020,6250.0,STIS/FUV-MAMA,GALAXY;QUASAR,7345,3,*Quasar*
J0113+0106-JET,18.4213325,1.102366666667,1150.0,1730.0,oen902020,2620.169625,STIS/FUV-MAMA,GALAXY;QUASAR;RADIO GALAXY;WIND,16728,3,*Quasar*
J1206+4322B-OFFSET,181.6235000463,43.53905555556,1150.0,1730.0,oex020010,989.0,STIS/FUV-MAMA,GALAXY;GRAVITATIONAL LENS;QSO;QUASAR,17146,3,*Quasar*
J1206+4322B-OFFSET,181.6237095628,43.53912418803,1150.0,1730.0,oex020030,1187.0,STIS/FUV-MAMA,GALAXY;GRAVITATIONAL LENS;QSO;QUASAR,17146,3,*Quasar*
J0246-0825AB,41.6423324767,-8.426892751105,1150.0,1730.0,oex019040,1178.0,STIS/FUV-MAMA,GALAXY;GRAVITATIONAL LENS;QSO;QUASAR,17146,3,*Quasar*
ASASSN18JD,340.9287008464,-16.9856026285,1150.0,1730.0,odlw03050,820.0,STIS/FUV-MAMA,GALAXY;ACCRETION DISK;QUASAR,15312,3,*Quasar*
PHL1811,328.756375,-9.373444444444,1123.0,1710.0,o8d902030,2899.0,STIS/FUV-MAMA,GALAXY;QUASAR,9418,3,*Quasar*
HE1029-140,157.9761583333,-14.28122222222,1140.0,1740.0,o4ec05030,489.0,STIS/FUV-MAMA,GALAXY;QUASAR,7345,3,*Quasar*
MRK926,346.1810416667,-8.685675,1140.0,1740.0,o4ec12020,1563.0,STIS/FUV-MAMA,GALAXY;QUASAR,7345,3,*Quasar*
PKS0405-123,61.95175,-12.19333333333,1123.0,1710.0,o55s01010,2008.0,STIS/FUV-MAMA,GALAXY;QUASAR;;EXT-MEDIUM;ABSORPTION LINE SYSTEM - EXTRAGALACTIC;IGM,7576,3,*Quasar*
3C351,256.1732083333,60.74125,1123.0,1710.0,o57902010,2385.0,STIS/FUV-MAMA,GALAXY;QUASAR;;EXT-MEDIUM;ABSORPTION LINE SYSTEM - EXTRAGALACTIC,8015,3,*Quasar*
3C351,256.1732083333,60.74125,1123.0,1710.0,o57903040,2500.0,STIS/FUV-MAMA,GALAXY;QUASAR;;EXT-MEDIUM;ABSORPTION LINE SYSTEM - EXTRAGALACTIC,8015,3,*Quasar*
PG1440+356,220.5311314234,35.43970551632,1150.0,1730.0,of9m11020,693.0,STIS/FUV-MAMA,GALAXY;QSO;QUASAR,17511,3,*Quasar*
J0158-4325AB,29.67284210876,-43.41755718054,1150.0,1730.0,oex002030,1286.0,STIS/FUV-MAMA,GALAXY;GRAVITATIONAL LENS;QSO;QUASAR,17146,3,*Quasar*
J1355-2257AB,208.9306538322,-22.9564863997,1150.0,1730.0,oex008050,1246.0,STIS/FUV-MAMA,GALAXY;GRAVITATIONAL LENS;QSO;QUASAR,17146,3,*Quasar*
MRK-142,156.3803956985,51.67635330611,1150.0,1730.0,of9m12020,1004.0,STIS/FUV-MAMA,GALAXY;QSO;QUASAR,17511,3,*Quasar*
21145258+0607423,318.7191191667,6.128436111111,1150.0,1730.0,ocs002020,1095.0,STIS/FUV-MAMA,GALAXY;QUASAR,13948,3,*Quasar*
PG1211+143,183.5735833333,14.05333888889,1123.0,1710.0,o61y08010,2418.0,STIS/FUV-MAMA,GALAXY;QUASAR;LYMAN ALPHA CLOUD,8571,3,*Quasar*
B21425+26,216.898375,26.53716666667,1140.0,1740.0,o8s704010,2288.0,STIS/FUV-MAMA,GALAXY;QUASAR,9871,3,*Quasar*
PKS2251+11,343.5434583333,11.61072222222,1140.0,1740.0,o8s706020,2830.0,STIS/FUV-MAMA,GALAXY;QUASAR,9871,3,*Quasar*
3C249.1,166.057375,76.98282777778,1123.0,1710.0,o6e130040,3280.0,STIS/FUV-MAMA,GALAXY;QUASAR;;EXT-MEDIUM;ABSORPTION LINE SYSTEM,9184,3,*Quasar*
ASASSN-14KO,81.3254875,-46.00561944444,1150.0,1730.0,oej802010,1260.0,STIS/FUV-MAMA,GALAXY;ACCRETION DISK;MULTIPLE NUCLEI;NUCLEUS;QUASAR,16498,3,*Quasar*
3C351,256.1732083333,60.74125,1123.0,1710.0,o57902040,2500.0,STIS/FUV-MAMA,GALAXY;QUASAR;;EXT-MEDIUM;ABSORPTION LINE SYSTEM - EXTRAGALACTIC,8015,3,*Quasar*
MCG10.16.111,169.7404583333,58.05663888889,1140.0,1740.0,o5ew02010,3900.0,STIS/FUV-MAMA,GALAXY;QUASAR;LYMAN ALPHA CLOUD;HALO,8316,3,*Quasar*
NEWTDE,259.9827041667,41.68036666667,1150.0,1730.0,od8207080,1044.0,STIS/FUV-MAMA,GALAXY;ACCRETION DISK;BLR;QUASAR,14781,3,*Quasar*
ASASSN-14KO,81.32522055249,-46.00572370753,1150.0,1730.0,oej802030,1524.0,STIS/FUV-MAMA,GALAXY;ACCRETION DISK;MULTIPLE NUCLEI;NUCLEUS;QUASAR,16498,3,*Quasar*
J1355-2257AB,208.9305672902,-22.95651077728,1150.0,1730.0,oex009060,1246.0,STIS/FUV-MAMA,GALAXY;GRAVITATIONAL LENS;QSO;QUASAR,17146,3,*Quasar*
B0312-770,47.98075,-76.86411111111,1123.0,1710.0,o65t01010,12629.0,STIS/FUV-MAMA,GALAXY;QUASAR,8651,3,*Quasar*
PHL1811,328.756375,-9.373444444444,1123.0,1710.0,o8d904040,2899.0,STIS/FUV-MAMA,GALAXY;QUASAR,9418,3,*Quasar*
J0246-0825AB,41.64247079458,-8.426987918448,1150.0,1730.0,oex019060,1168.0,STIS/FUV-MAMA,GALAXY;GRAVITATIONAL LENS;QSO;QUASAR,17146,3,*Quasar*
PHL1811,328.756375,-9.373444444444,1123.0,1710.0,o8d903020,2899.0,STIS/FUV-MAMA,GALAXY;QUASAR,9418,3,*Quasar*
ASASSN18JD,340.9287548592,-16.98566178761,1150.0,1730.0,odlw06090,1042.0,STIS/FUV-MAMA,GALAXY;ACCRETION DISK;QUASAR,15312,3,*Quasar*
PG1211+143,183.5735833333,14.05333888889,1123.0,1710.0,o61y04010,2418.0,STIS/FUV-MAMA,GALAXY;QUASAR;LYMAN ALPHA CLOUD,8571,3,*Quasar*
NEWTDE,259.9827041667,41.68036666667,1150.0,1730.0,od82070d0,576.0,STIS/FUV-MAMA,GALAXY;ACCRETION DISK;BLR;QUASAR,14781,3,*Quasar*
NEWTDE,259.9825751207,41.68017703126,1150.0,1730.0,od8204060,1212.0,STIS/FUV-MAMA,GALAXY;ACCRETION DISK;BLR;QUASAR,14781,3,*Quasar*
ASASSN18JD,340.92865,-16.98569722222,1150.0,1730.0,odlw03040,820.0,STIS/FUV-MAMA,GALAXY;ACCRETION DISK;QUASAR,15312,3,*Quasar*
ASASSN18JD,340.9288395052,-16.98580859255,1150.0,1730.0,odlw070a0,942.0,STIS/FUV-MAMA,GALAXY;ACCRETION DISK;QUASAR,15312,3,*Quasar*
PKS1739+18,265.529,18.455875,1150.0,1730.0,o65303020,2899.0,STIS/FUV-MAMA,GALAXY;QUASAR,8684,3,*Quasar*
IIZW136,323.1158875,10.13873805556,1140.0,1740.0,o4ec10060,2899.0,STIS/FUV-MAMA,GALAXY;QUASAR,7345,3,*Quasar*
NEWTDE,259.9826705212,41.68026331662,1150.0,1730.0,od8206090,942.0,STIS/FUV-MAMA,GALAXY;ACCRETION DISK;BLR;QUASAR,14781,3,*Quasar*
ASASSN-14KO,81.325577367,-46.00570556279,1150.0,1730.0,oei803020,240.0,STIS/FUV-MAMA,GALAXY;ACCRETION DISK;MULTIPLE NUCLEI;NUCLEUS;QUASAR,16451,3,*Quasar*
ASASSN-14KO,81.32539493103,-46.00570417078,1150.0,1730.0,oei801050,1000.0,STIS/FUV-MAMA,GALAXY;ACCRETION DISK;MULTIPLE NUCLEI;NUCLEUS;QUASAR,16451,3,*Quasar*
3C351,256.1732083333,60.74125,1123.0,1710.0,o57901030,2500.0,STIS/FUV-MAMA,GALAXY;QUASAR;;EXT-MEDIUM;ABSORPTION LINE SYSTEM - EXTRAGALACTIC,8015,3,*Quasar*
J1206+4322B-OFFSET,181.6238143212,43.53915850411,1150.0,1730.0,oex020040,1188.0,STIS/FUV-MAMA,GALAXY;GRAVITATIONAL LENS;QSO;QUASAR,17146,3,*Quasar*
TON-S180,14.333375,-22.38229444444,1140.0,1740.0,o4ec02040,2906.0,STIS/FUV-MAMA,GALAXY;QUASAR,7345,3,*Quasar*
RXSJ01004-5113,15.11295833333,-51.23172222222,1140.0,1740.0,o8p802060,600.0,STIS/FUV-MAMA,GALAXY;QSO;QUASAR,9858,3,*Quasar*
PG1211+143,183.5735833333,14.05333888889,1123.0,1710.0,o61y03020,5798.0,STIS/FUV-MAMA,GALAXY;QUASAR;LYMAN ALPHA CLOUD,8571,3,*Quasar*
IIZW136,323.1158875,10.13873805556,1140.0,1740.0,o4ec10030,1000.0,STIS/FUV-MAMA,GALAXY;QUASAR,7345,3,*Quasar*
VIIZW118,106.8045833333,64.59953333333,1140.0,1740.0,o4ec13010,9462.0,STIS/FUV-MAMA,GALAXY;QUASAR,7345,3,*Quasar*
ASASSN18JD,340.9287625106,-16.98528561,1150.0,1730.0,odlw050a0,1038.0,STIS/FUV-MAMA,GALAXY;ACCRETION DISK;QUASAR,15312,3,*Quasar*
ASASSN18JD,340.9287516927,-16.98550803478,1150.0,1730.0,odlw03060,820.0,STIS/FUV-MAMA,GALAXY;ACCRETION DISK;QUASAR,15312,3,*Quasar*
B21425+26,216.898375,26.53716666667,1140.0,1740.0,o8s703030,2831.0,STIS/FUV-MAMA,GALAXY;QUASAR,9871,3,*Quasar*
ASASSN18JD,340.92865,-16.98569722222,1150.0,1730.0,odlw02040,820.0,STIS/FUV-MAMA,GALAXY;ACCRETION DISK;QUASAR,15312,3,*Quasar*
TON-S180,14.333375,-22.38229444444,1140.0,1740.0,o4ec02030,554.0,STIS/FUV-MAMA,GALAXY;QUASAR,7345,3,*Quasar*
J1355-2257AB,208.9305672902,-22.95651077728,1150.0,1730.0,oex008060,1246.0,STIS/FUV-MAMA,GALAXY;GRAVITATIONAL LENS;QSO;QUASAR,17146,3,*Quasar*
ASASSN18JD,340.9287447526,-16.98575290741,1150.0,1730.0,odlw070e0,485.0,STIS/FUV-MAMA,GALAXY;ACCRETION DISK;QUASAR,15312,3,*Quasar*
PKS0405-123,61.95175,-12.19333333333,1123.0,1710.0,o55s01050,2899.0,STIS/FUV-MAMA,GALAXY;QUASAR;;EXT-MEDIUM;ABSORPTION LINE SYSTEM - EXTRAGALACTIC;IGM,7576,3,*Quasar*
PG1116+215,169.78625,21.32172222222,1123.0,1710.0,o5a302010,1979.0,STIS/FUV-MAMA,GALAXY;QSO;QUASAR,8097,3,*Quasar*
NEWTDE,259.9826032305,41.68005661648,1150.0,1730.0,od82060b0,840.0,STIS/FUV-MAMA,GALAXY;ACCRETION DISK;BLR;QUASAR,14781,3,*Quasar*
B1152+199AB,178.8261560942,19.66179226412,1150.0,1730.0,oex001020,998.0,STIS/FUV-MAMA,GALAXY;GRAVITATIONAL LENS;QSO;QUASAR,17146,3,*Quasar*
3C249.1,166.057375,76.98282777778,1123.0,1710.0,o6e124010,2328.0,STIS/FUV-MAMA,GALAXY;QUASAR;;EXT-MEDIUM;ABSORPTION LINE SYSTEM,9184,3,*Quasar*
RXSJ01004-5113,15.11295833333,-51.23172222222,1140.0,1740.0,o8p802040,1300.0,STIS/FUV-MAMA,GALAXY;QSO;QUASAR,9858,3,*Quasar*
3C351,256.1732083333,60.74125,1123.0,1710.0,o57902050,2500.0,STIS/FUV-MAMA,GALAXY;QUASAR;;EXT-MEDIUM;ABSORPTION LINE SYSTEM - EXTRAGALACTIC,8015,3,*Quasar*
PG1259+593,195.3039166667,59.03521111111,1150.0,1730.0,o4n307010,120.0,STIS/FUV-MAMA,GALAXY;QUASAR,7295,3,*Quasar*
PHL1811,328.756375,-9.373444444444,1123.0,1710.0,o8d903030,2899.0,STIS/FUV-MAMA,GALAXY;QUASAR,9418,3,*Quasar*
J1206+4322A,181.6235,43.53821388889,1150.0,1730.0,oex014010,989.0,STIS/FUV-MAMA,GALAXY;GRAVITATIONAL LENS;QSO;QUASAR,17146,3,*Quasar*
HE1029-140,157.9761583333,-14.28122222222,1140.0,1740.0,o4ec05010,2307.0,STIS/FUV-MAMA,GALAXY;QUASAR,7345,3,*Quasar*
TON-S180,14.333375,-22.38229444444,1140.0,1740.0,o4ec02010,2310.0,STIS/FUV-MAMA,GALAXY;QUASAR,7345,3,*Quasar*
ASASSN18JD,340.9287385147,-16.98550206964,1150.0,1730.0,odlw02060,820.0,STIS/FUV-MAMA,GALAXY;ACCRETION DISK;QUASAR,15312,3,*Quasar*
NEWTDE,259.9827356667,41.68015524941,1150.0,1730.0,od82070a0,840.0,STIS/FUV-MAMA,GALAXY;ACCRETION DISK;BLR;QUASAR,14781,3,*Quasar*
ASASSN-14KO,81.32563495141,-46.00580588838,1150.0,1730.0,oei804060,1002.0,STIS/FUV-MAMA,GALAXY;ACCRETION DISK;MULTIPLE NUCLEI;NUCLEUS;QUASAR,16451,3,*Quasar*
B1152+199AB,178.826103855,19.66185952822,1150.0,1730.0,oex001030,1187.0,STIS/FUV-MAMA,GALAXY;GRAVITATIONAL LENS;QSO;QUASAR,17146,3,*Quasar*
PKS1739+18,265.529,18.455875,1150.0,1730.0,o65303010,2340.0,STIS/FUV-MAMA,GALAXY;QUASAR,8684,3,*Quasar*
NEWTDE,259.9827041667,41.68036666667,1150.0,1730.0,od8203040,820.0,STIS/FUV-MAMA,GALAXY;ACCRETION DISK;BLR;QUASAR,14781,3,*Quasar*
J1206+4322B-OFFSET,181.6239190797,43.53919282011,1150.0,1730.0,oex015050,1188.0,STIS/FUV-MAMA,GALAXY;GRAVITATIONAL LENS;QSO;QUASAR,17146,3,*Quasar*
J1355-2257AB,208.931,-22.95638888889,1150.0,1730.0,oex009010,1057.0,STIS/FUV-MAMA,GALAXY;GRAVITATIONAL LENS;QSO;QUASAR,17146,3,*Quasar*
3C351,256.1732083333,60.74125,1123.0,1710.0,o57903010,2385.0,STIS/FUV-MAMA,GALAXY;QUASAR;;EXT-MEDIUM;ABSORPTION LINE SYSTEM - EXTRAGALACTIC,8015,3,*Quasar*
PG1116+215,169.78625,21.32172222222,1123.0,1710.0,o5a302020,5320.0,STIS/FUV-MAMA,GALAXY;QSO;QUASAR,8097,3,*Quasar*
HE1029-140,157.9761583333,-14.28122222222,1140.0,1740.0,o4ec05040,2899.0,STIS/FUV-MAMA,GALAXY;QUASAR,7345,3,*Quasar*
TON-S180,14.333375,-22.38229444444,1140.0,1740.0,o4ec02020,1782.0,STIS/FUV-MAMA,GALAXY;QUASAR,7345,3,*Quasar*
3C249.1,166.057375,76.98282777778,1123.0,1710.0,o6e129010,2328.0,STIS/FUV-MAMA,GALAXY;QUASAR;;EXT-MEDIUM;ABSORPTION LINE SYSTEM,9184,3,*Quasar*
PKS1327-206,202.5319,-20.93796,1150.0,1730.0,o8ex48010,2394.0,STIS/FUV-MAMA,GALAXY;QUASAR,9382,3,*Quasar*
ASASSN18JD,340.928734383,-16.98538851306,1150.0,1730.0,odlw05090,1038.0,STIS/FUV-MAMA,GALAXY;ACCRETION DISK;QUASAR,15312,3,*Quasar*
J0113+0106-JET,18.4213325,1.102366666667,1150.0,1730.0,oen902030,2620.182375,STIS/FUV-MAMA,GALAXY;QUASAR;RADIO GALAXY;WIND,16728,3,*Quasar*
B1152+199AB,178.8260516158,19.6619267923,1150.0,1730.0,oex001040,1187.0,STIS/FUV-MAMA,GALAXY;GRAVITATIONAL LENS;QSO;QUASAR,17146,3,*Quasar*
HE2149-2745AB,328.0312404185,-27.53032818284,1150.0,1730.0,oex003050,1250.0,STIS/FUV-MAMA,GALAXY;GRAVITATIONAL LENS;QSO;QUASAR,17146,3,*Quasar*
ASASSN18JD,340.9290694364,-16.98555548345,1150.0,1730.0,odlw060c0,1292.0,STIS/FUV-MAMA,GALAXY;ACCRETION DISK;QUASAR,15312,3,*Quasar*
3C249.1,166.057375,76.98282777778,1123.0,1710.0,o6e125020,3280.0,STIS/FUV-MAMA,GALAXY;QUASAR;;EXT-MEDIUM;ABSORPTION LINE SYSTEM,9184,3,*Quasar*
TON730,205.9863204156,25.64652020851,1140.0,1740.0,o5ew01030,2923.0,STIS/FUV-MAMA,GALAXY;QUASAR;LYMAN ALPHA CLOUD;HALO,8316,3,*Quasar*
J1355-2257AB,208.9308269162,-22.95643764439,1150.0,1730.0,oex008030,1246.0,STIS/FUV-MAMA,GALAXY;GRAVITATIONAL LENS;QSO;QUASAR,17146,3,*Quasar*
3C288-1,205.5552083333,60.36191666667,1150.0,1730.0,o53h01030,3107.0,STIS/FUV-MAMA,GALAXY;QUASAR,7356,3,*Quasar*
B21425+26,216.898375,26.53716666667,1140.0,1740.0,o8s703010,2288.0,STIS/FUV-MAMA,GALAXY;QUASAR,9871,3,*Quasar*
J0246-0825AB,41.642125,-8.42675,1150.0,1730.0,oex019010,939.0,STIS/FUV-MAMA,GALAXY;GRAVITATIONAL LENS;QSO;QUASAR,17146,3,*Quasar*
PKS0405-123,61.95175,-12.19333333333,1123.0,1710.0,o55s02010,2008.0,STIS/FUV-MAMA,GALAXY;QUASAR;;EXT-MEDIUM;ABSORPTION LINE SYSTEM - EXTRAGALACTIC;IGM,7576,3,*Quasar*
PKS1004+130,151.8587017588,12.81560844122,1140.0,1740.0,o5ew03020,2899.0,STIS/FUV-MAMA,GALAXY;QUASAR;LYMAN ALPHA CLOUD;HALO,8316,3,*Quasar*
MR2251-178,343.5244166667,-17.58202222222,1140.0,1740.0,o4ec03040,1711.0,STIS/FUV-MAMA,GALAXY;QUASAR,7345,3,*Quasar*
3C249.1,166.057375,76.98282777778,1123.0,1710.0,o6e127020,3280.0,STIS/FUV-MAMA,GALAXY;QUASAR;;EXT-MEDIUM;ABSORPTION LINE SYSTEM,9184,3,*Quasar*
3C249.1,166.057375,76.98282777778,1123.0,1710.0,o6e125030,3280.0,STIS/FUV-MAMA,GALAXY;QUASAR;;EXT-MEDIUM;ABSORPTION LINE SYSTEM,9184,3,*Quasar*
MRK1383,217.2770833333,1.284861111111,1123.0,1710.0,o8pg02020,2870.0,STIS/FUV-MAMA,GALAXY;QUASAR,9778,3,*Quasar*
HE2149-2745AB,328.0312901063,-27.53025745073,1150.0,1730.0,oex003060,1250.0,STIS/FUV-MAMA,GALAXY;GRAVITATIONAL LENS;QSO;QUASAR,17146,3,*Quasar*
MARK876,243.4881666667,65.71937222222,1140.0,1740.0,o4n308010,2298.0,STIS/FUV-MAMA,GALAXY;QUASAR,7295,3,*Quasar*
MARK1383,217.2767916667,1.284752777778,1140.0,1740.0,o4ec01020,1366.0,STIS/FUV-MAMA,GALAXY;QUASAR,7345,3,*Quasar*
J0158-4325AB,29.672625,-43.41761111111,1150.0,1730.0,oex002010,1077.0,STIS/FUV-MAMA,GALAXY;GRAVITATIONAL LENS;QSO;QUASAR,17146,3,*Quasar*
3C351,256.1732083333,60.74125,1123.0,1710.0,o57904010,2385.0,STIS/FUV-MAMA,GALAXY;QUASAR;;EXT-MEDIUM;ABSORPTION LINE SYSTEM - EXTRAGALACTIC,8015,3,*Quasar*
PG1049-005,162.9644166667,-0.8550444444444,1140.0,1740.0,o4n303020,1537.0,STIS/FUV-MAMA,GALAXY;QUASAR,7295,3,*Quasar*
PKS1302-102,196.3874166667,-10.55568333333,1123.0,1710.0,o5bu02010,11040.0,STIS/FUV-MAMA,GALAXY;QUASAR,8306,3,*Quasar*
PHL1811,328.756375,-9.373444444444,1123.0,1710.0,o8d904010,1957.0,STIS/FUV-MAMA,GALAXY;QUASAR,9418,3,*Quasar*
ASASSN-14KO,81.32556122558,-46.00571266643,1150.0,1730.0,oei804050,1000.0,STIS/FUV-MAMA,GALAXY;ACCRETION DISK;MULTIPLE NUCLEI;NUCLEUS;QUASAR,16451,3,*Quasar*
J1355-2257AB,208.9307403742,-22.95646202207,1150.0,1730.0,oex008040,1246.0,STIS/FUV-MAMA,GALAXY;GRAVITATIONAL LENS;QSO;QUASAR,17146,3,*Quasar*
3C351,256.1732083333,60.74125,1123.0,1710.0,o57904050,2500.0,STIS/FUV-MAMA,GALAXY;QUASAR;;EXT-MEDIUM;ABSORPTION LINE SYSTEM - EXTRAGALACTIC,8015,3,*Quasar*
3C351,256.1732083333,60.74125,1123.0,1710.0,o57904080,2500.0,STIS/FUV-MAMA,GALAXY;QUASAR;;EXT-MEDIUM;ABSORPTION LINE SYSTEM - EXTRAGALACTIC,8015,3,*Quasar*
PHL1811,328.756375,-9.373444444444,1123.0,1710.0,o8d902010,1957.0,STIS/FUV-MAMA,GALAXY;QUASAR,9418,3,*Quasar*
ASASSN18JD,340.9287548592,-16.98566178761,1150.0,1730.0,odlw060e0,485.0,STIS/FUV-MAMA,GALAXY;ACCRETION DISK;QUASAR,15312,3,*Quasar*
IIZW136,323.1158875,10.13873805556,1140.0,1740.0,o4ec10040,1479.0,STIS/FUV-MAMA,GALAXY;QUASAR,7345,3,*Quasar*
MR2251-178,343.5244166667,-17.58202222222,1140.0,1740.0,o4ec03030,768.0,STIS/FUV-MAMA,GALAXY;QUASAR,7345,3,*Quasar*
3C249.1,166.057375,76.98282777778,1123.0,1710.0,o6e128030,3280.0,STIS/FUV-MAMA,GALAXY;QUASAR;;EXT-MEDIUM;ABSORPTION LINE SYSTEM,9184,3,*Quasar*
3C249.1,166.057375,76.98282777778,1123.0,1710.0,o6e130020,3280.0,STIS/FUV-MAMA,GALAXY;QUASAR;;EXT-MEDIUM;ABSORPTION LINE SYSTEM,9184,3,*Quasar*
RXSJ01004-5113,15.11295833333,-51.23172222222,1140.0,1740.0,o8p802050,627.0,STIS/FUV-MAMA,GALAXY;QSO;QUASAR,9858,3,*Quasar*
NEWTDE,259.9827041667,41.68036666667,1150.0,1730.0,od82060d0,576.0,STIS/FUV-MAMA,GALAXY;ACCRETION DISK;BLR;QUASAR,14781,3,*Quasar*
PHL1811,328.756375,-9.373444444444,1123.0,1710.0,o8d901030,2899.0,STIS/FUV-MAMA,GALAXY;QUASAR,9418,3,*Quasar*
PG0923+129,141.5136610564,12.7343884373,1150.0,1730.0,of9m17040,1269.0,STIS/FUV-MAMA,GALAXY;QSO;QUASAR,17511,3,*Quasar*
PG1211+143,183.5735833333,14.05333888889,1140.0,1740.0,o4ec08020,2899.0,STIS/FUV-MAMA,GALAXY;QUASAR,7345,3,*Quasar*
B1152+199AB,178.8262083333,19.661725,1150.0,1730.0,oex001010,998.0,STIS/FUV-MAMA,GALAXY;GRAVITATIONAL LENS;QSO;QUASAR,17146,3,*Quasar*
PG1116+215,169.7863333333,21.32161111111,1140.0,1740.0,o4ec04040,2906.0,STIS/FUV-MAMA,GALAXY;QUASAR,7345,3,*Quasar*
PG1116+215,169.78625,21.32172222222,1123.0,1710.0,o5a301020,10640.0,STIS/FUV-MAMA,GALAXY;QSO;QUASAR,8097,3,*Quasar*
PG1440+356,220.5311804357,35.43969361771,1150.0,1730.0,of9m11030,693.0,STIS/FUV-MAMA,GALAXY;QSO;QUASAR,17511,3,*Quasar*
ASASSN18JD,340.9286781277,-16.98559431917,1150.0,1730.0,odlw05070,994.0,STIS/FUV-MAMA,GALAXY;ACCRETION DISK;QUASAR,15312,3,*Quasar*
MARK1383,217.2767916667,1.284752777778,1140.0,1740.0,o4ec01030,963.0,STIS/FUV-MAMA,GALAXY;QUASAR,7345,3,*Quasar*
3C249.1,166.057375,76.98282777778,1123.0,1710.0,o6e128020,3280.0,STIS/FUV-MAMA,GALAXY;QUASAR;;EXT-MEDIUM;ABSORPTION LINE SYSTEM,9184,3,*Quasar*
3C351,256.1732083333,60.74125,1123.0,1710.0,o57902080,2500.0,STIS/FUV-MAMA,GALAXY;QUASAR;;EXT-MEDIUM;ABSORPTION LINE SYSTEM - EXTRAGALACTIC,8015,3,*Quasar*
PKS1004+130,151.8587083333,12.81561111111,1140.0,1740.0,o5ew03010,2289.0,STIS/FUV-MAMA,GALAXY;QUASAR;LYMAN ALPHA CLOUD;HALO,8316,3,*Quasar*
NEWTDE,259.9826705212,41.68026331662,1150.0,1730.0,od82060e0,415.0,STIS/FUV-MAMA,GALAXY;ACCRETION DISK;BLR;QUASAR,14781,3,*Quasar*
PG1116+215,169.7863333333,21.32161111111,1140.0,1740.0,o4ec04030,1068.0,STIS/FUV-MAMA,GALAXY;QUASAR,7345,3,*Quasar*
MRK478,220.5311666667,35.43959722222,1140.0,1740.0,o4ec14030,974.0,STIS/FUV-MAMA,GALAXY;QUASAR,7345,3,*Quasar*
PKS0405-123,61.95175,-12.19333333333,1123.0,1710.0,o55s02030,2899.0,STIS/FUV-MAMA,GALAXY;QUASAR;;EXT-MEDIUM;ABSORPTION LINE SYSTEM - EXTRAGALACTIC;IGM,7576,3,*Quasar*
PG0923+129,141.5136989486,12.73440767417,1150.0,1730.0,of9m17050,1269.0,STIS/FUV-MAMA,GALAXY;QSO;QUASAR,17511,3,*Quasar*
J1206+4322A,181.6237095135,43.53828252136,1150.0,1730.0,oex014030,1188.0,STIS/FUV-MAMA,GALAXY;GRAVITATIONAL LENS;QSO;QUASAR,17146,3,*Quasar*
J0158-4325AB,29.672950663,-43.4175302151,1150.0,1730.0,oex002040,1286.0,STIS/FUV-MAMA,GALAXY;GRAVITATIONAL LENS;QSO;QUASAR,17146,3,*Quasar*
ASASSN-14KO,81.3254875,-46.00561944444,1150.0,1730.0,oei802040,882.0,STIS/FUV-MAMA,GALAXY;ACCRETION DISK;MULTIPLE NUCLEI;NUCLEUS;QUASAR,16451,3,*Quasar*
ASASSN-14KO,81.3254875,-46.00561944444,1150.0,1730.0,oei804040,1002.0,STIS/FUV-MAMA,GALAXY;ACCRETION DISK;MULTIPLE NUCLEI;NUCLEUS;QUASAR,16451,3,*Quasar*
PKS0405-123,61.95175,-12.19333333333,1123.0,1710.0,o55s02040,2899.0,STIS/FUV-MAMA,GALAXY;QUASAR;;EXT-MEDIUM;ABSORPTION LINE SYSTEM - EXTRAGALACTIC;IGM,7576,3,*Quasar*
TON730,205.9863333333,25.64652777778,1140.0,1740.0,o5ew01010,2293.0,STIS/FUV-MAMA,GALAXY;QUASAR;LYMAN ALPHA CLOUD;HALO,8316,3,*Quasar*
PG1211+143,183.5735833333,14.05333888889,1123.0,1710.0,o61y05010,2418.0,STIS/FUV-MAMA,GALAXY;QUASAR;LYMAN ALPHA CLOUD,8571,3,*Quasar*
PHL1811,328.756375,-9.373444444444,1123.0,1710.0,o8d901020,2899.0,STIS/FUV-MAMA,GALAXY;QUASAR,9418,3,*Quasar*
PG1259+593,195.3039166667,59.03521111111,1140.0,1740.0,o4n307020,1808.0,STIS/FUV-MAMA,GALAXY;QUASAR,7295,3,*Quasar*
ASASSN18JD,340.9289342579,-16.98586427766,1150.0,1730.0,odlw070b0,942.0,STIS/FUV-MAMA,GALAXY;ACCRETION DISK;QUASAR,15312,3,*Quasar*
PG1114+445,169.2767916667,44.22605555556,1140.0,1740.0,o8s701010,2361.0,STIS/FUV-MAMA,GALAXY;QUASAR,9871,3,*Quasar*
J1355-2257AB,208.9309134581,-22.95641326666,1150.0,1730.0,oex008020,1057.0,STIS/FUV-MAMA,GALAXY;GRAVITATIONAL LENS;QSO;QUASAR,17146,3,*Quasar*
J0246-0825AB,41.64226331778,-8.426845167416,1150.0,1730.0,oex019030,1179.0,STIS/FUV-MAMA,GALAXY;GRAVITATIONAL LENS;QSO;QUASAR,17146,3,*Quasar*
ASASSN18JD,340.9287062554,-16.98549141612,1150.0,1730.0,odlw05080,1016.0,STIS/FUV-MAMA,GALAXY;ACCRETION DISK;QUASAR,15312,3,*Quasar*
PG1211+143,183.5735833333,14.05333888889,1123.0,1710.0,o61y01020,8697.0,STIS/FUV-MAMA,GALAXY;QUASAR;LYMAN ALPHA CLOUD,8571,3,*Quasar*
PKS1739+18,265.529,18.455875,1150.0,1730.0,o65303030,2899.0,STIS/FUV-MAMA,GALAXY;QUASAR,8684,3,*Quasar*
ASASSN-14KO,81.32530236177,-46.00578889704,1150.0,1730.0,oei801060,1002.0,STIS/FUV-MAMA,GALAXY;ACCRETION DISK;MULTIPLE NUCLEI;NUCLEUS;QUASAR,16451,3,*Quasar*
3C351,256.1732083333,60.74125,1123.0,1710.0,o57904070,2500.0,STIS/FUV-MAMA,GALAXY;QUASAR;;EXT-MEDIUM;ABSORPTION LINE SYSTEM - EXTRAGALACTIC,8015,3,*Quasar*
3C351,256.1732083333,60.74125,1123.0,1710.0,o57903030,2500.0,STIS/FUV-MAMA,GALAXY;QUASAR;;EXT-MEDIUM;ABSORPTION LINE SYSTEM - EXTRAGALACTIC,8015,3,*Quasar*
IIZW136,323.1158875,10.13873805556,1140.0,1740.0,o4ec10010,2278.0,STIS/FUV-MAMA,GALAXY;QUASAR,7345,3,*Quasar*
PG1211+143,183.5735833333,14.05333888889,1140.0,1740.0,o4ec08040,2899.0,STIS/FUV-MAMA,GALAXY;QUASAR,7345,3,*Quasar*
3C249.1,166.057375,76.98282777778,1123.0,1710.0,o6e130030,3280.0,STIS/FUV-MAMA,GALAXY;QUASAR;;EXT-MEDIUM;ABSORPTION LINE SYSTEM,9184,3,*Quasar*
PKS0439-433,70.322,-43.22884,1150.0,1730.0,o8ex19010,2510.0,STIS/FUV-MAMA,GALAXY;QUASAR,9382,3,*Quasar*
PKS2251+11,343.5434583333,11.61072222222,1140.0,1740.0,o8s706010,2292.0,STIS/FUV-MAMA,GALAXY;QUASAR,9871,3,*Quasar*
3C249.1,166.057375,76.98282777778,1123.0,1710.0,o6e128010,2328.0,STIS/FUV-MAMA,GALAXY;QUASAR;;EXT-MEDIUM;ABSORPTION LINE SYSTEM,9184,3,*Quasar*
B21019+30,155.6261666667,30.68468333333,1150.0,1730.0,o66g18010,2376.0,STIS/FUV-MAMA,GALAXY;QUASAR;;EXT-MEDIUM;ABSORPTION LINE SYSTEM - EXTRAGALACTIC,8569,3,*Quasar*
PG1116+215,169.7863333333,21.32161111111,1140.0,1740.0,o4ec04010,2310.0,STIS/FUV-MAMA,GALAXY;QUASAR,7345,3,*Quasar*
MRK-142,156.380462881,51.67635404806,1150.0,1730.0,of9m12030,1388.0,STIS/FUV-MAMA,GALAXY;QSO;QUASAR,17511,3,*Quasar*
J1206+4322B-OFFSET,181.6240238383,43.53922713601,1150.0,1730.0,oex015060,1188.0,STIS/FUV-MAMA,GALAXY;GRAVITATIONAL LENS;QSO;QUASAR,17146,3,*Quasar*
MR2251-178,343.5244166667,-17.58202222222,1140.0,1740.0,o4ec03050,2897.0,STIS/FUV-MAMA,GALAXY;QUASAR,7345,3,*Quasar*
J1355-2257AB,208.9309134581,-22.95641326666,1150.0,1730.0,oex009020,1057.0,STIS/FUV-MAMA,GALAXY;GRAVITATIONAL LENS;QSO;QUASAR,17146,3,*Quasar*
J0158-4325AB,29.67273355443,-43.41758414588,1150.0,1730.0,oex002020,1077.0,STIS/FUV-MAMA,GALAXY;GRAVITATIONAL LENS;QSO;QUASAR,17146,3,*Quasar*
PG0953+415,149.2183333333,41.25611111111,1123.0,1710.0,o4x002010,10743.0,STIS/FUV-MAMA,GALAXY;QSO;QUASAR,7747,3,*Quasar*
PKS0405-123,61.95175,-12.19333333333,1123.0,1710.0,o55s02020,2899.0,STIS/FUV-MAMA,GALAXY;QUASAR;;EXT-MEDIUM;ABSORPTION LINE SYSTEM - EXTRAGALACTIC;IGM,7576,3,*Quasar*
3C351,256.1732083333,60.74125,1123.0,1710.0,o57901050,2500.0,STIS/FUV-MAMA,GALAXY;QUASAR;;EXT-MEDIUM;ABSORPTION LINE SYSTEM - EXTRAGALACTIC,8015,3,*Quasar*
3C351,256.1732083333,60.74125,1123.0,1710.0,o57901020,2385.0,STIS/FUV-MAMA,GALAXY;QUASAR;;EXT-MEDIUM;ABSORPTION LINE SYSTEM - EXTRAGALACTIC,8015,3,*Quasar*
ASASSN-14KO,81.32568548399,-46.00578173985,1150.0,1730.0,oei802060,1033.0,STIS/FUV-MAMA,GALAXY;ACCRETION DISK;MULTIPLE NUCLEI;NUCLEUS;QUASAR,16451,3,*Quasar*
ASASSN-14KO,81.3254875,-46.00561944444,1150.0,1730.0,oei803010,200.0,STIS/FUV-MAMA,GALAXY;ACCRETION DISK;MULTIPLE NUCLEI;NUCLEUS;QUASAR,16451,3,*Quasar*
MCG10.16.111,169.7404976376,58.056637628,1140.0,1740.0,o5ew02040,3900.0,STIS/FUV-MAMA,GALAXY;QUASAR;LYMAN ALPHA CLOUD;HALO,8316,3,*Quasar*
3C249.1,166.057375,76.98282777778,1123.0,1710.0,o6e129030,3280.0,STIS/FUV-MAMA,GALAXY;QUASAR;;EXT-MEDIUM;ABSORPTION LINE SYSTEM,9184,3,*Quasar*
IIZW136,323.1158875,10.13873805556,1140.0,1740.0,o4ec10020,2899.0,STIS/FUV-MAMA,GALAXY;QUASAR,7345,3,*Quasar*
IIZW136,323.1158875,10.13873805556,1140.0,1740.0,o4ec10050,2899.0,STIS/FUV-MAMA,GALAXY;QUASAR,7345,3,*Quasar*
3C351,256.1732083333,60.74125,1123.0,1710.0,o57904020,2385.0,STIS/FUV-MAMA,GALAXY;QUASAR;;EXT-MEDIUM;ABSORPTION LINE SYSTEM - EXTRAGALACTIC,8015,3,*Quasar*
ASASSN18JD,340.92865,-16.98569722222,1150.0,1730.0,odlw05060,994.0,STIS/FUV-MAMA,GALAXY;ACCRETION DISK;QUASAR,15312,3,*Quasar*
NEWTDE,259.9826396436,41.68027184898,1150.0,1730.0,od8204050,1212.0,STIS/FUV-MAMA,GALAXY;ACCRETION DISK;BLR;QUASAR,14781,3,*Quasar*
PKS1103-006,166.63225,-0.8815333333333,1140.0,1740.0,o4n304020,1440.0,STIS/FUV-MAMA,GALAXY;QUASAR,7295,3,*Quasar*
J1206+4322A,181.6236047567,43.53824820517,1150.0,1730.0,oex014020,989.0,STIS/FUV-MAMA,GALAXY;GRAVITATIONAL LENS;QSO;QUASAR,17146,3,*Quasar*
NEWTDE,259.9826368758,41.68015996655,1150.0,1730.0,od82060a0,840.0,STIS/FUV-MAMA,GALAXY;ACCRETION DISK;BLR;QUASAR,14781,3,*Quasar*
3C249.1,166.057375,76.98282777778,1123.0,1710.0,o6e127030,3280.0,STIS/FUV-MAMA,GALAXY;QUASAR;;EXT-MEDIUM;ABSORPTION LINE SYSTEM,9184,3,*Quasar*
MRK1383,217.2770833333,1.284861111111,1123.0,1710.0,o8pg01020,11480.0,STIS/FUV-MAMA,GALAXY;QUASAR,9778,3,*Quasar*
PG1114+445,169.2767916667,44.22605555556,1140.0,1740.0,o8s701020,2896.0,STIS/FUV-MAMA,GALAXY;QUASAR,9871,3,*Quasar*
J1206+4322A,181.6238142705,43.53831683744,1150.0,1730.0,oex014040,1188.0,STIS/FUV-MAMA,GALAXY;GRAVITATIONAL LENS;QSO;QUASAR,17146,3,*Quasar*
J0158-4325AB,29.67305921714,-43.41750324956,1150.0,1730.0,oex002050,1286.0,STIS/FUV-MAMA,GALAXY;GRAVITATIONAL LENS;QSO;QUASAR,17146,3,*Quasar*
PG1116+215,169.7863333333,21.32161111111,1140.0,1740.0,o4ec04020,1268.0,STIS/FUV-MAMA,GALAXY;QUASAR,7345,3,*Quasar*
PG1049-005,162.9644166667,-0.8550444444444,1150.0,1730.0,o4n303010,150.0,STIS/FUV-MAMA,GALAXY;QUASAR,7295,3,*Quasar*
MRK478,220.5311666667,35.43959722222,1140.0,1740.0,o4ec14020,2977.0,STIS/FUV-MAMA,GALAXY;QUASAR,7345,3,*Quasar*
PG1351+640,208.3157916667,63.76252777778,1140.0,1740.0,o4ec54010,8480.0,STIS/FUV-MAMA,GALAXY;QUASAR,7345,3,*Quasar*
MRK926,346.1810416667,-8.685675,1140.0,1740.0,o4ec12010,2307.0,STIS/FUV-MAMA,GALAXY;QUASAR,7345,3,*Quasar*
ASASSN-14KO,81.32558649185,-46.00570059219,1150.0,1730.0,oei802050,920.0,STIS/FUV-MAMA,GALAXY;ACCRETION DISK;MULTIPLE NUCLEI;NUCLEUS;QUASAR,16451,3,*Quasar*
MCG10.16.111,169.740510739,58.05663720771,1140.0,1740.0,o5ew02050,3900.0,STIS/FUV-MAMA,GALAXY;QUASAR;LYMAN ALPHA CLOUD;HALO,8316,3,*Quasar*
MCG10.16.111,169.7404714347,58.0566384686,1140.0,1740.0,o5ew02020,3900.0,STIS/FUV-MAMA,GALAXY;QUASAR;LYMAN ALPHA CLOUD;HALO,8316,3,*Quasar*
ASASSN18JD,340.9288597183,-16.98562635294,1150.0,1730.0,odlw060a0,942.0,STIS/FUV-MAMA,GALAXY;ACCRETION DISK;QUASAR,15312,3,*Quasar*
3C249.1,166.057375,76.98282777778,1123.0,1710.0,o6e127010,2328.0,STIS/FUV-MAMA,GALAXY;QUASAR;;EXT-MEDIUM;ABSORPTION LINE SYSTEM,9184,3,*Quasar*
PHL1811,328.756375,-9.373444444444,1123.0,1710.0,o8d903010,1957.0,STIS/FUV-MAMA,GALAXY;QUASAR,9418,3,*Quasar*
ASASSN18JD,340.92865,-16.98569722222,1150.0,1730.0,odlw06080,1142.0,STIS/FUV-MAMA,GALAXY;ACCRETION DISK;QUASAR,15312,3,*Quasar*
MRK478,220.5311666667,35.43959722222,1140.0,1740.0,o4ec14010,2358.0,STIS/FUV-MAMA,GALAXY;QUASAR,7345,3,*Quasar*
MARK1383,217.2767916667,1.284752777778,1140.0,1740.0,o4ec01040,2899.0,STIS/FUV-MAMA,GALAXY;QUASAR,7345,3,*Quasar*
NEWTDE,259.9827514166,41.68004954078,1150.0,1730.0,od82070b0,840.0,STIS/FUV-MAMA,GALAXY;ACCRETION DISK;BLR;QUASAR,14781,3,*Quasar*
PG1211+143,183.5735833333,14.05333888889,1123.0,1710.0,o61y02010,2418.0,STIS/FUV-MAMA,GALAXY;QUASAR;LYMAN ALPHA CLOUD,8571,3,*Quasar*
PG1211+143,183.5735833333,14.05333888889,1123.0,1710.0,o61y01010,2418.0,STIS/FUV-MAMA,GALAXY;QUASAR;LYMAN ALPHA CLOUD,8571,3,*Quasar*
PG1211+143,183.5735833333,14.05333888889,1123.0,1710.0,o61y04020,5798.0,STIS/FUV-MAMA,GALAXY;QUASAR;LYMAN ALPHA CLOUD,8571,3,*Quasar*
3C351,256.1732083333,60.74125,1123.0,1710.0,o57903060,2329.0,STIS/FUV-MAMA,GALAXY;QUASAR;;EXT-MEDIUM;ABSORPTION LINE SYSTEM - EXTRAGALACTIC,8015,3,*Quasar*
3C351,256.1732083333,60.74125,1123.0,1710.0,o57902030,2500.0,STIS/FUV-MAMA,GALAXY;QUASAR;;EXT-MEDIUM;ABSORPTION LINE SYSTEM - EXTRAGALACTIC,8015,3,*Quasar*
PKS0405-123,61.95175,-12.19333333333,1123.0,1710.0,o55s01020,2899.0,STIS/FUV-MAMA,GALAXY;QUASAR;;EXT-MEDIUM;ABSORPTION LINE SYSTEM - EXTRAGALACTIC;IGM,7576,3,*Quasar*
PG0953+415,149.2183333333,41.25611111111,1123.0,1710.0,o4x001010,2215.0,STIS/FUV-MAMA,GALAXY;QSO;QUASAR,7747,3,*Quasar*
ASASSN18JD,340.9290290106,-16.98591996271,1150.0,1730.0,odlw070c0,1292.0,STIS/FUV-MAMA,GALAXY;ACCRETION DISK;QUASAR,15312,3,*Quasar*
ASASSN-14KO,81.32535402637,-46.00567157606,1150.0,1730.0,oej802020,1393.0,STIS/FUV-MAMA,GALAXY;ACCRETION DISK;MULTIPLE NUCLEI;NUCLEUS;QUASAR,16498,3,*Quasar*
ASASSN18JD,340.92865,-16.98569722222,1150.0,1730.0,odlw07080,1142.0,STIS/FUV-MAMA,GALAXY;ACCRETION DISK;QUASAR,15312,3,*Quasar*
MRK926,346.1810416667,-8.685675,1140.0,1740.0,o4ec12030,766.0,STIS/FUV-MAMA,GALAXY;QUASAR,7345,3,*Quasar*
NEWTDE,259.9827199167,41.68026095804,1150.0,1730.0,od8207090,942.0,STIS/FUV-MAMA,GALAXY;ACCRETION DISK;BLR;QUASAR,14781,3,*Quasar*
PG1211+143,183.5735833333,14.05333888889,1140.0,1740.0,o4ec08010,2278.0,STIS/FUV-MAMA,GALAXY;QUASAR,7345,3,*Quasar*
RXSJ01004-5113,15.11295833333,-51.23172222222,1150.0,1730.0,o8p802010,425.0,STIS/FUV-MAMA,GALAXY;QSO;QUASAR,9858,3,*Quasar*
ASASSN-14KO,81.3254875,-46.00561944444,1150.0,1730.0,oei801040,1002.0,STIS/FUV-MAMA,GALAXY;ACCRETION DISK;MULTIPLE NUCLEI;NUCLEUS;QUASAR,16451,3,*Quasar*
HE1029-140,157.9761583333,-14.28122222222,1140.0,1740.0,o4ec05020,1840.0,STIS/FUV-MAMA,GALAXY;QUASAR,7345,3,*Quasar*
MRK478,220.5311666667,35.43959722222,1140.0,1740.0,o4ec14060,2977.0,STIS/FUV-MAMA,GALAXY;QUASAR,7345,3,*Quasar*
J1355-2257AB,208.9308269162,-22.95643764439,1150.0,1730.0,oex009030,1246.0,STIS/FUV-MAMA,GALAXY;GRAVITATIONAL LENS;QSO;QUASAR,17146,3,*Quasar*
HE2149-2745AB,328.0310416667,-27.53061111111,1150.0,1730.0,oex003010,1061.0,STIS/FUV-MAMA,GALAXY;GRAVITATIONAL LENS;QSO;QUASAR,17146,3,*Quasar*
NEWTDE,259.9827671664,41.67994383214,1150.0,1730.0,od82070c0,1152.0,STIS/FUV-MAMA,GALAXY;ACCRETION DISK;BLR;QUASAR,14781,3,*Quasar*
B0312-770,47.98075,-76.86411111111,1123.0,1710.0,o65t02010,12629.0,STIS/FUV-MAMA,GALAXY;QUASAR,8651,3,*Quasar*
3C249.1,166.057375,76.98282777778,1123.0,1710.0,o6e124030,3280.0,STIS/FUV-MAMA,GALAXY;QUASAR;;EXT-MEDIUM;ABSORPTION LINE SYSTEM,9184,3,*Quasar*
J0246-0825AB,41.64240163563,-8.426940334783,1150.0,1730.0,oex019050,1169.0,STIS/FUV-MAMA,GALAXY;GRAVITATIONAL LENS;QSO;QUASAR,17146,3,*Quasar*
3C351,256.1732083333,60.74125,1123.0,1710.0,o57903050,2329.0,STIS/FUV-MAMA,GALAXY;QUASAR;;EXT-MEDIUM;ABSORPTION LINE SYSTEM - EXTRAGALACTIC,8015,3,*Quasar*
3C351,256.1732083333,60.74125,1123.0,1710.0,o57904030,2500.0,STIS/FUV-MAMA,GALAXY;QUASAR;;EXT-MEDIUM;ABSORPTION LINE SYSTEM - EXTRAGALACTIC,8015,3,*Quasar*
MCG10.16.111,169.7404845362,58.0566380483,1140.0,1740.0,o5ew02030,3900.0,STIS/FUV-MAMA,GALAXY;QUASAR;LYMAN ALPHA CLOUD;HALO,8316,3,*Quasar*
WGAJ2153-1513,328.32975,-15.23669722222,1150.0,1730.0,o8p805010,503.0,STIS/FUV-MAMA,GALAXY;QSO;QUASAR,9858,3,*Quasar*
PHL1811,328.756375,-9.373444444444,1123.0,1710.0,o8d902020,2899.0,STIS/FUV-MAMA,GALAXY;QUASAR,9418,3,*Quasar*
NEWTDE,259.9825170684,41.68020627915,1150.0,1730.0,od8203060,820.0,STIS/FUV-MAMA,GALAXY;ACCRETION DISK;BLR;QUASAR,14781,3,*Quasar*
NEWTDE,259.9827041667,41.68036666667,1150.0,1730.0,od8206080,1044.0,STIS/FUV-MAMA,GALAXY;ACCRETION DISK;BLR;QUASAR,14781,3,*Quasar*
ASASSN-14KO,81.3253559435,-46.00567387641,1150.0,1730.0,oej801020,1601.0,STIS/FUV-MAMA,GALAXY;ACCRETION DISK;MULTIPLE NUCLEI;NUCLEUS;QUASAR,16498,3,*Quasar*
J0158-4325AB,29.67316777119,-43.41747628391,1150.0,1730.0,oex002060,1286.0,STIS/FUV-MAMA,GALAXY;GRAVITATIONAL LENS;QSO;QUASAR,17146,3,*Quasar*
J1355-2257AB,208.931,-22.95638888889,1150.0,1730.0,oex008010,1057.0,STIS/FUV-MAMA,GALAXY;GRAVITATIONAL LENS;QSO;QUASAR,17146,3,*Quasar*
ASASSN18JD,340.9286942574,-16.98559964594,1150.0,1730.0,odlw02050,820.0,STIS/FUV-MAMA,GALAXY;ACCRETION DISK;QUASAR,15312,3,*Quasar*
3C288-1,205.5552083333,60.36191666667,1150.0,1730.0,o53h01020,3107.0,STIS/FUV-MAMA,GALAXY;QUASAR,7356,3,*Quasar*
J0113+0106-JET,18.4213325,1.102366666667,1150.0,1730.0,oen902010,2108.156,STIS/FUV-MAMA,GALAXY;QUASAR;RADIO GALAXY;WIND,16728,3,*Quasar*
3C351,256.1732083333,60.74125,1123.0,1710.0,o57904060,2500.0,STIS/FUV-MAMA,GALAXY;QUASAR;;EXT-MEDIUM;ABSORPTION LINE SYSTEM - EXTRAGALACTIC,8015,3,*Quasar*
PG1116+215,169.78625,21.32172222222,1123.0,1710.0,o5a301010,1979.0,STIS/FUV-MAMA,GALAXY;QSO;QUASAR,8097,3,*Quasar*
3C249.1,166.057375,76.98282777778,1123.0,1710.0,o6e126030,3280.0,STIS/FUV-MAMA,GALAXY;QUASAR;;EXT-MEDIUM;ABSORPTION LINE SYSTEM,9184,3,*Quasar*
3C249.1,166.057375,76.98282777778,1123.0,1710.0,o6e125010,2328.0,STIS/FUV-MAMA,GALAXY;QUASAR;;EXT-MEDIUM;ABSORPTION LINE SYSTEM,9184,3,*Quasar*
3C249.1,166.057375,76.98282777778,1123.0,1710.0,o6e129020,3280.0,STIS/FUV-MAMA,GALAXY;QUASAR;;EXT-MEDIUM;ABSORPTION LINE SYSTEM,9184,3,*Quasar*
PHL1811,328.756375,-9.373444444444,1123.0,1710.0,o8d904020,2899.0,STIS/FUV-MAMA,GALAXY;QUASAR,9418,3,*Quasar*
RXSJ01004-5113,15.11295833333,-51.23172222222,1150.0,1730.0,o8p802020,425.0,STIS/FUV-MAMA,GALAXY;QSO;QUASAR,9858,3,*Quasar*
3C288-1,205.5552083333,60.36191666667,1150.0,1730.0,o53h01050,3107.0,STIS/FUV-MAMA,GALAXY;QUASAR,7356,3,*Quasar*
ASASSN18JD,340.9287447526,-16.98575290741,1150.0,1730.0,odlw07090,1042.0,STIS/FUV-MAMA,GALAXY;ACCRETION DISK;QUASAR,15312,3,*Quasar*
J0246-0825AB,41.64219415888,-8.426797583714,1150.0,1730.0,oex019020,940.0,STIS/FUV-MAMA,GALAXY;GRAVITATIONAL LENS;QSO;QUASAR,17146,3,*Quasar*
J1206+4322B-OFFSET,181.6236048045,43.53908987184,1150.0,1730.0,oex020020,990.0,STIS/FUV-MAMA,GALAXY;GRAVITATIONAL LENS;QSO;QUASAR,17146,3,*Quasar*
3C351,256.1732083333,60.74125,1123.0,1710.0,o57901070,2500.0,STIS/FUV-MAMA,GALAXY;QUASAR;;EXT-MEDIUM;ABSORPTION LINE SYSTEM - EXTRAGALACTIC,8015,3,*Quasar*
3C249.1,166.057375,76.98282777778,1123.0,1710.0,o6e126010,2328.0,STIS/FUV-MAMA,GALAXY;QUASAR;;EXT-MEDIUM;ABSORPTION LINE SYSTEM,9184,3,*Quasar*
WGAJ2153-1513,328.32975,-15.23669722222,1140.0,1740.0,o8p805030,602.0,STIS/FUV-MAMA,GALAXY;QSO;QUASAR,9858,3,*Quasar*
MRK478,220.5311666667,35.43959722222,1140.0,1740.0,o4ec14050,2977.0,STIS/FUV-MAMA,GALAXY;QUASAR,7345,3,*Quasar*
MRK926,346.1810416667,-8.685675,1140.0,1740.0,o4ec12040,2899.0,STIS/FUV-MAMA,GALAXY;QUASAR,7345,3,*Quasar*
MR2251-178,343.5244166667,-17.58202222222,1140.0,1740.0,o4ec03010,2301.0,STIS/FUV-MAMA,GALAXY;QUASAR,7345,3,*Quasar*
3C351,256.1732083333,60.74125,1123.0,1710.0,o579040a0,2230.0,STIS/FUV-MAMA,GALAXY;QUASAR;;EXT-MEDIUM;ABSORPTION LINE SYSTEM - EXTRAGALACTIC,8015,3,*Quasar*
3C249.1,166.057375,76.98282777778,1123.0,1710.0,o6e126020,3280.0,STIS/FUV-MAMA,GALAXY;QUASAR;;EXT-MEDIUM;ABSORPTION LINE SYSTEM,9184,3,*Quasar*
PKS0405-123,61.95175,-12.19333333333,1123.0,1710.0,o55s01040,2899.0,STIS/FUV-MAMA,GALAXY;QUASAR;;EXT-MEDIUM;ABSORPTION LINE SYSTEM - EXTRAGALACTIC;IGM,7576,3,*Quasar*
NEWTDE,259.9825695853,41.6799532664,1150.0,1730.0,od82060c0,1152.0,STIS/FUV-MAMA,GALAXY;ACCRETION DISK;BLR;QUASAR,14781,3,*Quasar*
J1355-2257AB,208.9307403742,-22.95646202207,1150.0,1730.0,oex009040,1246.0,STIS/FUV-MAMA,GALAXY;GRAVITATIONAL LENS;QSO;QUASAR,17146,3,*Quasar*
WGAJ2153-1513,328.32975,-15.23669722222,1140.0,1740.0,o8p805020,603.0,STIS/FUV-MAMA,GALAXY;QSO;QUASAR,9858,3,*Quasar*
B21425+26,216.898375,26.53716666667,1140.0,1740.0,o8s703040,2831.0,STIS/FUV-MAMA,GALAXY;QUASAR,9871,3,*Quasar*
B0312-770,47.98075,-76.86411111111,1123.0,1710.0,o65t13010,12650.0,STIS/FUV-MAMA,GALAXY;QUASAR,8651,3,*Quasar*
PKS1302-102,196.3874166667,-10.55568333333,1123.0,1710.0,o5bu61010,11079.0,STIS/FUV-MAMA,GALAXY;QUASAR,8306,3,*Quasar*
3C351,256.1732083333,60.74125,1123.0,1710.0,o57902020,2385.0,STIS/FUV-MAMA,GALAXY;QUASAR;;EXT-MEDIUM;ABSORPTION LINE SYSTEM - EXTRAGALACTIC,8015,3,*Quasar*
PG1211+143,183.5735833333,14.05333888889,1140.0,1740.0,o4ec08030,2899.0,STIS/FUV-MAMA,GALAXY;QUASAR,7345,3,*Quasar*
HE2149-2745AB,328.0310913547,-27.53054037907,1150.0,1730.0,oex003020,1061.0,STIS/FUV-MAMA,GALAXY;GRAVITATIONAL LENS;QSO;QUASAR,17146,3,*Quasar*
ASASSN-14KO,81.3254875,-46.00561944444,1150.0,1730.0,oej801010,1468.0,STIS/FUV-MAMA,GALAXY;ACCRETION DISK;MULTIPLE NUCLEI;NUCLEUS;QUASAR,16498,3,*Quasar*
B21425+26,216.898375,26.53716666667,1140.0,1740.0,o8s703020,2831.0,STIS/FUV-MAMA,GALAXY;QUASAR,9871,3,*Quasar*
NEWTDE,259.9827199167,41.68026095804,1150.0,1730.0,od82070e0,415.0,STIS/FUV-MAMA,GALAXY;ACCRETION DISK;BLR;QUASAR,14781,3,*Quasar*
PG0923+129,141.5136231642,12.73436920043,1150.0,1730.0,of9m17030,918.0,STIS/FUV-MAMA,GALAXY;QSO;QUASAR,17511,3,*Quasar*
ASASSN18JD,340.92865,-16.98569722222,1150.0,1730.0,odlw060d0,646.0,STIS/FUV-MAMA,GALAXY;ACCRETION DISK;QUASAR,15312,3,*Quasar*
PG1211+143,183.5735833333,14.05333888889,1123.0,1710.0,o61y06010,2418.0,STIS/FUV-MAMA,GALAXY;QUASAR;LYMAN ALPHA CLOUD,8571,3,*Quasar*
HE2149-2745AB,328.0311907306,-27.53039891494,1150.0,1730.0,oex003040,1250.0,STIS/FUV-MAMA,GALAXY;GRAVITATIONAL LENS;QSO;QUASAR,17146,3,*Quasar*
HE2149-2745AB,328.0311410427,-27.53046964701,1150.0,1730.0,oex003030,1250.0,STIS/FUV-MAMA,GALAXY;GRAVITATIONAL LENS;QSO;QUASAR,17146,3,*Quasar*
PKS1103-006,166.63225,-0.8815333333333,1150.0,1730.0,o4n304010,190.0,STIS/FUV-MAMA,GALAXY;QUASAR,7295,3,*Quasar*
MRK1383,217.2770833333,1.284861111111,1123.0,1710.0,o8pg02010,2404.0,STIS/FUV-MAMA,GALAXY;QUASAR,9778,3,*Quasar*
PKS0405-123,61.95175,-12.19333333333,1123.0,1710.0,o55s02050,2899.0,STIS/FUV-MAMA,GALAXY;QUASAR;;EXT-MEDIUM;ABSORPTION LINE SYSTEM - EXTRAGALACTIC;IGM,7576,3,*Quasar*
MRK1383,217.2770833333,1.284861111111,1123.0,1710.0,o8pg01010,2404.0,STIS/FUV-MAMA,GALAXY;QUASAR,9778,3,*Quasar*
PHL1811,328.756375,-9.373444444444,1123.0,1710.0,o8d901010,1957.0,STIS/FUV-MAMA,GALAXY;QUASAR,9418,3,*Quasar*
NEWTDE,259.9827041667,41.68036666667,1150.0,1730.0,od8204040,996.0,STIS/FUV-MAMA,GALAXY;ACCRETION DISK;BLR;QUASAR,14781,3,*Quasar*
ASASSN18JD,340.92865,-16.98569722222,1150.0,1730.0,odlw070d0,646.0,STIS/FUV-MAMA,GALAXY;ACCRETION DISK;QUASAR,15312,3,*Quasar*
3C351,256.1732083333,60.74125,1123.0,1710.0,o57903020,2385.0,STIS/FUV-MAMA,GALAXY;QUASAR;;EXT-MEDIUM;ABSORPTION LINE SYSTEM - EXTRAGALACTIC,8015,3,*Quasar*
PKS0405-123,61.95175,-12.19333333333,1123.0,1710.0,o55s01030,2899.0,STIS/FUV-MAMA,GALAXY;QUASAR;;EXT-MEDIUM;ABSORPTION LINE SYSTEM - EXTRAGALACTIC;IGM,7576,3,*Quasar*
MRK478,220.5311666667,35.43959722222,1140.0,1740.0,o4ec14040,1619.0,STIS/FUV-MAMA,GALAXY;QUASAR,7345,3,*Quasar*
J1355-2257AB,208.9306538322,-22.9564863997,1150.0,1730.0,oex009050,1246.0,STIS/FUV-MAMA,GALAXY;GRAVITATIONAL LENS;QSO;QUASAR,17146,3,*Quasar*
3C249.1,166.057375,76.98282777778,1123.0,1710.0,o6e129040,3280.0,STIS/FUV-MAMA,GALAXY;QUASAR;;EXT-MEDIUM;ABSORPTION LINE SYSTEM,9184,3,*Quasar*
3C351,256.1732083333,60.74125,1123.0,1710.0,o57901040,2500.0,STIS/FUV-MAMA,GALAXY;QUASAR;;EXT-MEDIUM;ABSORPTION LINE SYSTEM - EXTRAGALACTIC,8015,3,*Quasar*
MR2251-178,343.5244166667,-17.58202222222,1140.0,1740.0,o4ec03020,2897.0,STIS/FUV-MAMA,GALAXY;QUASAR,7345,3,*Quasar*
ASASSN-14KO,81.32522438674,-46.00572830822,1150.0,1730.0,oej801030,1732.0,STIS/FUV-MAMA,GALAXY;ACCRETION DISK;MULTIPLE NUCLEI;NUCLEUS;QUASAR,16498,3,*Quasar*
3C249.1,166.057375,76.98282777778,1123.0,1710.0,o6e130010,2328.0,STIS/FUV-MAMA,GALAXY;QUASAR;;EXT-MEDIUM;ABSORPTION LINE SYSTEM,9184,3,*Quasar*
ASASSN18JD,340.9286946132,-16.98559979428,1150.0,1730.0,odlw01020,338.0,STIS/FUV-MAMA,GALAXY;ACCRETION DISK;QUASAR,15312,3,*Quasar*
PKS2251+11,343.5434583333,11.61072222222,1140.0,1740.0,o8s706030,2830.0,STIS/FUV-MAMA,GALAXY;QUASAR,9871,3,*Quasar*
RXSJ01004-5113,15.11295833333,-51.23172222222,1140.0,1740.0,o8p802030,994.0,STIS/FUV-MAMA,GALAXY;QSO;QUASAR,9858,3,*Quasar*
MRK-142,156.380328516,51.67635256412,1150.0,1730.0,of9m12010,1004.0,STIS/FUV-MAMA,GALAXY;QSO;QUASAR,17511,3,*Quasar*
MARK1383,217.2767916667,1.284752777778,1140.0,1740.0,o4ec01010,2301.0,STIS/FUV-MAMA,GALAXY;QUASAR,7345,3,*Quasar*
ASASSN18JD,340.9289645773,-16.98559091822,1150.0,1730.0,odlw060b0,942.0,STIS/FUV-MAMA,GALAXY;ACCRETION DISK;QUASAR,15312,3,*Quasar*
PHL1811,328.756375,-9.373444444444,1123.0,1710.0,o8d904030,2899.0,STIS/FUV-MAMA,GALAXY;QUASAR,9418,3,*Quasar*
21145258+0607423,318.7191191667,6.128436111111,1150.0,1730.0,ocs001020,1095.0,STIS/FUV-MAMA,GALAXY;QUASAR,13948,3,*Quasar*
3C351,256.1732083333,60.74125,1123.0,1710.0,o57901060,2500.0,STIS/FUV-MAMA,GALAXY;QUASAR;;EXT-MEDIUM;ABSORPTION LINE SYSTEM - EXTRAGALACTIC,8015,3,*Quasar*
PKS2251+11,343.5434583333,11.61072222222,1140.0,1740.0,o8s706040,2830.0,STIS/FUV-MAMA,GALAXY;QUASAR,9871,3,*Quasar*
ASASSN18JD,340.92865,-16.98569722222,1150.0,1730.0,odlw01010,338.0,STIS/FUV-MAMA,GALAXY;ACCRETION DISK;QUASAR,15312,3,*Quasar*
NEWTDE,259.9826106174,41.68028647295,1150.0,1730.0,od8203050,820.0,STIS/FUV-MAMA,GALAXY;ACCRETION DISK;BLR;QUASAR,14781,3,*Quasar*
TON730,205.9863268745,25.64652399315,1140.0,1740.0,o5ew01020,2923.0,STIS/FUV-MAMA,GALAXY;QUASAR;LYMAN ALPHA CLOUD;HALO,8316,3,*Quasar*
PG1448+273,222.7865198963,27.15748880749,1150.0,1730.0,of9m07010,2083.0,STIS/FUV-MAMA,GALAXY;QSO;QUASAR,17511,3,*Quasar*
PG1448+273,222.7865155419,27.15753029364,1150.0,1730.0,of9m07020,1692.0,STIS/FUV-MAMA,GALAXY;QSO;QUASAR,17511,3,*Quasar*
AT2024TVD,257.6773841667,28.83751666667,1150.0,1730.0,ofgu01010,2063.0,STIS/FUV-MAMA,GALAXY;NUCLEUS;QUASAR,17767,3,*Quasar*
AT2024TVD,257.6773841667,28.83751666667,1150.0,1730.0,ofgu01020,2624.0,STIS/FUV-MAMA,GALAXY;NUCLEUS;QUASAR,17767,3,*Quasar*
AT2024TVD,257.6773841667,28.83751666667,1150.0,1730.0,ofgu01030,2624.0,STIS/FUV-MAMA,GALAXY;NUCLEUS;QUASAR,17767,3,*Quasar*
AT2024TVD,257.6773841667,28.83751666667,1150.0,1730.0,ofgu03020,2624.0,STIS/FUV-MAMA,GALAXY;NUCLEUS;QUASAR,17767,3,*Quasar*
PG1211+143,183.5736251107,14.05363896147,1150.0,1730.0,of9m64030,1118.0,STIS/FUV-MAMA,GALAXY;QSO;QUASAR,17511,3,*Quasar*
PG1211+143,183.5736655369,14.05365303996,1150.0,1730.0,of9m64040,1220.0,STIS/FUV-MAMA,GALAXY;QSO;QUASAR,17511,3,*Quasar*
PG1211+143,183.573705963,14.05366711845,1150.0,1730.0,of9m64050,1319.0,STIS/FUV-MAMA,GALAXY;QSO;QUASAR,17511,3,*Quasar*
QSO-B1115+080A,169.5706379167,7.766155555556,1150.0,1730.0,ofon01010,1952.185,STIS/FUV-MAMA,GALAXY;GRAVITATIONAL LENS;QSO;QUASAR,18083,3,*Quasar*
QSO-B1115+080A,169.5706379167,7.766155555556,1150.0,1730.0,ofon01030,2529.198625,STIS/FUV-MAMA,GALAXY;GRAVITATIONAL LENS;QSO;QUASAR,18083,3,*Quasar*
QSO-B1115+080A,169.5706379167,7.766155555556,1150.0,1730.0,ofon01020,2569.19825,STIS/FUV-MAMA,GALAXY;GRAVITATIONAL LENS;QSO;QUASAR,18083,3,*Quasar*
J035721.92-481215.2,59.341325,-48.20421111111,1605.0,3110.0,of8g32010,1964.0,STIS/NUV-MAMA,GALAXY;HALO;LYMAN ALPHA CLOUD;QSO;QUASAR,17517,3,*Quasar*
J002830.40-330549.0,7.1266875,-33.09701388889,1605.0,3110.0,of8g03010,1951.0,STIS/NUV-MAMA,GALAXY;HALO;LYMAN ALPHA CLOUD;QSO;QUASAR,17517,3,*Quasar*
3C288-1,205.5552083333,60.36191666667,1570.0,3180.0,o53h02020,3107.0,STIS/NUV-MAMA,GALAXY;QUASAR,7356,3,*Quasar*
3C288-1,205.5552083333,60.36191666667,1570.0,3180.0,o53h02030,3107.0,STIS/NUV-MAMA,GALAXY;QUASAR,7356,3,*Quasar*
MRC2156-245,329.8540247175,-24.29797069268,1570.0,3180.0,o59a10040,1380.0,STIS/NUV-MAMA,GALAXY;QUASAR,8225,3,*Quasar*
3C273,187.2777083333,2.052277777778,1570.0,3180.0,o5g045k0q,300.0,STIS/NUV-MAMA,GALAXY;QUASAR,8144,2,*Quasar*
4C+34.47,260.8365416667,34.29941666667,1570.0,3180.0,o5g077y3q,300.0,STIS/NUV-MAMA,GALAXY;QUASAR,8144,2,*Quasar*
PKS1739+18,265.529,18.455875,1570.0,3180.0,o65304020,2899.0,STIS/NUV-MAMA,GALAXY;QUASAR,8684,3,*Quasar*
B21701+37B,255.7819166667,37.85712777778,1570.0,3180.0,o66g29010,2404.0,STIS/NUV-MAMA,GALAXY;QUASAR;;EXT-MEDIUM;ABSORPTION LINE SYSTEM - EXTRAGALACTIC,8569,3,*Quasar*
4C56.28,284.6121666667,56.76560277778,1570.0,3180.0,o66g31010,4260.0,STIS/NUV-MAMA,GALAXY;QUASAR;;EXT-MEDIUM;ABSORPTION LINE SYSTEM - EXTRAGALACTIC,8569,3,*Quasar*
B20941+26,146.1764166667,25.91181388889,1570.0,3180.0,o66g15010,2139.8,STIS/NUV-MAMA,GALAXY;QUASAR;;EXT-MEDIUM;ABSORPTION LINE SYSTEM - EXTRAGALACTIC,8569,3,*Quasar*
MC0316-203,49.605,-20.20541388889,1570.0,3180.0,o66g06010,5016.0,STIS/NUV-MAMA,GALAXY;QUASAR;;EXT-MEDIUM;ABSORPTION LINE SYSTEM - EXTRAGALACTIC,8569,3,*Quasar*
3C68.1,38.12075,34.39627222222,1570.0,3180.0,o66g03010,2372.0,STIS/NUV-MAMA,GALAXY;QUASAR;;EXT-MEDIUM;ABSORPTION LINE SYSTEM - EXTRAGALACTIC,8569,3,*Quasar*
PKS0420-01,65.81566666667,-1.342794444444,1570.0,3180.0,o66g08010,2304.0,STIS/NUV-MAMA,GALAXY;QUASAR;;EXT-MEDIUM;ABSORPTION LINE SYSTEM - EXTRAGALACTIC,8569,3,*Quasar*
Q0729+818,114.764125,81.767125,1570.0,3180.0,o66g12010,2726.0,STIS/NUV-MAMA,GALAXY;QUASAR;;EXT-MEDIUM;ABSORPTION LINE SYSTEM - EXTRAGALACTIC,8569,3,*Quasar*
PKS0445+09,72.09033333333,9.847863888889,1570.0,3180.0,o66g10010,4958.0,STIS/NUV-MAMA,GALAXY;QUASAR;;EXT-MEDIUM;ABSORPTION LINE SYSTEM - EXTRAGALACTIC,8569,3,*Quasar*
PKS1243-072,191.5176666667,-7.512983333333,1570.0,3180.0,o6c701010,1997.0,STIS/NUV-MAMA,GALAXY;QUASAR,9076,3,*Quasar*
Q1331+170,203.3993333333,16.81751944444,1605.0,3110.0,o6cy06010,2097.0,STIS/NUV-MAMA,GALAXY;QUASAR,9172,3,*Quasar*
Q1331+170,203.3993333333,16.81751944444,1605.0,3110.0,o6cy06020,5794.0,STIS/NUV-MAMA,GALAXY;QUASAR,9172,3,*Quasar*
QSO-1108+3133,167.0054166667,31.55899444444,1570.0,3180.0,o6du15010,1100.0,STIS/NUV-MAMA,GALAXY;QUASAR,9051,3,*Quasar*
QSO-0102-0853,15.70650385402,-8.896075856312,1570.0,3180.0,o6du02020,1060.0,STIS/NUV-MAMA,GALAXY;QUASAR,9051,3,*Quasar*
QSO-0210-0152,32.66580310795,-1.870944535182,1570.0,3180.0,o6du05020,1090.0,STIS/NUV-MAMA,GALAXY;QUASAR,9051,3,*Quasar*
QSO-1103+3715,165.957125,37.25708333333,1570.0,3180.0,o6du13010,1100.0,STIS/NUV-MAMA,GALAXY;QUASAR,9051,3,*Quasar*
QSO-0806+5041,121.58525,50.69018333333,1570.0,3180.0,o6du09010,1100.0,STIS/NUV-MAMA,GALAXY;QUASAR,9051,3,*Quasar*
QSO-0948+4323,147.1502577885,43.3842439162,1570.0,3180.0,o6du10020,1233.0,STIS/NUV-MAMA,GALAXY;QUASAR,9051,3,*Quasar*
QSO-1110+3019,167.6677083333,30.31943055556,1570.0,3180.0,o6du16010,1100.0,STIS/NUV-MAMA,GALAXY;QUASAR,9051,3,*Quasar*
QSO-1110+3019,167.6670668698,30.31947559508,1570.0,3180.0,o6du16020,1136.0,STIS/NUV-MAMA,GALAXY;QUASAR,9051,3,*Quasar*
QSO-1614+4704,243.6438043289,47.0719413022,1570.0,3180.0,o6du22020,1269.0,STIS/NUV-MAMA,GALAXY;QUASAR,9051,3,*Quasar*
QSO-1715+4606,258.8853333333,46.11116388889,1570.0,3180.0,o6du25010,1100.0,STIS/NUV-MAMA,GALAXY;QUASAR,9051,3,*Quasar*
QSO-1715+4606,258.8845476409,46.1110545547,1570.0,3180.0,o6du25020,1237.0,STIS/NUV-MAMA,GALAXY;QUASAR,9051,3,*Quasar*
QSO-1637+2509,249.4797278857,25.15810597505,1570.0,3180.0,o6du23020,1100.0,STIS/NUV-MAMA,GALAXY;QUASAR,9051,3,*Quasar*
QSO-1637+2509,249.4801666667,25.15849444444,1570.0,3180.0,o6du23010,1100.0,STIS/NUV-MAMA,GALAXY;QUASAR,9051,3,*Quasar*
Q0952+179,148.7365147548,17.72527840908,1640.0,3100.0,o6mq21010,2700.0,STIS/NUV-MAMA,GALAXY;QUASAR,9441,3,*Quasar*
PKS1004+13,151.85875,12.81555555556,1570.0,3180.0,o6lr01010,2292.0,STIS/NUV-MAMA,GALAXY;QUASAR,9432,3,*Quasar*
ASASSN18JD,340.9287050173,-16.98560478792,1570.0,3180.0,odlw04020,0.0,STIS/NUV-MAMA,GALAXY;ACCRETION DISK;QUASAR,15312,3,*Quasar*
ASASSN18JD,340.9287600346,-16.98551235361,1570.0,3180.0,odlw04030,0.0,STIS/NUV-MAMA,GALAXY;ACCRETION DISK;QUASAR,15312,3,*Quasar*
ASASSN18JD,340.92865,-16.98569722222,1570.0,3180.0,odlw04010,0.0,STIS/NUV-MAMA,GALAXY;ACCRETION DISK;QUASAR,15312,3,*Quasar*
RM694,214.2778158333,51.72779444444,1570.0,3180.0,oeb612020,0.0,STIS/NUV-MAMA,GALAXY;QSO;QUASAR,16171,3,*Quasar*
RM694,214.2778158333,51.72779444444,1570.0,3180.0,oeb6za020,0.0,STIS/NUV-MAMA,GALAXY;QSO;QUASAR,16171,3,*Quasar*
J1206+4322B-OFFSET,181.6231595619,43.53909531126,1570.0,3180.0,oex016070,0.0,STIS/NUV-MAMA,GALAXY;GRAVITATIONAL LENS;QSO;QUASAR,17146,3,*Quasar*
J1206+4322B-OFFSET,181.6232730568,43.53908205948,1570.0,3180.0,oex016060,1286.0,STIS/NUV-MAMA,GALAXY;GRAVITATIONAL LENS;QSO;QUASAR,17146,3,*Quasar*
J1206+4322B-OFFSET,181.6233865516,43.53906880757,1570.0,3180.0,oex016050,1286.0,STIS/NUV-MAMA,GALAXY;GRAVITATIONAL LENS;QSO;QUASAR,17146,3,*Quasar*
J0246-0825AB,41.64226331778,-8.426845167416,1570.0,3180.0,oex013030,0.0,STIS/NUV-MAMA,GALAXY;GRAVITATIONAL LENS;QSO;QUASAR,17146,3,*Quasar*
J0246-0825AB,41.6423324767,-8.426892751105,1570.0,3180.0,oex013040,0.0,STIS/NUV-MAMA,GALAXY;GRAVITATIONAL LENS;QSO;QUASAR,17146,3,*Quasar*
J0246-0825AB,41.64226331778,-8.426845167416,1570.0,3180.0,oex012030,0.0,STIS/NUV-MAMA,GALAXY;GRAVITATIONAL LENS;QSO;QUASAR,17146,3,*Quasar*
J0246-0825AB,41.6423324767,-8.426892751105,1570.0,3180.0,oex012040,0.0,STIS/NUV-MAMA,GALAXY;GRAVITATIONAL LENS;QSO;QUASAR,17146,3,*Quasar*
J011422.12-412947.3,18.59217916667,-41.49646944444,1605.0,3110.0,of8g58010,0.0,STIS/NUV-MAMA,GALAXY;HALO;LYMAN ALPHA CLOUD;QSO;QUASAR,17517,3,*Quasar*
J011422.12-412947.3,18.59217916667,-41.49646944444,1605.0,3110.0,of8g57030,0.0,STIS/NUV-MAMA,GALAXY;HALO;LYMAN ALPHA CLOUD;QSO;QUASAR,17517,3,*Quasar*
J213553.20-531655.8,323.971675,-53.28217222222,1605.0,3110.0,of8g59020,2516.19825,STIS/NUV-MAMA,GALAXY;HALO;LYMAN ALPHA CLOUD;QSO;QUASAR,17517,3,*Quasar*
J011422.12-412947.3,18.59217916667,-41.49646944444,1605.0,3110.0,of8g57010,0.0,STIS/NUV-MAMA,GALAXY;HALO;LYMAN ALPHA CLOUD;QSO;QUASAR,17517,3,*Quasar*
J233913.22-552350.8,354.805075,-55.39745555556,1605.0,3110.0,of8g52020,0.0,STIS/NUV-MAMA,GALAXY;HALO;LYMAN ALPHA CLOUD;QSO;QUASAR,17517,3,*Quasar*
J233913.22-552350.8,354.805075,-55.39745555556,1605.0,3110.0,of8g52010,0.0,STIS/NUV-MAMA,GALAXY;HALO;LYMAN ALPHA CLOUD;QSO;QUASAR,17517,3,*Quasar*
J035721.92-481215.2,59.341325,-48.20421111111,1605.0,3110.0,of8g32020,0.0,STIS/NUV-MAMA,GALAXY;HALO;LYMAN ALPHA CLOUD;QSO;QUASAR,17517,3,*Quasar*
J035721.92-481215.2,59.341325,-48.20421111111,1605.0,3110.0,of8g31010,0.0,STIS/NUV-MAMA,GALAXY;HALO;LYMAN ALPHA CLOUD;QSO;QUASAR,17517,3,*Quasar*
J011422.12-412947.3,18.59217916667,-41.49646944444,1605.0,3110.0,of8g16010,0.0,STIS/NUV-MAMA,GALAXY;HALO;LYMAN ALPHA CLOUD;QSO;QUASAR,17517,3,*Quasar*
J011422.12-412947.3,18.59217916667,-41.49646944444,1605.0,3110.0,of8g15020,2491.19675,STIS/NUV-MAMA,GALAXY;HALO;LYMAN ALPHA CLOUD;QSO;QUASAR,17517,3,*Quasar*
J011422.12-412947.3,18.59217916667,-41.49646944444,1605.0,3110.0,of8g15010,1957.197625,STIS/NUV-MAMA,GALAXY;HALO;LYMAN ALPHA CLOUD;QSO;QUASAR,17517,3,*Quasar*
J213553.20-531655.8,323.971675,-53.28217222222,1605.0,3110.0,of8g41010,0.0,STIS/NUV-MAMA,GALAXY;HALO;LYMAN ALPHA CLOUD;QSO;QUASAR,17517,3,*Quasar*
J224500.21-493148.5,341.2508625,-49.53012777778,1605.0,3110.0,of8g42020,2498.199625,STIS/NUV-MAMA,GALAXY;HALO;LYMAN ALPHA CLOUD;QSO;QUASAR,17517,3,*Quasar*
J224500.21-493148.5,341.2508625,-49.53012777778,1605.0,3110.0,of8g42010,1964.19925,STIS/NUV-MAMA,GALAXY;HALO;LYMAN ALPHA CLOUD;QSO;QUASAR,17517,3,*Quasar*
J224500.21-493148.5,341.2508625,-49.53012777778,1605.0,3110.0,of8g42030,2498.19925,STIS/NUV-MAMA,GALAXY;HALO;LYMAN ALPHA CLOUD;QSO;QUASAR,17517,3,*Quasar*
SDSSJ080101.41+184840.7,120.2558660283,18.81134731962,1570.0,3180.0,of9m03030,883.0,STIS/NUV-MAMA,GALAXY;QSO;QUASAR,17511,3,*Quasar*
SDSSJ100402.61+285535.3,151.0109129726,28.92650655071,1570.0,3180.0,of9m01040,0.0,STIS/NUV-MAMA,GALAXY;QSO;QUASAR,17511,3,*Quasar*
SDSSJ100402.61+285535.3,151.0108758274,28.92648049031,1570.0,3180.0,of9m01030,0.0,STIS/NUV-MAMA,GALAXY;QSO;QUASAR,17511,3,*Quasar*
PG1048+342,162.9329682918,33.99078659088,1570.0,3180.0,of9m16060,0.0,STIS/NUV-MAMA,GALAXY;QSO;QUASAR,17511,3,*Quasar*
PG1048+342,162.9328815273,33.99074452849,1570.0,3180.0,of9m16040,0.0,STIS/NUV-MAMA,GALAXY;QSO;QUASAR,17511,3,*Quasar*
PG1048+342,162.9329249095,33.99076555969,1570.0,3180.0,of9m16050,1095.168,STIS/NUV-MAMA,GALAXY;QSO;QUASAR,17511,3,*Quasar*
PG1211+143,183.5736653446,14.05365351494,1570.0,3180.0,of9m14020,0.0,STIS/NUV-MAMA,GALAXY;QSO;QUASAR,17511,3,*Quasar*
PG1211+143,183.5736251002,14.05363895458,1570.0,3180.0,of9m14010,0.0,STIS/NUV-MAMA,GALAXY;QSO;QUASAR,17511,3,*Quasar*
J033307.08-410201.2,53.27948333333,-41.03365277778,1605.0,3110.0,of8g27030,1657.5485,STIS/NUV-MAMA,GALAXY;HALO;LYMAN ALPHA CLOUD;QSO;QUASAR,17517,3,*Quasar*
RM300,214.9212859587,53.61378350564,1570.0,3180.0,of7v12020,2670.19675,STIS/NUV-MAMA,GALAXY;QSO;QUASAR,17433,3,*Quasar*
PG1415+451,214.2534263719,44.93509480829,1570.0,3180.0,of9m13030,0.0,STIS/NUV-MAMA,GALAXY;QSO;QUASAR,17511,3,*Quasar*
PG1402+261,211.3175745624,25.92614440418,1570.0,3180.0,of9m08030,0.0,STIS/NUV-MAMA,GALAXY;QSO;QUASAR,17511,3,*Quasar*
PG1402+261,211.3175994019,25.92617957597,1570.0,3180.0,of9m08040,0.0,STIS/NUV-MAMA,GALAXY;QSO;QUASAR,17511,3,*Quasar*
PG1552+085,238.6857491258,8.372613958972,1570.0,3180.0,of9m10030,1090.0,STIS/NUV-MAMA,GALAXY;QSO;QUASAR,17511,3,*Quasar*
MRC0413-210,64.01820332805,-20.9408127486,1570.0,3180.0,o59a17040,1440.0,STIS/NUV-MAMA,GALAXY;QUASAR,8225,3,*Quasar*
RM720,211.3250879167,53.25833888889,1570.0,3180.0,oeb613010,2293.19925,STIS/NUV-MAMA,GALAXY;QSO;QUASAR,16171,3,*Quasar*
SDSSJ085946.35+274534.8,134.9431412238,27.75968333591,1570.0,3180.0,of7v09010,2105.19875,STIS/NUV-MAMA,GALAXY;QSO;QUASAR,17433,3,*Quasar*
J1206+4322A,181.6232730136,43.53824039281,1570.0,3180.0,oex016030,1483.0,STIS/NUV-MAMA,GALAXY;GRAVITATIONAL LENS;QSO;QUASAR,17146,3,*Quasar*
ASASSN18JD,340.9289342579,-16.98586427766,1570.0,3180.0,odlw07040,784.0,STIS/NUV-MAMA,GALAXY;ACCRETION DISK;QUASAR,15312,3,*Quasar*
MRC0413-210,64.01812333159,-20.94089499028,1570.0,3180.0,o59a17020,994.0,STIS/NUV-MAMA,GALAXY;QUASAR,8225,3,*Quasar*
MRC0135-247,24.40954748346,-24.51500252346,1570.0,3180.0,o59a15030,1419.0,STIS/NUV-MAMA,GALAXY;QUASAR,8225,3,*Quasar*
SDSSJ101000.68+300321.5,152.5027955443,30.05605026636,1570.0,3180.0,of9m05030,1318.0,STIS/NUV-MAMA,GALAXY;QSO;QUASAR,17511,3,*Quasar*
J233913.22-552350.8,354.805075,-55.39745555556,1605.0,3110.0,of8g61020,2524.19825,STIS/NUV-MAMA,GALAXY;HALO;LYMAN ALPHA CLOUD;QSO;QUASAR,17517,3,*Quasar*
RM746,214.3345814571,51.6756339388,1570.0,3180.0,of7v14010,2011.19725,STIS/NUV-MAMA,GALAXY;QSO;QUASAR,17433,3,*Quasar*
QSO-0744+3208,116.0718205187,32.13437571523,1570.0,3180.0,o6du06020,1056.0,STIS/NUV-MAMA,GALAXY;QUASAR,9051,3,*Quasar*
NEWTDE,259.9827356667,41.68015524941,1570.0,3180.0,od8207030,658.0,STIS/NUV-MAMA,GALAXY;ACCRETION DISK;BLR;QUASAR,14781,3,*Quasar*
NEWTDE,259.9826705212,41.68026331662,1570.0,3180.0,od8206020,630.0,STIS/NUV-MAMA,GALAXY;ACCRETION DISK;BLR;QUASAR,14781,3,*Quasar*
ASASSN18JD,340.9289645773,-16.98559091822,1570.0,3180.0,odlw06040,784.0,STIS/NUV-MAMA,GALAXY;ACCRETION DISK;QUASAR,15312,3,*Quasar*
RM305,212.517805,52.52805555556,1570.0,3180.0,oeb608010,2233.199625,STIS/NUV-MAMA,GALAXY;QSO;QUASAR,16171,3,*Quasar*
2MASX-J05210136-2521450,80.25598236469,-25.36273947403,1570.0,3180.0,ocug02040,2956.0,STIS/NUV-MAMA,GALAXY;INTERACTING GALAXY;NUCLEUS;QUASAR;STARBURST;ULTRALUMINOUS IR GAL,14184,3,*Quasar*
Q1331+170,203.3993333333,16.81751944444,1605.0,3110.0,o6cy04020,5794.0,STIS/NUV-MAMA,GALAXY;QUASAR,9172,3,*Quasar*
HE2149-2745AB,328.0310913547,-27.53054037907,1570.0,3180.0,oex004020,1061.0,STIS/NUV-MAMA,GALAXY;GRAVITATIONAL LENS;QSO;QUASAR,17146,3,*Quasar*
J1206+4322B-OFFSET,181.6235000463,43.53905555556,1570.0,3180.0,oex016040,1090.0,STIS/NUV-MAMA,GALAXY;GRAVITATIONAL LENS;QSO;QUASAR,17146,3,*Quasar*
J224500.21-493148.5,341.2508625,-49.53012777778,1605.0,3110.0,of8g46010,1964.198125,STIS/NUV-MAMA,GALAXY;HALO;LYMAN ALPHA CLOUD;QSO;QUASAR,17517,3,*Quasar*
J011139.17-031610.9,17.9132125,-3.269691666667,1605.0,3110.0,of8g11010,1957.1945,STIS/NUV-MAMA,GALAXY;HALO;LYMAN ALPHA CLOUD;QSO;QUASAR,17517,3,*Quasar*
RM746,214.3345814571,51.67563393881,1570.0,3180.0,of7v14020,2670.19925,STIS/NUV-MAMA,GALAXY;QSO;QUASAR,17433,3,*Quasar*
J0246-0825AB,41.64219498786,-8.426796382508,1570.0,3180.0,oex018020,939.0,STIS/NUV-MAMA,GALAXY;GRAVITATIONAL LENS;QSO;QUASAR,17146,3,*Quasar*
RM782,213.3290041667,54.534,1570.0,3180.0,oeb616010,2293.199,STIS/NUV-MAMA,GALAXY;QSO;QUASAR,16171,3,*Quasar*
RM177,214.35246,52.50691388889,1570.0,3180.0,oeb6z3010,2173.199125,STIS/NUV-MAMA,GALAXY;QSO;QUASAR,16171,3,*Quasar*
MRC0413-210,64.01816332983,-20.94085386945,1570.0,3180.0,o59a17030,1419.0,STIS/NUV-MAMA,GALAXY;QUASAR,8225,3,*Quasar*
MRC1208-277,182.6823671882,-27.983146873,1570.0,3180.0,o59a02040,1440.0,STIS/NUV-MAMA,GALAXY;QUASAR,8225,3,*Quasar*
MRC0413-210,64.01808333333,-20.94093611111,1570.0,3180.0,o59a17010,1200.0,STIS/NUV-MAMA,GALAXY;QUASAR,8225,3,*Quasar*
MRC1208-277,182.6824253477,-27.98312569314,1570.0,3180.0,o59a02030,1436.0,STIS/NUV-MAMA,GALAXY;QUASAR,8225,3,*Quasar*
MRC1349-265,208.0427984389,-26.82459873506,1570.0,3180.0,o59a06030,1436.0,STIS/NUV-MAMA,GALAXY;QUASAR,8225,3,*Quasar*
MRC0135-247,24.409625,-24.51491666667,1570.0,3180.0,o59a15010,1200.0,STIS/NUV-MAMA,GALAXY;QUASAR,8225,3,*Quasar*
QSO-0208-0503,32.01256809097,-5.050547469056,1570.0,3180.0,o6du04020,1050.0,STIS/NUV-MAMA,GALAXY;QUASAR,9051,3,*Quasar*
QSO-0141-0024,25.345875,-0.4060222222222,1570.0,3180.0,o6du03010,1080.0,STIS/NUV-MAMA,GALAXY;QUASAR,9051,3,*Quasar*
QSO-1017+5356,154.427254035,53.94286052195,1570.0,3180.0,o6du12020,3113.0,STIS/NUV-MAMA,GALAXY;QUASAR,9051,3,*Quasar*
ASASSN18JD,340.9287548592,-16.98566178761,1570.0,3180.0,odlw06070,370.0,STIS/NUV-MAMA,GALAXY;ACCRETION DISK;QUASAR,15312,3,*Quasar*
2MASX-J05210136-2521450,80.25588284892,-25.36263362594,1570.0,3180.0,ocug02030,2956.0,STIS/NUV-MAMA,GALAXY;INTERACTING GALAXY;NUCLEUS;QUASAR;STARBURST;ULTRALUMINOUS IR GAL,14184,3,*Quasar*
NEWTDE,259.9827514166,41.68004954078,1570.0,3180.0,od8207040,686.0,STIS/NUV-MAMA,GALAXY;ACCRETION DISK;BLR;QUASAR,14781,3,*Quasar*
NEWTDE,259.9827199167,41.68026095804,1570.0,3180.0,od8207020,630.0,STIS/NUV-MAMA,GALAXY;ACCRETION DISK;BLR;QUASAR,14781,3,*Quasar*
MRC2156-245,329.854,-24.29780555556,1570.0,3180.0,o59a10010,1150.0,STIS/NUV-MAMA,GALAXY;QUASAR,8225,3,*Quasar*
J0246-0825AB,41.64226497574,-8.426842765004,1570.0,3180.0,oex018030,1179.0,STIS/NUV-MAMA,GALAXY;GRAVITATIONAL LENS;QSO;QUASAR,17146,3,*Quasar*
J035721.92-481215.2,59.341325,-48.20421111111,1605.0,3110.0,of8g28030,2498.197875,STIS/NUV-MAMA,GALAXY;HALO;LYMAN ALPHA CLOUD;QSO;QUASAR,17517,3,*Quasar*
J011035.51-164827.7,17.6479625,-16.80769444444,1605.0,3110.0,of8g07010,1957.196125,STIS/NUV-MAMA,GALAXY;HALO;LYMAN ALPHA CLOUD;QSO;QUASAR,17517,3,*Quasar*
J011139.17-031610.9,17.9132125,-3.269691666667,1605.0,3110.0,of8g13020,2491.230875,STIS/NUV-MAMA,GALAXY;HALO;LYMAN ALPHA CLOUD;QSO;QUASAR,17517,3,*Quasar*
RM622,212.8132808333,51.86916388889,1570.0,3180.0,oeb611010,2173.19925,STIS/NUV-MAMA,GALAXY;QSO;QUASAR,16171,3,*Quasar*
RM229,212.575185,53.49374444444,1570.0,3180.0,oeb6z4020,2913.199125,STIS/NUV-MAMA,GALAXY;QSO;QUASAR,16171,3,*Quasar*
Q0952+179,148.7365653921,17.72530597644,1640.0,3100.0,o6mq10030,2897.0,STIS/NUV-MAMA,GALAXY;QUASAR,9441,3,*Quasar*
HE2149-2745AB,328.0310416667,-27.53061111111,1570.0,3180.0,oex004010,1061.0,STIS/NUV-MAMA,GALAXY;GRAVITATIONAL LENS;QSO;QUASAR,17146,3,*Quasar*
FIRST-J164928.9+304652,252.3702916667,30.78122222222,1570.0,3180.0,o5da05010,1974.0,STIS/NUV-MAMA,GALAXY;QUASAR;LYMAN ALPHA CLOUD,8266,3,*Quasar*
PG1114+445,169.2767916667,44.22605555556,1640.0,3100.0,o8s701030,2896.0,STIS/NUV-MAMA,GALAXY;QUASAR,9871,3,*Quasar*
SDSSJ074352.02+271239.5,115.9667766556,27.21097497783,1570.0,3180.0,of9m04030,718.0,STIS/NUV-MAMA,GALAXY;QSO;QUASAR,17511,3,*Quasar*
J011035.51-164827.7,17.6479625,-16.80769444444,1605.0,3110.0,of8g05010,1957.1985,STIS/NUV-MAMA,GALAXY;HALO;LYMAN ALPHA CLOUD;QSO;QUASAR,17517,3,*Quasar*
MRC1349-265,208.0428575528,-26.82458131199,1570.0,3180.0,o59a06020,1003.0,STIS/NUV-MAMA,GALAXY;QUASAR,8225,3,*Quasar*
PKS1556-245,239.9225833333,-24.71083333333,1570.0,3180.0,o66g27010,5057.0,STIS/NUV-MAMA,GALAXY;QUASAR;;EXT-MEDIUM;ABSORPTION LINE SYSTEM - EXTRAGALACTIC,8569,3,*Quasar*
QSO-1527+2452,231.7573333333,24.88045,1570.0,3180.0,o6du20010,1100.0,STIS/NUV-MAMA,GALAXY;QUASAR,9051,3,*Quasar*
PKS1127-145,172.529375,-14.82416666667,1605.0,3110.0,o6es03020,5798.0,STIS/NUV-MAMA,GALAXY;QUASAR,9173,3,*Quasar*
MRC1202-262,181.3881888337,-26.56771800317,1570.0,3180.0,o59a01020,965.0,STIS/NUV-MAMA,GALAXY;QUASAR,8225,3,*Quasar*
PKS2212-299,333.8168333333,-29.73989166667,1570.0,3180.0,o66g35010,2376.0,STIS/NUV-MAMA,GALAXY;QUASAR;;EXT-MEDIUM;ABSORPTION LINE SYSTEM - EXTRAGALACTIC,8569,3,*Quasar*
Q0738+313,115.2946321844,31.1999810558,1640.0,3100.0,o6mq04020,2945.0,STIS/NUV-MAMA,GALAXY;QUASAR,9441,3,*Quasar*
Q0952+179,148.7366160294,17.72533354378,1640.0,3100.0,o6mq11030,2897.0,STIS/NUV-MAMA,GALAXY;QUASAR,9441,3,*Quasar*
PG1404+226,211.5912087214,22.39625262982,1570.0,3180.0,of9m06010,969.0,STIS/NUV-MAMA,GALAXY;QSO;QUASAR,17511,3,*Quasar*
J011422.12-412947.3,18.59217916667,-41.49646944444,1605.0,3110.0,of8g67010,1971.19775,STIS/NUV-MAMA,GALAXY;HALO;LYMAN ALPHA CLOUD;QSO;QUASAR,17517,3,*Quasar*
J233913.22-552350.8,354.805075,-55.39745555556,1605.0,3110.0,of8g51030,2512.197875,STIS/NUV-MAMA,GALAXY;HALO;LYMAN ALPHA CLOUD;QSO;QUASAR,17517,3,*Quasar*
NEWTDE,259.9827041667,41.68036666667,1570.0,3180.0,od8207060,343.0,STIS/NUV-MAMA,GALAXY;ACCRETION DISK;BLR;QUASAR,14781,3,*Quasar*
2MASX-J05210136-2521450,80.25598236469,-25.36273947403,1570.0,3180.0,ocug01040,2956.0,STIS/NUV-MAMA,GALAXY;INTERACTING GALAXY;NUCLEUS;QUASAR;STARBURST;ULTRALUMINOUS IR GAL,14184,3,*Quasar*
2MASX-J05210136-2521450,80.25578333333,-25.36252777778,1570.0,3180.0,ocug01020,2979.0,STIS/NUV-MAMA,GALAXY;INTERACTING GALAXY;NUCLEUS;QUASAR;STARBURST;ULTRALUMINOUS IR GAL,14184,3,*Quasar*
MC1554-203,239.3383333333,-20.48701111111,1570.0,3180.0,o66g26010,2321.0,STIS/NUV-MAMA,GALAXY;QUASAR;;EXT-MEDIUM;ABSORPTION LINE SYSTEM - EXTRAGALACTIC,8569,3,*Quasar*
Q1331+170,203.3993333333,16.81751944444,1605.0,3110.0,o6cy04010,2097.0,STIS/NUV-MAMA,GALAXY;QUASAR,9172,3,*Quasar*
PKS2149+21,327.9409583333,21.50375,1570.0,3180.0,o66g34010,2333.0,STIS/NUV-MAMA,GALAXY;QUASAR;;EXT-MEDIUM;ABSORPTION LINE SYSTEM - EXTRAGALACTIC,8569,3,*Quasar*
QSO-0948+4323,147.1496666667,43.38389166667,1570.0,3180.0,o6du10010,1100.0,STIS/NUV-MAMA,GALAXY;QUASAR,9051,3,*Quasar*
ASASSN18JD,340.9290694364,-16.98555548345,1570.0,3180.0,odlw06050,784.0,STIS/NUV-MAMA,GALAXY;ACCRETION DISK;QUASAR,15312,3,*Quasar*
21145258+0607423,318.7191191667,6.128436111111,1570.0,3180.0,ocs001010,920.0,STIS/NUV-MAMA,GALAXY;QUASAR,13948,3,*Quasar*
2MASX-J05210136-2521450,80.25588284892,-25.36263362594,1570.0,3180.0,ocug01030,2956.0,STIS/NUV-MAMA,GALAXY;INTERACTING GALAXY;NUCLEUS;QUASAR;STARBURST;ULTRALUMINOUS IR GAL,14184,3,*Quasar*
Q1331+170,203.3991666667,16.81737222222,1605.0,3110.0,o56m01010,2076.0,STIS/NUV-MAMA,GALAXY;QUASAR,7271,3,*Quasar*
MRC1217-209,185.0914166667,-21.22099444444,1570.0,3180.0,o59a03010,1150.0,STIS/NUV-MAMA,GALAXY;QUASAR,8225,3,*Quasar*
PKS1127-145,172.529375,-14.82416666667,1605.0,3110.0,o6es06020,5798.0,STIS/NUV-MAMA,GALAXY;QUASAR,9173,3,*Quasar*
J045415.95-611626.6,73.56646666667,-61.27404444444,1605.0,3110.0,of8g39010,1988.198125,STIS/NUV-MAMA,GALAXY;HALO;LYMAN ALPHA CLOUD;QSO;QUASAR,17517,3,*Quasar*
J011035.51-164827.7,17.6479625,-16.80769444444,1605.0,3110.0,of8g08020,2491.19875,STIS/NUV-MAMA,GALAXY;HALO;LYMAN ALPHA CLOUD;QSO;QUASAR,17517,3,*Quasar*
J042053.91-565044.0,65.2246125,-56.84554444444,1605.0,3110.0,of8g36010,1978.193,STIS/NUV-MAMA,GALAXY;HALO;LYMAN ALPHA CLOUD;QSO;QUASAR,17517,3,*Quasar*
ASASSN-14KO,81.3254875,-46.00561944444,1570.0,3180.0,oei804010,414.0,STIS/NUV-MAMA,GALAXY;ACCRETION DISK;MULTIPLE NUCLEI;NUCLEUS;QUASAR,16451,3,*Quasar*
SDSSJ074352.02+271239.5,115.9667401062,27.21094890925,1570.0,3180.0,of9m04040,718.0,STIS/NUV-MAMA,GALAXY;QSO;QUASAR,17511,3,*Quasar*
J213553.20-531655.8,323.971675,-53.28217222222,1605.0,3110.0,of8g41020,2504.1995,STIS/NUV-MAMA,GALAXY;HALO;LYMAN ALPHA CLOUD;QSO;QUASAR,17517,3,*Quasar*
NEWTDE,259.9827671664,41.67994383214,1570.0,3180.0,od8207050,686.0,STIS/NUV-MAMA,GALAXY;ACCRETION DISK;BLR;QUASAR,14781,3,*Quasar*
ASASSN18JD,340.9287625106,-16.98528561,1570.0,3180.0,odlw05050,960.0,STIS/NUV-MAMA,GALAXY;ACCRETION DISK;QUASAR,15312,3,*Quasar*
ASASSN18JD,340.9286942574,-16.98559964594,1570.0,3180.0,odlw02020,618.0,STIS/NUV-MAMA,GALAXY;ACCRETION DISK;QUASAR,15312,3,*Quasar*
PKS1739+18,265.529,18.455875,1570.0,3180.0,o65304010,2368.0,STIS/NUV-MAMA,GALAXY;QUASAR,8684,3,*Quasar*
PKS1318+11,200.3286666667,11.1136,1570.0,3180.0,o66g22010,2304.0,STIS/NUV-MAMA,GALAXY;QUASAR;;EXT-MEDIUM;ABSORPTION LINE SYSTEM - EXTRAGALACTIC,8569,3,*Quasar*
Q0738+313,115.2947298867,31.20005427845,1640.0,3100.0,o6mq04010,2389.0,STIS/NUV-MAMA,GALAXY;QUASAR,9441,3,*Quasar*
J002830.40-330549.0,7.1266875,-33.09701388889,1605.0,3110.0,of8g01030,2485.197,STIS/NUV-MAMA,GALAXY;HALO;LYMAN ALPHA CLOUD;QSO;QUASAR,17517,3,*Quasar*
PG1519+226,230.3094452435,22.46219169798,1570.0,3180.0,of9m15050,1228.0,STIS/NUV-MAMA,GALAXY;QSO;QUASAR,17511,3,*Quasar*
J033307.08-410201.2,53.27948333333,-41.03365277778,1605.0,3110.0,of8g27010,1959.197375,STIS/NUV-MAMA,GALAXY;HALO;LYMAN ALPHA CLOUD;QSO;QUASAR,17517,3,*Quasar*
RM316,215.2184938603,52.93955279916,1570.0,3180.0,of7v13010,2151.195875,STIS/NUV-MAMA,GALAXY;QSO;QUASAR,17433,3,*Quasar*
J011035.51-164827.7,17.6479625,-16.80769444444,1605.0,3110.0,of8g08010,1957.199375,STIS/NUV-MAMA,GALAXY;HALO;LYMAN ALPHA CLOUD;QSO;QUASAR,17517,3,*Quasar*
J045415.95-611626.6,73.56646666667,-61.27404444444,1605.0,3110.0,of8g38020,2520.199,STIS/NUV-MAMA,GALAXY;HALO;LYMAN ALPHA CLOUD;QSO;QUASAR,17517,3,*Quasar*
RM300,214.9212859587,53.61378350563,1570.0,3180.0,of7v12010,2051.1975,STIS/NUV-MAMA,GALAXY;QSO;QUASAR,17433,3,*Quasar*
J011035.51-164827.7,17.6479625,-16.80769444444,1605.0,3110.0,of8g06020,2491.198125,STIS/NUV-MAMA,GALAXY;HALO;LYMAN ALPHA CLOUD;QSO;QUASAR,17517,3,*Quasar*
RM320,215.160505,53.40458333333,1570.0,3180.0,oeb6z9010,2053.19875,STIS/NUV-MAMA,GALAXY;QSO;QUASAR,16171,3,*Quasar*
Q0952+179,148.736717304,17.72538867843,1640.0,3100.0,o6mq11020,2897.0,STIS/NUV-MAMA,GALAXY;QUASAR,9441,3,*Quasar*
MRK-142,156.3803956985,51.6763533061,1570.0,3180.0,of9m12050,325.0,STIS/NUV-MAMA,GALAXY;QSO;QUASAR,17511,3,*Quasar*
PG1100+772,166.0570001882,76.98283056802,1570.0,3180.0,of9m18010,784.0,STIS/NUV-MAMA,GALAXY;QSO;QUASAR,17511,3,*Quasar*
J224500.21-493148.5,341.2508625,-49.53012777778,1605.0,3110.0,of8g43010,1964.199875,STIS/NUV-MAMA,GALAXY;HALO;LYMAN ALPHA CLOUD;QSO;QUASAR,17517,3,*Quasar*
J042053.91-565044.0,65.2246125,-56.84554444444,1605.0,3110.0,of8g36030,2512.1985,STIS/NUV-MAMA,GALAXY;HALO;LYMAN ALPHA CLOUD;QSO;QUASAR,17517,3,*Quasar*
J224500.21-493148.5,341.2508625,-49.53012777778,1605.0,3110.0,of8g55020,2498.196375,STIS/NUV-MAMA,GALAXY;HALO;LYMAN ALPHA CLOUD;QSO;QUASAR,17517,3,*Quasar*
J233913.22-552350.8,354.805075,-55.39745555556,1605.0,3110.0,of8g51010,1978.19725,STIS/NUV-MAMA,GALAXY;HALO;LYMAN ALPHA CLOUD;QSO;QUASAR,17517,3,*Quasar*
J035721.92-481215.2,59.341325,-48.20421111111,1605.0,3110.0,of8g29020,2498.1995,STIS/NUV-MAMA,GALAXY;HALO;LYMAN ALPHA CLOUD;QSO;QUASAR,17517,3,*Quasar*
J024806.29-404833.7,42.02619166667,-40.80935,1605.0,3110.0,of8g25010,1959.19925,STIS/NUV-MAMA,GALAXY;HALO;LYMAN ALPHA CLOUD;QSO;QUASAR,17517,3,*Quasar*
J011139.17-031610.9,17.9132125,-3.269691666667,1605.0,3110.0,of8g10020,2491.1985,STIS/NUV-MAMA,GALAXY;HALO;LYMAN ALPHA CLOUD;QSO;QUASAR,17517,3,*Quasar*
J011956.09-201022.7,19.9837125,-20.17298055556,1605.0,3110.0,of8g20030,2490.19925,STIS/NUV-MAMA,GALAXY;HALO;LYMAN ALPHA CLOUD;QSO;QUASAR,17517,3,*Quasar*
ASASSN-14KO,81.3254875,-46.00561944444,1570.0,3180.0,oei802010,336.0,STIS/NUV-MAMA,GALAXY;ACCRETION DISK;MULTIPLE NUCLEI;NUCLEUS;QUASAR,16451,3,*Quasar*
MRC1222-293,186.2555413822,-29.6388720943,1570.0,3180.0,o59a04030,1436.0,STIS/NUV-MAMA,GALAXY;QUASAR,8225,3,*Quasar*
MRC1222-293,186.2554787399,-29.63888314141,1570.0,3180.0,o59a04040,1440.0,STIS/NUV-MAMA,GALAXY;QUASAR,8225,3,*Quasar*
2MASX-J05210136-2521450,80.25578333333,-25.36252777778,1570.0,3180.0,ocug01010,2337.0,STIS/NUV-MAMA,GALAXY;INTERACTING GALAXY;NUCLEUS;QUASAR;STARBURST;ULTRALUMINOUS IR GAL,14184,3,*Quasar*
QSO-1137+3907,174.2895899511,39.12376902519,1570.0,3180.0,o6du17020,1160.0,STIS/NUV-MAMA,GALAXY;QUASAR,9051,3,*Quasar*
Q0738+313,115.2946338691,31.19997934271,1640.0,3100.0,o6mq03010,2374.0,STIS/NUV-MAMA,GALAXY;QUASAR,9441,3,*Quasar*
Q1331+170,203.3993333333,16.81751944444,1605.0,3110.0,o6cy02010,2097.0,STIS/NUV-MAMA,GALAXY;QUASAR,9172,3,*Quasar*
QSO-1537+3358,234.3785989806,33.97733944011,1570.0,3180.0,o6du21020,1136.0,STIS/NUV-MAMA,GALAXY;QUASAR,9051,3,*Quasar*
Q0952+179,148.7367679414,17.72541624573,1640.0,3100.0,o6mq09010,2313.0,STIS/NUV-MAMA,GALAXY;QUASAR,9441,3,*Quasar*
MRC1224-262,186.6669607275,-26.50033417003,1570.0,3180.0,o59a05030,1277.0,STIS/NUV-MAMA,GALAXY;QUASAR,8225,3,*Quasar*
MRC0450-221,73.18654166667,-22.02224722222,1570.0,3180.0,o59a19010,1200.0,STIS/NUV-MAMA,GALAXY;QUASAR,8225,3,*Quasar*
MRC2136-251,324.8052916667,-24.90413611111,1570.0,3180.0,o59a09010,1200.0,STIS/NUV-MAMA,GALAXY;QUASAR,8225,3,*Quasar*
MRC2255-282,344.5251462052,-27.97248936288,1570.0,3180.0,o59a11020,1023.0,STIS/NUV-MAMA,GALAXY;QUASAR,8225,3,*Quasar*
MRC1355-236,209.636375,-23.87261944444,1570.0,3180.0,o59a07010,1200.0,STIS/NUV-MAMA,GALAXY;QUASAR,8225,3,*Quasar*
J042053.91-565044.0,65.2246125,-56.84554444444,1605.0,3110.0,of8g36020,2512.1995,STIS/NUV-MAMA,GALAXY;HALO;LYMAN ALPHA CLOUD;QSO;QUASAR,17517,3,*Quasar*
J002830.40-330549.0,7.1266875,-33.09701388889,1605.0,3110.0,of8g02020,2485.199375,STIS/NUV-MAMA,GALAXY;HALO;LYMAN ALPHA CLOUD;QSO;QUASAR,17517,3,*Quasar*
HE2149-2745AB,328.0311907306,-27.53039891494,1570.0,3180.0,oex004040,1250.0,STIS/NUV-MAMA,GALAXY;GRAVITATIONAL LENS;QSO;QUASAR,17146,3,*Quasar*
ASASSN18JD,340.9286781277,-16.98559431917,1570.0,3180.0,odlw05020,750.0,STIS/NUV-MAMA,GALAXY;ACCRETION DISK;QUASAR,15312,3,*Quasar*
21145258+0607423,318.7191191667,6.128436111111,1570.0,3180.0,ocs002010,920.0,STIS/NUV-MAMA,GALAXY;QUASAR,13948,3,*Quasar*
MRC1224-262,186.6670220304,-26.50032541836,1570.0,3180.0,o59a05020,965.0,STIS/NUV-MAMA,GALAXY;QUASAR,8225,3,*Quasar*
ASASSN18JD,340.9288597183,-16.98562635294,1570.0,3180.0,odlw06030,767.0,STIS/NUV-MAMA,GALAXY;ACCRETION DISK;QUASAR,15312,3,*Quasar*
PKS1629+120,247.93825,11.93421388889,1570.0,3180.0,o66g28010,2304.0,STIS/NUV-MAMA,GALAXY;QUASAR;;EXT-MEDIUM;ABSORPTION LINE SYSTEM - EXTRAGALACTIC,8569,3,*Quasar*
ASASSN18JD,340.92865,-16.98569722222,1570.0,3180.0,odlw01030,338.0,STIS/NUV-MAMA,GALAXY;ACCRETION DISK;QUASAR,15312,3,*Quasar*
J015454.68-071222.2,28.72784166667,-7.206158333333,1605.0,3110.0,of8g22010,1957.19775,STIS/NUV-MAMA,GALAXY;HALO;LYMAN ALPHA CLOUD;QSO;QUASAR,17517,3,*Quasar*
J024806.29-404833.7,42.02619166667,-40.80935,1605.0,3110.0,of8g25020,2491.1995,STIS/NUV-MAMA,GALAXY;HALO;LYMAN ALPHA CLOUD;QSO;QUASAR,17517,3,*Quasar*
QSO-1537+3358,234.37925,33.97720833333,1570.0,3180.0,o6du21010,1100.0,STIS/NUV-MAMA,GALAXY;QUASAR,9051,3,*Quasar*
ASASSN18JD,340.92865,-16.98569722222,1570.0,3180.0,odlw05010,750.0,STIS/NUV-MAMA,GALAXY;ACCRETION DISK;QUASAR,15312,3,*Quasar*
J0246-0825AB,41.64233496364,-8.426889147488,1570.0,3180.0,oex018040,1178.0,STIS/NUV-MAMA,GALAXY;GRAVITATIONAL LENS;QSO;QUASAR,17146,3,*Quasar*
J224500.21-493148.5,341.2508625,-49.53012777778,1605.0,3110.0,of8g55010,1964.19875,STIS/NUV-MAMA,GALAXY;HALO;LYMAN ALPHA CLOUD;QSO;QUASAR,17517,3,*Quasar*
J230837.80-525848.9,347.1574833333,-52.98026111111,1605.0,3110.0,of8g47010,1970.197,STIS/NUV-MAMA,GALAXY;HALO;LYMAN ALPHA CLOUD;QSO;QUASAR,17517,3,*Quasar*
PG1519+226,230.309486533,22.4622084358,1570.0,3180.0,of9m15060,1324.0,STIS/NUV-MAMA,GALAXY;QSO;QUASAR,17511,3,*Quasar*
J011422.12-412947.3,18.59217916667,-41.49646944444,1605.0,3110.0,of8g17010,2020.19775,STIS/NUV-MAMA,GALAXY;HALO;LYMAN ALPHA CLOUD;QSO;QUASAR,17517,3,*Quasar*
MRC0450-221,73.18656710949,-22.02219692214,1570.0,3180.0,o59a19020,1002.0,STIS/NUV-MAMA,GALAXY;QUASAR,8225,3,*Quasar*
Q0952+179,148.7366666667,17.72536111111,1640.0,3100.0,o6mq09020,2736.0,STIS/NUV-MAMA,GALAXY;QUASAR,9441,3,*Quasar*
Q0952+179,148.7365600611,17.72531600724,1640.0,3100.0,o6mq30010,2700.0,STIS/NUV-MAMA,GALAXY;QUASAR,9441,3,*Quasar*
PKS0252-549,43.371625,-54.69753611111,1570.0,3180.0,o6mz1h010,900.0,STIS/NUV-MAMA,GALAXY;QUASAR,9507,3,*Quasar*
J011139.17-031610.9,17.9132125,-3.269691666667,1605.0,3110.0,of8g13010,1957.19725,STIS/NUV-MAMA,GALAXY;HALO;LYMAN ALPHA CLOUD;QSO;QUASAR,17517,3,*Quasar*
MRC0123-226,21.56233720717,-22.3760458821,1570.0,3180.0,o59a14030,1260.0,STIS/NUV-MAMA,GALAXY;QUASAR,8225,3,*Quasar*
PG1116+215,169.78625,21.32172222222,1605.0,3110.0,o5a302050,1550.0,STIS/NUV-MAMA,GALAXY;QSO;QUASAR,8097,3,*Quasar*
MRC0327-241,52.47539651662,-23.9524909718,1570.0,3180.0,o59a16030,1260.0,STIS/NUV-MAMA,GALAXY;QUASAR,8225,3,*Quasar*
MRC0106-233,17.26221810237,-23.12513697115,1570.0,3180.0,o59a13040,1380.0,STIS/NUV-MAMA,GALAXY;QUASAR,8225,3,*Quasar*
MRC2136-251,324.8053188716,-24.90408633607,1570.0,3180.0,o59a09020,998.0,STIS/NUV-MAMA,GALAXY;QUASAR,8225,3,*Quasar*
Q0952+179,148.7365653921,17.72530597644,1640.0,3100.0,o6mq09030,2736.0,STIS/NUV-MAMA,GALAXY;QUASAR,9441,3,*Quasar*
J035721.92-481215.2,59.341325,-48.20421111111,1605.0,3110.0,of8g30030,2498.199,STIS/NUV-MAMA,GALAXY;HALO;LYMAN ALPHA CLOUD;QSO;QUASAR,17517,3,*Quasar*
3C288-1,205.5552083333,60.36191666667,1570.0,3180.0,o53h02010,2350.0,STIS/NUV-MAMA,GALAXY;QUASAR,7356,3,*Quasar*
Q1331+170,203.3993333333,16.81751944444,1605.0,3110.0,o6cy02020,5794.0,STIS/NUV-MAMA,GALAXY;QUASAR,9172,3,*Quasar*
RM301,215.0426929167,52.67489722222,1570.0,3180.0,oeb607020,2913.198875,STIS/NUV-MAMA,GALAXY;QSO;QUASAR,16171,3,*Quasar*
RM301,215.0426929167,52.67489722222,1570.0,3180.0,oeb607010,2013.199125,STIS/NUV-MAMA,GALAXY;QSO;QUASAR,16171,3,*Quasar*
NEWTDE,259.9827041667,41.68036666667,1570.0,3180.0,od8206010,630.0,STIS/NUV-MAMA,GALAXY;ACCRETION DISK;BLR;QUASAR,14781,3,*Quasar*
J230837.80-525848.9,347.1574833333,-52.98026111111,1605.0,3110.0,of8g48030,2516.19775,STIS/NUV-MAMA,GALAXY;HALO;LYMAN ALPHA CLOUD;QSO;QUASAR,17517,3,*Quasar*
J011139.17-031610.9,17.9132125,-3.269691666667,1605.0,3110.0,of8g10010,1957.1975,STIS/NUV-MAMA,GALAXY;HALO;LYMAN ALPHA CLOUD;QSO;QUASAR,17517,3,*Quasar*
J0246-0825AB,41.642125,-8.42675,1570.0,3180.0,oex012010,957.0,STIS/NUV-MAMA,GALAXY;GRAVITATIONAL LENS;QSO;QUASAR,17146,3,*Quasar*
MRC0106-233,17.26225651272,-23.12509409188,1570.0,3180.0,o59a13030,1260.0,STIS/NUV-MAMA,GALAXY;QUASAR,8225,3,*Quasar*
MRC0123-226,21.56225,-22.37596944444,1570.0,3180.0,o59a14010,1150.0,STIS/NUV-MAMA,GALAXY;QUASAR,8225,3,*Quasar*
RM272,214.1071191667,53.9107,1570.0,3180.0,oeb606010,2293.1995,STIS/NUV-MAMA,GALAXY;QSO;QUASAR,16171,3,*Quasar*
ASASSN-14KO,81.3254875,-46.00561944444,1570.0,3180.0,oei801010,414.0,STIS/NUV-MAMA,GALAXY;ACCRETION DISK;MULTIPLE NUCLEI;NUCLEUS;QUASAR,16451,3,*Quasar*
J233913.22-552350.8,354.805075,-55.39745555556,1605.0,3110.0,of8g51020,2512.1985,STIS/NUV-MAMA,GALAXY;HALO;LYMAN ALPHA CLOUD;QSO;QUASAR,17517,3,*Quasar*
MRC2136-251,324.8053460764,-24.90403656103,1570.0,3180.0,o59a09030,1419.0,STIS/NUV-MAMA,GALAXY;QUASAR,8225,3,*Quasar*
MRC1202-262,181.38825,-26.56770833333,1570.0,3180.0,o59a01010,1150.0,STIS/NUV-MAMA,GALAXY;QUASAR,8225,3,*Quasar*
MRC0327-241,52.47534409166,-23.95251909702,1570.0,3180.0,o59a16020,1008.0,STIS/NUV-MAMA,GALAXY;QUASAR,8225,3,*Quasar*
MRC0030-220,8.186228713481,-21.7394311026,1570.0,3180.0,o59a12020,978.0,STIS/NUV-MAMA,GALAXY;QUASAR,8225,3,*Quasar*
MRC1359-281,210.5094190173,-28.37376812443,1570.0,3180.0,o59a08030,1436.0,STIS/NUV-MAMA,GALAXY;QUASAR,8225,3,*Quasar*
MRC1202-262,181.3881276674,-26.56772767298,1570.0,3180.0,o59a01030,1277.0,STIS/NUV-MAMA,GALAXY;QUASAR,8225,3,*Quasar*
J002830.40-330549.0,7.1266875,-33.09701388889,1605.0,3110.0,of8g02030,2485.19525,STIS/NUV-MAMA,GALAXY;HALO;LYMAN ALPHA CLOUD;QSO;QUASAR,17517,3,*Quasar*
J011422.12-412947.3,18.59217916667,-41.49646944444,1605.0,3110.0,of8g67020,2460.199375,STIS/NUV-MAMA,GALAXY;HALO;LYMAN ALPHA CLOUD;QSO;QUASAR,17517,3,*Quasar*
J011422.12-412947.3,18.59217916667,-41.49646944444,1605.0,3110.0,of8g16030,2503.19325,STIS/NUV-MAMA,GALAXY;HALO;LYMAN ALPHA CLOUD;QSO;QUASAR,17517,3,*Quasar*
AT2018ZF,291.8312083333,65.56511111111,1570.0,3180.0,odwda1010,2583.0,STIS/NUV-MAMA,GALAXY;ACCRETION DISK;BLR;NUCLEUS;QUASAR;SEYFERT,15604,3,*Quasar*
ASASSN18JD,340.92865,-16.98569722222,1570.0,3180.0,odlw03010,618.0,STIS/NUV-MAMA,GALAXY;ACCRETION DISK;QUASAR,15312,3,*Quasar*
Q1331+170,203.3993333333,16.81751944444,1605.0,3110.0,o6cy05020,5794.0,STIS/NUV-MAMA,GALAXY;QUASAR,9172,3,*Quasar*
J213553.20-531655.8,323.971675,-53.28217222222,1605.0,3110.0,of8g64010,2035.198875,STIS/NUV-MAMA,GALAXY;HALO;LYMAN ALPHA CLOUD;QSO;QUASAR,17517,3,*Quasar*
PG0923+129,141.5136231642,12.73436920043,1570.0,3180.0,of9m17010,310.0,STIS/NUV-MAMA,GALAXY;QSO;QUASAR,17511,3,*Quasar*
J024806.29-404833.7,42.02619166667,-40.80935,1605.0,3110.0,of8g63020,2503.19875,STIS/NUV-MAMA,GALAXY;HALO;LYMAN ALPHA CLOUD;QSO;QUASAR,17517,3,*Quasar*
HE2149-2745AB,328.0311410427,-27.53046964701,1570.0,3180.0,oex004030,1250.0,STIS/NUV-MAMA,GALAXY;GRAVITATIONAL LENS;QSO;QUASAR,17146,3,*Quasar*
TEX2048+196,312.8026666667,19.835275,1570.0,3180.0,o66g33010,2332.0,STIS/NUV-MAMA,GALAXY;QUASAR;;EXT-MEDIUM;ABSORPTION LINE SYSTEM - EXTRAGALACTIC,8569,3,*Quasar*
ASASSN-14KO,81.32539493103,-46.00570417078,1570.0,3180.0,oei801020,414.0,STIS/NUV-MAMA,GALAXY;ACCRETION DISK;MULTIPLE NUCLEI;NUCLEUS;QUASAR,16451,3,*Quasar*
PG1519+226,230.3094039539,22.46217496015,1570.0,3180.0,of9m15040,970.0,STIS/NUV-MAMA,GALAXY;QSO;QUASAR,17511,3,*Quasar*
J224500.21-493148.5,341.2508625,-49.53012777778,1605.0,3110.0,of8g45010,1964.198875,STIS/NUV-MAMA,GALAXY;HALO;LYMAN ALPHA CLOUD;QSO;QUASAR,17517,3,*Quasar*
PKS1127-145,172.529375,-14.82416666667,1605.0,3110.0,o6es04020,5798.0,STIS/NUV-MAMA,GALAXY;QUASAR,9173,3,*Quasar*
J011422.12-412947.3,18.59217916667,-41.49646944444,1605.0,3110.0,of8g16020,2503.19825,STIS/NUV-MAMA,GALAXY;HALO;LYMAN ALPHA CLOUD;QSO;QUASAR,17517,3,*Quasar*
J015454.68-071222.2,28.72784166667,-7.206158333333,1605.0,3110.0,of8g22030,2491.199,STIS/NUV-MAMA,GALAXY;HALO;LYMAN ALPHA CLOUD;QSO;QUASAR,17517,3,*Quasar*
0957+561A,150.3364166667,55.89863888889,1570.0,3180.0,o5f302010,1902.8,STIS/NUV-MAMA,GALAXY;QUASAR;;EXT-MEDIUM;ABSORPTION LINE SYSTEM - EXTRAGALACTIC;DAMPED LYMAN ALPHA CLOUD,8336,3,*Quasar*
PKS1127-145,172.529375,-14.82416666667,1605.0,3110.0,o6es07020,2899.0,STIS/NUV-MAMA,GALAXY;QUASAR,9173,3,*Quasar*
RM840,214.188125,54.42798611111,1570.0,3180.0,oeb618010,2293.197875,STIS/NUV-MAMA,GALAXY;QSO;QUASAR,16171,3,*Quasar*
ASASSN18JD,340.92865,-16.98569722222,1570.0,3180.0,odlw02010,618.0,STIS/NUV-MAMA,GALAXY;ACCRETION DISK;QUASAR,15312,3,*Quasar*
J011422.12-412947.3,18.59217916667,-41.49646944444,1605.0,3110.0,of8g17030,2503.197625,STIS/NUV-MAMA,GALAXY;HALO;LYMAN ALPHA CLOUD;QSO;QUASAR,17517,3,*Quasar*
J011139.17-031610.9,17.9132125,-3.269691666667,1605.0,3110.0,of8g11030,2491.197875,STIS/NUV-MAMA,GALAXY;HALO;LYMAN ALPHA CLOUD;QSO;QUASAR,17517,3,*Quasar*
RM320,215.160505,53.40458333333,1570.0,3180.0,oeb6z9020,2913.198625,STIS/NUV-MAMA,GALAXY;QSO;QUASAR,16171,3,*Quasar*
MRC1217-209,185.0912982969,-21.22100748454,1570.0,3180.0,o59a03030,1260.0,STIS/NUV-MAMA,GALAXY;QUASAR,8225,3,*Quasar*
Q0952+179,148.7367732723,17.72540621493,1640.0,3100.0,o6mq30030,2700.0,STIS/NUV-MAMA,GALAXY;QUASAR,9441,3,*Quasar*
Q0738+313,115.2946800373,31.2000186304,1640.0,3100.0,o6mq05010,2389.0,STIS/NUV-MAMA,GALAXY;QUASAR,9441,3,*Quasar*
J035721.92-481215.2,59.341325,-48.20421111111,1605.0,3110.0,of8g31020,2498.19975,STIS/NUV-MAMA,GALAXY;HALO;LYMAN ALPHA CLOUD;QSO;QUASAR,17517,3,*Quasar*
J011422.12-412947.3,18.59217916667,-41.49646944444,1605.0,3110.0,of8g15030,2491.197375,STIS/NUV-MAMA,GALAXY;HALO;LYMAN ALPHA CLOUD;QSO;QUASAR,17517,3,*Quasar*
J033307.08-410201.2,53.27948333333,-41.03365277778,1605.0,3110.0,of8g26020,2491.19875,STIS/NUV-MAMA,GALAXY;HALO;LYMAN ALPHA CLOUD;QSO;QUASAR,17517,3,*Quasar*
ASASSN-14KO,81.32530236177,-46.00578889704,1570.0,3180.0,oei801030,414.0,STIS/NUV-MAMA,GALAXY;ACCRETION DISK;MULTIPLE NUCLEI;NUCLEUS;QUASAR,16451,3,*Quasar*
MRC1208-277,182.6825416667,-27.98308333333,1570.0,3180.0,o59a02010,1200.0,STIS/NUV-MAMA,GALAXY;QUASAR,8225,3,*Quasar*
MRC1217-209,185.0913574818,-21.2210009645,1570.0,3180.0,o59a03020,948.0,STIS/NUV-MAMA,GALAXY;QUASAR,8225,3,*Quasar*
MRC1222-293,186.2556040245,-29.63886104716,1570.0,3180.0,o59a04020,1003.0,STIS/NUV-MAMA,GALAXY;QUASAR,8225,3,*Quasar*
Q0738+313,115.2944866295,31.19987025841,1640.0,3100.0,o6mq05030,2945.0,STIS/NUV-MAMA,GALAXY;QUASAR,9441,3,*Quasar*
RM694,214.2778158333,51.72779444444,1570.0,3180.0,oeb6za010,2013.199375,STIS/NUV-MAMA,GALAXY;QSO;QUASAR,16171,3,*Quasar*
J233913.22-552350.8,354.805075,-55.39745555556,1605.0,3110.0,of8g53020,2512.19975,STIS/NUV-MAMA,GALAXY;HALO;LYMAN ALPHA CLOUD;QSO;QUASAR,17517,3,*Quasar*
PG1440+356,220.5311314234,35.43970551632,1570.0,3180.0,of9m11010,255.0,STIS/NUV-MAMA,GALAXY;QSO;QUASAR,17511,3,*Quasar*
J0246-0825AB,41.64219415888,-8.426797583714,1570.0,3180.0,oex012020,957.0,STIS/NUV-MAMA,GALAXY;GRAVITATIONAL LENS;QSO;QUASAR,17146,3,*Quasar*
ASASSN-14KO,81.32563495141,-46.00580588838,1570.0,3180.0,oei804030,414.0,STIS/NUV-MAMA,GALAXY;ACCRETION DISK;MULTIPLE NUCLEI;NUCLEUS;QUASAR,16451,3,*Quasar*
MARK679,215.8588333333,32.87252222222,1570.0,3180.0,o66g24010,2376.0,STIS/NUV-MAMA,GALAXY;QUASAR;;EXT-MEDIUM;ABSORPTION LINE SYSTEM - EXTRAGALACTIC,8569,3,*Quasar*
Q1331+170,203.3993333333,16.81751944444,1605.0,3110.0,o6cy07010,2097.0,STIS/NUV-MAMA,GALAXY;QUASAR,9172,3,*Quasar*
QSO-1707+3615,256.6416265216,36.2527168073,1570.0,3180.0,o6du24020,1168.0,STIS/NUV-MAMA,GALAXY;QUASAR,9051,3,*Quasar*
NEWTDE,259.9827041667,41.68036666667,1570.0,3180.0,od8204010,962.0,STIS/NUV-MAMA,GALAXY;ACCRETION DISK;BLR;QUASAR,14781,3,*Quasar*
J015454.68-071222.2,28.72784166667,-7.206158333333,1605.0,3110.0,of8g24010,1957.200125,STIS/NUV-MAMA,GALAXY;HALO;LYMAN ALPHA CLOUD;QSO;QUASAR,17517,3,*Quasar*
J011139.17-031610.9,17.9132125,-3.269691666667,1605.0,3110.0,of8g10030,2491.197125,STIS/NUV-MAMA,GALAXY;HALO;LYMAN ALPHA CLOUD;QSO;QUASAR,17517,3,*Quasar*
J011422.12-412947.3,18.59217916667,-41.49646944444,1605.0,3110.0,of8g17020,2503.199875,STIS/NUV-MAMA,GALAXY;HALO;LYMAN ALPHA CLOUD;QSO;QUASAR,17517,3,*Quasar*
J002830.40-330549.0,7.1266875,-33.09701388889,1605.0,3110.0,of8g03020,2485.1965,STIS/NUV-MAMA,GALAXY;HALO;LYMAN ALPHA CLOUD;QSO;QUASAR,17517,3,*Quasar*
J011035.51-164827.7,17.6479625,-16.80769444444,1605.0,3110.0,of8g06010,1957.195125,STIS/NUV-MAMA,GALAXY;HALO;LYMAN ALPHA CLOUD;QSO;QUASAR,17517,3,*Quasar*
MRC0123-226,21.56238081079,-22.37608410091,1570.0,3180.0,o59a14040,1380.0,STIS/NUV-MAMA,GALAXY;QUASAR,8225,3,*Quasar*
QSO-1103+3715,165.9564270162,37.2570797964,1570.0,3180.0,o6du13020,1088.0,STIS/NUV-MAMA,GALAXY;QUASAR,9051,3,*Quasar*
PKS1127-145,172.529375,-14.82416666667,1605.0,3110.0,o6es04010,2099.0,STIS/NUV-MAMA,GALAXY;QUASAR,9173,3,*Quasar*
Q0738+313,115.2945833333,31.19994444444,1640.0,3100.0,o6mq05020,2945.0,STIS/NUV-MAMA,GALAXY;QUASAR,9441,3,*Quasar*
J1206+4322B-OFFSET,181.6230460671,43.53910856294,1570.0,3180.0,oex016080,1286.0,STIS/NUV-MAMA,GALAXY;GRAVITATIONAL LENS;QSO;QUASAR,17146,3,*Quasar*
PG0923+129,141.5136610564,12.7343884373,1570.0,3180.0,of9m17020,310.0,STIS/NUV-MAMA,GALAXY;QSO;QUASAR,17511,3,*Quasar*
MRC0030-220,8.186269473732,-21.73932664112,1570.0,3180.0,o59a12040,1440.0,STIS/NUV-MAMA,GALAXY;QUASAR,8225,3,*Quasar*
Q1331+170,203.3993333333,16.81751944444,1605.0,3110.0,o6cy03010,2097.0,STIS/NUV-MAMA,GALAXY;QUASAR,9172,3,*Quasar*
PKS1127-145,172.529375,-14.82416666667,1605.0,3110.0,o6es05010,2099.0,STIS/NUV-MAMA,GALAXY;QUASAR,9173,3,*Quasar*
PKS2251+11,343.5434583333,11.61072222222,1640.0,3100.0,o8s706050,2830.0,STIS/NUV-MAMA,GALAXY;QUASAR,9871,3,*Quasar*
ASASSN-14KO,81.32568548399,-46.00578173985,1570.0,3180.0,oei802030,338.0,STIS/NUV-MAMA,GALAXY;ACCRETION DISK;MULTIPLE NUCLEI;NUCLEUS;QUASAR,16451,3,*Quasar*
RM371,212.8475820833,52.22546666667,1570.0,3180.0,oeb610010,2233.199625,STIS/NUV-MAMA,GALAXY;QSO;QUASAR,16171,3,*Quasar*
RM772,215.3995908333,52.527475,1570.0,3180.0,oeb614010,2293.199625,STIS/NUV-MAMA,GALAXY;QSO;QUASAR,16171,3,*Quasar*
PKS1127-145,172.529375,-14.82416666667,1605.0,3110.0,o6es06010,2099.0,STIS/NUV-MAMA,GALAXY;QUASAR,9173,3,*Quasar*
J002830.40-330549.0,7.1266875,-33.09701388889,1605.0,3110.0,of8g01020,2485.195875,STIS/NUV-MAMA,GALAXY;HALO;LYMAN ALPHA CLOUD;QSO;QUASAR,17517,3,*Quasar*
MRC0327-241,52.47544894156,-23.95246284656,1570.0,3180.0,o59a16040,1380.0,STIS/NUV-MAMA,GALAXY;QUASAR,8225,3,*Quasar*
MRC0327-241,52.47529166667,-23.95254722222,1570.0,3180.0,o59a16010,1150.0,STIS/NUV-MAMA,GALAXY;QUASAR,8225,3,*Quasar*
Q1331+170,203.3991666667,16.81737222222,1605.0,3110.0,o56m01020,5794.0,STIS/NUV-MAMA,GALAXY;QUASAR,7271,3,*Quasar*
PKS1127-145,172.529375,-14.82416666667,1605.0,3110.0,o6es01010,2099.0,STIS/NUV-MAMA,GALAXY;QUASAR,9173,3,*Quasar*
PKS1127-145,172.529375,-14.82416666667,1605.0,3110.0,o6es03010,2099.0,STIS/NUV-MAMA,GALAXY;QUASAR,9173,3,*Quasar*
ASASSN18JD,340.9290290106,-16.98591996271,1570.0,3180.0,odlw07050,784.0,STIS/NUV-MAMA,GALAXY;ACCRETION DISK;QUASAR,15312,3,*Quasar*
3C48,24.42201475774,33.15917266367,1640.0,3100.0,o6ji04030,2945.0,STIS/NUV-MAMA,GALAXY;QUASAR,9280,3,*Quasar*
Q0952+179,148.7366666667,17.72536111111,1640.0,3100.0,o6mq10020,2897.0,STIS/NUV-MAMA,GALAXY;QUASAR,9441,3,*Quasar*
PKS1127-145,172.529375,-14.82416666667,1605.0,3110.0,o6es02020,5798.0,STIS/NUV-MAMA,GALAXY;QUASAR,9173,3,*Quasar*
PKS1127-145,172.529375,-14.82416666667,1605.0,3110.0,o6es05020,5798.0,STIS/NUV-MAMA,GALAXY;QUASAR,9173,3,*Quasar*
Q1331+170,203.3993333333,16.81751944444,1605.0,3110.0,o6cy03020,5794.0,STIS/NUV-MAMA,GALAXY;QUASAR,9172,3,*Quasar*
PG1322+659,200.9562279768,65.69670269601,1570.0,3180.0,of9m09040,784.0,STIS/NUV-MAMA,GALAXY;QSO;QUASAR,17511,3,*Quasar*
J213553.20-531655.8,323.971675,-53.28217222222,1605.0,3110.0,of8g40010,1972.19825,STIS/NUV-MAMA,GALAXY;HALO;LYMAN ALPHA CLOUD;QSO;QUASAR,17517,3,*Quasar*
J0246-0825AB,41.64219498786,-8.426796382508,1570.0,3180.0,oex017020,939.0,STIS/NUV-MAMA,GALAXY;GRAVITATIONAL LENS;QSO;QUASAR,17146,3,*Quasar*
J011956.09-201022.7,19.9837125,-20.17298055556,1605.0,3110.0,of8g21010,1958.199125,STIS/NUV-MAMA,GALAXY;HALO;LYMAN ALPHA CLOUD;QSO;QUASAR,17517,3,*Quasar*
QSO-1707+3615,256.642125,36.25233333333,1570.0,3180.0,o6du24010,1100.0,STIS/NUV-MAMA,GALAXY;QUASAR,9051,3,*Quasar*
QSO-1137+3907,174.2896666667,39.12321666667,1570.0,3180.0,o6du17010,1100.0,STIS/NUV-MAMA,GALAXY;QUASAR,9051,3,*Quasar*
PG1404+226,211.5912515584,22.39626557162,1570.0,3180.0,of9m06020,969.0,STIS/NUV-MAMA,GALAXY;QSO;QUASAR,17511,3,*Quasar*
J224500.21-493148.5,341.2508625,-49.53012777778,1605.0,3110.0,of8g54010,1964.1975,STIS/NUV-MAMA,GALAXY;HALO;LYMAN ALPHA CLOUD;QSO;QUASAR,17517,3,*Quasar*
J011956.09-201022.7,19.9837125,-20.17298055556,1605.0,3110.0,of8g56020,2502.1975,STIS/NUV-MAMA,GALAXY;HALO;LYMAN ALPHA CLOUD;QSO;QUASAR,17517,3,*Quasar*
J224500.21-493148.5,341.2508625,-49.53012777778,1605.0,3110.0,of8g44010,719.099625,STIS/NUV-MAMA,GALAXY;HALO;LYMAN ALPHA CLOUD;QSO;QUASAR,17517,3,*Quasar*
J045415.95-611626.6,73.56646666667,-61.27404444444,1605.0,3110.0,of8g38010,1988.19625,STIS/NUV-MAMA,GALAXY;HALO;LYMAN ALPHA CLOUD;QSO;QUASAR,17517,3,*Quasar*
MRC2156-245,329.8540082391,-24.29786060127,1570.0,3180.0,o59a10020,948.0,STIS/NUV-MAMA,GALAXY;QUASAR,8225,3,*Quasar*
NEWTDE,259.9826368758,41.68015996655,1570.0,3180.0,od8206030,658.0,STIS/NUV-MAMA,GALAXY;ACCRETION DISK;BLR;QUASAR,14781,3,*Quasar*
NEWTDE,259.9826705212,41.68026331662,1570.0,3180.0,od8206070,321.0,STIS/NUV-MAMA,GALAXY;ACCRETION DISK;BLR;QUASAR,14781,3,*Quasar*
VV2006-J095632.5+512824,149.1353608333,51.47327222222,1570.0,3180.0,oe3003010,2316.0,STIS/NUV-MAMA,GALAXY;QSO;QUASAR,15872,3,*Quasar*
FIRST-J164928.9+304652,252.3702916667,30.78122222222,1570.0,3180.0,o5da06020,11788.0,STIS/NUV-MAMA,GALAXY;QUASAR;LYMAN ALPHA CLOUD,8266,3,*Quasar*
ASASSN18JD,340.9287447526,-16.98575290741,1570.0,3180.0,odlw07020,750.0,STIS/NUV-MAMA,GALAXY;ACCRETION DISK;QUASAR,15312,3,*Quasar*
J035721.92-481215.2,59.341325,-48.20421111111,1605.0,3110.0,of8g60010,2027.1995,STIS/NUV-MAMA,GALAXY;HALO;LYMAN ALPHA CLOUD;QSO;QUASAR,17517,3,*Quasar*
J011035.51-164827.7,17.6479625,-16.80769444444,1605.0,3110.0,of8g06030,2491.198125,STIS/NUV-MAMA,GALAXY;HALO;LYMAN ALPHA CLOUD;QSO;QUASAR,17517,3,*Quasar*
J011422.12-412947.3,18.59217916667,-41.49646944444,1605.0,3110.0,of8g58020,2503.198125,STIS/NUV-MAMA,GALAXY;HALO;LYMAN ALPHA CLOUD;QSO;QUASAR,17517,3,*Quasar*
J224500.21-493148.5,341.2508625,-49.53012777778,1605.0,3110.0,of8g46030,2498.19875,STIS/NUV-MAMA,GALAXY;HALO;LYMAN ALPHA CLOUD;QSO;QUASAR,17517,3,*Quasar*
3C48,24.42208333333,33.15944444444,1640.0,3100.0,o6ji04020,2945.0,STIS/NUV-MAMA,GALAXY;QUASAR,9280,3,*Quasar*
PG1116+215,169.78625,21.32172222222,1605.0,3110.0,o5a302040,2882.0,STIS/NUV-MAMA,GALAXY;QSO;QUASAR,8097,3,*Quasar*
MRC1222-293,186.2556666667,-29.63885,1570.0,3180.0,o59a04010,1200.0,STIS/NUV-MAMA,GALAXY;QUASAR,8225,3,*Quasar*
J035721.92-481215.2,59.341325,-48.20421111111,1605.0,3110.0,of8g30020,2498.19875,STIS/NUV-MAMA,GALAXY;HALO;LYMAN ALPHA CLOUD;QSO;QUASAR,17517,3,*Quasar*
RM798,213.011972012,52.34057692693,1570.0,3180.0,of7v15020,2670.196625,STIS/NUV-MAMA,GALAXY;QSO;QUASAR,17433,3,*Quasar*
SDSSJ075051.72+245409.3,117.7154999774,24.90259699412,1570.0,3180.0,of9m02010,1100.0,STIS/NUV-MAMA,GALAXY;QSO;QUASAR,17511,3,*Quasar*
RM790,214.3719641667,53.30737222222,1570.0,3180.0,oeb617010,2293.199875,STIS/NUV-MAMA,GALAXY;QSO;QUASAR,16171,3,*Quasar*
ASASSN18JD,340.9287516927,-16.98550803478,1570.0,3180.0,odlw03030,618.0,STIS/NUV-MAMA,GALAXY;ACCRETION DISK;QUASAR,15312,3,*Quasar*
PKS1243-072,191.5176666667,-7.512983333333,1570.0,3180.0,o6c701020,2901.0,STIS/NUV-MAMA,GALAXY;QUASAR,9076,3,*Quasar*
PG1116+215,169.78625,21.32172222222,1605.0,3110.0,o5a302030,1215.0,STIS/NUV-MAMA,GALAXY;QSO;QUASAR,8097,3,*Quasar*
J035721.92-481215.2,59.341325,-48.20421111111,1605.0,3110.0,of8g29010,1964.198625,STIS/NUV-MAMA,GALAXY;HALO;LYMAN ALPHA CLOUD;QSO;QUASAR,17517,3,*Quasar*
RM798,213.011972012,52.34057692694,1570.0,3180.0,of7v15010,2051.197,STIS/NUV-MAMA,GALAXY;QSO;QUASAR,17433,3,*Quasar*
J042053.91-565044.0,65.2246125,-56.84554444444,1605.0,3110.0,of8g33010,1978.19575,STIS/NUV-MAMA,GALAXY;HALO;LYMAN ALPHA CLOUD;QSO;QUASAR,17517,3,*Quasar*
NEWTDE,259.9825695853,41.6799532664,1570.0,3180.0,od8206050,686.0,STIS/NUV-MAMA,GALAXY;ACCRETION DISK;BLR;QUASAR,14781,3,*Quasar*
MRC1217-209,185.091239112,-21.22101400456,1570.0,3180.0,o59a03040,1380.0,STIS/NUV-MAMA,GALAXY;QUASAR,8225,3,*Quasar*
MRC1202-262,181.3880665011,-26.56773734276,1570.0,3180.0,o59a01040,1380.0,STIS/NUV-MAMA,GALAXY;QUASAR,8225,3,*Quasar*
MRC1208-277,182.6824835072,-27.98310451324,1570.0,3180.0,o59a02020,995.0,STIS/NUV-MAMA,GALAXY;QUASAR,8225,3,*Quasar*
RM301,215.0426929167,52.67489722222,1570.0,3180.0,oeb607030,2913.198125,STIS/NUV-MAMA,GALAXY;QSO;QUASAR,16171,3,*Quasar*
NEWTDE,259.9827041667,41.68036666667,1570.0,3180.0,od8207010,630.0,STIS/NUV-MAMA,GALAXY;ACCRETION DISK;BLR;QUASAR,14781,3,*Quasar*
NEWTDE,259.9827041667,41.68036666667,1570.0,3180.0,od8206060,343.0,STIS/NUV-MAMA,GALAXY;ACCRETION DISK;BLR;QUASAR,14781,3,*Quasar*
NEWTDE,259.9826032305,41.68005661648,1570.0,3180.0,od8206040,686.0,STIS/NUV-MAMA,GALAXY;ACCRETION DISK;BLR;QUASAR,14781,3,*Quasar*
Q1331+170,203.3993333333,16.81751944444,1605.0,3110.0,o6cy07020,2897.0,STIS/NUV-MAMA,GALAXY;QUASAR,9172,3,*Quasar*
J230837.80-525848.9,347.1574833333,-52.98026111111,1605.0,3110.0,of8g50020,2516.19775,STIS/NUV-MAMA,GALAXY;HALO;LYMAN ALPHA CLOUD;QSO;QUASAR,17517,3,*Quasar*
J011422.12-412947.3,18.59217916667,-41.49646944444,1605.0,3110.0,of8g57020,2503.197625,STIS/NUV-MAMA,GALAXY;HALO;LYMAN ALPHA CLOUD;QSO;QUASAR,17517,3,*Quasar*
QSO-0051+0041,12.87677699581,0.6966304236272,1570.0,3180.0,o6du01020,1090.0,STIS/NUV-MAMA,GALAXY;QUASAR,9051,3,*Quasar*
QSO-1431+3952,217.8355833333,39.87819722222,1570.0,3180.0,o6du19010,1100.0,STIS/NUV-MAMA,GALAXY;QUASAR,9051,3,*Quasar*
J035721.92-481215.2,59.341325,-48.20421111111,1605.0,3110.0,of8g30010,1964.195875,STIS/NUV-MAMA,GALAXY;HALO;LYMAN ALPHA CLOUD;QSO;QUASAR,17517,3,*Quasar*
3C48,24.42215190935,33.15971622517,1640.0,3100.0,o6ji04010,2223.0,STIS/NUV-MAMA,GALAXY;QUASAR,9280,3,*Quasar*
J213553.20-531655.8,323.971675,-53.28217222222,1605.0,3110.0,of8g40020,2504.2,STIS/NUV-MAMA,GALAXY;HALO;LYMAN ALPHA CLOUD;QSO;QUASAR,17517,3,*Quasar*
J230837.80-525848.9,347.1574833333,-52.98026111111,1605.0,3110.0,of8g47030,2504.19675,STIS/NUV-MAMA,GALAXY;HALO;LYMAN ALPHA CLOUD;QSO;QUASAR,17517,3,*Quasar*
SDSSJ101000.68+300321.5,152.5028640384,30.05599170156,1570.0,3180.0,of9m05010,1038.0,STIS/NUV-MAMA,GALAXY;QSO;QUASAR,17511,3,*Quasar*
ASASSN18JD,340.92865,-16.98569722222,1570.0,3180.0,odlw07060,392.0,STIS/NUV-MAMA,GALAXY;ACCRETION DISK;QUASAR,15312,3,*Quasar*
MRC0123-226,21.56229360357,-22.37600766327,1570.0,3180.0,o59a14020,948.0,STIS/NUV-MAMA,GALAXY;QUASAR,8225,3,*Quasar*
Q0738+313,115.2946327422,31.19998050399,1640.0,3100.0,o6mq06010,2389.0,STIS/NUV-MAMA,GALAXY;QUASAR,9441,3,*Quasar*
OQ663,219.6865833333,62.19843888889,1570.0,3180.0,o66g25010,4260.0,STIS/NUV-MAMA,GALAXY;QUASAR;;EXT-MEDIUM;ABSORPTION LINE SYSTEM - EXTRAGALACTIC,8569,3,*Quasar*
QSO-0051+0041,12.87695833333,0.6971555555556,1570.0,3180.0,o6du01010,1100.0,STIS/NUV-MAMA,GALAXY;QUASAR,9051,3,*Quasar*
0957+561B,150.3370416667,55.897,1570.0,3180.0,o5f304010,1903.8,STIS/NUV-MAMA,GALAXY;QUASAR;;EXT-MEDIUM;ABSORPTION LINE SYSTEM - EXTRAGALACTIC;DAMPED LYMAN ALPHA CLOUD,8336,3,*Quasar*
2MASX-J05210136-2521450,80.25578333333,-25.36252777778,1570.0,3180.0,ocug02020,2979.0,STIS/NUV-MAMA,GALAXY;INTERACTING GALAXY;NUCLEUS;QUASAR;STARBURST;ULTRALUMINOUS IR GAL,14184,3,*Quasar*
J224500.21-493148.5,341.2508625,-49.53012777778,1605.0,3110.0,of8g45030,2498.197625,STIS/NUV-MAMA,GALAXY;HALO;LYMAN ALPHA CLOUD;QSO;QUASAR,17517,3,*Quasar*
J011139.17-031610.9,17.9132125,-3.269691666667,1605.0,3110.0,of8g12010,1957.199375,STIS/NUV-MAMA,GALAXY;HALO;LYMAN ALPHA CLOUD;QSO;QUASAR,17517,3,*Quasar*
RM822,213.2837591815,51.86956443507,1570.0,3180.0,of7v16010,2091.19775,STIS/NUV-MAMA,GALAXY;QSO;QUASAR,17433,3,*Quasar*
MRC0030-220,8.186249093614,-21.73937887186,1570.0,3180.0,o59a12030,1419.0,STIS/NUV-MAMA,GALAXY;QUASAR,8225,3,*Quasar*
MRC1359-281,210.509480342,-28.37375489556,1570.0,3180.0,o59a08020,995.0,STIS/NUV-MAMA,GALAXY;QUASAR,8225,3,*Quasar*
MRC1359-281,210.5093576926,-28.37378135327,1570.0,3180.0,o59a08040,1440.0,STIS/NUV-MAMA,GALAXY;QUASAR,8225,3,*Quasar*
ASASSN18JD,340.92865,-16.98569722222,1570.0,3180.0,odlw06010,750.0,STIS/NUV-MAMA,GALAXY;ACCRETION DISK;QUASAR,15312,3,*Quasar*
ASASSN18JD,340.92865,-16.98569722222,1570.0,3180.0,odlw07010,750.0,STIS/NUV-MAMA,GALAXY;ACCRETION DISK;QUASAR,15312,3,*Quasar*
ASASSN18JD,340.9288395052,-16.98580859255,1570.0,3180.0,odlw07030,767.0,STIS/NUV-MAMA,GALAXY;ACCRETION DISK;QUASAR,15312,3,*Quasar*
PG1415+451,214.2534929483,44.93516353395,1570.0,3180.0,of9m13050,1298.0,STIS/NUV-MAMA,GALAXY;QSO;QUASAR,17511,3,*Quasar*
J011035.51-164827.7,17.6479625,-16.80769444444,1605.0,3110.0,of8g07020,2491.19625,STIS/NUV-MAMA,GALAXY;HALO;LYMAN ALPHA CLOUD;QSO;QUASAR,17517,3,*Quasar*
Q1331+170,203.3991666667,16.81737222222,1605.0,3110.0,o56m02010,2076.0,STIS/NUV-MAMA,GALAXY;QUASAR,7271,3,*Quasar*
MRC1359-281,210.5095416667,-28.37374166667,1570.0,3180.0,o59a08010,1200.0,STIS/NUV-MAMA,GALAXY;QUASAR,8225,3,*Quasar*
RM160,212.6718870833,53.31360833333,1570.0,3180.0,oeb602010,2293.199125,STIS/NUV-MAMA,GALAXY;QSO;QUASAR,16171,3,*Quasar*
NEWTDE,259.9827199167,41.68026095804,1570.0,3180.0,od8207070,321.0,STIS/NUV-MAMA,GALAXY;ACCRETION DISK;BLR;QUASAR,14781,3,*Quasar*
PKS1004+13,151.85875,12.81555555556,1570.0,3180.0,o6lr11010,2292.0,STIS/NUV-MAMA,GALAXY;QUASAR,9432,3,*Quasar*
MRC2136-251,324.8053732813,-24.90398678598,1570.0,3180.0,o59a09040,1440.0,STIS/NUV-MAMA,GALAXY;QUASAR,8225,3,*Quasar*
Q0738+313,115.2945833333,31.19994444444,1640.0,3100.0,o6mq02020,2880.0,STIS/NUV-MAMA,GALAXY;QUASAR,9441,3,*Quasar*
MC1226+105,187.1537916667,10.31171111111,1570.0,3180.0,o66g20010,2334.0,STIS/NUV-MAMA,GALAXY;QUASAR;;EXT-MEDIUM;ABSORPTION LINE SYSTEM - EXTRAGALACTIC,8569,3,*Quasar*
MG0827+1052,126.777125,10.87328055556,1570.0,3180.0,o66g13010,2304.0,STIS/NUV-MAMA,GALAXY;QUASAR;;EXT-MEDIUM;ABSORPTION LINE SYSTEM - EXTRAGALACTIC,8569,3,*Quasar*
J042053.91-565044.0,65.2246125,-56.84554444444,1605.0,3110.0,of8g35030,2512.19925,STIS/NUV-MAMA,GALAXY;HALO;LYMAN ALPHA CLOUD;QSO;QUASAR,17517,3,*Quasar*
J213553.20-531655.8,323.971675,-53.28217222222,1605.0,3110.0,of8g59010,2035.199875,STIS/NUV-MAMA,GALAXY;HALO;LYMAN ALPHA CLOUD;QSO;QUASAR,17517,3,*Quasar*
PG1415+451,214.2534596601,44.93512917113,1570.0,3180.0,of9m13040,1275.0,STIS/NUV-MAMA,GALAXY;QSO;QUASAR,17511,3,*Quasar*
J024806.29-404833.7,42.02619166667,-40.80935,1605.0,3110.0,of8g63010,2022.1985,STIS/NUV-MAMA,GALAXY;HALO;LYMAN ALPHA CLOUD;QSO;QUASAR,17517,3,*Quasar*
J042053.91-565044.0,65.2246125,-56.84554444444,1605.0,3110.0,of8g37020,2512.198125,STIS/NUV-MAMA,GALAXY;HALO;LYMAN ALPHA CLOUD;QSO;QUASAR,17517,3,*Quasar*
ASASSN18JD,340.92865,-16.98569722222,1570.0,3180.0,odlw06060,392.0,STIS/NUV-MAMA,GALAXY;ACCRETION DISK;QUASAR,15312,3,*Quasar*
Q0738+313,115.2945344822,31.19990783307,1640.0,3100.0,o6mq04030,2945.0,STIS/NUV-MAMA,GALAXY;QUASAR,9441,3,*Quasar*
4C-02.79,301.5355,-2.393080555556,1570.0,3180.0,o66g32010,2304.0,STIS/NUV-MAMA,GALAXY;QUASAR;;EXT-MEDIUM;ABSORPTION LINE SYSTEM - EXTRAGALACTIC,8569,3,*Quasar*
MRK-142,156.380328516,51.67635256411,1570.0,3180.0,of9m12040,325.0,STIS/NUV-MAMA,GALAXY;QSO;QUASAR,17511,3,*Quasar*
J233913.22-552350.8,354.805075,-55.39745555556,1605.0,3110.0,of8g61010,2041.19725,STIS/NUV-MAMA,GALAXY;HALO;LYMAN ALPHA CLOUD;QSO;QUASAR,17517,3,*Quasar*
J224500.21-493148.5,341.2508625,-49.53012777778,1605.0,3110.0,of8g45020,2498.19875,STIS/NUV-MAMA,GALAXY;HALO;LYMAN ALPHA CLOUD;QSO;QUASAR,17517,3,*Quasar*
2MASX-J05210136-2521450,80.25578333333,-25.36252777778,1570.0,3180.0,ocug02010,2337.0,STIS/NUV-MAMA,GALAXY;INTERACTING GALAXY;NUCLEUS;QUASAR;STARBURST;ULTRALUMINOUS IR GAL,14184,3,*Quasar*
NEWTDE,259.9827041667,41.68036666667,1570.0,3180.0,od8203010,618.0,STIS/NUV-MAMA,GALAXY;ACCRETION DISK;BLR;QUASAR,14781,3,*Quasar*
J011139.17-031610.9,17.9132125,-3.269691666667,1605.0,3110.0,of8g12020,2491.199,STIS/NUV-MAMA,GALAXY;HALO;LYMAN ALPHA CLOUD;QSO;QUASAR,17517,3,*Quasar*
J011035.51-164827.7,17.6479625,-16.80769444444,1605.0,3110.0,of8g05020,2491.197625,STIS/NUV-MAMA,GALAXY;HALO;LYMAN ALPHA CLOUD;QSO;QUASAR,17517,3,*Quasar*
ASASSN-14KO,81.3254875,-46.00561944444,1570.0,3180.0,oei803030,482.0,STIS/NUV-MAMA,GALAXY;ACCRETION DISK;MULTIPLE NUCLEI;NUCLEUS;QUASAR,16451,3,*Quasar*
QSO-0806+5041,121.5851907858,50.69073762095,1570.0,3180.0,o6du09020,1320.0,STIS/NUV-MAMA,GALAXY;QUASAR,9051,3,*Quasar*
J1206+4322A,181.6235,43.53821388889,1570.0,3180.0,oex016010,1077.0,STIS/NUV-MAMA,GALAXY;GRAVITATIONAL LENS;QSO;QUASAR,17146,3,*Quasar*
ASASSN18JD,340.9287062554,-16.98549141612,1570.0,3180.0,odlw05030,855.0,STIS/NUV-MAMA,GALAXY;ACCRETION DISK;QUASAR,15312,3,*Quasar*
NEWTDE,259.9825170684,41.68020627915,1570.0,3180.0,od8203030,618.0,STIS/NUV-MAMA,GALAXY;ACCRETION DISK;BLR;QUASAR,14781,3,*Quasar*
J035721.92-481215.2,59.341325,-48.20421111111,1605.0,3110.0,of8g62010,2027.19875,STIS/NUV-MAMA,GALAXY;HALO;LYMAN ALPHA CLOUD;QSO;QUASAR,17517,3,*Quasar*
SDSSJ080101.41+184840.7,120.255902198,18.81137106595,1570.0,3180.0,of9m03040,1274.0,STIS/NUV-MAMA,GALAXY;QSO;QUASAR,17511,3,*Quasar*
J230837.80-525848.9,347.1574833333,-52.98026111111,1605.0,3110.0,of8g50010,2033.198,STIS/NUV-MAMA,GALAXY;HALO;LYMAN ALPHA CLOUD;QSO;QUASAR,17517,3,*Quasar*
PG1100+772,166.0568963073,76.98279609161,1570.0,3180.0,of9m18020,784.0,STIS/NUV-MAMA,GALAXY;QSO;QUASAR,17511,3,*Quasar*
J042053.91-565044.0,65.2246125,-56.84554444444,1605.0,3110.0,of8g34030,2512.199125,STIS/NUV-MAMA,GALAXY;HALO;LYMAN ALPHA CLOUD;QSO;QUASAR,17517,3,*Quasar*
J042053.91-565044.0,65.2246125,-56.84554444444,1605.0,3110.0,of8g33030,2512.198625,STIS/NUV-MAMA,GALAXY;HALO;LYMAN ALPHA CLOUD;QSO;QUASAR,17517,3,*Quasar*
J011956.09-201022.7,19.9837125,-20.17298055556,1605.0,3110.0,of8g20010,1958.19825,STIS/NUV-MAMA,GALAXY;HALO;LYMAN ALPHA CLOUD;QSO;QUASAR,17517,3,*Quasar*
Q1331+170,203.3993333333,16.81751944444,1605.0,3110.0,o6cy01010,2097.0,STIS/NUV-MAMA,GALAXY;QUASAR,9172,3,*Quasar*
NEWTDE,259.9826396436,41.68027184898,1570.0,3180.0,od8204020,962.0,STIS/NUV-MAMA,GALAXY;ACCRETION DISK;BLR;QUASAR,14781,3,*Quasar*
J011956.09-201022.7,19.9837125,-20.17298055556,1605.0,3110.0,of8g20020,2490.198125,STIS/NUV-MAMA,GALAXY;HALO;LYMAN ALPHA CLOUD;QSO;QUASAR,17517,3,*Quasar*
J033307.08-410201.2,53.27948333333,-41.03365277778,1605.0,3110.0,of8g26030,2491.196375,STIS/NUV-MAMA,GALAXY;HALO;LYMAN ALPHA CLOUD;QSO;QUASAR,17517,3,*Quasar*
ASASSN18JD,340.9287548592,-16.98566178761,1570.0,3180.0,odlw06020,750.0,STIS/NUV-MAMA,GALAXY;ACCRETION DISK;QUASAR,15312,3,*Quasar*
J230837.80-525848.9,347.1574833333,-52.98026111111,1605.0,3110.0,of8g48020,2516.19625,STIS/NUV-MAMA,GALAXY;HALO;LYMAN ALPHA CLOUD;QSO;QUASAR,17517,3,*Quasar*
FIRST-J164928.9+304652,252.3702916667,30.78122222222,1570.0,3180.0,o5da06010,1990.0,STIS/NUV-MAMA,GALAXY;QUASAR;LYMAN ALPHA CLOUD,8266,3,*Quasar*
QSO-2144-0754,326.1360574017,-7.912386457914,1570.0,3180.0,o6du26020,1010.0,STIS/NUV-MAMA,GALAXY;QUASAR,9051,3,*Quasar*
QSO-0744+3208,116.0723333333,32.13472222222,1570.0,3180.0,o6du06010,1100.0,STIS/NUV-MAMA,GALAXY;QUASAR,9051,3,*Quasar*
B21425+26,216.898375,26.53716666667,1640.0,3100.0,o8s703050,2831.0,STIS/NUV-MAMA,GALAXY;QUASAR,9871,3,*Quasar*
Q0738+313,115.2946915935,31.20000584938,1640.0,3100.0,o6mq02010,2374.0,STIS/NUV-MAMA,GALAXY;QUASAR,9441,3,*Quasar*
RM694,214.2778158333,51.72779444444,1570.0,3180.0,oeb612010,2173.19975,STIS/NUV-MAMA,GALAXY;QSO;QUASAR,16171,3,*Quasar*
Q0738+313,115.2944367802,31.19983461026,1640.0,3100.0,o6mq04040,2945.0,STIS/NUV-MAMA,GALAXY;QUASAR,9441,3,*Quasar*
Q0952+179,148.7368185788,17.72544381302,1640.0,3100.0,o6mq11010,2293.0,STIS/NUV-MAMA,GALAXY;QUASAR,9441,3,*Quasar*
ASASSN18JD,340.9287447526,-16.98575290741,1570.0,3180.0,odlw07070,370.0,STIS/NUV-MAMA,GALAXY;ACCRETION DISK;QUASAR,15312,3,*Quasar*
PKS1402-012,211.191,-1.506130555556,1570.0,3180.0,o66g23010,2304.0,STIS/NUV-MAMA,GALAXY;QUASAR;;EXT-MEDIUM;ABSORPTION LINE SYSTEM - EXTRAGALACTIC,8569,3,*Quasar*
J0246-0825AB,41.64226497574,-8.426842765004,1570.0,3180.0,oex017030,1179.0,STIS/NUV-MAMA,GALAXY;GRAVITATIONAL LENS;QSO;QUASAR,17146,3,*Quasar*
J002830.40-330549.0,7.1266875,-33.09701388889,1605.0,3110.0,of8g01010,1951.195,STIS/NUV-MAMA,GALAXY;HALO;LYMAN ALPHA CLOUD;QSO;QUASAR,17517,3,*Quasar*
J011035.51-164827.7,17.6479625,-16.80769444444,1605.0,3110.0,of8g05030,2491.196375,STIS/NUV-MAMA,GALAXY;HALO;LYMAN ALPHA CLOUD;QSO;QUASAR,17517,3,*Quasar*
J011422.12-412947.3,18.59217916667,-41.49646944444,1605.0,3110.0,of8g18020,2491.1965,STIS/NUV-MAMA,GALAXY;HALO;LYMAN ALPHA CLOUD;QSO;QUASAR,17517,3,*Quasar*
J011035.51-164827.7,17.6479625,-16.80769444444,1605.0,3110.0,of8g07030,2491.19775,STIS/NUV-MAMA,GALAXY;HALO;LYMAN ALPHA CLOUD;QSO;QUASAR,17517,3,*Quasar*
J035721.92-481215.2,59.341325,-48.20421111111,1605.0,3110.0,of8g29030,2498.19825,STIS/NUV-MAMA,GALAXY;HALO;LYMAN ALPHA CLOUD;QSO;QUASAR,17517,3,*Quasar*
J042053.91-565044.0,65.2246125,-56.84554444444,1605.0,3110.0,of8g33020,2512.197375,STIS/NUV-MAMA,GALAXY;HALO;LYMAN ALPHA CLOUD;QSO;QUASAR,17517,3,*Quasar*
J1206+4322A,181.6233865068,43.5382271409,1570.0,3180.0,oex016020,1077.0,STIS/NUV-MAMA,GALAXY;GRAVITATIONAL LENS;QSO;QUASAR,17146,3,*Quasar*
QSO-2144-0754,326.1363333333,-7.911902777778,1570.0,3180.0,o6du26010,1100.0,STIS/NUV-MAMA,GALAXY;QUASAR,9051,3,*Quasar*
QSO-1431+3952,217.8350826695,39.87779594833,1570.0,3180.0,o6du19020,1192.0,STIS/NUV-MAMA,GALAXY;QUASAR,9051,3,*Quasar*
PG1552+085,238.6857776858,8.372644581348,1570.0,3180.0,of9m10040,1190.0,STIS/NUV-MAMA,GALAXY;QSO;QUASAR,17511,3,*Quasar*
J011422.12-412947.3,18.59217916667,-41.49646944444,1605.0,3110.0,of8g18010,1957.196375,STIS/NUV-MAMA,GALAXY;HALO;LYMAN ALPHA CLOUD;QSO;QUASAR,17517,3,*Quasar*
J0246-0825AB,41.64233496364,-8.426889147488,1570.0,3180.0,oex017040,1178.0,STIS/NUV-MAMA,GALAXY;GRAVITATIONAL LENS;QSO;QUASAR,17146,3,*Quasar*
ASASSN18JD,340.928734383,-16.98538851306,1570.0,3180.0,odlw05040,960.0,STIS/NUV-MAMA,GALAXY;ACCRETION DISK;QUASAR,15312,3,*Quasar*
MRC1224-262,186.6668994246,-26.50034292167,1570.0,3180.0,o59a05040,1380.0,STIS/NUV-MAMA,GALAXY;QUASAR,8225,3,*Quasar*
QSO-1527+2452,231.7569738541,24.88000023282,1570.0,3180.0,o6du20020,1100.0,STIS/NUV-MAMA,GALAXY;QUASAR,9051,3,*Quasar*
Q1331+170,203.3993333333,16.81751944444,1605.0,3110.0,o6cy05010,2097.0,STIS/NUV-MAMA,GALAXY;QUASAR,9172,3,*Quasar*
SDSSJ080101.41+184840.7,120.2559383678,18.81139481228,1570.0,3180.0,of9m03050,1273.0,STIS/NUV-MAMA,GALAXY;QSO;QUASAR,17511,3,*Quasar*
J230837.80-525848.9,347.1574833333,-52.98026111111,1605.0,3110.0,of8g49020,2516.198125,STIS/NUV-MAMA,GALAXY;HALO;LYMAN ALPHA CLOUD;QSO;QUASAR,17517,3,*Quasar*
MRC0135-247,24.40958624174,-24.51495959507,1570.0,3180.0,o59a15020,978.0,STIS/NUV-MAMA,GALAXY;QUASAR,8225,3,*Quasar*
MRC1355-236,209.6363272789,-23.8726538262,1570.0,3180.0,o59a07020,998.0,STIS/NUV-MAMA,GALAXY;QUASAR,8225,3,*Quasar*
MRC0135-247,24.40950872515,-24.51504545184,1570.0,3180.0,o59a15040,1440.0,STIS/NUV-MAMA,GALAXY;QUASAR,8225,3,*Quasar*
NEWTDE,259.9825751207,41.68017703126,1570.0,3180.0,od8204030,996.0,STIS/NUV-MAMA,GALAXY;ACCRETION DISK;BLR;QUASAR,14781,3,*Quasar*
QSO-1108+3133,167.0059484491,31.55931586854,1570.0,3180.0,o6du15020,1100.0,STIS/NUV-MAMA,GALAXY;QUASAR,9051,3,*Quasar*
QSO-0102-0853,15.70670833333,-8.895558333333,1570.0,3180.0,o6du02010,1090.0,STIS/NUV-MAMA,GALAXY;QUASAR,9051,3,*Quasar*
Q1331+170,203.3991666667,16.81737222222,1605.0,3110.0,o56m02020,5794.0,STIS/NUV-MAMA,GALAXY;QUASAR,7271,3,*Quasar*
J015454.68-071222.2,28.72784166667,-7.206158333333,1605.0,3110.0,of8g24020,2491.19975,STIS/NUV-MAMA,GALAXY;HALO;LYMAN ALPHA CLOUD;QSO;QUASAR,17517,3,*Quasar*
J0246-0825AB,41.642125,-8.42675,1570.0,3180.0,oex017010,940.0,STIS/NUV-MAMA,GALAXY;GRAVITATIONAL LENS;QSO;QUASAR,17146,3,*Quasar*
J042053.91-565044.0,65.2246125,-56.84554444444,1605.0,3110.0,of8g37010,1978.19875,STIS/NUV-MAMA,GALAXY;HALO;LYMAN ALPHA CLOUD;QSO;QUASAR,17517,3,*Quasar*
RM229,212.575185,53.49374444444,1570.0,3180.0,oeb6z4010,2013.199,STIS/NUV-MAMA,GALAXY;QSO;QUASAR,16171,3,*Quasar*
MRC2255-282,344.525125,-27.97254166667,1570.0,3180.0,o59a11010,1200.0,STIS/NUV-MAMA,GALAXY;QUASAR,8225,3,*Quasar*
MRC0106-233,17.26233333333,-23.12500833333,1570.0,3180.0,o59a13010,1150.0,STIS/NUV-MAMA,GALAXY;QUASAR,8225,3,*Quasar*
MRC1349-265,208.042739325,-26.82461615811,1570.0,3180.0,o59a06040,1440.0,STIS/NUV-MAMA,GALAXY;QUASAR,8225,3,*Quasar*
ASASSN18JD,340.9286946132,-16.98559979428,1570.0,3180.0,odlw01040,338.0,STIS/NUV-MAMA,GALAXY;ACCRETION DISK;QUASAR,15312,3,*Quasar*
RM101,213.0591729167,53.42964166667,1570.0,3180.0,oeb601010,2293.199875,STIS/NUV-MAMA,GALAXY;QSO;QUASAR,16171,3,*Quasar*
QSO-0208-0503,32.01245833333,-5.050002777778,1570.0,3180.0,o6du04010,1100.0,STIS/NUV-MAMA,GALAXY;QUASAR,9051,3,*Quasar*
PKS1127-145,172.529375,-14.82416666667,1605.0,3110.0,o6es01020,5798.0,STIS/NUV-MAMA,GALAXY;QUASAR,9173,3,*Quasar*
Q0952+179,148.7367679414,17.72541624573,1640.0,3100.0,o6mq10010,2293.0,STIS/NUV-MAMA,GALAXY;QUASAR,9441,3,*Quasar*
J011956.09-201022.7,19.9837125,-20.17298055556,1605.0,3110.0,of8g56030,2502.19975,STIS/NUV-MAMA,GALAXY;HALO;LYMAN ALPHA CLOUD;QSO;QUASAR,17517,3,*Quasar*
ASASSN-14KO,81.32558649185,-46.00570059219,1570.0,3180.0,oei802020,336.0,STIS/NUV-MAMA,GALAXY;ACCRETION DISK;MULTIPLE NUCLEI;NUCLEUS;QUASAR,16451,3,*Quasar*
ASASSN18JD,340.9287385147,-16.98550206964,1570.0,3180.0,odlw02030,618.0,STIS/NUV-MAMA,GALAXY;ACCRETION DISK;QUASAR,15312,3,*Quasar*
MRC2156-245,329.8540164783,-24.29791564698,1570.0,3180.0,o59a10030,1260.0,STIS/NUV-MAMA,GALAXY;QUASAR,8225,3,*Quasar*
MRC1224-262,186.6670833333,-26.50031666667,1570.0,3180.0,o59a05010,1150.0,STIS/NUV-MAMA,GALAXY;QUASAR,8225,3,*Quasar*
PKS0957+00,150.0735833333,0.0896,1570.0,3180.0,o66g16010,2354.0,STIS/NUV-MAMA,GALAXY;QUASAR;;EXT-MEDIUM;ABSORPTION LINE SYSTEM - EXTRAGALACTIC,8569,3,*Quasar*
PKS1311-270,198.4471666667,-27.28030277778,1570.0,3180.0,o66g21010,2376.0,STIS/NUV-MAMA,GALAXY;QUASAR;;EXT-MEDIUM;ABSORPTION LINE SYSTEM - EXTRAGALACTIC,8569,3,*Quasar*
J011956.09-201022.7,19.9837125,-20.17298055556,1605.0,3110.0,of8g56010,2021.1955,STIS/NUV-MAMA,GALAXY;HALO;LYMAN ALPHA CLOUD;QSO;QUASAR,17517,3,*Quasar*
J015454.68-071222.2,28.72784166667,-7.206158333333,1605.0,3110.0,of8g23020,2491.199125,STIS/NUV-MAMA,GALAXY;HALO;LYMAN ALPHA CLOUD;QSO;QUASAR,17517,3,*Quasar*
J224500.21-493148.5,341.2508625,-49.53012777778,1605.0,3110.0,of8g55030,2498.199375,STIS/NUV-MAMA,GALAXY;HALO;LYMAN ALPHA CLOUD;QSO;QUASAR,17517,3,*Quasar*
RM177,214.35246,52.50691388889,1570.0,3180.0,oeb6z3020,2913.19975,STIS/NUV-MAMA,GALAXY;QSO;QUASAR,16171,3,*Quasar*
RM160,212.6718870833,53.31360833333,1570.0,3180.0,oeb602020,2913.19975,STIS/NUV-MAMA,GALAXY;QSO;QUASAR,16171,3,*Quasar*
J035721.92-481215.2,59.341325,-48.20421111111,1605.0,3110.0,of8g62020,2510.198625,STIS/NUV-MAMA,GALAXY;HALO;LYMAN ALPHA CLOUD;QSO;QUASAR,17517,3,*Quasar*
PG1552+085,238.6858062459,8.372675203721,1570.0,3180.0,of9m10050,1344.0,STIS/NUV-MAMA,GALAXY;QSO;QUASAR,17511,3,*Quasar*
SDSSJ075051.72+245409.3,117.7155375809,24.90262092744,1570.0,3180.0,of9m02020,858.0,STIS/NUV-MAMA,GALAXY;QSO;QUASAR,17511,3,*Quasar*
J224500.21-493148.5,341.2508625,-49.53012777778,1605.0,3110.0,of8g43020,2498.19825,STIS/NUV-MAMA,GALAXY;HALO;LYMAN ALPHA CLOUD;QSO;QUASAR,17517,3,*Quasar*
RM267,212.8029879167,53.75198611111,1570.0,3180.0,oeb605010,2293.199625,STIS/NUV-MAMA,GALAXY;QSO;QUASAR,16171,3,*Quasar*
Q0738+313,115.2944750733,31.19988303941,1640.0,3100.0,o6mq02030,2880.0,STIS/NUV-MAMA,GALAXY;QUASAR,9441,3,*Quasar*
PKS1127-145,172.529375,-14.82416666667,1605.0,3110.0,o6es07010,2099.0,STIS/NUV-MAMA,GALAXY;QUASAR,9173,3,*Quasar*
J042053.91-565044.0,65.2246125,-56.84554444444,1605.0,3110.0,of8g35020,2512.196125,STIS/NUV-MAMA,GALAXY;HALO;LYMAN ALPHA CLOUD;QSO;QUASAR,17517,3,*Quasar*
J042053.91-565044.0,65.2246125,-56.84554444444,1605.0,3110.0,of8g34020,2512.1975,STIS/NUV-MAMA,GALAXY;HALO;LYMAN ALPHA CLOUD;QSO;QUASAR,17517,3,*Quasar*
ASASSN-14KO,81.325577367,-46.00570556279,1570.0,3180.0,oei803040,483.0,STIS/NUV-MAMA,GALAXY;ACCRETION DISK;MULTIPLE NUCLEI;NUCLEUS;QUASAR,16451,3,*Quasar*
QSO-1017+5356,154.4280416667,53.94316666667,1570.0,3180.0,o6du12010,2467.0,STIS/NUV-MAMA,GALAXY;QUASAR,9051,3,*Quasar*
3C270.1,185.141125,33.72014444444,1570.0,3180.0,o66g19010,2380.0,STIS/NUV-MAMA,GALAXY;QUASAR;;EXT-MEDIUM;ABSORPTION LINE SYSTEM - EXTRAGALACTIC,8569,3,*Quasar*
J011956.09-201022.7,19.9837125,-20.17298055556,1605.0,3110.0,of8g21020,2490.195625,STIS/NUV-MAMA,GALAXY;HALO;LYMAN ALPHA CLOUD;QSO;QUASAR,17517,3,*Quasar*
Q0738+313,115.2945327976,31.19990954615,1640.0,3100.0,o6mq03020,2880.0,STIS/NUV-MAMA,GALAXY;QUASAR,9441,3,*Quasar*
J045415.95-611626.6,73.56646666667,-61.27404444444,1605.0,3110.0,of8g38030,2520.19975,STIS/NUV-MAMA,GALAXY;HALO;LYMAN ALPHA CLOUD;QSO;QUASAR,17517,3,*Quasar*
Q1331+170,203.3993333333,16.81751944444,1605.0,3110.0,o6cy01020,5794.0,STIS/NUV-MAMA,GALAXY;QUASAR,9172,3,*Quasar*
J042053.91-565044.0,65.2246125,-56.84554444444,1605.0,3110.0,of8g35010,1978.198125,STIS/NUV-MAMA,GALAXY;HALO;LYMAN ALPHA CLOUD;QSO;QUASAR,17517,3,*Quasar*
J002830.40-330549.0,7.1266875,-33.09701388889,1605.0,3110.0,of8g02010,1951.192375,STIS/NUV-MAMA,GALAXY;HALO;LYMAN ALPHA CLOUD;QSO;QUASAR,17517,3,*Quasar*
PKS1127-145,172.529375,-14.82416666667,1605.0,3110.0,o6es02010,2099.0,STIS/NUV-MAMA,GALAXY;QUASAR,9173,3,*Quasar*
MRC0437-244,69.78883333333,-24.36900277778,1570.0,3180.0,o59a18010,1200.0,STIS/NUV-MAMA,GALAXY;QUASAR,8225,3,*Quasar*
MRC0106-233,17.26229492304,-23.12505121261,1570.0,3180.0,o59a13020,948.0,STIS/NUV-MAMA,GALAXY;QUASAR,8225,3,*Quasar*
PG1322+659,200.9563271509,65.69671106877,1570.0,3180.0,of9m09030,785.0,STIS/NUV-MAMA,GALAXY;QSO;QUASAR,17511,3,*Quasar*
SDSSJ101000.68+300321.5,152.5028297914,30.05602098397,1570.0,3180.0,of9m05020,906.0,STIS/NUV-MAMA,GALAXY;QSO;QUASAR,17511,3,*Quasar*
J0246-0825AB,41.642125,-8.42675,1570.0,3180.0,oex013010,957.0,STIS/NUV-MAMA,GALAXY;GRAVITATIONAL LENS;QSO;QUASAR,17146,3,*Quasar*
Q0952+179,148.7366666667,17.72536111111,1640.0,3100.0,o6mq30020,2700.0,STIS/NUV-MAMA,GALAXY;QUASAR,9441,3,*Quasar*
QSO-0210-0152,32.666,-1.870425,1570.0,3180.0,o6du05010,1100.0,STIS/NUV-MAMA,GALAXY;QUASAR,9051,3,*Quasar*
QSO-1614+4704,243.6444166667,47.07230833333,1570.0,3180.0,o6du22010,1100.0,STIS/NUV-MAMA,GALAXY;QUASAR,9051,3,*Quasar*
FIRST-J164928.9+304652,252.3702916667,30.78122222222,1570.0,3180.0,o5da05020,11788.0,STIS/NUV-MAMA,GALAXY;QUASAR;LYMAN ALPHA CLOUD,8266,3,*Quasar*
MRC0030-220,8.186208333333,-21.73948333333,1570.0,3180.0,o59a12010,1200.0,STIS/NUV-MAMA,GALAXY;QUASAR,8225,3,*Quasar*
MRC1349-265,208.0429166667,-26.82456388889,1570.0,3180.0,o59a06010,1200.0,STIS/NUV-MAMA,GALAXY;QUASAR,8225,3,*Quasar*
B0312-770,47.98075,-76.86411111111,1605.0,3110.0,o65t14010,6060.0,STIS/NUV-MAMA,GALAXY;QUASAR,8651,3,*Quasar*
J0246-0825AB,41.642125,-8.42675,1570.0,3180.0,oex018010,940.0,STIS/NUV-MAMA,GALAXY;GRAVITATIONAL LENS;QSO;QUASAR,17146,3,*Quasar*
J035721.92-481215.2,59.341325,-48.20421111111,1605.0,3110.0,of8g28010,1964.1955,STIS/NUV-MAMA,GALAXY;HALO;LYMAN ALPHA CLOUD;QSO;QUASAR,17517,3,*Quasar*
J224500.21-493148.5,341.2508625,-49.53012777778,1605.0,3110.0,of8g43030,2498.19875,STIS/NUV-MAMA,GALAXY;HALO;LYMAN ALPHA CLOUD;QSO;QUASAR,17517,3,*Quasar*
ASASSN18JD,340.9287008464,-16.9856026285,1570.0,3180.0,odlw03020,618.0,STIS/NUV-MAMA,GALAXY;ACCRETION DISK;QUASAR,15312,3,*Quasar*
MRC0437-244,69.78885845059,-24.36895215221,1570.0,3180.0,o59a18020,1006.0,STIS/NUV-MAMA,GALAXY;QUASAR,8225,3,*Quasar*
J0246-0825AB,41.64219415888,-8.426797583714,1570.0,3180.0,oex013020,957.0,STIS/NUV-MAMA,GALAXY;GRAVITATIONAL LENS;QSO;QUASAR,17146,3,*Quasar*
PG0953+415,149.218125,41.25625,1640.0,3100.0,o6fr01010,2431.0,STIS/NUV-MAMA,GALAXY;QSO;QUASAR,9158,3,*Quasar*
Q0738+313,115.2945339245,31.19990838487,1640.0,3100.0,o6mq06020,2945.0,STIS/NUV-MAMA,GALAXY;QUASAR,9441,3,*Quasar*
J230837.80-525848.9,347.1574833333,-52.98026111111,1605.0,3110.0,of8g47020,2504.1985,STIS/NUV-MAMA,GALAXY;HALO;LYMAN ALPHA CLOUD;QSO;QUASAR,17517,3,*Quasar*
J224500.21-493148.5,341.2508625,-49.53012777778,1605.0,3110.0,of8g46020,2498.199375,STIS/NUV-MAMA,GALAXY;HALO;LYMAN ALPHA CLOUD;QSO;QUASAR,17517,3,*Quasar*
J033307.08-410201.2,53.27948333333,-41.03365277778,1605.0,3110.0,of8g27020,2491.197875,STIS/NUV-MAMA,GALAXY;HALO;LYMAN ALPHA CLOUD;QSO;QUASAR,17517,3,*Quasar*
J042053.91-565044.0,65.2246125,-56.84554444444,1605.0,3110.0,of8g34010,1978.199125,STIS/NUV-MAMA,GALAXY;HALO;LYMAN ALPHA CLOUD;QSO;QUASAR,17517,3,*Quasar*
J015454.68-071222.2,28.72784166667,-7.206158333333,1605.0,3110.0,of8g22020,2491.198375,STIS/NUV-MAMA,GALAXY;HALO;LYMAN ALPHA CLOUD;QSO;QUASAR,17517,3,*Quasar*
SDSSJ084533.28+474934.5,131.3887107528,47.82625863117,1570.0,3180.0,of7v08010,2135.19925,STIS/NUV-MAMA,GALAXY;QSO;QUASAR,17433,3,*Quasar*
J233913.22-552350.8,354.805075,-55.39745555556,1605.0,3110.0,of8g53010,1978.1975,STIS/NUV-MAMA,GALAXY;HALO;LYMAN ALPHA CLOUD;QSO;QUASAR,17517,3,*Quasar*
J230837.80-525848.9,347.1574833333,-52.98026111111,1605.0,3110.0,of8g49010,2033.199,STIS/NUV-MAMA,GALAXY;HALO;LYMAN ALPHA CLOUD;QSO;QUASAR,17517,3,*Quasar*
J033307.08-410201.2,53.27948333333,-41.03365277778,1605.0,3110.0,of8g26010,1959.198625,STIS/NUV-MAMA,GALAXY;HALO;LYMAN ALPHA CLOUD;QSO;QUASAR,17517,3,*Quasar*
SDSSJ075051.72+245409.3,117.7155751844,24.90264486074,1570.0,3180.0,of9m02030,1508.0,STIS/NUV-MAMA,GALAXY;QSO;QUASAR,17511,3,*Quasar*
J042053.91-565044.0,65.2246125,-56.84554444444,1605.0,3110.0,of8g37030,2512.1995,STIS/NUV-MAMA,GALAXY;HALO;LYMAN ALPHA CLOUD;QSO;QUASAR,17517,3,*Quasar*
QSO-0141-0024,25.34572587962,-0.4065573915468,1570.0,3180.0,o6du03020,1070.0,STIS/NUV-MAMA,GALAXY;QUASAR,9051,3,*Quasar*
NEWTDE,259.9826106174,41.68028647295,1570.0,3180.0,od8203020,618.0,STIS/NUV-MAMA,GALAXY;ACCRETION DISK;BLR;QUASAR,14781,3,*Quasar*
J011139.17-031610.9,17.9132125,-3.269691666667,1605.0,3110.0,of8g11020,2491.194875,STIS/NUV-MAMA,GALAXY;HALO;LYMAN ALPHA CLOUD;QSO;QUASAR,17517,3,*Quasar*
J230837.80-525848.9,347.1574833333,-52.98026111111,1605.0,3110.0,of8g48010,2033.196875,STIS/NUV-MAMA,GALAXY;HALO;LYMAN ALPHA CLOUD;QSO;QUASAR,17517,3,*Quasar*
J045415.95-611626.6,73.56646666667,-61.27404444444,1605.0,3110.0,of8g39020,2520.197625,STIS/NUV-MAMA,GALAXY;HALO;LYMAN ALPHA CLOUD;QSO;QUASAR,17517,3,*Quasar*
RM781,215.2647041667,51.972075,1570.0,3180.0,oeb615010,2293.199375,STIS/NUV-MAMA,GALAXY;QSO;QUASAR,16171,3,*Quasar*
PG0953+415,149.218125,41.25625,1640.0,3100.0,o6fr01020,8928.0,STIS/NUV-MAMA,GALAXY;QSO;QUASAR,9158,3,*Quasar*
J015454.68-071222.2,28.72784166667,-7.206158333333,1605.0,3110.0,of8g23010,1957.199,STIS/NUV-MAMA,GALAXY;HALO;LYMAN ALPHA CLOUD;QSO;QUASAR,17517,3,*Quasar*
J035721.92-481215.2,59.341325,-48.20421111111,1605.0,3110.0,of8g28020,2498.198375,STIS/NUV-MAMA,GALAXY;HALO;LYMAN ALPHA CLOUD;QSO;QUASAR,17517,3,*Quasar*
ASASSN-14KO,81.32556122558,-46.00571266643,1570.0,3180.0,oei804020,414.0,STIS/NUV-MAMA,GALAXY;ACCRETION DISK;MULTIPLE NUCLEI;NUCLEUS;QUASAR,16451,3,*Quasar*
PG1448+273,222.7865155419,27.15753029363,1570.0,3180.0,of9m07040,150.0,STIS/NUV-MAMA,GALAXY;QSO;QUASAR,17511,3,*Quasar*
PG1448+273,222.7865198963,27.15748880748,1570.0,3180.0,of9m07030,150.0,STIS/NUV-MAMA,GALAXY;QSO;QUASAR,17511,3,*Quasar*
SRGAJ175701+590751,269.2511058333,59.13340277778,1570.0,3180.0,ofir02010,1923.0,STIS/NUV-MAMA,GALAXY;QUASAR;ULTRALUMINOUS IR GAL,17874,3,*Quasar*
SRGAJ175701+590751,269.2511058333,59.13340277778,1570.0,3180.0,ofir02020,2691.0,STIS/NUV-MAMA,GALAXY;QUASAR;ULTRALUMINOUS IR GAL,17874,3,*Quasar*
SDSSJ100402.61+285535.3,151.0109201182,28.92649575905,1570.0,3180.0,of9m51040,683.0,STIS/NUV-MAMA,GALAXY;QSO;QUASAR,17511,3,*Quasar*
SDSSJ100402.61+285535.3,151.0108758268,28.9264804837,1570.0,3180.0,of9m51030,683.0,STIS/NUV-MAMA,GALAXY;QSO;QUASAR,17511,3,*Quasar*
AT2024TVD,257.6773841667,28.83751666667,1570.0,3180.0,ofgu02030,2624.0,STIS/NUV-MAMA,GALAXY;NUCLEUS;QUASAR,17767,3,*Quasar*
AT2024TVD,257.6773841667,28.83751666667,1570.0,3180.0,ofgu02020,2624.0,STIS/NUV-MAMA,GALAXY;NUCLEUS;QUASAR,17767,3,*Quasar*
AT2024TVD,257.6773841667,28.83751666667,1570.0,3180.0,ofgu02010,2063.0,STIS/NUV-MAMA,GALAXY;NUCLEUS;QUASAR,17767,3,*Quasar*
PG1048+342,162.9328815133,33.99074453695,1570.0,3180.0,of9m66040,0.0,STIS/NUV-MAMA,GALAXY;QSO;QUASAR,17511,3,*Quasar*
PG1048+342,162.9329275882,33.99076117175,1570.0,3180.0,of9m66050,1279.0,STIS/NUV-MAMA,GALAXY;QSO;QUASAR,17511,3,*Quasar*
PG1048+342,162.9329736632,33.99077780654,1570.0,3180.0,of9m66060,1279.0,STIS/NUV-MAMA,GALAXY;QSO;QUASAR,17511,3,*Quasar*
AT2024TVD,257.6773841667,28.83751666667,1570.0,3180.0,ofgu03010,2035.0,STIS/NUV-MAMA,GALAXY;NUCLEUS;QUASAR,17767,3,*Quasar*
PG1211+143,183.5736655369,14.05365303996,1570.0,3180.0,of9m64020,250.0,STIS/NUV-MAMA,GALAXY;QSO;QUASAR,17511,3,*Quasar*
PG1211+143,183.5736251107,14.05363896147,1570.0,3180.0,of9m64010,250.0,STIS/NUV-MAMA,GALAXY;QSO;QUASAR,17511,3,*Quasar*
QSO-B1115+080A,169.5706379167,7.766155555556,1570.0,3180.0,ofon01040,2544.197625,STIS/NUV-MAMA,GALAXY;GRAVITATIONAL LENS;QSO;QUASAR,18083,3,*Quasar*
QSO-B1115+080A,169.5706379167,7.766155555556,1570.0,3180.0,ofon01050,2544.197625,STIS/NUV-MAMA,GALAXY;GRAVITATIONAL LENS;QSO;QUASAR,18083,3,*Quasar*
PG1415+451,214.253426341,44.93509484636,1570.0,3180.0,of9m63030,0.0,STIS/NUV-MAMA,GALAXY;QSO;QUASAR,17511,3,*Quasar*
HB89-1416+159,214.7113418578,15.68521960706,1570.0,3180.0,ofoh10040,1100.19775,STIS/NUV-MAMA,GALAXY;QUASAR,18036,3,*Quasar*
HB89-1416+159,214.7113345806,15.68496970526,1570.0,3180.0,ofoh10010,895.199625,STIS/NUV-MAMA,GALAXY;QUASAR,18036,3,*Quasar*
HB89-1416+159,214.7113394321,15.68513630646,1570.0,3180.0,ofoh10030,1100.198125,STIS/NUV-MAMA,GALAXY;QUASAR,18036,3,*Quasar*
HB89-1416+159,214.7113370063,15.68505300586,1570.0,3180.0,ofoh10020,895.19625,STIS/NUV-MAMA,GALAXY;QUASAR,18036,3,*Quasar*
QSO0131+0532,23.56578501642,5.883365145612,5240.0,10270.0,o4fh03z3q,470.0,STIS/CCD,GALAXY;QSO,7220,2,*QSO*
QSO0131+0532,23.56606724119,5.8832536511,5240.0,10270.0,o4fh03z5q,470.0,STIS/CCD,GALAXY;QSO,7220,2,*QSO*
QSO0131+0532,23.56567292634,5.883084372473,5240.0,10270.0,o4fh03z9q,470.0,STIS/CCD,GALAXY;QSO,7220,2,*QSO*
PG1718+4807,260.0888416816,47.97019872836,5240.0,10270.0,o4fh05070,2340.0,STIS/CCD,GALAXY;QSO,7220,3,*QSO*
PG1700+518,255.5170624299,51.70339522624,5240.0,10270.0,o4fh04030,1600.0,STIS/CCD,GALAXY;QSO,7220,3,*QSO*
QSO0131+0532,23.56634950576,5.883142186162,5240.0,10270.0,o4fh03z7q,470.0,STIS/CCD,GALAXY;QSO,7220,2,*QSO*
PG1718+4807,260.0888416816,47.97019872836,5240.0,10270.0,o4fh05080,1800.0,STIS/CCD,GALAXY;QSO,7220,3,*QSO*
QSO0248-0059,42.77649387176,-0.6946837078831,5240.0,10270.0,o4fh07zrq,420.0,STIS/CCD,GALAXY;QSO,7220,2,*QSO*
QSO0248-0059,42.77554055154,-0.6947460688955,5240.0,10270.0,o4fh07zxq,420.0,STIS/CCD,GALAXY;QSO,7220,2,*QSO*
QSO0248-0059,42.77620162805,-0.694607112789,5240.0,10270.0,o4fh07zpq,420.0,STIS/CCD,GALAXY;QSO,7220,2,*QSO*
PG1148+5454,177.7514151654,54.77381261308,5240.0,10270.0,o4fh08030,1800.0,STIS/CCD,GALAXY;QSO,7220,3,*QSO*
QSO0248-0059,42.77583278409,-0.6948227050466,5240.0,10270.0,o4fh07a1q,420.0,STIS/CCD,GALAXY;QSO,7220,2,*QSO*
QSO0248-0059,42.77641723572,-0.6949759295732,5240.0,10270.0,o4fh07a5q,420.0,STIS/CCD,GALAXY;QSO,7220,2,*QSO*
QSO0248-0059,42.77590942016,-0.694530483365,5240.0,10270.0,o4fh07zmq,420.0,STIS/CCD,GALAXY;QSO,7220,2,*QSO*
QSO0248-0059,42.77612502781,-0.6948993001653,5240.0,10270.0,o4fh07a3q,420.0,STIS/CCD,GALAXY;QSO,7220,2,*QSO*
QSO0852+1806,134.065373709,17.91027654742,5240.0,10270.0,o4fh06upq,500.0,STIS/CCD,GALAXY;QSO,7220,2,*QSO*
QSO0852+1806,134.0652177968,17.91053970294,5240.0,10270.0,o4fh06unq,500.0,STIS/CCD,GALAXY;QSO,7220,2,*QSO*
QSO0852+1806,134.0650618973,17.91080283634,5240.0,10270.0,o4fh06ulq,500.0,STIS/CCD,GALAXY;QSO,7220,2,*QSO*
QSO0852+1806,134.0649059843,17.91106599162,5240.0,10270.0,o4fh06uiq,500.0,STIS/CCD,GALAXY;QSO,7220,2,*QSO*
QSO0951+6954,149.7670658817,69.56902752453,5240.0,10270.0,o4fh09duq,470.0,STIS/CCD,GALAXY;QSO,7220,2,*QSO*
QSO0852+1806,134.0653384433,17.91095121479,5240.0,10270.0,o4fh06uaq,450.0,STIS/CCD,GALAXY;QSO,7220,2,*QSO*
QSO0852+1806,134.0654943554,17.91068805904,5240.0,10270.0,o4fh06ucq,450.0,STIS/CCD,GALAXY;QSO,7220,2,*QSO*
QSO0852+1806,134.0656502673,17.9104249033,5240.0,10270.0,o4fh06ueq,450.0,STIS/CCD,GALAXY;QSO,7220,2,*QSO*
QSO0951+6954,149.7662561933,69.56892088448,5240.0,10270.0,o4fh09e5q,500.0,STIS/CCD,GALAXY;QSO,7220,2,*QSO*
QSO0951+6954,149.7673712943,69.56874486932,5240.0,10270.0,o4fh09dwq,470.0,STIS/CCD,GALAXY;QSO,7220,2,*QSO*
QSO0951+6954,149.7665615901,69.56863825442,5240.0,10270.0,o4fh09e7q,500.0,STIS/CCD,GALAXY;QSO,7220,2,*QSO*
QSO1038+0528,160.1590012461,5.24351660275,5240.0,10270.0,o4fha1tgq,470.0,STIS/CCD,GALAXY;QSO,7220,2,*QSO*
QSO0951+6954,149.7676766996,69.56846221368,5240.0,10270.0,o4fh09dzq,470.0,STIS/CCD,GALAXY;QSO,7220,2,*QSO*
QSO0951+6954,149.7668670046,69.56835560019,5240.0,10270.0,o4fh09e9q,500.0,STIS/CCD,GALAXY;QSO,7220,2,*QSO*
QSO1038+0528,160.1589466152,5.244470326071,5240.0,10270.0,o4fha1u6q,470.0,STIS/CCD,GALAXY;QSO,7220,2,*QSO*
QSO1038+0528,160.1590587789,5.244189639651,5240.0,10270.0,o4fha1u3q,470.0,STIS/CCD,GALAXY;QSO,7220,2,*QSO*
QSO1038+0528,160.1592831204,5.243628299712,5240.0,10270.0,o4fha1twq,470.0,STIS/CCD,GALAXY;QSO,7220,2,*QSO*
QSO1038+0528,160.1588890998,5.243797268445,5240.0,10270.0,o4fha1tjq,470.0,STIS/CCD,GALAXY;QSO,7220,2,*QSO*
QSO1038+0528,160.1587769044,5.244077942586,5240.0,10270.0,o4fha1tnq,470.0,STIS/CCD,GALAXY;QSO,7220,2,*QSO*
QSO1038+0528,160.1595649549,5.24373998083,5240.0,10270.0,o4fha1ucq,470.0,STIS/CCD,GALAXY;QSO,7220,2,*QSO*
QSO1038+0528,160.1586647578,5.244358608498,5240.0,10270.0,o4fha1tqq,470.0,STIS/CCD,GALAXY;QSO,7220,2,*QSO*
QSO1038+0528,160.1593406455,5.244301333478,5240.0,10270.0,o4fha1ujq,470.0,STIS/CCD,GALAXY;QSO,7220,2,*QSO*
PG1700+518,255.3111169422,51.7458609928,5240.0,10270.0,o4fha4e9q,600.0,STIS/CCD,GALAXY;QSO,7220,2,*QSO*
QSO1038+0528,160.1592284583,5.244582010554,5240.0,10270.0,o4fha1umq,470.0,STIS/CCD,GALAXY;QSO,7220,2,*QSO*
PG1700+518,255.3111802513,51.74579064675,5240.0,10270.0,o4fha4e7q,1200.0,STIS/CCD,GALAXY;QSO,7220,2,*QSO*
QSO1038+0528,160.1594527995,5.244020670455,5240.0,10270.0,o4fha1ufq,470.0,STIS/CCD,GALAXY;QSO,7220,2,*QSO*
QSO0951+6954,149.7659507626,69.56920353765,5240.0,10270.0,o4fh09e2q,500.0,STIS/CCD,GALAXY;QSO,7220,2,*QSO*
QSO1038+0528,160.1591709252,5.243908973926,5240.0,10270.0,o4fha1tzq,470.0,STIS/CCD,GALAXY;QSO,7220,2,*QSO*
Q0038+327,10.18154113859,32.97613240455,1640.0,3190.0,o4v101020,0.7680964,STIS/CCD,GALAXY;QSO,7730,3,*QSO*
Q0038+327,10.18141666667,32.975875,1640.0,3190.0,o4v101010,2261.0,STIS/CCD,GALAXY;QSO,7730,3,*QSO*
HDFS-223338-603329-QSO,338.4069583333,-60.55804166667,3020.0,5610.0,o4yf39020,600.0,STIS/CCD,GALAXY;QSO,8075,3,*QSO*
HDFS-223338-603329-QSO,338.4069583333,-60.55804166667,3020.0,5610.0,o4yf39040,600.0,STIS/CCD,GALAXY;QSO,8075,3,*QSO*
HDFS-223338-603329-QSO,338.4068473643,-60.55873842379,3020.0,5610.0,o4yf38030,1380.0,STIS/CCD,GALAXY;QSO,8075,3,*QSO*
HDFS-223338-603329-QSO,338.4069583333,-60.55804166667,3020.0,5610.0,o4yf39050,300.0,STIS/CCD,GALAXY;QSO,8075,3,*QSO*
HDFS-223338-603329-QSO,338.4068473643,-60.55873842379,3020.0,5610.0,o4yf38010,1560.0,STIS/CCD,GALAXY;QSO,8075,3,*QSO*
HDFS-223338-603329-QSO,338.4069583333,-60.55804166667,3020.0,5610.0,o4yf34010,1740.0,STIS/CCD,GALAXY;QSO,8075,3,*QSO*
HDFS-223338-603329-QSO,338.4069583333,-60.55804166667,3020.0,5610.0,o4yf34070,720.0,STIS/CCD,GALAXY;QSO,8075,3,*QSO*
HDFS-223338-603329-QSO,338.4071112998,-60.55734683424,3020.0,5610.0,o4yf34050,960.0,STIS/CCD,GALAXY;QSO,8075,3,*QSO*
HDFS-223338-603329-QSO,338.4069583333,-60.55804166667,3020.0,5610.0,o4yf35020,720.0,STIS/CCD,GALAXY;QSO,8075,3,*QSO*
HDFS-223338-603329-QSO,338.4069583333,-60.55804166667,3020.0,5610.0,o4yf35040,900.0,STIS/CCD,GALAXY;QSO,8075,3,*QSO*
HDFS-223338-603329-QSO,338.4069583333,-60.55804166667,3020.0,5610.0,o4yf35050,120.0,STIS/CCD,GALAXY;QSO,8075,3,*QSO*
HDFS-223338-603329-QSO,338.4068053602,-60.55873649893,3020.0,5610.0,o4yf34030,1440.0,STIS/CCD,GALAXY;QSO,8075,3,*QSO*
C05.07,303.3454788864,-46.9517546952,2900.0,5700.0,o50201040,2837.0,STIS/CCD,GALAXY;QSO;GRAVITATIONAL LENS,7767,3,*QSO*
HDFS-223338-603329-QSO,338.406797961,-60.55873609571,3020.0,5610.0,o52z26050,600.0,STIS/CCD,GALAXY;QSO,8074,3,*QSO*
HDFS-223338-603329-QSO,338.4069583333,-60.55804166667,3020.0,5610.0,o53q18030,600.0,STIS/CCD,GALAXY;QSO,8073,3,*QSO*
HDFS-223338-603329-QSO,338.4069583333,-60.55804166667,3020.0,5610.0,o53q22030,660.0,STIS/CCD,GALAXY;QSO,8073,3,*QSO*
HDFS-223338-603329-QSO,338.4068053602,-60.55873649893,3020.0,5610.0,o52f43040,832.0,STIS/CCD,GALAXY;QSO,8076,3,*QSO*
HDFS-223338-603329-QSO,338.4056518366,-60.5572903584,3020.0,5610.0,o52z27050,1060.0,STIS/CCD,GALAXY;QSO,8074,3,*QSO*
HDFS-223338-603329-QSO,338.4069583333,-60.55804166667,3020.0,5610.0,o52f42010,1800.0,STIS/CCD,GALAXY;QSO,8076,3,*QSO*
HDFS-223338-603329-QSO,338.4068053602,-60.55873649893,3020.0,5610.0,o53q23030,1260.0,STIS/CCD,GALAXY;QSO,8073,3,*QSO*
HDFS-223338-603329-QSO,338.4069583333,-60.55804166667,3020.0,5610.0,o53q19060,1140.0,STIS/CCD,GALAXY;QSO,8073,3,*QSO*
HDFS-223338-603329-QSO,338.4069583333,-60.55804166667,3020.0,5610.0,o53q19040,720.0,STIS/CCD,GALAXY;QSO,8073,3,*QSO*
HDFS-223338-603329-QSO,338.4070940188,-60.55734596749,3020.0,5610.0,o53511060,600.0,STIS/CCD,GALAXY;QSO,8058,3,*QSO*
HDFS-223338-603329-QSO,338.4071186987,-60.55734723743,3020.0,5610.0,o53506030,540.0,STIS/CCD,GALAXY;QSO,8058,3,*QSO*
HDFS-223338-603329-QSO,338.406797961,-60.55873609571,3020.0,5610.0,o52z26010,1344.0,STIS/CCD,GALAXY;QSO,8074,3,*QSO*
HDFS-223338-603329-QSO,338.4070692975,-60.55734490946,3020.0,5610.0,o53q18050,600.0,STIS/CCD,GALAXY;QSO,8073,3,*QSO*
C05.07,303.3454477766,-46.95184956982,2900.0,5700.0,o50201030,2840.0,STIS/CCD,GALAXY;QSO;GRAVITATIONAL LENS,7767,3,*QSO*
HDFS-223338-603329-QSO,338.4071186987,-60.55734723743,3020.0,5610.0,o53506010,660.0,STIS/CCD,GALAXY;QSO,8058,3,*QSO*
HDFS-223338-603329-QSO,338.406822642,-60.55873736571,3020.0,5610.0,o52f42050,1200.0,STIS/CCD,GALAXY;QSO,8076,3,*QSO*
HDFS-223338-603329-QSO,338.406822642,-60.55873736571,3020.0,5610.0,o52f42030,1380.0,STIS/CCD,GALAXY;QSO,8076,3,*QSO*
HDFS-223338-603329-QSO,338.4070940188,-60.55734596749,3020.0,5610.0,o52f42070,832.0,STIS/CCD,GALAXY;QSO,8076,3,*QSO*
HDFS-223338-603329-QSO,338.4069583333,-60.55804166667,3020.0,5610.0,o52f42090,112.0,STIS/CCD,GALAXY;QSO,8076,3,*QSO*
HDFS-223338-603329-QSO,338.4070692975,-60.55734490946,3020.0,5610.0,o52f46050,2200.0,STIS/CCD,GALAXY;QSO,8076,3,*QSO*
HDFS-223338-603329-QSO,338.4070692975,-60.55734490946,3020.0,5610.0,o52f46040,2004.0,STIS/CCD,GALAXY;QSO,8076,3,*QSO*
HDFS-223338-603329-QSO,338.4069583333,-60.55804166667,3020.0,5610.0,o52f48010,900.0,STIS/CCD,GALAXY;QSO,8076,3,*QSO*
HDFS-223338-603329-QSO,338.4069583333,-60.55804166667,3020.0,5610.0,o52f48040,1100.0,STIS/CCD,GALAXY;QSO,8076,3,*QSO*
HDFS-223338-603329-QSO,338.4069583333,-60.55804166667,3020.0,5610.0,o52z26030,1020.0,STIS/CCD,GALAXY;QSO,8074,3,*QSO*
HDFS-223338-603329-QSO,338.4069583333,-60.55804166667,3020.0,5610.0,o52z27010,120.0,STIS/CCD,GALAXY;QSO,8074,3,*QSO*
HDFS-223338-603329-QSO,338.4069583333,-60.55804166667,3020.0,5610.0,o53510010,540.0,STIS/CCD,GALAXY;QSO,8058,3,*QSO*
HDFS-223338-603329-QSO,338.4070940188,-60.55734596749,3020.0,5610.0,o53511040,360.0,STIS/CCD,GALAXY;QSO,8058,3,*QSO*
HDFS-223338-603329-QSO,338.4068399432,-60.55873812862,3020.0,5610.0,o53510030,540.0,STIS/CCD,GALAXY;QSO,8058,3,*QSO*
HDFS-223338-603329-QSO,338.4069583333,-60.55804166667,3020.0,5610.0,o52z31040,832.0,STIS/CCD,GALAXY;QSO,8074,3,*QSO*
HDFS-223338-603329-QSO,338.4069583333,-60.55804166667,3020.0,5610.0,o53515040,540.0,STIS/CCD,GALAXY;QSO,8058,3,*QSO*
HDFS-223338-603329-QSO,338.4069583333,-60.55804166667,3020.0,5610.0,o52z30070,720.0,STIS/CCD,GALAXY;QSO,8074,3,*QSO*
HDFS-223338-603329-QSO,338.4070767183,-60.55734520461,3020.0,5610.0,o52z30050,660.0,STIS/CCD,GALAXY;QSO,8074,3,*QSO*
HDFS-223338-603329-QSO,338.4070767183,-60.55734520461,3020.0,5610.0,o52z30030,960.0,STIS/CCD,GALAXY;QSO,8074,3,*QSO*
HDFS-223338-603329-QSO,338.4070767183,-60.55734520461,3020.0,5610.0,o52z30010,1200.0,STIS/CCD,GALAXY;QSO,8074,3,*QSO*
HDFS-223338-603329-QSO,338.4069583333,-60.55804166667,3020.0,5610.0,o52z31060,900.0,STIS/CCD,GALAXY;QSO,8074,3,*QSO*
HDFS-223338-603329-QSO,338.4071112998,-60.55734683424,3020.0,5610.0,o53514030,600.0,STIS/CCD,GALAXY;QSO,8058,3,*QSO*
HDFS-223338-603329-QSO,338.4071112998,-60.55734683424,3020.0,5610.0,o53514010,600.0,STIS/CCD,GALAXY;QSO,8058,3,*QSO*
Q1229-0207,188.0002196045,-2.401488610121,1640.0,3190.0,o55h08010,2267.0,STIS/CCD,GALAXY;QSO,7475,3,*QSO*
Q0454-2203,74.037125,-21.98591666667,1640.0,3190.0,o55h02010,2282.0,STIS/CCD,GALAXY;QSO,7475,3,*QSO*
Q1229-0207,188.0002196045,-2.401488610121,1640.0,3190.0,o55h08020,19296.0,STIS/CCD,GALAXY;QSO,7475,3,*QSO*
Q0454-2203,74.037125,-21.98591666667,1640.0,3190.0,o55h02020,19345.0,STIS/CCD,GALAXY;QSO,7475,3,*QSO*
HDFS-223338-603329-QSO,338.4069583333,-60.55804166667,3020.0,5610.0,o53q22010,900.0,STIS/CCD,GALAXY;QSO,8073,3,*QSO*
HDFS-223338-603329-QSO,338.4069583333,-60.55804166667,3020.0,5610.0,o53q22050,600.0,STIS/CCD,GALAXY;QSO,8073,3,*QSO*
HDFS-223338-603329-QSO,338.4068053602,-60.55873649893,3020.0,5610.0,o53q23050,1260.0,STIS/CCD,GALAXY;QSO,8073,3,*QSO*
1701+610,255.5466666667,60.98055555556,5240.0,10270.0,o57a01040,1617.0,STIS/CCD,GALAXY;QSO,8024,3,*QSO*
1701+610,255.5453397935,60.98029491677,5240.0,10270.0,o57a01050,1617.0,STIS/CCD,GALAXY;QSO,8024,3,*QSO*
1701+610,255.5440129421,60.98003426495,5240.0,10270.0,o57a01060,1617.0,STIS/CCD,GALAXY;QSO,8024,3,*QSO*
PG2302+029,346.1874444693,3.19595393698,1680.0,3060.0,o57q02040,1398.0,STIS/CCD,EXT-MEDIUM;ABSORPTION LINE SYSTEM - EXTRAGALACTIC;;GALAXY;QSO,7358,3,*QSO*
PG2302+029,346.1874814898,3.196058719734,1680.0,3060.0,o57q02020,1392.0,STIS/CCD,EXT-MEDIUM;ABSORPTION LINE SYSTEM - EXTRAGALACTIC;;GALAXY;QSO,7358,3,*QSO*
PG2302+029,346.1874629796,3.196006328357,1680.0,3060.0,o57q02030,1410.0,STIS/CCD,EXT-MEDIUM;ABSORPTION LINE SYSTEM - EXTRAGALACTIC;;GALAXY;QSO,7358,3,*QSO*
3C48,24.42209916876,33.15950388258,5450.0,10140.0,o5ab02020,5280.0,STIS/CCD,GALAXY;QSO,8299,3,*QSO*
3C48,24.42190083123,33.15951833956,5450.0,10140.0,o5ab02010,4745.0,STIS/CCD,GALAXY;QSO,8299,3,*QSO*
3C48,24.4221983375,33.15949665398,5450.0,10140.0,o5ab03010,4745.0,STIS/CCD,GALAXY;QSO,8299,3,*QSO*
Q0353-383,58.70754724686,-38.16569476196,1680.0,3060.0,o5au01030,2832.0,STIS/CCD,GALAXY;QSO,8283,3,*QSO*
Q0353-383,58.70760695687,-38.16556404766,1680.0,3060.0,o5au01020,2835.0,STIS/CCD,GALAXY;QSO,8283,3,*QSO*
3C48,24.42229750622,33.15948942529,5450.0,10140.0,o5ab03020,5280.0,STIS/CCD,GALAXY;QSO,8299,3,*QSO*
H1413+1143-A,213.9426754167,11.49539722222,2900.0,5700.0,o5gh01020,2590.0,STIS/CCD,GALAXY;QSO;GRAVITATIONAL LENS;LYMAN ALPHA CLOUD,8127,3,*QSO*
H1413+1143-A,213.9426754167,11.49539722222,2900.0,5700.0,o5gh01010,1697.0,STIS/CCD,GALAXY;QSO;GRAVITATIONAL LENS;LYMAN ALPHA CLOUD,8127,3,*QSO*
H1413+1143-B,213.9428858333,11.49544361111,2900.0,5700.0,o5gh02010,1697.6,STIS/CCD,GALAXY;QSO;GRAVITATIONAL LENS;LYMAN ALPHA CLOUD,8127,3,*QSO*
H1413+1143-B,213.9428858333,11.49544361111,2900.0,5700.0,o5gh02020,2590.0,STIS/CCD,GALAXY;QSO;GRAVITATIONAL LENS;LYMAN ALPHA CLOUD,8127,3,*QSO*
H1413+1143-A,213.9425892431,11.49550749085,2900.0,5700.0,o5gh01030,2590.0,STIS/CCD,GALAXY;QSO;GRAVITATIONAL LENS;LYMAN ALPHA CLOUD,8127,3,*QSO*
H1413+1143-B,213.9428858333,11.49544361111,2900.0,5700.0,o5gh03010,1697.6,STIS/CCD,GALAXY;QSO;GRAVITATIONAL LENS;LYMAN ALPHA CLOUD,8127,3,*QSO*
QSO-083142+524517,127.923785114,52.7545881194,5450.0,10140.0,o63805080,3044.0,STIS/CCD,GALAXY;QSO,8626,3,*QSO*
QSO-083142+524517,127.9235375019,52.75435423556,5450.0,10140.0,o63805060,3044.0,STIS/CCD,GALAXY;QSO,8626,3,*QSO*
QSO-083142+524517,127.9235375019,52.75435423556,5450.0,10140.0,o63805040,3047.0,STIS/CCD,GALAXY;QSO,8626,3,*QSO*
QSO-083142+524517,127.923785114,52.7545881194,5450.0,10140.0,o63805030,3044.0,STIS/CCD,GALAXY;QSO,8626,3,*QSO*
QSO-083142+524517,127.9240327288,52.75482200272,5450.0,10140.0,o63805010,2500.0,STIS/CCD,GALAXY;QSO,8626,3,*QSO*
QSO-083142+524517,127.9242600308,52.75506365723,5450.0,10140.0,o63804080,3044.0,STIS/CCD,GALAXY;QSO,8626,3,*QSO*
QSO-083142+524517,127.9244870867,52.75530506239,5450.0,10140.0,o63804060,3047.0,STIS/CCD,GALAXY;QSO,8626,3,*QSO*
QSO-083142+524517,127.9244870867,52.75530506239,5450.0,10140.0,o63804050,3044.0,STIS/CCD,GALAXY;QSO,8626,3,*QSO*
QSO-083142+524517,127.9242600308,52.75506365723,5450.0,10140.0,o63804030,3044.0,STIS/CCD,GALAXY;QSO,8626,3,*QSO*
QSO-083142+524517,127.9240329774,52.75482225164,5450.0,10140.0,o63804010,2500.0,STIS/CCD,GALAXY;QSO,8626,3,*QSO*
QSO-083142+524517,127.9238059265,52.75458084561,5450.0,10140.0,o63803080,3044.0,STIS/CCD,GALAXY;QSO,8626,3,*QSO*
QSO-083142+524517,127.9235788781,52.75433943915,5450.0,10140.0,o63803060,3047.0,STIS/CCD,GALAXY;QSO,8626,3,*QSO*
QSO-083142+524517,127.9238059265,52.75458084561,5450.0,10140.0,o63803050,3044.0,STIS/CCD,GALAXY;QSO,8626,3,*QSO*
QSO-083142+524517,127.9240329774,52.75482225164,5450.0,10140.0,o63803030,3044.0,STIS/CCD,GALAXY;QSO,8626,3,*QSO*
QSO-083142+524517,127.9242600308,52.75506365723,5450.0,10140.0,o63803010,2500.0,STIS/CCD,GALAXY;QSO,8626,3,*QSO*
QSO-083142+524517,127.9245279663,52.75528976782,5450.0,10140.0,o63802060,3047.0,STIS/CCD,GALAXY;QSO,8626,3,*QSO*
QSO-083142+524517,127.923785114,52.7545881194,5450.0,10140.0,o63802010,2516.0,STIS/CCD,GALAXY;QSO,8626,3,*QSO*
QSO-083142+524517,127.9245279663,52.75528976782,5450.0,10140.0,o63802040,3047.0,STIS/CCD,GALAXY;QSO,8626,3,*QSO*
QSO-083142+524517,127.9245279663,52.75528976782,5450.0,10140.0,o63801050,3047.0,STIS/CCD,GALAXY;QSO,8626,3,*QSO*
QSO-083142+524517,127.9242803462,52.75505588553,5450.0,10140.0,o63802030,3047.0,STIS/CCD,GALAXY;QSO,8626,3,*QSO*
QSO-083142+524517,127.9240327288,52.75482200272,5450.0,10140.0,o63801030,3047.0,STIS/CCD,GALAXY;QSO,8626,3,*QSO*
QSO-083142+524517,127.923785114,52.7545881194,5450.0,10140.0,o63801020,3047.0,STIS/CCD,GALAXY;QSO,8626,3,*QSO*
QSO-083142+524517,127.9242803462,52.75505588553,5450.0,10140.0,o63801040,3047.0,STIS/CCD,GALAXY;QSO,8626,3,*QSO*
QSO-083142+524517,127.9235375019,52.75435423556,5450.0,10140.0,o63801010,2516.0,STIS/CCD,GALAXY;QSO,8626,3,*QSO*
QSO-083142+524517,127.9240327288,52.75482200272,5450.0,10140.0,o63802020,3047.0,STIS/CCD,GALAXY;QSO,8626,3,*QSO*
RXJ0911+0551,137.8650833333,5.848208333333,2900.0,5700.0,o65o010d0,804.0,STIS/CCD,GALAXY;QSO;GRAVITATIONAL LENS,8652,3,*QSO*
RXJ0911+0551,137.8647646909,5.847437641767,2900.0,5700.0,o65o010b0,804.0,STIS/CCD,GALAXY;QSO;GRAVITATIONAL LENS,8652,3,*QSO*
RXJ0911+0551,137.864924012,5.847822987572,2900.0,5700.0,o65o010c0,804.0,STIS/CCD,GALAXY;QSO;GRAVITATIONAL LENS,8652,3,*QSO*
RXJ0911+0551,137.8650833333,5.848208333333,5240.0,10270.0,o65o010a0,804.0,STIS/CCD,GALAXY;QSO;GRAVITATIONAL LENS,8652,3,*QSO*
RXJ0911+0551,137.864924012,5.847822987572,5240.0,10270.0,o65o01090,804.0,STIS/CCD,GALAXY;QSO;GRAVITATIONAL LENS,8652,3,*QSO*
RXJ0911+0551,137.8647646909,5.847437641767,5240.0,10270.0,o65o01080,804.0,STIS/CCD,GALAXY;QSO;GRAVITATIONAL LENS,8652,3,*QSO*
PHL1811,328.756375,-9.373444444444,2900.0,5700.0,o6c101010,240.0,STIS/CCD,GALAXY;QSO,9181,3,*QSO*
TONS210,20.46520833333,-28.34972222222,1640.0,3190.0,o6ct05010,1500.0,STIS/CCD,GALAXY;QSO,9128,3,*QSO*
PG0052+251,13.71720833333,25.42755555556,1640.0,3190.0,o6ct03010,1500.0,STIS/CCD,GALAXY;QSO,9128,3,*QSO*
PHL1811,328.7568333333,-9.373888888889,1640.0,3190.0,o6ct46010,1200.0,STIS/CCD,GALAXY;QSO,9128,3,*QSO*
TON34,154.9859583333,27.73369444444,3020.0,5610.0,o6gx04010,2007.0,STIS/CCD,GALAXY;QSO,9186,3,*QSO*
Q0013+0213,3.979708333333,2.506563888889,1680.0,3060.0,o6gt01010,1680.0,STIS/CCD,GALAXY;QSO,9187,3,*QSO*
HE2217-2818,335.028,-28.05647222222,1680.0,3060.0,o6gt16010,1680.0,STIS/CCD,GALAXY;QSO,9187,3,*QSO*
HS0219+1452,35.63229166667,15.10758333333,1680.0,3060.0,o6gt19010,1680.0,STIS/CCD,GALAXY;QSO,9187,3,*QSO*
HE1122-1648,171.1784583333,-17.08830833333,3020.0,5610.0,o8mn03020,746.0,STIS/CCD,GALAXY;QSO,9885,3,*QSO*
HE1122-1648,171.1782965895,-17.08837058773,3020.0,5610.0,o8mn03030,746.0,STIS/CCD,GALAXY;QSO,9885,3,*QSO*
HE1113-0641,169.0979084796,-6.960884240632,2900.0,5700.0,o8r405010,1000.0,STIS/CCD,GALAXY;GRAVITATIONAL LENS;QSO,9854,3,*QSO*
SDSS0924+0219,141.2324045243,2.323398208171,2900.0,5700.0,o8r404010,1.536209,STIS/CCD,GALAXY;GRAVITATIONAL LENS;QSO,9854,3,*QSO*
1RXS-J113155.4-123155,172.9642224036,-12.53268368114,1680.0,3060.0,o8r403010,2430.0,STIS/CCD,GALAXY;GRAVITATIONAL LENS;QSO,9854,3,*QSO*
HS0810+2554,123.3805507753,25.75057963462,2900.0,5700.0,o8r402010,2420.0,STIS/CCD,GALAXY;GRAVITATIONAL LENS;QSO,9854,3,*QSO*
WFI2033-4723,308.4255744406,-47.39518034851,2900.0,5700.0,o8r401010,2540.0,STIS/CCD,GALAXY;QSO;GRAVITATIONAL LENS,9854,3,*QSO*
HE1113-0641,169.0979084796,-6.960884240632,1680.0,3060.0,o8r405020,1120.0,STIS/CCD,GALAXY;GRAVITATIONAL LENS;QSO,9854,3,*QSO*
PG1115+080,169.5712904003,7.766066994115,2900.0,5700.0,o8r406010,2420.0,STIS/CCD,GALAXY;GRAVITATIONAL LENS;QSO,9854,3,*QSO*
WFI2026-4536,306.5432312699,-45.6075942001,2900.0,5700.0,o8r408010,2540.0,STIS/CCD,GALAXY;GRAVITATIONAL LENS;QSO,9854,3,*QSO*
SDSS1138+0314,174.5155550203,3.249154244116,2900.0,5700.0,o8r407010,2410.0,STIS/CCD,GALAXY;GRAVITATIONAL LENS;QSO,9854,3,*QSO*
SDSS-J0924+0219-GAL,141.2325720833,2.323469861111,2900.0,5700.0,ob1u04010,1020.0,STIS/CCD,GALAXY;ELLIPTICAL;GRAVITATIONAL LENS;QSO,11672,3,*QSO*
SDSS-J0924+0219-GAL,141.2326788371,2.323388749463,2900.0,5700.0,ob1u04020,1020.0,STIS/CCD,GALAXY;ELLIPTICAL;GRAVITATIONAL LENS;QSO,11672,3,*QSO*
CID-42-SE-SOURCE,150.1798659009,2.110208967727,5240.0,10270.0,obo903020,950.0,STIS/CCD,GALAXY;INTERACTING GALAXY;MULTIPLE NUCLEI;QSO,12366,3,*QSO*
3C196,123.400692471,48.21747943432,2900.0,5700.0,odn503030,775.0,STIS/CCD,GALAXY;LYMAN ALPHA CLOUD;QSO,15092,3,*QSO*
J2309+0027,347.361,0.4571555555556,5240.0,10270.0,of8q16010,1836.0,STIS/CCD,GALAXY;MULTIPLE NUCLEI;QSO,17423,3,*QSO*
QSO-J1019+2745,154.9857156689,27.73381286704,2900.0,5700.0,obrr03020,498.0,STIS/CCD,GALAXY;BLR;NLR;QSO,12510,3,*QSO*
J1609+5034,242.3469632783,50.57924569878,5240.0,10270.0,of8q12020,2367.0,STIS/CCD,GALAXY;MULTIPLE NUCLEI;QSO,17423,3,*QSO*
NEWQZ023,146.5163759025,1.656515765019,2900.0,5700.0,obji19030,724.0,STIS/CCD,GALAXY;QSO,12299,3,*QSO*
NEWQZ004,196.3936053832,18.32587575997,2900.0,5700.0,obji15030,730.0,STIS/CCD,GALAXY;QSO,12299,3,*QSO*
SDSSJ091451.42+421957.0,138.71425,42.3325,1680.0,3060.0,ocuv07010,2470.0,STIS/CCD,GALAXY;QSO,14135,3,*QSO*
J0732+3533,113.214875,35.55426388889,5240.0,10270.0,of8q04010,1948.0,STIS/CCD,GALAXY;MULTIPLE NUCLEI;QSO,17423,3,*QSO*
SDSSJ155837.77+081345.8,239.657375,8.229388888889,1680.0,3060.0,ocuv24010,2376.0,STIS/CCD,GALAXY;QSO,14135,3,*QSO*
Q0302-2223,46.20758333333,-22.19772222222,1640.0,3190.0,o55h01010,2282.0,STIS/CCD,GALAXY;QSO,7475,3,*QSO*
J2245+3312,341.451,33.21408055556,5240.0,10270.0,of8q14010,1866.0,STIS/CCD,GALAXY;MULTIPLE NUCLEI;QSO,17423,3,*QSO*
PG0946+301,147.42125,29.92188888889,3020.0,5610.0,o5ao06050,2637.0,STIS/CCD,GALAXY;QSO,8284,3,*QSO*
SDSSJ113923.66+002301.6,174.8485833333,0.3837777777778,1680.0,3060.0,ocuv16010,2376.0,STIS/CCD,GALAXY;QSO,14135,3,*QSO*
J1440+6333,220.1519583333,63.56508888889,5240.0,10270.0,of8q10010,2130.0,STIS/CCD,GALAXY;MULTIPLE NUCLEI;QSO,17423,3,*QSO*
Q0935+4143,144.737625,41.47272222222,1640.0,3190.0,o55h05020,5757.0,STIS/CCD,GALAXY;QSO,7475,3,*QSO*
H1413+1143-A,213.9425030695,11.49561775944,2900.0,5700.0,o5gh01040,2590.0,STIS/CCD,GALAXY;QSO;GRAVITATIONAL LENS;LYMAN ALPHA CLOUD,8127,3,*QSO*
H1413+1143-B,213.9428210611,11.4955671478,2900.0,5700.0,o5gh03030,2590.0,STIS/CCD,GALAXY;QSO;GRAVITATIONAL LENS;LYMAN ALPHA CLOUD,8127,3,*QSO*
SDSSJ085116.14+424328.8,132.81725,42.72466666667,1680.0,3060.0,ocuv06010,2470.0,STIS/CCD,GALAXY;QSO,14135,3,*QSO*
Q0935+4143,144.737625,41.47272222222,1640.0,3190.0,o55h05010,2398.0,STIS/CCD,GALAXY;QSO,7475,3,*QSO*
TON34,154.9859583333,27.73369444444,3020.0,5610.0,o6gx04030,1948.0,STIS/CCD,GALAXY;QSO,9186,3,*QSO*
HE0512-3329,78.54507664112,-33.43917250853,2900.0,5700.0,o6fb02020,750.0,STIS/CCD,GALAXY;QSO,9165,3,*QSO*
J1456+5742,224.0098300073,57.71626383174,5240.0,10270.0,of8q11020,2388.0,STIS/CCD,GALAXY;MULTIPLE NUCLEI;QSO,17423,3,*QSO*
J0300-0532,45.051125,-5.542691666667,5240.0,10270.0,of8q03010,1904.0,STIS/CCD,GALAXY;MULTIPLE NUCLEI;QSO,17423,3,*QSO*
NEWQZ015,192.926215,24.07645555556,2900.0,5700.0,obji18020,728.0,STIS/CCD,GALAXY;QSO,12299,3,*QSO*
NEWQZ003,206.5729435761,62.34596320216,2900.0,5700.0,obji14010,818.0,STIS/CCD,GALAXY;QSO,12299,3,*QSO*
NEWQZ027,144.2246035403,53.52413041558,2900.0,5700.0,obji21010,796.0,STIS/CCD,GALAXY;QSO,12299,3,*QSO*
PG1100+772,166.0573333333,76.98280555556,1640.0,3190.0,o6ct23010,1500.0,STIS/CCD,GALAXY;QSO,9128,3,*QSO*
PG0804+761,122.7440416667,76.04516666667,1640.0,3190.0,o6ct19010,900.0,STIS/CCD,GALAXY;QSO,9128,3,*QSO*
CTS-H34.02,88.00241666667,-53.21213888889,1680.0,3060.0,o6gt22010,1680.0,STIS/CCD,GALAXY;QSO,9187,3,*QSO*
J2257-6555,344.4006396925,-65.91905669579,5240.0,10270.0,of8q15020,2775.0,STIS/CCD,GALAXY;MULTIPLE NUCLEI;QSO,17423,3,*QSO*
SDSSJ103320.65+274024.2,158.3360416667,27.67338888889,1680.0,3060.0,ocuv10010,2392.0,STIS/CCD,GALAXY;QSO,14135,3,*QSO*
NEWQZ027,144.22444,53.52413055556,2900.0,5700.0,obji21020,796.0,STIS/CCD,GALAXY;QSO,12299,3,*QSO*
SDSSJ131627.84+315825.7,199.116,31.97380555556,1680.0,3060.0,ocuv19010,2408.0,STIS/CCD,GALAXY;QSO,14135,3,*QSO*
PKS0558-504,89.94816666667,-50.44822222222,1640.0,3190.0,o6ct11010,1500.0,STIS/CCD,GALAXY;QSO,9128,3,*QSO*
B21.07,42.214125,-40.57113888889,1680.0,3060.0,o6gt05010,1680.0,STIS/CCD,GALAXY;QSO,9187,3,*QSO*
HS1312+7837,198.3392916667,78.36486111111,1680.0,3060.0,o6gt27010,1680.0,STIS/CCD,GALAXY;QSO,9187,3,*QSO*
1537+0021,234.30725,0.3543,2900.0,5700.0,o8ex6z010,2330.0,STIS/CCD,GALAXY;QSO,9382,3,*QSO*
SDSSJ083332.92+164411.0,128.3871666667,16.73638888889,1680.0,3060.0,ocuv04010,2388.0,STIS/CCD,GALAXY;QSO,14135,3,*QSO*
NEWQZ023,146.51644,1.656588888889,2900.0,5700.0,obji19020,724.0,STIS/CCD,GALAXY;QSO,12299,3,*QSO*
PG2302+029,346.1875,3.196111111111,1680.0,3060.0,o57q02010,1317.8,STIS/CCD,EXT-MEDIUM;ABSORPTION LINE SYSTEM - EXTRAGALACTIC;;GALAXY;QSO,7358,3,*QSO*
J1201+5230,180.3292083333,52.50628333333,5240.0,10270.0,of8q08010,1866.0,STIS/CCD,GALAXY;MULTIPLE NUCLEI;QSO,17423,3,*QSO*
HDFS-223338-603329-QSO,338.4069583333,-60.55804166667,3020.0,5610.0,o53q18010,960.0,STIS/CCD,GALAXY;QSO,8073,3,*QSO*
PG0946+301,147.42125,29.92188888889,3020.0,5610.0,o5ao06010,2135.0,STIS/CCD,GALAXY;QSO,8284,3,*QSO*
Q0957+5608,150.3362916667,55.89827777778,1640.0,3190.0,o55h07020,14962.0,STIS/CCD,GALAXY;QSO,7475,3,*QSO*
QSO-J1019+2745,154.9856063378,27.73380351177,2900.0,5700.0,obrr03030,498.0,STIS/CCD,GALAXY;BLR;NLR;QSO,12510,3,*QSO*
3C196,123.4004872771,48.21745499512,2900.0,5700.0,odn503020,775.0,STIS/CCD,GALAXY;LYMAN ALPHA CLOUD;QSO,15092,3,*QSO*
3C196,123.4002820833,48.21743055556,2900.0,5700.0,odn503010,775.0,STIS/CCD,GALAXY;LYMAN ALPHA CLOUD;QSO,15092,3,*QSO*
SDSSJ152654.61+565512.3,231.7275416667,56.92008333333,1680.0,3060.0,ocuv23010,2618.0,STIS/CCD,GALAXY;QSO,14135,3,*QSO*
SDSSJ125415.55+480850.6,193.5647916667,48.14738888889,1680.0,3060.0,ocuv18010,2514.0,STIS/CCD,GALAXY;QSO,14135,3,*QSO*
HE1122-1648,171.1784583333,-17.08830833333,3020.0,5610.0,o8mn03050,905.0,STIS/CCD,GALAXY;QSO,9885,3,*QSO*
NEWQZ026,3.10001844704,-10.37405302897,2900.0,5700.0,obji20010,728.0,STIS/CCD,GALAXY;QSO,12299,3,*QSO*
HDFS-223338-603329-QSO,338.4069583333,-60.55804166667,3020.0,5610.0,o52f49040,2100.0,STIS/CCD,GALAXY;QSO,8076,3,*QSO*
SDSSJ111138.66+575030.0,167.9110833333,57.84166666667,1680.0,3060.0,ocuv11010,2618.0,STIS/CCD,GALAXY;QSO,14135,3,*QSO*
J0041-0203,10.36441666667,-2.058988888889,5240.0,10270.0,of8q01010,1836.0,STIS/CCD,GALAXY;MULTIPLE NUCLEI;QSO,17423,3,*QSO*
SDSSJ112224.15+031802.6,170.600625,3.300722222222,1680.0,3060.0,ocuv13010,2372.0,STIS/CCD,GALAXY;QSO,14135,3,*QSO*
SDSSJ093502.52+433110.6,143.7605,43.51961111111,1680.0,3060.0,ocuv08010,2482.0,STIS/CCD,GALAXY;QSO,14135,3,*QSO*
HE1122-1648,171.1782965895,-17.08837058773,3020.0,5610.0,o8mn03060,905.0,STIS/CCD,GALAXY;QSO,9885,3,*QSO*
Q2131+0127,325.4254166667,1.67775,1680.0,3060.0,o6gt14010,1680.0,STIS/CCD,GALAXY;QSO,9187,3,*QSO*
HDFS-223338-603329-QSO,338.4069583333,-60.55804166667,3020.0,5610.0,o52f48020,1100.0,STIS/CCD,GALAXY;QSO,8076,3,*QSO*
SDSS-J0924+0219-IMG-A,141.2327288371,2.323629999463,2900.0,5700.0,ob1u02020,1020.0,STIS/CCD,GALAXY;ELLIPTICAL;GRAVITATIONAL LENS;QSO,11672,3,*QSO*
SDSSJ111941.12+595108.7,169.9213333333,59.85241666667,1680.0,3060.0,ocuv12010,2618.0,STIS/CCD,GALAXY;QSO,14135,3,*QSO*
J0041-0203,10.3644765576,-2.058953671887,5240.0,10270.0,of8q01020,2338.0,STIS/CCD,GALAXY;MULTIPLE NUCLEI;QSO,17423,3,*QSO*
SDSSJ002019.22-110609.2,5.080083333333,-11.10255555556,1680.0,3060.0,ocuv01010,2380.0,STIS/CCD,GALAXY;QSO,14135,3,*QSO*
SDSSJ082024.21+233450.4,125.100875,23.58066666667,1680.0,3060.0,ocuv02010,2388.0,STIS/CCD,GALAXY;QSO,14135,3,*QSO*
CTS-A33.02,88.69075,-33.08797222222,1680.0,3060.0,o6gt23010,1680.0,STIS/CCD,GALAXY;QSO,9187,3,*QSO*
J0151-0509,27.998875,-5.161577777778,5240.0,10270.0,of8q02010,1842.0,STIS/CCD,GALAXY;MULTIPLE NUCLEI;QSO,17423,3,*QSO*
H1413+1143-B,213.9426915165,11.49581422114,2900.0,5700.0,o5gh02050,2587.0,STIS/CCD,GALAXY;QSO;GRAVITATIONAL LENS;LYMAN ALPHA CLOUD,8127,3,*QSO*
J1201+5230,180.3293221425,52.50627845281,5240.0,10270.0,of8q08020,2367.0,STIS/CCD,GALAXY;MULTIPLE NUCLEI;QSO,17423,3,*QSO*
NEWQZ027,144.2242764597,53.52413069532,2900.0,5700.0,obji21030,796.0,STIS/CCD,GALAXY;QSO,12299,3,*QSO*
HS0624+6907,97.51129166667,69.08397222222,1640.0,3190.0,o6ct12010,1500.0,STIS/CCD,GALAXY;QSO,9128,3,*QSO*
H1413+1143-B,213.9428858333,11.49544361111,2900.0,5700.0,o5gh03020,2590.0,STIS/CCD,GALAXY;QSO;GRAVITATIONAL LENS;LYMAN ALPHA CLOUD,8127,3,*QSO*
TON34,154.9859583333,27.73369444444,3020.0,5610.0,o6gx04020,1948.0,STIS/CCD,GALAXY;QSO,9186,3,*QSO*
PG0946+301,147.42125,29.92188888889,3020.0,5610.0,o5ao06040,2637.0,STIS/CCD,GALAXY;QSO,8284,3,*QSO*
J1335+0527,177.4741044337,25.34137061251,5240.0,10270.0,of8q07020,2344.0,STIS/CCD,GALAXY;MULTIPLE NUCLEI;QSO,17423,3,*QSO*
J0300-0532,45.05095541179,-5.542917708336,5240.0,10270.0,of8q03020,2476.0,STIS/CCD,GALAXY;MULTIPLE NUCLEI;QSO,17423,3,*QSO*
NEWQZ013,258.7021758333,33.460625,2900.0,5700.0,obji17020,740.0,STIS/CCD,GALAXY;QSO,12299,3,*QSO*
H1413+1143-B,213.9427562888,11.49569068448,2900.0,5700.0,o5gh03040,2590.0,STIS/CCD,GALAXY;QSO;GRAVITATIONAL LENS;LYMAN ALPHA CLOUD,8127,3,*QSO*
J0755+2646,118.7611666667,26.77011944444,5240.0,10270.0,of8q05010,1912.0,STIS/CCD,GALAXY;MULTIPLE NUCLEI;QSO,17423,3,*QSO*
J2117+0902,319.3830416667,9.043616666667,5240.0,10270.0,of8q13010,1842.0,STIS/CCD,GALAXY;MULTIPLE NUCLEI;QSO,17423,3,*QSO*
J1609+5034,242.347,50.57931111111,5240.0,10270.0,of8q12010,1866.0,STIS/CCD,GALAXY;MULTIPLE NUCLEI;QSO,17423,3,*QSO*
J0732+3533,113.2145406108,35.55418921089,5240.0,10270.0,of8q04020,2521.0,STIS/CCD,GALAXY;MULTIPLE NUCLEI;QSO,17423,3,*QSO*
HDFS-223338-603329-QSO,338.4069583333,-60.55804166667,3020.0,5610.0,o53515060,1140.0,STIS/CCD,GALAXY;QSO,8058,3,*QSO*
H1413+1143-B,213.9427562888,11.49569068448,2900.0,5700.0,o5gh02040,2590.0,STIS/CCD,GALAXY;QSO;GRAVITATIONAL LENS;LYMAN ALPHA CLOUD,8127,3,*QSO*
0959-0035,149.90939,-0.58374,2900.0,5700.0,o8ex21010,2355.0,STIS/CCD,GALAXY;QSO,9382,3,*QSO*
NEWQZ015,192.9261119956,24.0764802138,2900.0,5700.0,obji18030,728.0,STIS/CCD,GALAXY;QSO,12299,3,*QSO*
J0907+1913,214.296125,45.654225,5240.0,10270.0,of8q09010,1854.0,STIS/CCD,GALAXY;MULTIPLE NUCLEI;QSO,17423,3,*QSO*
MS007007+6338,106.3735833333,63.55866666667,1640.0,3190.0,o6ct13010,1500.0,STIS/CCD,GALAXY;QSO,9128,3,*QSO*
NEWQZ023,146.5165040975,1.656662012757,2900.0,5700.0,obji19010,724.0,STIS/CCD,GALAXY;QSO,12299,3,*QSO*
SDSSJ083510.36+035901.1,128.7931666667,3.983638888889,1680.0,3060.0,ocuv05010,2372.0,STIS/CCD,GALAXY;QSO,14135,3,*QSO*
HE1120+0154,170.8360833333,1.629722222222,1680.0,3060.0,o6gt11010,1680.0,STIS/CCD,GALAXY;QSO,9187,3,*QSO*
3C48,24.422,33.15951111111,5450.0,10140.0,o5ab01030,5280.0,STIS/CCD,GALAXY;QSO,8299,3,*QSO*
TON34,154.9859583333,27.73369444444,3020.0,5610.0,o6gx04050,1948.0,STIS/CCD,GALAXY;QSO,9186,3,*QSO*
CT344,16.394875,-27.61622222222,2900.0,5700.0,o8dd03060,2856.0,STIS/CCD,GALAXY;QSO,9498,3,*QSO*
NEWQZ015,192.9263180044,24.07643089725,2900.0,5700.0,obji18010,728.0,STIS/CCD,GALAXY;QSO,12299,3,*QSO*
NEWQZ003,206.5731429167,62.34593333333,2900.0,5700.0,obji14020,818.0,STIS/CCD,GALAXY;QSO,12299,3,*QSO*
NEWQZ013,258.7021376786,33.4605331363,2900.0,5700.0,obji17030,740.0,STIS/CCD,GALAXY;QSO,12299,3,*QSO*
Q0957+5608,150.3362916667,55.89827777778,1640.0,3190.0,o55h07010,2400.0,STIS/CCD,GALAXY;QSO,7475,3,*QSO*
H1413+1143-B,213.9426915165,11.49581422114,2900.0,5700.0,o5gh03050,2587.0,STIS/CCD,GALAXY;QSO;GRAVITATIONAL LENS;LYMAN ALPHA CLOUD,8127,3,*QSO*
SDSSJ140331.29+462804.8,210.880375,46.468,1680.0,3060.0,ocuv21010,2518.0,STIS/CCD,GALAXY;QSO,14135,3,*QSO*
SDSSJ082658.85+061142.6,126.7452083333,6.195166666667,1680.0,3060.0,ocuv03010,2376.0,STIS/CCD,GALAXY;QSO,14135,3,*QSO*
H1413+1143-A,213.9424168958,11.49572802802,2900.0,5700.0,o5gh01050,2590.0,STIS/CCD,GALAXY;QSO;GRAVITATIONAL LENS;LYMAN ALPHA CLOUD,8127,3,*QSO*
NEWQZ026,3.100063219613,-10.37386363769,2900.0,5700.0,obji20030,728.0,STIS/CCD,GALAXY;QSO,12299,3,*QSO*
J2257-6555,344.4005833333,-65.91912222222,5240.0,10270.0,of8q15010,2202.0,STIS/CCD,GALAXY;MULTIPLE NUCLEI;QSO,17423,3,*QSO*
HDFS-223338-603329-QSO,338.4069583333,-60.55804166667,3020.0,5610.0,o52f48030,1100.0,STIS/CCD,GALAXY;QSO,8076,3,*QSO*
NEWQZ003,206.5733422569,62.34590346422,2900.0,5700.0,obji14030,818.0,STIS/CCD,GALAXY;QSO,12299,3,*QSO*
J2117+0902,319.38297504,9.043638872317,5240.0,10270.0,of8q13020,2344.0,STIS/CCD,GALAXY;MULTIPLE NUCLEI;QSO,17423,3,*QSO*
SDSS-J0924+0219-IMG-A,141.2326220833,2.323711111111,2900.0,5700.0,ob1u01010,1020.0,STIS/CCD,GALAXY;ELLIPTICAL;GRAVITATIONAL LENS;QSO,11672,3,*QSO*
J1335+0527,177.4740416667,25.34133055556,5240.0,10270.0,of8q07010,1842.0,STIS/CCD,GALAXY;MULTIPLE NUCLEI;QSO,17423,3,*QSO*
MRK586,31.958125,2.714916666667,1640.0,3190.0,o6ct07010,1500.0,STIS/CCD,GALAXY;QSO,9128,3,*QSO*
Q1718+481,259.9093333333,48.07008333333,1640.0,3190.0,o6ct39010,1500.0,STIS/CCD,GALAXY;QSO,9128,3,*QSO*
HE1347-2457,207.662125,-25.20477777778,1680.0,3060.0,o6gt28010,1680.0,STIS/CCD,GALAXY;QSO,9187,3,*QSO*
SDSSJ134701.54+215401.1,206.7564166667,21.90030555556,1680.0,3060.0,ocuv20010,2384.0,STIS/CCD,GALAXY;QSO,14135,3,*QSO*
SDSS-J0924+0219-IMG-A,141.2326220833,2.323711111111,2900.0,5700.0,ob1u02010,1020.0,STIS/CCD,GALAXY;ELLIPTICAL;GRAVITATIONAL LENS;QSO,11672,3,*QSO*
NEWQZ013,258.7022139881,33.46071686368,2900.0,5700.0,obji17010,740.0,STIS/CCD,GALAXY;QSO,12299,3,*QSO*
PG1351+640,208.3157916667,63.76252777778,1640.0,3190.0,o6ct32010,1500.0,STIS/CCD,GALAXY;QSO,9128,3,*QSO*
NEWQZ008,28.8750885322,-8.951076750004,2900.0,5700.0,obji16010,728.0,STIS/CCD,GALAXY;QSO,12299,3,*QSO*
Q0128-2150,22.7725,-21.57958333333,1680.0,3060.0,o6gt30010,1680.0,STIS/CCD,GALAXY;QSO,9187,3,*QSO*
J0907+1913,214.2962065758,45.6541853616,5240.0,10270.0,of8q09020,2356.0,STIS/CCD,GALAXY;MULTIPLE NUCLEI;QSO,17423,3,*QSO*
NEWQZ004,196.3937529501,18.32574090666,2900.0,5700.0,obji15010,730.0,STIS/CCD,GALAXY;QSO,12299,3,*QSO*
Q0302-2223,46.20758333333,-22.19772222222,1640.0,3190.0,o55h01020,16581.0,STIS/CCD,GALAXY;QSO,7475,3,*QSO*
HDFS-223338-603329-QSO,338.4069583333,-60.55804166667,3020.0,5610.0,o4yf35090,1200.0,STIS/CCD,GALAXY;QSO,8075,3,*QSO*
RXSJ04397-4540,69.93670833333,-45.67836666667,2900.0,5700.0,o8nc04010,940.0,STIS/CCD,GALAXY;QSO,9894,3,*QSO*
HE1122-1648,171.178620077,-17.0882460788,3020.0,5610.0,o8mn03040,905.0,STIS/CCD,GALAXY;QSO,9885,3,*QSO*
SDSSJ113327.78+032719.1,173.36575,3.455305555556,1680.0,3060.0,ocuv15010,2372.0,STIS/CCD,GALAXY;QSO,14135,3,*QSO*
H1413+1143-A,213.942330722,11.49583829657,2900.0,5700.0,o5gh01060,2587.0,STIS/CCD,GALAXY;QSO;GRAVITATIONAL LENS;LYMAN ALPHA CLOUD,8127,3,*QSO*
PG1307+085,197.4464583333,8.329972222222,1640.0,3190.0,o6ct30010,1500.0,STIS/CCD,GALAXY;QSO,9128,3,*QSO*
0021+0104,5.36619,1.07225,2900.0,5700.0,o8ex1a010,2354.0,STIS/CCD,GALAXY;QSO,9382,3,*QSO*
CT344,16.394875,-27.61622222222,5240.0,10270.0,o8dd03010,1834.0,STIS/CCD,GALAXY;QSO,9498,3,*QSO*
C05.07,303.3454166667,-46.95194444444,2900.0,5700.0,o50201020,1795.0,STIS/CCD,GALAXY;QSO;GRAVITATIONAL LENS,7767,3,*QSO*
SDSSJ123734.47+444731.7,189.393625,44.79213888889,1680.0,3060.0,ocuv17010,2470.0,STIS/CCD,GALAXY;QSO,14135,3,*QSO*
HE1122-1648,171.178620077,-17.0882460788,3020.0,5610.0,o8mn03010,746.0,STIS/CCD,GALAXY;QSO,9885,3,*QSO*
HS1137+7016,175.146,69.99097222222,1680.0,3060.0,o6gt25010,1680.0,STIS/CCD,GALAXY;QSO,9187,3,*QSO*
CID-42-SE-SOURCE,150.1798041667,2.110286111111,5240.0,10270.0,obo903010,950.0,STIS/CCD,GALAXY;INTERACTING GALAXY;MULTIPLE NUCLEI;QSO,12366,3,*QSO*
SDSSJ112614.93+310146.6,171.5622083333,31.02961111111,1680.0,3060.0,ocuv26010,2408.0,STIS/CCD,GALAXY;QSO,14135,3,*QSO*
HE0512-3329,78.54493041667,-33.43958444444,2900.0,5700.0,o6fb02010,750.0,STIS/CCD,GALAXY;QSO,9165,3,*QSO*
J0755+2646,118.7608777865,26.77000514319,5240.0,10270.0,of8q05020,2486.0,STIS/CCD,GALAXY;MULTIPLE NUCLEI;QSO,17423,3,*QSO*
PG0946+301,147.42125,29.92188888889,3020.0,5610.0,o5ao06020,2559.0,STIS/CCD,GALAXY;QSO,8284,3,*QSO*
J0835+2528,128.8794583333,25.46912222222,5240.0,10270.0,of8q06010,1912.0,STIS/CCD,GALAXY;MULTIPLE NUCLEI;QSO,17423,3,*QSO*
J2309+0027,347.3610232334,0.4572209984638,5240.0,10270.0,of8q16020,2338.0,STIS/CCD,GALAXY;MULTIPLE NUCLEI;QSO,17423,3,*QSO*
HE0512-3329,78.54522286419,-33.43876057246,2900.0,5700.0,o6fb02030,766.0,STIS/CCD,GALAXY;QSO,9165,3,*QSO*
SDSSJ234145.51-004640.5,355.439625,-0.7779166666667,1680.0,3060.0,ocuv25010,2372.0,STIS/CCD,GALAXY;QSO,14135,3,*QSO*
HE0926-0201,142.30625,-2.246361111111,1680.0,3060.0,o6gt09010,1680.0,STIS/CCD,GALAXY;QSO,9187,3,*QSO*
HDFS-223338-603329-QSO,338.4069583333,-60.55804166667,3020.0,5610.0,o52f49050,2100.0,STIS/CCD,GALAXY;QSO,8076,3,*QSO*
SDSS-J0924+0219-IMG-A,141.2327288371,2.323629999463,2900.0,5700.0,ob1u01020,1020.0,STIS/CCD,GALAXY;ELLIPTICAL;GRAVITATIONAL LENS;QSO,11672,3,*QSO*
NEWQZ008,28.875035,-8.951158333333,2900.0,5700.0,obji16020,728.0,STIS/CCD,GALAXY;QSO,12299,3,*QSO*
PG0946+301,147.42125,29.92188888889,3020.0,5610.0,o5ao06030,2556.0,STIS/CCD,GALAXY;QSO,8284,3,*QSO*
HE0515-4414,79.28170833333,-44.18230555556,1680.0,3060.0,o6gt08010,1680.0,STIS/CCD,GALAXY;QSO,9187,3,*QSO*
HDFS-223338-603329-QSO,338.4069583333,-60.55804166667,3020.0,5610.0,o52f49030,2100.0,STIS/CCD,GALAXY;QSO,8076,3,*QSO*
SDSSJ100054.96+262242.4,150.229,26.37844444444,1680.0,3060.0,ocuv09010,2392.0,STIS/CCD,GALAXY;QSO,14135,3,*QSO*
J0835+2528,128.8791631405,25.46902969316,5240.0,10270.0,of8q06020,2486.0,STIS/CCD,GALAXY;MULTIPLE NUCLEI;QSO,17423,3,*QSO*
SDSS-J0924+0219-IMG-A,141.2327288371,2.323629999463,2900.0,5700.0,ob1u03020,1020.0,STIS/CCD,GALAXY;ELLIPTICAL;GRAVITATIONAL LENS;QSO,11672,3,*QSO*
QSO-J1019+2745,154.9854970067,27.73379415641,2900.0,5700.0,obrr03040,498.0,STIS/CCD,GALAXY;BLR;NLR;QSO,12510,3,*QSO*
HE1122-1648,171.1784583333,-17.08830833333,2900.0,5700.0,o8mn03070,1000.0,STIS/CCD,GALAXY;QSO,9885,3,*QSO*
J1456+5742,224.0099583333,57.716275,5240.0,10270.0,of8q11010,1887.0,STIS/CCD,GALAXY;MULTIPLE NUCLEI;QSO,17423,3,*QSO*
NEWQZ004,196.3936791667,18.32580833333,2900.0,5700.0,obji15020,730.0,STIS/CCD,GALAXY;QSO,12299,3,*QSO*
QSO-J1019+2745,154.985825,27.73382222222,2900.0,5700.0,obrr03010,498.0,STIS/CCD,GALAXY;BLR;NLR;QSO,12510,3,*QSO*
SDSSJ145334.13+311401.4,223.3922083333,31.23372222222,1680.0,3060.0,ocuv22010,2412.0,STIS/CCD,GALAXY;QSO,14135,3,*QSO*
CTS-A29.07,69.65554166667,-37.06166666667,1680.0,3060.0,o6gt21010,1680.0,STIS/CCD,GALAXY;QSO,9187,3,*QSO*
HE1122-1648,171.1784583333,-17.08830833333,5240.0,10270.0,o8mn03080,1510.0,STIS/CCD,GALAXY;QSO,9885,3,*QSO*
J1440+6333,220.1520922587,63.56536462798,5240.0,10270.0,of8q10020,2703.0,STIS/CCD,GALAXY;MULTIPLE NUCLEI;QSO,17423,3,*QSO*
TON34,154.9859583333,27.73369444444,3020.0,5610.0,o6gx04040,1948.0,STIS/CCD,GALAXY;QSO,9186,3,*QSO*
HDFS-223338-603329-QSO,338.4069583333,-60.55804166667,2900.0,5700.0,o4e701050,500.0,STIS/CCD,GALAXY;QSO,7633,3,*QSO*
HS0810+2554,123.3805833333,25.75058333333,1680.0,3060.0,o6gt24010,1680.0,STIS/CCD,GALAXY;QSO,9187,3,*QSO*
3C48,24.422,33.15951111111,5450.0,10140.0,o5ab01010,4765.0,STIS/CCD,GALAXY;QSO,8299,3,*QSO*
1701+610,255.5466666667,60.98055555556,2900.0,5700.0,o57a01030,1699.8,STIS/CCD,GALAXY;QSO,8024,3,*QSO*
HDFS-223338-603329-QSO,338.4069583333,-60.55804166667,3020.0,5610.0,o52f49020,2100.0,STIS/CCD,GALAXY;QSO,8076,3,*QSO*
SDSS-J0924+0219-IMG-A,141.2326220833,2.323711111111,2900.0,5700.0,ob1u03010,1020.0,STIS/CCD,GALAXY;ELLIPTICAL;GRAVITATIONAL LENS;QSO,11672,3,*QSO*
J0151-0509,27.99890037916,-5.161513096696,5240.0,10270.0,of8q02020,2344.0,STIS/CCD,GALAXY;MULTIPLE NUCLEI;QSO,17423,3,*QSO*
NEWQZ008,28.87498146778,-8.951239916654,2900.0,5700.0,obji16030,728.0,STIS/CCD,GALAXY;QSO,12299,3,*QSO*
Q0353-383,58.70766666667,-38.16543333333,1680.0,3060.0,o5au01010,2273.0,STIS/CCD,GALAXY;QSO,8283,3,*QSO*
NEWQZ026,3.100040833333,-10.37395833333,2900.0,5700.0,obji20020,728.0,STIS/CCD,GALAXY;QSO,12299,3,*QSO*
H1413+1143-B,213.9428210611,11.4955671478,2900.0,5700.0,o5gh02030,2590.0,STIS/CCD,GALAXY;QSO;GRAVITATIONAL LENS;LYMAN ALPHA CLOUD,8127,3,*QSO*
J2245+3312,341.4510107543,33.21414941468,5240.0,10270.0,of8q14020,2368.0,STIS/CCD,GALAXY;MULTIPLE NUCLEI;QSO,17423,3,*QSO*
CT344,16.394875,-27.61622222222,5240.0,10270.0,o8dd03030,2762.0,STIS/CCD,GALAXY;QSO,9498,3,*QSO*
HDFS-223338-603329-QSO,338.4069583333,-60.55804166667,3020.0,5610.0,o52f49010,1400.0,STIS/CCD,GALAXY;QSO,8076,3,*QSO*
J2309+0027,347.361,0.4571555555556,5240.0,10270.0,of8qz6010,1836.0,STIS/CCD,GALAXY;MULTIPLE NUCLEI;QSO,17423,3,*QSO*
WISEA-J161916.54+334238.4,244.8189280482,33.71066019222,2900.0,5700.0,ofoh04010,662.0,STIS/CCD,GALAXY;QSO,18036,3,*QSO*
WISEA-J161916.54+334238.4,244.818977775,33.71079277818,2900.0,5700.0,ofoh04020,662.0,STIS/CCD,GALAXY;QSO,18036,3,*QSO*
WISEA-J161916.54+334238.4,244.819027502,33.71092536412,2900.0,5700.0,ofoh04030,662.0,STIS/CCD,GALAXY;QSO,18036,3,*QSO*
WISEA-J101751.12+474940.1,154.4631257494,47.82778904962,2900.0,5700.0,ofoh05010,1827.0,STIS/CCD,GALAXY;QSO,18036,3,*QSO*
WISEA-J101751.12+474940.1,154.4629224365,47.82781471808,2900.0,5700.0,ofoh05020,2286.0,STIS/CCD,GALAXY;QSO,18036,3,*QSO*
ESO-113-45,20.94061446844,-58.80569199813,2900.0,5700.0,ofmz01040,27.0,STIS/CCD,GALAXY;ACCRETION DISK;QSO;SEYFERT,18130,3,*QSO*
ESO-113-45,20.94074960506,-58.80578007339,5240.0,10270.0,ofmz01060,17.0,STIS/CCD,GALAXY;ACCRETION DISK;QSO;SEYFERT,18130,3,*QSO*
ESO-113-45,20.94061446844,-58.80569199813,5240.0,10270.0,ofmz01070,17.0,STIS/CCD,GALAXY;ACCRETION DISK;QSO;SEYFERT,18130,3,*QSO*
ESO-113-45,20.94047933251,-58.80560392273,5240.0,10270.0,ofmz01080,17.0,STIS/CCD,GALAXY;ACCRETION DISK;QSO;SEYFERT,18130,3,*QSO*
ESO-113-45,20.94074960506,-58.80578007339,2900.0,5700.0,ofmz01030,27.0,STIS/CCD,GALAXY;ACCRETION DISK;QSO;SEYFERT,18130,3,*QSO*
ESO-113-45,20.94047933251,-58.80560392273,2900.0,5700.0,ofmz01050,27.0,STIS/CCD,GALAXY;ACCRETION DISK;QSO;SEYFERT,18130,3,*QSO*
ESO-113-45,20.94062114824,-58.80568935602,2900.0,5700.0,ofmz02040,0.7683146,STIS/CCD,GALAXY;ACCRETION DISK;QSO;SEYFERT,18130,3,*QSO*
ESO-113-45,20.9407496049,-58.8057800732,5240.0,10270.0,ofmz02060,0.7683152,STIS/CCD,GALAXY;ACCRETION DISK;QSO;SEYFERT,18130,3,*QSO*
ESO-113-45,20.94049269224,-58.80559863871,2900.0,5700.0,ofmz02050,0.7683152,STIS/CCD,GALAXY;ACCRETION DISK;QSO;SEYFERT,18130,3,*QSO*
ESO-113-45,20.9407496049,-58.8057800732,2900.0,5700.0,ofmz02030,0.7683146,STIS/CCD,GALAXY;ACCRETION DISK;QSO;SEYFERT,18130,3,*QSO*
ESO-113-45,20.94062114824,-58.80568935602,5240.0,10270.0,ofmz02070,0.7683146,STIS/CCD,GALAXY;ACCRETION DISK;QSO;SEYFERT,18130,3,*QSO*
ESO-113-45,20.94049269224,-58.80559863871,5240.0,10270.0,ofmz02080,0.7683152,STIS/CCD,GALAXY;ACCRETION DISK;QSO;SEYFERT,18130,3,*QSO*
HE2347-4342,357.6426666667,-43.43333333333,1140.0,1740.0,o4dm03010,2411.0,STIS/FUV-MAMA,GALAXY;QSO,7575,3,*QSO*
Q2359-011,0.475,-0.8344444444444,1150.0,1730.0,o4nx0m010,360.0,STIS/FUV-MAMA,GALAXY;QSO,7298,3,*QSO*
UM627,210.295,-0.2177777777778,1150.0,1730.0,o4nx0q010,360.0,STIS/FUV-MAMA,GALAXY;QSO,7298,3,*QSO*
S2-1848+28,282.6149583333,28.42027777778,1150.0,1730.0,o4nx0k010,360.0,STIS/FUV-MAMA,GALAXY;QSO,7298,3,*QSO*
CSO1108,236.2044583333,30.92277777778,1150.0,1730.0,o4nx0j010,360.0,STIS/FUV-MAMA,GALAXY;QSO,7298,3,*QSO*
KUV1418+225,215.28625,22.68805555556,1150.0,1730.0,o4nx0f010,360.0,STIS/FUV-MAMA,GALAXY;QSO,7298,3,*QSO*
S4-1128+38,172.721948087,38.25523009761,1150.0,1730.0,o4nx0o010,360.0,STIS/FUV-MAMA,GALAXY;QSO,7298,3,*QSO*
CSO609,212.119,49.03944444444,1150.0,1730.0,o4nx0e010,360.0,STIS/FUV-MAMA,GALAXY;QSO,7298,3,*QSO*
CSO199,130.3253333333,35.74416666667,1150.0,1730.0,o4nx0n010,360.0,STIS/FUV-MAMA,GALAXY;QSO,7298,3,*QSO*
CSO151,188.4812916667,29.13027777778,1150.0,1730.0,o4nx0p010,360.0,STIS/FUV-MAMA,GALAXY;QSO,7298,3,*QSO*
CSO952,197.2212083333,36.28277777778,1150.0,1730.0,o4nx0c010,360.0,STIS/FUV-MAMA,GALAXY;QSO,7298,3,*QSO*
HS1626+6433,246.6904166667,64.44833333333,1150.0,1730.0,o4nx0l010,360.0,STIS/FUV-MAMA,GALAXY;QSO,7298,3,*QSO*
SBS1340+605,205.5496666667,60.25694444444,1150.0,1730.0,o4nx0d010,360.0,STIS/FUV-MAMA,GALAXY;QSO,7298,3,*QSO*
SBS1233+594,188.9560416667,59.17416666667,1150.0,1730.0,o4nx0b010,360.0,STIS/FUV-MAMA,GALAXY;QSO,7298,3,*QSO*
CSO100,173.1885416667,31.31388888889,1150.0,1730.0,o4nx08010,360.0,STIS/FUV-MAMA,GALAXY;QSO,7298,3,*QSO*
HE1224-0812,186.6570833333,-8.491666666667,1150.0,1730.0,o4nx09010,360.0,STIS/FUV-MAMA,GALAXY;QSO,7298,3,*QSO*
CSO261,154.9500833333,35.69611111111,1150.0,1730.0,o4nx07010,360.0,STIS/FUV-MAMA,GALAXY;QSO,7298,3,*QSO*
J01.03,144.9632916667,-18.53777777778,1150.0,1730.0,o4nx06010,360.0,STIS/FUV-MAMA,GALAXY;QSO,7298,3,*QSO*
Q0123-527,21.27615,-52.54083333333,1150.0,1730.0,o4nx01010,360.0,STIS/FUV-MAMA,GALAXY;QSO,7298,3,*QSO*
HS1700+6416,255.2525416667,64.20275,1123.0,1710.0,o4si05060,2610.0,STIS/FUV-MAMA,GALAXY;QSO;;EXT-MEDIUM;ABSORPTION LINE SYSTEM - EXTRAGALACTIC,7778,3,*QSO*
HS1700+6416,255.2525416667,64.20275,1123.0,1710.0,o4si05020,2138.0,STIS/FUV-MAMA,GALAXY;QSO;;EXT-MEDIUM;ABSORPTION LINE SYSTEM - EXTRAGALACTIC,7778,3,*QSO*
HS1700+6416,255.2525416667,64.20275,1123.0,1710.0,o4si05010,2138.0,STIS/FUV-MAMA,GALAXY;QSO;;EXT-MEDIUM;ABSORPTION LINE SYSTEM - EXTRAGALACTIC,7778,3,*QSO*
HS1700+6416,255.2525416667,64.20275,1123.0,1710.0,o4si04070,2610.0,STIS/FUV-MAMA,GALAXY;QSO;;EXT-MEDIUM;ABSORPTION LINE SYSTEM - EXTRAGALACTIC,7778,3,*QSO*
HS1700+6416,255.2525416667,64.20275,1123.0,1710.0,o4si04010,2138.0,STIS/FUV-MAMA,GALAXY;QSO;;EXT-MEDIUM;ABSORPTION LINE SYSTEM - EXTRAGALACTIC,7778,3,*QSO*
HS1700+6416,255.2525416667,64.20275,1123.0,1710.0,o4si04020,2138.0,STIS/FUV-MAMA,GALAXY;QSO;;EXT-MEDIUM;ABSORPTION LINE SYSTEM - EXTRAGALACTIC,7778,3,*QSO*
HS1700+6416,255.2525416667,64.20275,1123.0,1710.0,o4si04030,2610.0,STIS/FUV-MAMA,GALAXY;QSO;;EXT-MEDIUM;ABSORPTION LINE SYSTEM - EXTRAGALACTIC,7778,3,*QSO*
HS1700+6416,255.2525416667,64.20275,1123.0,1710.0,o4si03010,2138.0,STIS/FUV-MAMA,GALAXY;QSO;;EXT-MEDIUM;ABSORPTION LINE SYSTEM - EXTRAGALACTIC,7778,3,*QSO*
HS1700+6416,255.2525416667,64.20275,1123.0,1710.0,o4si03020,2138.0,STIS/FUV-MAMA,GALAXY;QSO;;EXT-MEDIUM;ABSORPTION LINE SYSTEM - EXTRAGALACTIC,7778,3,*QSO*
HS1700+6416,255.2525416667,64.20275,1123.0,1710.0,o4si02050,2610.0,STIS/FUV-MAMA,GALAXY;QSO;;EXT-MEDIUM;ABSORPTION LINE SYSTEM - EXTRAGALACTIC,7778,3,*QSO*
HS1700+6416,255.2525416667,64.20275,1123.0,1710.0,o4si02060,2610.0,STIS/FUV-MAMA,GALAXY;QSO;;EXT-MEDIUM;ABSORPTION LINE SYSTEM - EXTRAGALACTIC,7778,3,*QSO*
HS1700+6416,255.2525416667,64.20275,1123.0,1710.0,o4si02030,2610.0,STIS/FUV-MAMA,GALAXY;QSO;;EXT-MEDIUM;ABSORPTION LINE SYSTEM - EXTRAGALACTIC,7778,3,*QSO*
HS1700+6416,255.2525416667,64.20275,1123.0,1710.0,o4si02020,2138.0,STIS/FUV-MAMA,GALAXY;QSO;;EXT-MEDIUM;ABSORPTION LINE SYSTEM - EXTRAGALACTIC,7778,3,*QSO*
HS1700+6416,255.2525416667,64.20275,1123.0,1710.0,o4si02010,2138.0,STIS/FUV-MAMA,GALAXY;QSO;;EXT-MEDIUM;ABSORPTION LINE SYSTEM - EXTRAGALACTIC,7778,3,*QSO*
HS1700+6416,255.2525416667,64.20275,1123.0,1710.0,o4si01090,0.0,STIS/FUV-MAMA,GALAXY;QSO;;EXT-MEDIUM;ABSORPTION LINE SYSTEM - EXTRAGALACTIC,7778,3,*QSO*
HS1700+6416,255.2525416667,64.20275,1123.0,1710.0,o4si010a0,0.0,STIS/FUV-MAMA,GALAXY;QSO;;EXT-MEDIUM;ABSORPTION LINE SYSTEM - EXTRAGALACTIC,7778,3,*QSO*
HS1700+6416,255.2525416667,64.20275,1123.0,1710.0,o4si01080,0.0,STIS/FUV-MAMA,GALAXY;QSO;;EXT-MEDIUM;ABSORPTION LINE SYSTEM - EXTRAGALACTIC,7778,3,*QSO*
HS1700+6416,255.2525416667,64.20275,1123.0,1710.0,o4si01060,0.0,STIS/FUV-MAMA,GALAXY;QSO;;EXT-MEDIUM;ABSORPTION LINE SYSTEM - EXTRAGALACTIC,7778,3,*QSO*
HS1700+6416,255.2525416667,64.20275,1123.0,1710.0,o4si01070,0.0,STIS/FUV-MAMA,GALAXY;QSO;;EXT-MEDIUM;ABSORPTION LINE SYSTEM - EXTRAGALACTIC,7778,3,*QSO*
HS1700+6416,255.2525416667,64.20275,1123.0,1710.0,o4si01010,0.0,STIS/FUV-MAMA,GALAXY;QSO;;EXT-MEDIUM;ABSORPTION LINE SYSTEM - EXTRAGALACTIC,7778,3,*QSO*
HS1700+6416,255.2525416667,64.20275,1123.0,1710.0,o4si01050,0.0,STIS/FUV-MAMA,GALAXY;QSO;;EXT-MEDIUM;ABSORPTION LINE SYSTEM - EXTRAGALACTIC,7778,3,*QSO*
HS1140+3508,175.7870416667,34.87280555556,1150.0,1730.0,o4v203010,720.0,STIS/FUV-MAMA,GALAXY;QSO,7471,3,*QSO*
HE2318-1107,350.3694166667,-10.85619444444,1150.0,1730.0,o4v206010,720.0,STIS/FUV-MAMA,GALAXY;QSO,7471,3,*QSO*
HS1700+6416,255.2525416667,64.20275,1123.0,1710.0,o4si01040,0.0,STIS/FUV-MAMA,GALAXY;QSO;;EXT-MEDIUM;ABSORPTION LINE SYSTEM - EXTRAGALACTIC,7778,3,*QSO*
HS1700+6416,255.2525416667,64.20275,1123.0,1710.0,o4si01030,0.0,STIS/FUV-MAMA,GALAXY;QSO;;EXT-MEDIUM;ABSORPTION LINE SYSTEM - EXTRAGALACTIC,7778,3,*QSO*
HS1700+6416,255.2525416667,64.20275,1123.0,1710.0,o4si01020,0.0,STIS/FUV-MAMA,GALAXY;QSO;;EXT-MEDIUM;ABSORPTION LINE SYSTEM - EXTRAGALACTIC,7778,3,*QSO*
PKS1935-692,295.1065416667,-69.13222222222,1150.0,1730.0,o4x404020,405.98375,STIS/FUV-MAMA,GALAXY;QSO,7272,3,*QSO*
HS1248+7102,192.6202916667,70.77741666667,1150.0,1730.0,o4v205010,720.0,STIS/FUV-MAMA,GALAXY;QSO,7471,3,*QSO*
HS1111+7915,168.7405,78.98575,1150.0,1730.0,o4v202010,720.0,STIS/FUV-MAMA,GALAXY;QSO,7471,3,*QSO*
HE0340-2612,55.61579166667,-26.04533333333,1150.0,1730.0,o4v201010,720.0,STIS/FUV-MAMA,GALAXY;QSO,7471,3,*QSO*
CSO0118,180.0257916667,31.44172222222,1150.0,1730.0,o4v204010,720.0,STIS/FUV-MAMA,GALAXY;QSO,7471,3,*QSO*
IR0759+6508,121.12625,64.99802777778,1150.0,1730.0,o4yy18010,2570.0,STIS/FUV-MAMA,GALAXY;QSO,7617,3,*QSO*
IR2121-1757,321.173625,-17.74608333333,1123.0,1710.0,o4yy17010,5307.0,STIS/FUV-MAMA,GALAXY;QSO,7617,3,*QSO*
HDFS-223338-603329-QSO,338.4068053602,-60.55873649893,1150.0,1730.0,o52f41010,1680.0,STIS/FUV-MAMA,GALAXY;QSO,8076,3,*QSO*
HDFS-223338-603329-QSO,338.4071112998,-60.55734683424,1150.0,1730.0,o52f41030,2340.0,STIS/FUV-MAMA,GALAXY;QSO,8076,3,*QSO*
HDFS-223338-603329-QSO,338.4071112998,-60.55734683424,1150.0,1730.0,o52f41020,2640.0,STIS/FUV-MAMA,GALAXY;QSO,8076,3,*QSO*
HDFS-223338-603329-QSO,338.4069583333,-60.55804166667,1150.0,1730.0,o52f41050,3000.0,STIS/FUV-MAMA,GALAXY;QSO,8076,3,*QSO*
HDFS-223338-603329-QSO,338.4068053602,-60.55873649893,1150.0,1730.0,o52f41070,2940.0,STIS/FUV-MAMA,GALAXY;QSO,8076,3,*QSO*
HDFS-223338-603329-QSO,338.4068053602,-60.55873649893,1150.0,1730.0,o52f41080,1260.0,STIS/FUV-MAMA,GALAXY;QSO,8076,3,*QSO*
1701+610,255.5466666667,60.98055555556,1150.0,1730.0,o57a02020,1750.0,STIS/FUV-MAMA,GALAXY;QSO,8024,3,*QSO*
1701+610,255.5440129421,60.98003426495,1150.0,1730.0,o57a02030,1750.0,STIS/FUV-MAMA,GALAXY;QSO,8024,3,*QSO*
QSO1508+673,227.168375,67.29653333333,1150.0,1730.0,o56n01010,2448.0,STIS/FUV-MAMA,GALAXY;QSO,7762,3,*QSO*
QJ0640-5031,100.2333333333,-50.52944444444,1123.0,1710.0,o56n03020,6222.0,STIS/FUV-MAMA,GALAXY;QSO,7762,3,*QSO*
HE2252-5451,343.9892916667,-54.59061111111,1150.0,1730.0,o5b308010,2530.0,STIS/FUV-MAMA,GALAXY;QSO,8287,3,*QSO*
HS1330+2554,203.2892083333,25.65502777778,1150.0,1730.0,o5b307010,2342.0,STIS/FUV-MAMA,GALAXY;QSO,8287,3,*QSO*
HE1106-0350,167.1474583333,-4.112333333333,1150.0,1730.0,o5b313010,0.0,STIS/FUV-MAMA,GALAXY;QSO,8287,3,*QSO*
HS0901+1321,136.0973333333,13.15588888889,1150.0,1730.0,o5b312010,2318.0,STIS/FUV-MAMA,GALAXY;QSO,8287,3,*QSO*
HS1431+3144,218.316875,31.52388888889,1150.0,1730.0,o5b314010,2364.0,STIS/FUV-MAMA,GALAXY;QSO,8287,3,*QSO*
HE2355-5457,359.6393333333,-54.67838888889,1150.0,1730.0,o5b315010,2530.0,STIS/FUV-MAMA,GALAXY;QSO,8287,3,*QSO*
HS1244+3143,191.8098333333,31.44497222222,1150.0,1730.0,o5b316010,2364.0,STIS/FUV-MAMA,GALAXY;QSO,8287,3,*QSO*
HE0016-3545,4.672625,-35.48463888889,1150.0,1730.0,o5b321010,2392.0,STIS/FUV-MAMA,GALAXY;QSO,8287,3,*QSO*
HE0242-2917,41.204625,-29.08002777778,1150.0,1730.0,o5b323010,2338.0,STIS/FUV-MAMA,GALAXY;QSO,8287,3,*QSO*
HE2250-3714,343.2945416667,-36.97102777778,1150.0,1730.0,o5b320010,2392.0,STIS/FUV-MAMA,GALAXY;QSO,8287,3,*QSO*
CSO0118,180.0257916667,31.44172222222,1150.0,1730.0,o5b363010,2365.0,STIS/FUV-MAMA,GALAXY;QSO,8287,3,*QSO*
PG0946+301,147.4213454626,29.92189883186,1150.0,1730.0,o5ao02040,2700.0,STIS/FUV-MAMA,GALAXY;QSO,8284,3,*QSO*
PG0946+301,147.4210651799,29.92193491751,1150.0,1730.0,o5ao01030,2700.0,STIS/FUV-MAMA,GALAXY;QSO,8284,3,*QSO*
PG0946+301,147.42134241,29.92186587449,1150.0,1730.0,o5ao01040,2700.0,STIS/FUV-MAMA,GALAXY;QSO,8284,3,*QSO*
PG0946+301,147.42143482,29.92184286002,1150.0,1730.0,o5ao01050,2700.0,STIS/FUV-MAMA,GALAXY;QSO,8284,3,*QSO*
PG0946+301,147.4211545374,29.92187894585,1150.0,1730.0,o5ao02020,2700.0,STIS/FUV-MAMA,GALAXY;QSO,8284,3,*QSO*
PG0946+301,147.4214409252,29.92190877476,1150.0,1730.0,o5ao02050,2700.0,STIS/FUV-MAMA,GALAXY;QSO,8284,3,*QSO*
PG0946+301,147.4211545374,29.92187894585,1150.0,1730.0,o5ao03020,2700.0,STIS/FUV-MAMA,GALAXY;QSO,8284,3,*QSO*
PG0946+301,147.4213454626,29.92189883186,1150.0,1730.0,o5ao03040,2700.0,STIS/FUV-MAMA,GALAXY;QSO,8284,3,*QSO*
PG0946+301,147.4211612904,29.92185674675,1150.0,1730.0,o5ao05020,2700.0,STIS/FUV-MAMA,GALAXY;QSO,8284,3,*QSO*
PG0946+301,147.4213432466,29.92190921108,1150.0,1730.0,o5ao04040,2700.0,STIS/FUV-MAMA,GALAXY;QSO,8284,3,*QSO*
PG0946+301,147.4210725809,29.92182460456,1150.0,1730.0,o5ao05030,2700.0,STIS/FUV-MAMA,GALAXY;QSO,8284,3,*QSO*
PG0946+301,147.4213387096,29.92192103097,1150.0,1730.0,o5ao05040,2700.0,STIS/FUV-MAMA,GALAXY;QSO,8284,3,*QSO*
HE2218-1912,335.4145416667,-18.952,1150.0,1730.0,o5b319010,2312.0,STIS/FUV-MAMA,GALAXY;QSO,8287,3,*QSO*
HS1437+3007,219.8010833333,29.91361111111,1150.0,1730.0,o5b310010,2342.0,STIS/FUV-MAMA,GALAXY;QSO,8287,3,*QSO*
PG0946+301,147.4214274193,29.92195317298,1150.0,1730.0,o5ao05050,2700.0,STIS/FUV-MAMA,GALAXY;QSO,8284,3,*QSO*
PG0946+301,147.4210590748,29.92186900275,1150.0,1730.0,o5ao02030,2700.0,STIS/FUV-MAMA,GALAXY;QSO,8284,3,*QSO*
PG0946+301,147.4214409252,29.92190877476,1150.0,1730.0,o5ao03050,2700.0,STIS/FUV-MAMA,GALAXY;QSO,8284,3,*QSO*
PG0946+301,147.4214364932,29.92192953321,1150.0,1730.0,o5ao04050,2700.0,STIS/FUV-MAMA,GALAXY;QSO,8284,3,*QSO*
PG0946+301,147.4211567534,29.92186856663,1150.0,1730.0,o5ao04020,2700.0,STIS/FUV-MAMA,GALAXY;QSO,8284,3,*QSO*
PG0946+301,147.4210635069,29.92184824431,1150.0,1730.0,o5ao04030,2700.0,STIS/FUV-MAMA,GALAXY;QSO,8284,3,*QSO*
PG0946+301,147.42115759,29.92191190323,1150.0,1730.0,o5ao01020,2700.0,STIS/FUV-MAMA,GALAXY;QSO,8284,3,*QSO*
PG0946+301,147.4210590748,29.92186900275,1150.0,1730.0,o5ao03030,2700.0,STIS/FUV-MAMA,GALAXY;QSO,8284,3,*QSO*
HS1140+3508,175.7867083333,34.87297222222,1150.0,1730.0,o5b301010,5269.0,STIS/FUV-MAMA,GALAXY;QSO,8287,3,*QSO*
KAZ102,270.870125,67.63636111111,1150.0,1730.0,o5g078qyq,600.0,STIS/FUV-MAMA,GALAXY;QSO,8144,2,*QSO*
HE2347-4342,357.6426666667,-43.43305555556,1150.0,1730.0,o5g087bkq,600.0,STIS/FUV-MAMA,GALAXY;QSO,8144,2,*QSO*
TON951,131.9269583333,34.75108333333,1150.0,1730.0,o5g020qbq,600.0,STIS/FUV-MAMA,GALAXY;QSO,8144,2,*QSO*
PG0052+251,13.71720833333,25.42755555556,1150.0,1730.0,o5g003naq,600.0,STIS/FUV-MAMA,GALAXY;QSO,8144,2,*QSO*
PG0947+396,147.7015,39.44761111111,1150.0,1730.0,o5g023npq,600.0,STIS/FUV-MAMA,GALAXY;QSO,8144,2,*QSO*
H1821+643,275.4879166667,64.34352777778,1123.0,1710.0,o5e704040,1819.0,STIS/FUV-MAMA,GALAXY;QSO;;EXT-MEDIUM;ABSORPTION LINE SYSTEM,8165,3,*QSO*
HS1700+6416,255.2523333333,64.20269444444,1150.0,1730.0,o5g074ktq,600.0,STIS/FUV-MAMA,GALAXY;QSO,8144,2,*QSO*
PG2349-014,357.9834583333,-1.153805555556,1150.0,1730.0,o5g088n3q,600.0,STIS/FUV-MAMA,GALAXY;QSO,8144,2,*QSO*
PG1351+640,208.3160833333,63.76266666667,1150.0,1730.0,o5g054kqq,600.0,STIS/FUV-MAMA,GALAXY;QSO,8144,2,*QSO*
PG1322+659,200.9563333333,65.69672222222,1150.0,1730.0,o5g052wxq,600.0,STIS/FUV-MAMA,GALAXY;QSO,8144,2,*QSO*
PG1259+593,195.3038333333,59.03519444444,1150.0,1730.0,o5g047ijq,600.0,STIS/FUV-MAMA,GALAXY;QSO,8144,2,*QSO*
HS1103+6416,166.5456666667,64.0025,1150.0,1730.0,o5g031brq,600.0,STIS/FUV-MAMA,GALAXY;QSO,8144,2,*QSO*
PG1100+772,166.0573333333,76.98280555556,1150.0,1730.0,o5g030d4q,600.0,STIS/FUV-MAMA,GALAXY;QSO,8144,2,*QSO*
PG0953+414,149.218125,41.25625,1150.0,1730.0,o5g024nbq,600.0,STIS/FUV-MAMA,GALAXY;QSO,8144,2,*QSO*
IR07546+3928,119.5005416667,39.34161111111,1150.0,1730.0,o5g018lpq,600.0,STIS/FUV-MAMA,GALAXY;QSO,8144,2,*QSO*
PG1259+593,195.3039166667,59.03521111111,1123.0,1710.0,o63g05030,2400.0,STIS/FUV-MAMA,GALAXY;QSO;;EXT-MEDIUM;ABSORPTION LINE SYSTEM - EXTRAGALACTIC,8695,3,*QSO*
PG0953+415,149.2181615546,41.25625405253,1140.0,1740.0,o63g02020,3022.0,STIS/FUV-MAMA,GALAXY;QSO;;EXT-MEDIUM;ABSORPTION LINE SYSTEM - EXTRAGALACTIC,8695,3,*QSO*
PG1259+593,195.3039166667,59.03521111111,1123.0,1710.0,o63g07030,2400.0,STIS/FUV-MAMA,GALAXY;QSO;;EXT-MEDIUM;ABSORPTION LINE SYSTEM - EXTRAGALACTIC,8695,3,*QSO*
PG1259+593,195.3039166667,59.03521111111,1123.0,1710.0,o63g07010,2400.0,STIS/FUV-MAMA,GALAXY;QSO;;EXT-MEDIUM;ABSORPTION LINE SYSTEM - EXTRAGALACTIC,8695,3,*QSO*
PG1259+593,195.3039166667,59.03521111111,1123.0,1710.0,o63g11030,2280.0,STIS/FUV-MAMA,GALAXY;QSO;;EXT-MEDIUM;ABSORPTION LINE SYSTEM - EXTRAGALACTIC,8695,3,*QSO*
3C232,149.5875,32.40052777778,1140.0,1740.0,o67001040,2945.0,STIS/FUV-MAMA,GALAXY;QSO,8596,3,*QSO*
3C232,149.5875,32.40052777778,1140.0,1740.0,o67001020,2945.0,STIS/FUV-MAMA,GALAXY;QSO,8596,3,*QSO*
3C232,149.5875,32.40052777778,1140.0,1740.0,o67002020,2945.0,STIS/FUV-MAMA,GALAXY;QSO,8596,3,*QSO*
3C232,149.5875,32.40052777778,1140.0,1740.0,o67002030,2945.0,STIS/FUV-MAMA,GALAXY;QSO,8596,3,*QSO*
3C232,149.5875,32.40052777778,1140.0,1740.0,o67003020,2945.0,STIS/FUV-MAMA,GALAXY;QSO,8596,3,*QSO*
3C232,149.5875,32.40052777778,1140.0,1740.0,o67004020,2945.0,STIS/FUV-MAMA,GALAXY;QSO,8596,3,*QSO*
PHL1811,328.756375,-9.373444444444,1150.0,1730.0,o6c101060,660.0,STIS/FUV-MAMA,GALAXY;QSO,9181,3,*QSO*
PHL1811,328.7563248721,-9.373534222482,1150.0,1730.0,o6c101070,660.0,STIS/FUV-MAMA,GALAXY;QSO,9181,3,*QSO*
PSS0950+5801,147.5582916667,58.02722222222,1150.0,1730.0,o69z15010,576.0,STIS/FUV-MAMA,GALAXY;QSO,8582,3,*QSO*
PHL1811,328.7562747441,-9.373624000514,1150.0,1730.0,o6c101080,660.0,STIS/FUV-MAMA,GALAXY;QSO,9181,3,*QSO*
PHL1811,328.7562246161,-9.373713778538,1150.0,1730.0,o6c101090,660.0,STIS/FUV-MAMA,GALAXY;QSO,9181,3,*QSO*
PC1233+4752,188.8795708333,47.60166111111,1150.0,1730.0,o69z07010,576.0,STIS/FUV-MAMA,GALAXY;QSO,8582,3,*QSO*
PSS0926+3055,141.65125,30.91833333333,1150.0,1730.0,o69z13010,576.0,STIS/FUV-MAMA,GALAXY;QSO,8582,3,*QSO*
QSO-1010+5630,153.4012416667,56.26026944444,1150.0,1730.0,o69z04010,576.0,STIS/FUV-MAMA,GALAXY;QSO,8582,3,*QSO*
SDSS0825+5127,126.3966333333,51.45177777778,1150.0,1730.0,o6d320010,600.0,STIS/FUV-MAMA,GALAXY;QSO,9067,3,*QSO*
SDSS00950+5846,147.5469,58.7827,1150.0,1730.0,o6d321010,600.0,STIS/FUV-MAMA,GALAXY;QSO,9067,3,*QSO*
SDSS1057-0139,164.3052083333,-1.653861111111,1150.0,1730.0,o6d316010,600.0,STIS/FUV-MAMA,GALAXY;QSO,9067,3,*QSO*
SDSS0157-0106,29.42317916667,-1.108219444444,1150.0,1730.0,o6d330010,600.0,STIS/FUV-MAMA,GALAXY;QSO,9067,3,*QSO*
SDSS0122+1339,20.633,13.66136111111,1150.0,1730.0,o6d302010,600.0,STIS/FUV-MAMA,GALAXY;QSO,9067,3,*QSO*
SDSS1427-0029,216.982725,-0.4975277777778,1150.0,1730.0,o6d303010,600.0,STIS/FUV-MAMA,GALAXY;QSO,9067,3,*QSO*
HS0624+6907,97.51108333333,69.08436111111,1123.0,1710.0,o6e112040,2415.0,STIS/FUV-MAMA,GALAXY;QSO;;EXT-MEDIUM;ABSORPTION LINE SYSTEM,9184,3,*QSO*
TON28,151.0109583333,28.92644722222,1123.0,1710.0,o6e118010,1943.0,STIS/FUV-MAMA,GALAXY;QSO;;EXT-MEDIUM;ABSORPTION LINE SYSTEM,9184,3,*QSO*
TON28,151.0109583333,28.92644722222,1123.0,1710.0,o6e118020,2900.0,STIS/FUV-MAMA,GALAXY;QSO;;EXT-MEDIUM;ABSORPTION LINE SYSTEM,9184,3,*QSO*
HS0624+6907,97.51108333333,69.08436111111,1123.0,1710.0,o6e114020,2415.0,STIS/FUV-MAMA,GALAXY;QSO;;EXT-MEDIUM;ABSORPTION LINE SYSTEM,9184,3,*QSO*
HS0624+6907,97.51108333333,69.08436111111,1123.0,1710.0,o6e112020,2415.0,STIS/FUV-MAMA,GALAXY;QSO;;EXT-MEDIUM;ABSORPTION LINE SYSTEM,9184,3,*QSO*
HS0624+6907,97.51108333333,69.08436111111,1123.0,1710.0,o6e114060,2415.0,STIS/FUV-MAMA,GALAXY;QSO;;EXT-MEDIUM;ABSORPTION LINE SYSTEM,9184,3,*QSO*
HS0624+6907,97.51108333333,69.08436111111,1123.0,1710.0,o6e115040,2310.0,STIS/FUV-MAMA,GALAXY;QSO;;EXT-MEDIUM;ABSORPTION LINE SYSTEM,9184,3,*QSO*
HE0507-3236,77.32375,-32.54582777778,1150.0,1730.0,o6my04010,2143.5,STIS/FUV-MAMA,GALAXY;QSO,9506,3,*QSO*
HE1127-1927,172.3769166667,-19.68343611111,1150.0,1730.0,o6my0v010,720.0,STIS/FUV-MAMA,GALAXY;QSO,9506,3,*QSO*
87GB102254.2+680111,156.6357083333,67.77018333333,1150.0,1730.0,o6my0j010,720.0,STIS/FUV-MAMA,GALAXY;QSO,9506,3,*QSO*
SP891107+487,167.6607916667,48.52125,1150.0,1730.0,o6my1m010,720.0,STIS/FUV-MAMA,GALAXY;QSO,9506,3,*QSO*
SBS1116+603,169.8097916667,60.08245555556,1150.0,1730.0,o6my1o010,1000.2,STIS/FUV-MAMA,GALAXY;QSO,9506,3,*QSO*
RXJ1729.1+7033,262.2976666667,70.54965833333,1150.0,1730.0,o6my0o010,720.0,STIS/FUV-MAMA,GALAXY;QSO,9506,3,*QSO*
SDSS1715+6453,258.8770833333,64.88868055556,1150.0,1730.0,o8q128010,600.1955,STIS/FUV-MAMA,GALAXY;QSO,9759,3,*QSO*
SDSS0915+4426,138.7947916667,44.44887222222,1150.0,1730.0,o8q114010,600.195,STIS/FUV-MAMA,GALAXY;QSO,9759,3,*QSO*
SDSS1614+4859,243.6117083333,48.99964166667,1150.0,1730.0,o8q134010,600.19975,STIS/FUV-MAMA,GALAXY;QSO,9759,3,*QSO*
ESO-113-45,20.94064009372,-58.80568291811,5240.0,10270.0,ofmz03070,0.7363148,STIS/CCD,GALAXY;ACCRETION DISK;QSO;SEYFERT,18130,3,*QSO*
ESO-113-45,20.94053058336,-58.80558576319,5240.0,10270.0,ofmz03080,0.7683152,STIS/CCD,GALAXY;ACCRETION DISK;QSO;SEYFERT,18130,3,*QSO*
ESO-113-45,20.94064009372,-58.80568291811,2900.0,5700.0,ofmz03040,0.7363148,STIS/CCD,GALAXY;ACCRETION DISK;QSO;SEYFERT,18130,3,*QSO*
ESO-113-45,20.94074960469,-58.80578007294,5240.0,10270.0,ofmz03060,0.7683146,STIS/CCD,GALAXY;ACCRETION DISK;QSO;SEYFERT,18130,3,*QSO*
ESO-113-45,20.94053058336,-58.80558576319,2900.0,5700.0,ofmz03050,0.7683152,STIS/CCD,GALAXY;ACCRETION DISK;QSO;SEYFERT,18130,3,*QSO*
ESO-113-45,20.94074960469,-58.80578007294,2900.0,5700.0,ofmz03030,0.7683146,STIS/CCD,GALAXY;ACCRETION DISK;QSO;SEYFERT,18130,3,*QSO*
HS0624+6907,97.51108333333,69.08436111111,1123.0,1710.0,o6e113060,2415.0,STIS/FUV-MAMA,GALAXY;QSO;;EXT-MEDIUM;ABSORPTION LINE SYSTEM,9184,3,*QSO*
1SAXJ10323+5051,158.0674583333,50.85573611111,1150.0,1730.0,o6my90010,1543.4,STIS/FUV-MAMA,GALAXY;QSO,9506,3,*QSO*
HE0226-4410,37.06341666667,-40.95433333333,1123.0,1710.0,o6e110020,3022.0,STIS/FUV-MAMA,GALAXY;QSO;;EXT-MEDIUM;ABSORPTION LINE SYSTEM,9184,3,*QSO*
HE0226-4410,37.06341666667,-40.95433333333,1123.0,1710.0,o6e109010,2106.0,STIS/FUV-MAMA,GALAXY;QSO;;EXT-MEDIUM;ABSORPTION LINE SYSTEM,9184,3,*QSO*
HS1700+6416,255.2525416667,64.20275,1123.0,1710.0,o4si02080,2610.0,STIS/FUV-MAMA,GALAXY;QSO;;EXT-MEDIUM;ABSORPTION LINE SYSTEM - EXTRAGALACTIC,7778,3,*QSO*
HS1700+6416,255.2525416667,64.20275,1123.0,1710.0,o4si03080,2610.0,STIS/FUV-MAMA,GALAXY;QSO;;EXT-MEDIUM;ABSORPTION LINE SYSTEM - EXTRAGALACTIC,7778,3,*QSO*
PKS1935-692,295.1065416667,-69.13222222222,1150.0,1730.0,o4x404050,2720.18225,STIS/FUV-MAMA,GALAXY;QSO,7272,3,*QSO*
H1821+643,275.4879166667,64.34352777778,1123.0,1710.0,o5e704060,1819.0,STIS/FUV-MAMA,GALAXY;QSO;;EXT-MEDIUM;ABSORPTION LINE SYSTEM,8165,3,*QSO*
SDSS1717+5500,259.47115,55.01332777778,1150.0,1730.0,o6d324010,600.0,STIS/FUV-MAMA,GALAXY;QSO,9067,3,*QSO*
HE2249-5037,343.1830833333,-50.36047222222,1150.0,1730.0,o5b302010,2530.0,STIS/FUV-MAMA,GALAXY;QSO,8287,3,*QSO*
PG1444+407,221.6913333333,40.58512222222,1123.0,1710.0,o6e103010,2060.0,STIS/FUV-MAMA,GALAXY;QSO;;EXT-MEDIUM;ABSORPTION LINE SYSTEM,9184,3,*QSO*
PG1216+069,184.8375,6.644,1123.0,1710.0,o6e137030,2899.0,STIS/FUV-MAMA,GALAXY;QSO;;EXT-MEDIUM;ABSORPTION LINE SYSTEM,9184,3,*QSO*
TON28,151.0109583333,28.92644722222,1123.0,1710.0,o6e119010,1943.0,STIS/FUV-MAMA,GALAXY;QSO;;EXT-MEDIUM;ABSORPTION LINE SYSTEM,9184,3,*QSO*
HS0624+6907,97.51108333333,69.08436111111,1123.0,1710.0,o6e116040,2310.0,STIS/FUV-MAMA,GALAXY;QSO;;EXT-MEDIUM;ABSORPTION LINE SYSTEM,9184,3,*QSO*
PG1216+069,184.8375,6.644,1123.0,1710.0,o6e132010,1958.0,STIS/FUV-MAMA,GALAXY;QSO;;EXT-MEDIUM;ABSORPTION LINE SYSTEM,9184,3,*QSO*
RXSJ04397-4540,69.93670833333,-45.67836666667,1150.0,1730.0,o8nc03020,8946.0,STIS/FUV-MAMA,GALAXY;QSO,9894,3,*QSO*
H1821+643,275.4879166667,64.34352777778,1123.0,1710.0,o5e704070,1819.0,STIS/FUV-MAMA,GALAXY;QSO;;EXT-MEDIUM;ABSORPTION LINE SYSTEM,8165,3,*QSO*
PG1444+407,221.6913333333,40.58512222222,1123.0,1710.0,o6e106020,3022.0,STIS/FUV-MAMA,GALAXY;QSO;;EXT-MEDIUM;ABSORPTION LINE SYSTEM,9184,3,*QSO*
HS1700+6416,255.2525416667,64.20275,1123.0,1710.0,o4si04090,2610.0,STIS/FUV-MAMA,GALAXY;QSO;;EXT-MEDIUM;ABSORPTION LINE SYSTEM - EXTRAGALACTIC,7778,3,*QSO*
TON28,151.0109583333,28.92644722222,1123.0,1710.0,o6e119020,2900.0,STIS/FUV-MAMA,GALAXY;QSO;;EXT-MEDIUM;ABSORPTION LINE SYSTEM,9184,3,*QSO*
PG2302+029,346.1875,3.196111111111,1150.0,1730.0,o57q01040,1100.0,STIS/FUV-MAMA,EXT-MEDIUM;ABSORPTION LINE SYSTEM - EXTRAGALACTIC;;GALAXY;QSO,7358,3,*QSO*
PG1259+593,195.3039166667,59.03521111111,1123.0,1710.0,o63g08030,2400.0,STIS/FUV-MAMA,GALAXY;QSO;;EXT-MEDIUM;ABSORPTION LINE SYSTEM - EXTRAGALACTIC,8695,3,*QSO*
HE0238-1904,40.13566666667,-18.86423888889,1150.0,1730.0,o6my47010,720.0,STIS/FUV-MAMA,GALAXY;QSO,9506,3,*QSO*
TON28,151.0109583333,28.92644722222,1123.0,1710.0,o6e123020,2900.0,STIS/FUV-MAMA,GALAXY;QSO;;EXT-MEDIUM;ABSORPTION LINE SYSTEM,9184,3,*QSO*
PG1216+069,184.8375,6.644,1123.0,1710.0,o6e137020,2899.0,STIS/FUV-MAMA,GALAXY;QSO;;EXT-MEDIUM;ABSORPTION LINE SYSTEM,9184,3,*QSO*
HE2347-4342,357.6426666667,-43.43333333333,1140.0,1740.0,o4dm04030,3022.0,STIS/FUV-MAMA,GALAXY;QSO,7575,3,*QSO*
PKS1935-692,295.1065416667,-69.13222222222,1150.0,1730.0,o4x404040,2720.180125,STIS/FUV-MAMA,GALAXY;QSO,7272,3,*QSO*
PG1718+481,259.9093333333,48.07008888889,1140.0,1740.0,o4va01010,2165.0,STIS/FUV-MAMA,GALAXY;QSO,7292,3,*QSO*
H1821+643,275.4879166667,64.34352777778,1123.0,1710.0,o5e7030a0,1819.0,STIS/FUV-MAMA,GALAXY;QSO;;EXT-MEDIUM;ABSORPTION LINE SYSTEM,8165,3,*QSO*
H1821+643,275.4879166667,64.34352777778,1123.0,1710.0,o5e703090,1819.0,STIS/FUV-MAMA,GALAXY;QSO;;EXT-MEDIUM;ABSORPTION LINE SYSTEM,8165,3,*QSO*
HE0047-1756AB,12.61584583333,-17.66911111111,1150.0,1730.0,od6z01010,1128.0,STIS/FUV-MAMA,GALAXY;GRAVITATIONAL LENS;QSO,14751,3,*QSO*
HE0310-6050,47.77866666667,-60.65094444444,1150.0,1730.0,o5b318010,2520.0,STIS/FUV-MAMA,GALAXY;QSO,8287,3,*QSO*
PG1259+593,195.3039166667,59.03521111111,1123.0,1710.0,o63g08010,2400.0,STIS/FUV-MAMA,GALAXY;QSO;;EXT-MEDIUM;ABSORPTION LINE SYSTEM - EXTRAGALACTIC,8695,3,*QSO*
SDSS1026+6136,156.5795833333,61.60802777778,1150.0,1730.0,o6d307010,600.0,STIS/FUV-MAMA,GALAXY;QSO,9067,3,*QSO*
HS0624+6907,97.51108333333,69.08436111111,1123.0,1710.0,o6e113020,2415.0,STIS/FUV-MAMA,GALAXY;QSO;;EXT-MEDIUM;ABSORPTION LINE SYSTEM,9184,3,*QSO*
HS0624+6907,97.51108333333,69.08436111111,1123.0,1710.0,o6e112060,2415.0,STIS/FUV-MAMA,GALAXY;QSO;;EXT-MEDIUM;ABSORPTION LINE SYSTEM,9184,3,*QSO*
PG1444+407,221.6913333333,40.58512222222,1123.0,1710.0,o6e101010,2060.0,STIS/FUV-MAMA,GALAXY;QSO;;EXT-MEDIUM;ABSORPTION LINE SYSTEM,9184,3,*QSO*
HE0047-1756AB-COPY,12.61584583333,-17.66911111111,1150.0,1730.0,od6z02010,1128.0,STIS/FUV-MAMA,GALAXY;GRAVITATIONAL LENS;QSO,14751,3,*QSO*
H1821+643,275.4879166667,64.34352777778,1123.0,1710.0,o5e704090,1819.0,STIS/FUV-MAMA,GALAXY;QSO;;EXT-MEDIUM;ABSORPTION LINE SYSTEM,8165,3,*QSO*
HE2313-2905,349.0675833333,-28.81672222222,1150.0,1730.0,o5b309010,2342.0,STIS/FUV-MAMA,GALAXY;QSO,8287,3,*QSO*
HS1011+4315,153.696375,43.00858333333,1150.0,1730.0,o5b303010,2441.0,STIS/FUV-MAMA,GALAXY;QSO,8287,3,*QSO*
QSO-123050+011522,187.7085,1.256027777778,1123.0,1710.0,o56a02010,2018.0,STIS/FUV-MAMA,GALAXY;QSO;LYMAN ALPHA CLOUD,7737,3,*QSO*
PG1259+593,195.3039166667,59.03521111111,1123.0,1710.0,o63g08060,2440.0,STIS/FUV-MAMA,GALAXY;QSO;;EXT-MEDIUM;ABSORPTION LINE SYSTEM - EXTRAGALACTIC,8695,3,*QSO*
PG1259+593,195.3039166667,59.03521111111,1123.0,1710.0,o63g10050,2400.0,STIS/FUV-MAMA,GALAXY;QSO;;EXT-MEDIUM;ABSORPTION LINE SYSTEM - EXTRAGALACTIC,8695,3,*QSO*
Q0254-334,44.19933333333,-33.25726388889,1150.0,1730.0,o66g05010,2412.0,STIS/FUV-MAMA,GALAXY;QSO;;EXT-MEDIUM;ABSORPTION LINE SYSTEM - EXTRAGALACTIC,8569,3,*QSO*
PG1216+069,184.8375,6.644,1123.0,1710.0,o6e134030,2899.0,STIS/FUV-MAMA,GALAXY;QSO;;EXT-MEDIUM;ABSORPTION LINE SYSTEM,9184,3,*QSO*
H1821+643,275.4879166667,64.34352777778,1123.0,1710.0,o5e7030b0,1819.0,STIS/FUV-MAMA,GALAXY;QSO;;EXT-MEDIUM;ABSORPTION LINE SYSTEM,8165,3,*QSO*
H1821+643,275.4879166667,64.34352777778,1123.0,1710.0,o5e7040e0,1819.0,STIS/FUV-MAMA,GALAXY;QSO;;EXT-MEDIUM;ABSORPTION LINE SYSTEM,8165,3,*QSO*
HE0126-3045,22.1035,-30.4949,1150.0,1730.0,o6my79010,1594.3,STIS/FUV-MAMA,GALAXY;QSO,9506,3,*QSO*
3C232,149.5875,32.40052777778,1140.0,1740.0,o67003050,2945.0,STIS/FUV-MAMA,GALAXY;QSO,8596,3,*QSO*
TON28,151.0109583333,28.92644722222,1123.0,1710.0,o6e121030,2900.0,STIS/FUV-MAMA,GALAXY;QSO;;EXT-MEDIUM;ABSORPTION LINE SYSTEM,9184,3,*QSO*
HS1700+6416,255.2525416667,64.20275,1123.0,1710.0,o4si05080,2610.0,STIS/FUV-MAMA,GALAXY;QSO;;EXT-MEDIUM;ABSORPTION LINE SYSTEM - EXTRAGALACTIC,7778,3,*QSO*
PG1116+215,169.78625,21.32172222222,1123.0,1710.0,o5e702070,1330.0,STIS/FUV-MAMA,GALAXY;QSO;;EXT-MEDIUM;ABSORPTION LINE SYSTEM,8165,3,*QSO*
QSO-123050+011522,187.7085,1.256027777778,1123.0,1710.0,o56a01020,11596.0,STIS/FUV-MAMA,GALAXY;QSO;LYMAN ALPHA CLOUD,7737,3,*QSO*
PKS1935-692,295.1065416667,-69.13222222222,1150.0,1730.0,o4x404060,2720.18875,STIS/FUV-MAMA,GALAXY;QSO,7272,3,*QSO*
PKS1935-692,295.1065416667,-69.13222222222,1150.0,1730.0,o4x402010,2245.1545,STIS/FUV-MAMA,GALAXY;QSO,7272,3,*QSO*
PG0953+415,149.218125,41.25625,1140.0,1740.0,o63g01010,2200.0,STIS/FUV-MAMA,GALAXY;QSO;;EXT-MEDIUM;ABSORPTION LINE SYSTEM - EXTRAGALACTIC,8695,3,*QSO*
PG1216+069,184.8375,6.644,1123.0,1710.0,o6e136030,2899.0,STIS/FUV-MAMA,GALAXY;QSO;;EXT-MEDIUM;ABSORPTION LINE SYSTEM,9184,3,*QSO*
RXJ1636.2+7204,249.0630833333,72.08686666667,1150.0,1730.0,o6my62010,1543.4,STIS/FUV-MAMA,GALAXY;QSO,9506,3,*QSO*
PG1259+593,195.3039166667,59.03521111111,1123.0,1710.0,o63g09050,2400.0,STIS/FUV-MAMA,GALAXY;QSO;;EXT-MEDIUM;ABSORPTION LINE SYSTEM - EXTRAGALACTIC,8695,3,*QSO*
HE2347-4342,357.6426666667,-43.43333333333,1140.0,1740.0,o4dm03020,3022.0,STIS/FUV-MAMA,GALAXY;QSO,7575,3,*QSO*
HE0226-4410,37.06341666667,-40.95433333333,1123.0,1710.0,o6e111030,3022.0,STIS/FUV-MAMA,GALAXY;QSO;;EXT-MEDIUM;ABSORPTION LINE SYSTEM,9184,3,*QSO*
PG1259+593,195.3039166667,59.03521111111,1123.0,1710.0,o63g07050,2400.0,STIS/FUV-MAMA,GALAXY;QSO;;EXT-MEDIUM;ABSORPTION LINE SYSTEM - EXTRAGALACTIC,8695,3,*QSO*
SDSS1304-0037,196.1000041667,-0.6325277777778,1150.0,1730.0,o6d308010,600.0,STIS/FUV-MAMA,GALAXY;QSO,9067,3,*QSO*
PG1216+069,184.8375,6.644,1123.0,1710.0,o6e135030,2899.0,STIS/FUV-MAMA,GALAXY;QSO;;EXT-MEDIUM;ABSORPTION LINE SYSTEM,9184,3,*QSO*
KUV16295+4054,247.7972083333,40.80141944444,1150.0,1730.0,o6my34010,1543.4,STIS/FUV-MAMA,GALAXY;QSO,9506,3,*QSO*
PG1259+593,195.3039166667,59.03521111111,1123.0,1710.0,o63g10030,2400.0,STIS/FUV-MAMA,GALAXY;QSO;;EXT-MEDIUM;ABSORPTION LINE SYSTEM - EXTRAGALACTIC,8695,3,*QSO*
PG0946+301,147.42125,29.92188888889,1150.0,1730.0,o5ao03010,2160.0,STIS/FUV-MAMA,GALAXY;QSO,8284,3,*QSO*
HE2348-1444,357.8743333333,-14.46577777778,1150.0,1730.0,o5b306010,2318.0,STIS/FUV-MAMA,GALAXY;QSO,8287,3,*QSO*
1ES1028+511,157.8269583333,50.893475,1150.0,1730.0,o6my89010,2093.9,STIS/FUV-MAMA,GALAXY;QSO,9506,3,*QSO*
SBSG1122+594,171.4745833333,59.1725,1150.0,1730.0,o8rs11010,1320.0,STIS/FUV-MAMA,GALAXY;QSO,9874,3,*QSO*
HS1700+6416,255.2525416667,64.20275,1123.0,1710.0,o4si02040,2610.0,STIS/FUV-MAMA,GALAXY;QSO;;EXT-MEDIUM;ABSORPTION LINE SYSTEM - EXTRAGALACTIC,7778,3,*QSO*
PKS1935-692,295.1065416667,-69.13222222222,1150.0,1730.0,o4x403020,2825.15475,STIS/FUV-MAMA,GALAXY;QSO,7272,3,*QSO*
TON28,151.0109583333,28.92644722222,1123.0,1710.0,o6e123030,2900.0,STIS/FUV-MAMA,GALAXY;QSO;;EXT-MEDIUM;ABSORPTION LINE SYSTEM,9184,3,*QSO*
TON28,151.0109583333,28.92644722222,1123.0,1710.0,o6e121010,1943.0,STIS/FUV-MAMA,GALAXY;QSO;;EXT-MEDIUM;ABSORPTION LINE SYSTEM,9184,3,*QSO*
PG1216+069,184.8375,6.644,1123.0,1710.0,o6e136010,1958.0,STIS/FUV-MAMA,GALAXY;QSO;;EXT-MEDIUM;ABSORPTION LINE SYSTEM,9184,3,*QSO*
3C232,149.5875,32.40052777778,1140.0,1740.0,o67001010,2343.0,STIS/FUV-MAMA,GALAXY;QSO,8596,3,*QSO*
3C232,149.5875,32.40052777778,1140.0,1740.0,o67001030,2945.0,STIS/FUV-MAMA,GALAXY;QSO,8596,3,*QSO*
HS0624+6907,97.51108333333,69.08436111111,1123.0,1710.0,o6e114050,2415.0,STIS/FUV-MAMA,GALAXY;QSO;;EXT-MEDIUM;ABSORPTION LINE SYSTEM,9184,3,*QSO*
SDSS1232+5252,188.1637083333,52.88082777778,1150.0,1730.0,o8q108010,600.1935,STIS/FUV-MAMA,GALAXY;QSO,9759,3,*QSO*
HE0047-1756AB-COPY,12.61586479825,-17.66922074297,1150.0,1730.0,od6z02020,1109.0,STIS/FUV-MAMA,GALAXY;GRAVITATIONAL LENS;QSO,14751,3,*QSO*
HE2347-4342,357.6426666667,-43.43333333333,1140.0,1740.0,o4dm04040,3022.0,STIS/FUV-MAMA,GALAXY;QSO,7575,3,*QSO*
TON28,151.0109583333,28.92644722222,1123.0,1710.0,o6e119030,2900.0,STIS/FUV-MAMA,GALAXY;QSO;;EXT-MEDIUM;ABSORPTION LINE SYSTEM,9184,3,*QSO*
HS0624+6907,97.51108333333,69.08436111111,1123.0,1710.0,o6e112050,2415.0,STIS/FUV-MAMA,GALAXY;QSO;;EXT-MEDIUM;ABSORPTION LINE SYSTEM,9184,3,*QSO*
PG1216+069,184.8375,6.644,1123.0,1710.0,o6e138010,1958.0,STIS/FUV-MAMA,GALAXY;QSO;;EXT-MEDIUM;ABSORPTION LINE SYSTEM,9184,3,*QSO*
PKS1935-692,295.1065416667,-69.13222222222,1150.0,1730.0,o4x401010,1900.1335,STIS/FUV-MAMA,GALAXY;QSO,7272,3,*QSO*
PKS1935-692,295.1065416667,-69.13222222222,1150.0,1730.0,o4x403010,1900.12925,STIS/FUV-MAMA,GALAXY;QSO,7272,3,*QSO*
HE2347-4342,357.6426666667,-43.43333333333,1140.0,1740.0,o4dm03030,3022.0,STIS/FUV-MAMA,GALAXY;QSO,7575,3,*QSO*
PG2302+029,346.1875,3.196111111111,1150.0,1730.0,o57q01030,1100.0,STIS/FUV-MAMA,EXT-MEDIUM;ABSORPTION LINE SYSTEM - EXTRAGALACTIC;;GALAXY;QSO,7358,3,*QSO*
HE2215-6205,334.7126666667,-61.84522222222,1150.0,1730.0,o5b322010,2520.0,STIS/FUV-MAMA,GALAXY;QSO,8287,3,*QSO*
PG0946+301,147.42125,29.92188888889,1150.0,1730.0,o5ao02010,2160.0,STIS/FUV-MAMA,GALAXY;QSO,8284,3,*QSO*
PG1216+069,184.8375,6.644,1123.0,1710.0,o6e133020,2899.0,STIS/FUV-MAMA,GALAXY;QSO;;EXT-MEDIUM;ABSORPTION LINE SYSTEM,9184,3,*QSO*
TON28,151.0109583333,28.92644722222,1123.0,1710.0,o6e120010,1943.0,STIS/FUV-MAMA,GALAXY;QSO;;EXT-MEDIUM;ABSORPTION LINE SYSTEM,9184,3,*QSO*
SDSS0839+5256,129.9681333333,52.94007777778,1150.0,1730.0,o6d327010,600.0,STIS/FUV-MAMA,GALAXY;QSO,9067,3,*QSO*
PG1259+593,195.3039166667,59.03521111111,1123.0,1710.0,o63g07060,2440.0,STIS/FUV-MAMA,GALAXY;QSO;;EXT-MEDIUM;ABSORPTION LINE SYSTEM - EXTRAGALACTIC,8695,3,*QSO*
PG1259+593,195.3039166667,59.03521111111,1123.0,1710.0,o63g08020,2400.0,STIS/FUV-MAMA,GALAXY;QSO;;EXT-MEDIUM;ABSORPTION LINE SYSTEM - EXTRAGALACTIC,8695,3,*QSO*
PG1149-110,178.014365219,-11.37345449197,1140.0,1740.0,o5ew05030,2899.0,STIS/FUV-MAMA,GALAXY;QSO;LYMAN ALPHA CLOUD;HALO,8316,3,*QSO*
PG1216+069,184.8375,6.644,1123.0,1710.0,o6e135010,1958.0,STIS/FUV-MAMA,GALAXY;QSO;;EXT-MEDIUM;ABSORPTION LINE SYSTEM,9184,3,*QSO*
PG1444+407,221.6913333333,40.58512222222,1123.0,1710.0,o6e105030,3022.0,STIS/FUV-MAMA,GALAXY;QSO;;EXT-MEDIUM;ABSORPTION LINE SYSTEM,9184,3,*QSO*
HE0226-4410,37.06341666667,-40.95433333333,1123.0,1710.0,o6e107030,3022.0,STIS/FUV-MAMA,GALAXY;QSO;;EXT-MEDIUM;ABSORPTION LINE SYSTEM,9184,3,*QSO*
HE0306-3301,47.09783333333,-32.83616388889,1150.0,1730.0,o6my87010,720.0,STIS/FUV-MAMA,GALAXY;QSO,9506,3,*QSO*
PG1116+215,169.78625,21.32172222222,1123.0,1710.0,o5e701010,1979.0,STIS/FUV-MAMA,GALAXY;QSO;;EXT-MEDIUM;ABSORPTION LINE SYSTEM,8165,3,*QSO*
PKS1935-692,295.1065416667,-69.13222222222,1150.0,1730.0,o4x401050,2550.18725,STIS/FUV-MAMA,GALAXY;QSO,7272,3,*QSO*
PKS1935-692,295.1065416667,-69.13222222222,1150.0,1730.0,o4x401030,2825.180125,STIS/FUV-MAMA,GALAXY;QSO,7272,3,*QSO*
HE2347-4342,357.6426666667,-43.43333333333,1140.0,1740.0,o4dm04050,3022.0,STIS/FUV-MAMA,GALAXY;QSO,7575,3,*QSO*
Q0302-0019,46.20758333333,-0.1371111111111,1150.0,1730.0,o4dm01010,1680.178,STIS/FUV-MAMA,GALAXY;QSO,7575,3,*QSO*
QJ0640-5031,100.2333333333,-50.52944444444,1123.0,1710.0,o56n02020,9333.0,STIS/FUV-MAMA,GALAXY;QSO,7762,3,*QSO*
PG1116+215,169.78625,21.32172222222,1123.0,1710.0,o5e701070,1330.0,STIS/FUV-MAMA,GALAXY;QSO;;EXT-MEDIUM;ABSORPTION LINE SYSTEM,8165,3,*QSO*
SDSSJ120944.81+023212.7,182.43675,2.536861111111,1150.0,1730.0,o8rs65010,1320.0,STIS/FUV-MAMA,GALAXY;QSO,9874,3,*QSO*
PG1259+593,195.3039166667,59.03521111111,1123.0,1710.0,o63g11010,2280.0,STIS/FUV-MAMA,GALAXY;QSO;;EXT-MEDIUM;ABSORPTION LINE SYSTEM - EXTRAGALACTIC,8695,3,*QSO*
PSS1317+353,199.4299916667,35.52555555556,1150.0,1730.0,o69z05010,576.0,STIS/FUV-MAMA,GALAXY;QSO,8582,3,*QSO*
PG1216+069,184.8375,6.644,1123.0,1710.0,o6e138030,2899.0,STIS/FUV-MAMA,GALAXY;QSO;;EXT-MEDIUM;ABSORPTION LINE SYSTEM,9184,3,*QSO*
PDS456,262.0825,-14.26559722222,1150.0,1730.0,o58s01010,1140.0,STIS/FUV-MAMA,GALAXY;QSO,8264,3,*QSO*
PG1444+407,221.6913333333,40.58512222222,1123.0,1710.0,o6e101020,3022.0,STIS/FUV-MAMA,GALAXY;QSO;;EXT-MEDIUM;ABSORPTION LINE SYSTEM,9184,3,*QSO*
HE0047-1756AB,12.61588773348,-17.66932971768,1150.0,1730.0,od6z01030,1363.0,STIS/FUV-MAMA,GALAXY;GRAVITATIONAL LENS;QSO,14751,3,*QSO*
HS1700+6416,255.2525416667,64.20275,1123.0,1710.0,o4si05070,2610.0,STIS/FUV-MAMA,GALAXY;QSO;;EXT-MEDIUM;ABSORPTION LINE SYSTEM - EXTRAGALACTIC,7778,3,*QSO*
HE1312-3050,198.7367916667,-31.09863888889,1150.0,1730.0,o5b317010,2360.0,STIS/FUV-MAMA,GALAXY;QSO,8287,3,*QSO*
H1821+643,275.4879166667,64.34352777778,1123.0,1710.0,o5e704050,1819.0,STIS/FUV-MAMA,GALAXY;QSO;;EXT-MEDIUM;ABSORPTION LINE SYSTEM,8165,3,*QSO*
PG1116+215,169.78625,21.32172222222,1123.0,1710.0,o5e702020,1330.0,STIS/FUV-MAMA,GALAXY;QSO;;EXT-MEDIUM;ABSORPTION LINE SYSTEM,8165,3,*QSO*
H1821+643,275.4879166667,64.34352777778,1123.0,1710.0,o5e704020,1819.0,STIS/FUV-MAMA,GALAXY;QSO;;EXT-MEDIUM;ABSORPTION LINE SYSTEM,8165,3,*QSO*
PG1216+069,184.8375,6.644,1123.0,1710.0,o6e135020,2899.0,STIS/FUV-MAMA,GALAXY;QSO;;EXT-MEDIUM;ABSORPTION LINE SYSTEM,9184,3,*QSO*
PG1116+215,169.78625,21.32172222222,1123.0,1710.0,o5e702030,1330.0,STIS/FUV-MAMA,GALAXY;QSO;;EXT-MEDIUM;ABSORPTION LINE SYSTEM,8165,3,*QSO*
PG1259+593,195.3039166667,59.03521111111,1123.0,1710.0,o63g11020,2280.0,STIS/FUV-MAMA,GALAXY;QSO;;EXT-MEDIUM;ABSORPTION LINE SYSTEM - EXTRAGALACTIC,8695,3,*QSO*
HS1700+6416,255.2525416667,64.20275,1123.0,1710.0,o4si02070,2610.0,STIS/FUV-MAMA,GALAXY;QSO;;EXT-MEDIUM;ABSORPTION LINE SYSTEM - EXTRAGALACTIC,7778,3,*QSO*
HE0106-2118,17.35470833333,-21.04833333333,1150.0,1730.0,o5b325010,2289.0,STIS/FUV-MAMA,GALAXY;QSO,8287,3,*QSO*
PG1444+407,221.6913333333,40.58512222222,1123.0,1710.0,o6e103030,3022.0,STIS/FUV-MAMA,GALAXY;QSO;;EXT-MEDIUM;ABSORPTION LINE SYSTEM,9184,3,*QSO*
HS1345+2832,207.048625,28.30069444444,1150.0,1730.0,o5b305010,2342.0,STIS/FUV-MAMA,GALAXY;QSO,8287,3,*QSO*
HS1700+6416,255.2525416667,64.20275,1123.0,1710.0,o4si05090,2610.0,STIS/FUV-MAMA,GALAXY;QSO;;EXT-MEDIUM;ABSORPTION LINE SYSTEM - EXTRAGALACTIC,7778,3,*QSO*
HS0624+6907,97.51108333333,69.08436111111,1123.0,1710.0,o6e115030,2310.0,STIS/FUV-MAMA,GALAXY;QSO;;EXT-MEDIUM;ABSORPTION LINE SYSTEM,9184,3,*QSO*
PG1444+407,221.6913333333,40.58512222222,1123.0,1710.0,o6e101030,3022.0,STIS/FUV-MAMA,GALAXY;QSO;;EXT-MEDIUM;ABSORPTION LINE SYSTEM,9184,3,*QSO*
PG1216+069,184.8375,6.644,1123.0,1710.0,o6e134020,2899.0,STIS/FUV-MAMA,GALAXY;QSO;;EXT-MEDIUM;ABSORPTION LINE SYSTEM,9184,3,*QSO*
SDSSJ120130.37+011138.6,180.3765416667,1.194075,1150.0,1730.0,o8rs12010,1320.0,STIS/FUV-MAMA,GALAXY;QSO,9874,3,*QSO*
QSO-123050+011522,187.7085,1.256027777778,1123.0,1710.0,o56a01010,2018.0,STIS/FUV-MAMA,GALAXY;QSO;LYMAN ALPHA CLOUD,7737,3,*QSO*
PG1116+215,169.78625,21.32172222222,1123.0,1710.0,o5e701030,1330.0,STIS/FUV-MAMA,GALAXY;QSO;;EXT-MEDIUM;ABSORPTION LINE SYSTEM,8165,3,*QSO*
HE2314-3405,349.180125,-33.82008333333,1150.0,1730.0,o5b311010,2364.0,STIS/FUV-MAMA,GALAXY;QSO,8287,3,*QSO*
HS1200+1539,180.8802083333,15.38208333333,1150.0,1730.0,o5b304010,2316.0,STIS/FUV-MAMA,GALAXY;QSO,8287,3,*QSO*
KUV16180+3821,244.94525,38.22466944444,1150.0,1730.0,o8rs35010,1320.0,STIS/FUV-MAMA,GALAXY;QSO,9874,3,*QSO*
TON28,151.0109583333,28.92644722222,1123.0,1710.0,o6e117010,1943.0,STIS/FUV-MAMA,GALAXY;QSO;;EXT-MEDIUM;ABSORPTION LINE SYSTEM,9184,3,*QSO*
HS0624+6907,97.51108333333,69.08436111111,1123.0,1710.0,o6e113030,2415.0,STIS/FUV-MAMA,GALAXY;QSO;;EXT-MEDIUM;ABSORPTION LINE SYSTEM,9184,3,*QSO*
3C232,149.5875,32.40052777778,1140.0,1740.0,o67003030,2945.0,STIS/FUV-MAMA,GALAXY;QSO,8596,3,*QSO*
H1821+643,275.4879166667,64.34352777778,1123.0,1710.0,o5e703020,1819.0,STIS/FUV-MAMA,GALAXY;QSO;;EXT-MEDIUM;ABSORPTION LINE SYSTEM,8165,3,*QSO*
PG1116+215,169.78625,21.32172222222,1123.0,1710.0,o5e701060,1330.0,STIS/FUV-MAMA,GALAXY;QSO;;EXT-MEDIUM;ABSORPTION LINE SYSTEM,8165,3,*QSO*
PG1259+593,195.3039166667,59.03521111111,1123.0,1710.0,o63g09010,2400.0,STIS/FUV-MAMA,GALAXY;QSO;;EXT-MEDIUM;ABSORPTION LINE SYSTEM - EXTRAGALACTIC,8695,3,*QSO*
PG1259+593,195.3039166667,59.03521111111,1123.0,1710.0,o63g06040,2400.0,STIS/FUV-MAMA,GALAXY;QSO;;EXT-MEDIUM;ABSORPTION LINE SYSTEM - EXTRAGALACTIC,8695,3,*QSO*
3C232,149.5875,32.40052777778,1140.0,1740.0,o67002010,2343.0,STIS/FUV-MAMA,GALAXY;QSO,8596,3,*QSO*
HE0226-4410,37.06341666667,-40.95433333333,1123.0,1710.0,o6e111010,2106.0,STIS/FUV-MAMA,GALAXY;QSO;;EXT-MEDIUM;ABSORPTION LINE SYSTEM,9184,3,*QSO*
H1821+643,275.4879166667,64.34352777778,1123.0,1710.0,o5e703030,1819.0,STIS/FUV-MAMA,GALAXY;QSO;;EXT-MEDIUM;ABSORPTION LINE SYSTEM,8165,3,*QSO*
H1821+643,275.4879166667,64.34352777778,1123.0,1710.0,o5e704030,1819.0,STIS/FUV-MAMA,GALAXY;QSO;;EXT-MEDIUM;ABSORPTION LINE SYSTEM,8165,3,*QSO*
PG1116+215,169.78625,21.32172222222,1123.0,1710.0,o5e701040,1330.0,STIS/FUV-MAMA,GALAXY;QSO;;EXT-MEDIUM;ABSORPTION LINE SYSTEM,8165,3,*QSO*
H1821+643,275.4879166667,64.34352777778,1123.0,1710.0,o5e703040,1819.0,STIS/FUV-MAMA,GALAXY;QSO;;EXT-MEDIUM;ABSORPTION LINE SYSTEM,8165,3,*QSO*
HS1700+6416,255.2525416667,64.20275,1123.0,1710.0,o4si04080,2610.0,STIS/FUV-MAMA,GALAXY;QSO;;EXT-MEDIUM;ABSORPTION LINE SYSTEM - EXTRAGALACTIC,7778,3,*QSO*
PKS1935-692,295.1065416667,-69.13222222222,1150.0,1730.0,o4x401020,2825.192,STIS/FUV-MAMA,GALAXY;QSO,7272,3,*QSO*
Q0302-0019,46.20758333333,-0.1371111111111,1150.0,1730.0,o4dm01020,2520.174875,STIS/FUV-MAMA,GALAXY;QSO,7575,3,*QSO*
Q0302-0019,46.20758333333,-0.1371111111111,1150.0,1730.0,o4dm01050,2400.17575,STIS/FUV-MAMA,GALAXY;QSO,7575,3,*QSO*
PG1259+593,195.3039166667,59.03521111111,1123.0,1710.0,o63g11040,2280.0,STIS/FUV-MAMA,GALAXY;QSO;;EXT-MEDIUM;ABSORPTION LINE SYSTEM - EXTRAGALACTIC,8695,3,*QSO*
3C232,149.5875,32.40052777778,1140.0,1740.0,o67004030,2945.0,STIS/FUV-MAMA,GALAXY;QSO,8596,3,*QSO*
HS0624+6907,97.51108333333,69.08436111111,1123.0,1710.0,o6e116010,2310.0,STIS/FUV-MAMA,GALAXY;QSO;;EXT-MEDIUM;ABSORPTION LINE SYSTEM,9184,3,*QSO*
SDSS1711+6052,257.8934166667,60.87791111111,1150.0,1730.0,o8q133010,600.198375,STIS/FUV-MAMA,GALAXY;QSO,9759,3,*QSO*
CSO0118,180.0257916667,31.44172222222,1150.0,1730.0,o6ld03020,5688.0,STIS/FUV-MAMA,GALAXY;QSO,9350,3,*QSO*
HS0624+6907,97.51108333333,69.08436111111,1123.0,1710.0,o6e115020,2310.0,STIS/FUV-MAMA,GALAXY;QSO;;EXT-MEDIUM;ABSORPTION LINE SYSTEM,9184,3,*QSO*
PKS1935-692,295.1065416667,-69.13222222222,1150.0,1730.0,o4x402020,2700.178125,STIS/FUV-MAMA,GALAXY;QSO,7272,3,*QSO*
HS1700+6416,255.2525416667,64.20275,1123.0,1710.0,o4si03090,2610.0,STIS/FUV-MAMA,GALAXY;QSO;;EXT-MEDIUM;ABSORPTION LINE SYSTEM - EXTRAGALACTIC,7778,3,*QSO*
PG1116+215,169.78625,21.32172222222,1123.0,1710.0,o5e702060,1330.0,STIS/FUV-MAMA,GALAXY;QSO;;EXT-MEDIUM;ABSORPTION LINE SYSTEM,8165,3,*QSO*
PG1149-110,178.0143701095,-11.3734494682,1140.0,1740.0,o5ew05020,2899.0,STIS/FUV-MAMA,GALAXY;QSO;LYMAN ALPHA CLOUD;HALO,8316,3,*QSO*
TON28,151.0109583333,28.92644722222,1123.0,1710.0,o6e122030,2900.0,STIS/FUV-MAMA,GALAXY;QSO;;EXT-MEDIUM;ABSORPTION LINE SYSTEM,9184,3,*QSO*
CSO0118,180.0257916667,31.44172222222,1150.0,1730.0,o6ld02020,5688.0,STIS/FUV-MAMA,GALAXY;QSO,9350,3,*QSO*
HS1244+3143,191.8098333333,31.44497222222,1150.0,1730.0,o5b366010,2364.0,STIS/FUV-MAMA,GALAXY;QSO,8287,3,*QSO*
HS0624+6907,97.51108333333,69.08436111111,1123.0,1710.0,o6e112010,2415.0,STIS/FUV-MAMA,GALAXY;QSO;;EXT-MEDIUM;ABSORPTION LINE SYSTEM,9184,3,*QSO*
Q2237+030BD,340.1257906348,3.358433456371,1150.0,1730.0,ocod07020,980.0,STIS/FUV-MAMA,GALAXY;GRAVITATIONAL LENS;LYMAN ALPHA CLOUD;QSO,13801,3,*QSO*
HE0101-3025,15.97954166667,-30.16288888889,1150.0,1730.0,o5b324010,2348.0,STIS/FUV-MAMA,GALAXY;QSO,8287,3,*QSO*
PG1216+069,184.8375,6.644,1123.0,1710.0,o6e131020,2899.0,STIS/FUV-MAMA,GALAXY;QSO;;EXT-MEDIUM;ABSORPTION LINE SYSTEM,9184,3,*QSO*
QSO-123050+011522,187.7085,1.256027777778,1123.0,1710.0,o56a02020,11596.0,STIS/FUV-MAMA,GALAXY;QSO;LYMAN ALPHA CLOUD,7737,3,*QSO*
PG1259+593,195.3039166667,59.03521111111,1123.0,1710.0,o63g06060,2440.0,STIS/FUV-MAMA,GALAXY;QSO;;EXT-MEDIUM;ABSORPTION LINE SYSTEM - EXTRAGALACTIC,8695,3,*QSO*
HE0226-4410,37.06341666667,-40.95433333333,1123.0,1710.0,o6e108030,3022.0,STIS/FUV-MAMA,GALAXY;QSO;;EXT-MEDIUM;ABSORPTION LINE SYSTEM,9184,3,*QSO*
CSO0118,180.0257916667,31.44172222222,1150.0,1730.0,o6ld03010,2304.0,STIS/FUV-MAMA,GALAXY;QSO,9350,3,*QSO*
3C232,149.5875,32.40052777778,1140.0,1740.0,o67002040,2945.0,STIS/FUV-MAMA,GALAXY;QSO,8596,3,*QSO*
PG1149-110,178.014375,-11.37344444444,1140.0,1740.0,o5ew05010,2269.0,STIS/FUV-MAMA,GALAXY;QSO;LYMAN ALPHA CLOUD;HALO,8316,3,*QSO*
H1821+643,275.4879166667,64.34352777778,1123.0,1710.0,o5e703050,1819.0,STIS/FUV-MAMA,GALAXY;QSO;;EXT-MEDIUM;ABSORPTION LINE SYSTEM,8165,3,*QSO*
HS1700+6416,255.2525416667,64.20275,1123.0,1710.0,o4si030a0,2946.0,STIS/FUV-MAMA,GALAXY;QSO;;EXT-MEDIUM;ABSORPTION LINE SYSTEM - EXTRAGALACTIC,7778,3,*QSO*
PG1259+593,195.3039166667,59.03521111111,1123.0,1710.0,o63g07020,2400.0,STIS/FUV-MAMA,GALAXY;QSO;;EXT-MEDIUM;ABSORPTION LINE SYSTEM - EXTRAGALACTIC,8695,3,*QSO*
HE0047-1756AB,12.61590868359,-17.66943902096,1150.0,1730.0,od6z01040,1363.0,STIS/FUV-MAMA,GALAXY;GRAVITATIONAL LENS;QSO,14751,3,*QSO*
PG1216+069,184.8375,6.644,1123.0,1710.0,o6e138020,2899.0,STIS/FUV-MAMA,GALAXY;QSO;;EXT-MEDIUM;ABSORPTION LINE SYSTEM,9184,3,*QSO*
HS0624+6907,97.51108333333,69.08436111111,1123.0,1710.0,o6e114030,2415.0,STIS/FUV-MAMA,GALAXY;QSO;;EXT-MEDIUM;ABSORPTION LINE SYSTEM,9184,3,*QSO*
PG2112+059,318.7190833333,6.128588888889,1150.0,1730.0,o6j901020,1100.0,STIS/FUV-MAMA,GALAXY;QSO,9277,3,*QSO*
HS0624+6907,97.51108333333,69.08436111111,1123.0,1710.0,o6e113010,2415.0,STIS/FUV-MAMA,GALAXY;QSO;;EXT-MEDIUM;ABSORPTION LINE SYSTEM,9184,3,*QSO*
PG1116+215,169.78625,21.32172222222,1123.0,1710.0,o5e702010,1979.0,STIS/FUV-MAMA,GALAXY;QSO;;EXT-MEDIUM;ABSORPTION LINE SYSTEM,8165,3,*QSO*
QJ0640-5031,100.2333333333,-50.52944444444,1123.0,1710.0,o56n02010,2290.0,STIS/FUV-MAMA,GALAXY;QSO,7762,3,*QSO*
PKS1935-692,295.1065416667,-69.13222222222,1150.0,1730.0,o4x402050,2400.190625,STIS/FUV-MAMA,GALAXY;QSO,7272,3,*QSO*
SDSS0955+5940,148.7972083333,59.67519444444,1150.0,1730.0,o6d326010,600.0,STIS/FUV-MAMA,GALAXY;QSO,9067,3,*QSO*
HS1700+6416,255.2525416667,64.20275,1123.0,1710.0,o4si04060,2610.0,STIS/FUV-MAMA,GALAXY;QSO;;EXT-MEDIUM;ABSORPTION LINE SYSTEM - EXTRAGALACTIC,7778,3,*QSO*
PG1259+593,195.3039166667,59.03521111111,1123.0,1710.0,o63g05050,2400.0,STIS/FUV-MAMA,GALAXY;QSO;;EXT-MEDIUM;ABSORPTION LINE SYSTEM - EXTRAGALACTIC,8695,3,*QSO*
PG1259+593,195.3039166667,59.03521111111,1123.0,1710.0,o63g06010,2400.0,STIS/FUV-MAMA,GALAXY;QSO;;EXT-MEDIUM;ABSORPTION LINE SYSTEM - EXTRAGALACTIC,8695,3,*QSO*
Q2237+030BD,340.1257720502,3.358295812198,1150.0,1730.0,ocod07040,1364.0,STIS/FUV-MAMA,GALAXY;GRAVITATIONAL LENS;LYMAN ALPHA CLOUD;QSO,13801,3,*QSO*
HS0624+6907,97.51108333333,69.08436111111,1123.0,1710.0,o6e113050,2415.0,STIS/FUV-MAMA,GALAXY;QSO;;EXT-MEDIUM;ABSORPTION LINE SYSTEM,9184,3,*QSO*
HS0624+6907,97.51108333333,69.08436111111,1123.0,1710.0,o6e113040,2415.0,STIS/FUV-MAMA,GALAXY;QSO;;EXT-MEDIUM;ABSORPTION LINE SYSTEM,9184,3,*QSO*
PG1216+069,184.8375,6.644,1123.0,1710.0,o6e132020,2899.0,STIS/FUV-MAMA,GALAXY;QSO;;EXT-MEDIUM;ABSORPTION LINE SYSTEM,9184,3,*QSO*
H1821+643,275.4879166667,64.34352777778,1123.0,1710.0,o5e7030c0,1819.0,STIS/FUV-MAMA,GALAXY;QSO;;EXT-MEDIUM;ABSORPTION LINE SYSTEM,8165,3,*QSO*
PG1116+215,169.78625,21.32172222222,1123.0,1710.0,o5e701020,1330.0,STIS/FUV-MAMA,GALAXY;QSO;;EXT-MEDIUM;ABSORPTION LINE SYSTEM,8165,3,*QSO*
PG1116+215,169.78625,21.32172222222,1123.0,1710.0,o5e702050,1330.0,STIS/FUV-MAMA,GALAXY;QSO;;EXT-MEDIUM;ABSORPTION LINE SYSTEM,8165,3,*QSO*
PG0946+301,147.42125,29.92188888889,1150.0,1730.0,o5ao01010,2160.0,STIS/FUV-MAMA,GALAXY;QSO,8284,3,*QSO*
HS1700+6416,255.2525416667,64.20275,1123.0,1710.0,o4si03060,2610.0,STIS/FUV-MAMA,GALAXY;QSO;;EXT-MEDIUM;ABSORPTION LINE SYSTEM - EXTRAGALACTIC,7778,3,*QSO*
PG1216+069,184.8375,6.644,1123.0,1710.0,o6e133030,2899.0,STIS/FUV-MAMA,GALAXY;QSO;;EXT-MEDIUM;ABSORPTION LINE SYSTEM,9184,3,*QSO*
PKS1935-692,295.1065416667,-69.13222222222,1150.0,1730.0,o4x403040,2825.158875,STIS/FUV-MAMA,GALAXY;QSO,7272,3,*QSO*
PG1444+407,221.6913333333,40.58512222222,1123.0,1710.0,o6e104010,2060.0,STIS/FUV-MAMA,GALAXY;QSO;;EXT-MEDIUM;ABSORPTION LINE SYSTEM,9184,3,*QSO*
HE0226-4410,37.06341666667,-40.95433333333,1123.0,1710.0,o6e110030,3022.0,STIS/FUV-MAMA,GALAXY;QSO;;EXT-MEDIUM;ABSORPTION LINE SYSTEM,9184,3,*QSO*
PG1444+407,221.6913333333,40.58512222222,1123.0,1710.0,o6e102030,3022.0,STIS/FUV-MAMA,GALAXY;QSO;;EXT-MEDIUM;ABSORPTION LINE SYSTEM,9184,3,*QSO*
PG1259+593,195.3039166667,59.03521111111,1123.0,1710.0,o63g09040,2400.0,STIS/FUV-MAMA,GALAXY;QSO;;EXT-MEDIUM;ABSORPTION LINE SYSTEM - EXTRAGALACTIC,8695,3,*QSO*
Q2237+030BD,340.1258463889,3.358846388889,1150.0,1730.0,ocod07010,979.0,STIS/FUV-MAMA,GALAXY;GRAVITATIONAL LENS;LYMAN ALPHA CLOUD;QSO,13801,3,*QSO*
Q0302-0019,46.20758333333,-0.1371111111111,1150.0,1730.0,o4dm02040,2520.19025,STIS/FUV-MAMA,GALAXY;QSO,7575,3,*QSO*
TON0392,138.0740416667,24.84380555556,1150.0,1730.0,o6my24010,720.0,STIS/FUV-MAMA,GALAXY;QSO,9506,3,*QSO*
PG1216+069,184.8375,6.644,1123.0,1710.0,o6e133010,1958.0,STIS/FUV-MAMA,GALAXY;QSO;;EXT-MEDIUM;ABSORPTION LINE SYSTEM,9184,3,*QSO*
TON28,151.0109583333,28.92644722222,1123.0,1710.0,o6e123010,1943.0,STIS/FUV-MAMA,GALAXY;QSO;;EXT-MEDIUM;ABSORPTION LINE SYSTEM,9184,3,*QSO*
TON28,151.0109583333,28.92644722222,1123.0,1710.0,o6e122020,2900.0,STIS/FUV-MAMA,GALAXY;QSO;;EXT-MEDIUM;ABSORPTION LINE SYSTEM,9184,3,*QSO*
PG1444+407,221.6913333333,40.58512222222,1123.0,1710.0,o6e105010,2060.0,STIS/FUV-MAMA,GALAXY;QSO;;EXT-MEDIUM;ABSORPTION LINE SYSTEM,9184,3,*QSO*
PKS1935-692,295.1065416667,-69.13222222222,1150.0,1730.0,o4x404030,2720.178125,STIS/FUV-MAMA,GALAXY;QSO,7272,3,*QSO*
QJ0640-5031,100.2333333333,-50.52944444444,1123.0,1710.0,o56n03010,2290.0,STIS/FUV-MAMA,GALAXY;QSO,7762,3,*QSO*
PG1116+215,169.78625,21.32172222222,1123.0,1710.0,o5e702040,1330.0,STIS/FUV-MAMA,GALAXY;QSO;;EXT-MEDIUM;ABSORPTION LINE SYSTEM,8165,3,*QSO*
H1821+643,275.4879166667,64.34352777778,1123.0,1710.0,o5e7030d0,1819.0,STIS/FUV-MAMA,GALAXY;QSO;;EXT-MEDIUM;ABSORPTION LINE SYSTEM,8165,3,*QSO*
PG1444+407,221.6913333333,40.58512222222,1123.0,1710.0,o6e104020,3022.0,STIS/FUV-MAMA,GALAXY;QSO;;EXT-MEDIUM;ABSORPTION LINE SYSTEM,9184,3,*QSO*
PG1444+407,221.6913333333,40.58512222222,1123.0,1710.0,o6e105020,3022.0,STIS/FUV-MAMA,GALAXY;QSO;;EXT-MEDIUM;ABSORPTION LINE SYSTEM,9184,3,*QSO*
HE0340-2703,55.58541666667,-26.89977777778,1140.0,1740.0,o8ei03010,1972.0,STIS/FUV-MAMA,GALAXY;QSO,9378,3,*QSO*
SDSS0753+4231,118.263925,42.52521111111,1150.0,1730.0,o6d319010,600.0,STIS/FUV-MAMA,GALAXY;QSO,9067,3,*QSO*
3C232,149.5875,32.40052777778,1140.0,1740.0,o67004010,2318.0,STIS/FUV-MAMA,GALAXY;QSO,8596,3,*QSO*
Q0302-0019,46.20758333333,-0.1371111111111,1150.0,1730.0,o4dm01040,2520.190625,STIS/FUV-MAMA,GALAXY;QSO,7575,3,*QSO*
PKS1935-692,295.1065416667,-69.13222222222,1150.0,1730.0,o4x403050,2550.188,STIS/FUV-MAMA,GALAXY;QSO,7272,3,*QSO*
H1821+643,275.4879166667,64.34352777778,1123.0,1710.0,o5e704010,1819.0,STIS/FUV-MAMA,GALAXY;QSO;;EXT-MEDIUM;ABSORPTION LINE SYSTEM,8165,3,*QSO*
RXJ04396-5311,69.91108333333,-53.19222222222,1150.0,1730.0,o6my82010,720.0,STIS/FUV-MAMA,GALAXY;QSO,9506,3,*QSO*
SDSS0814+5029,123.6466041667,50.49626111111,1150.0,1730.0,o6d322010,600.0,STIS/FUV-MAMA,GALAXY;QSO,9067,3,*QSO*
HS1946+7658,296.22875,77.09777777778,1150.0,1730.0,o69z01010,576.0,STIS/FUV-MAMA,GALAXY;QSO,8582,3,*QSO*
3C232,149.5875,32.40052777778,1140.0,1740.0,o67003040,2945.0,STIS/FUV-MAMA,GALAXY;QSO,8596,3,*QSO*
PG1216+069,184.8375,6.644,1123.0,1710.0,o6e132030,2899.0,STIS/FUV-MAMA,GALAXY;QSO;;EXT-MEDIUM;ABSORPTION LINE SYSTEM,9184,3,*QSO*
PG1216+069,184.8375,6.644,1123.0,1710.0,o6e131010,1958.0,STIS/FUV-MAMA,GALAXY;QSO;;EXT-MEDIUM;ABSORPTION LINE SYSTEM,9184,3,*QSO*
HS0624+6907,97.51108333333,69.08436111111,1123.0,1710.0,o6e114010,2415.0,STIS/FUV-MAMA,GALAXY;QSO;;EXT-MEDIUM;ABSORPTION LINE SYSTEM,9184,3,*QSO*
TON28,151.0109583333,28.92644722222,1123.0,1710.0,o6e120020,2900.0,STIS/FUV-MAMA,GALAXY;QSO;;EXT-MEDIUM;ABSORPTION LINE SYSTEM,9184,3,*QSO*
HE0226-4410,37.06341666667,-40.95433333333,1123.0,1710.0,o6e111040,3022.0,STIS/FUV-MAMA,GALAXY;QSO;;EXT-MEDIUM;ABSORPTION LINE SYSTEM,9184,3,*QSO*
HS1700+6416,255.2525416667,64.20275,1123.0,1710.0,o4si05030,2610.0,STIS/FUV-MAMA,GALAXY;QSO;;EXT-MEDIUM;ABSORPTION LINE SYSTEM - EXTRAGALACTIC,7778,3,*QSO*
PG1718+481,259.9093333333,48.07008888889,1140.0,1740.0,o4va01020,3054.0,STIS/FUV-MAMA,GALAXY;QSO,7292,3,*QSO*
PG1718+481,259.9093333333,48.07008888889,1140.0,1740.0,o4va01030,3054.0,STIS/FUV-MAMA,GALAXY;QSO,7292,3,*QSO*
PG1259+593,195.3039166667,59.03521111111,1123.0,1710.0,o63g09030,2400.0,STIS/FUV-MAMA,GALAXY;QSO;;EXT-MEDIUM;ABSORPTION LINE SYSTEM - EXTRAGALACTIC,8695,3,*QSO*
CSO0118,180.0257916667,31.44172222222,1150.0,1730.0,o6ld02010,2304.0,STIS/FUV-MAMA,GALAXY;QSO,9350,3,*QSO*
H1821+643,275.4879166667,64.34352777778,1123.0,1710.0,o5e7040c0,1819.0,STIS/FUV-MAMA,GALAXY;QSO;;EXT-MEDIUM;ABSORPTION LINE SYSTEM,8165,3,*QSO*
PKS1935-692,295.1065416667,-69.13222222222,1150.0,1730.0,o4x403030,2825.124375,STIS/FUV-MAMA,GALAXY;QSO,7272,3,*QSO*
HE0226-4410,37.06341666667,-40.95433333333,1123.0,1710.0,o6e107020,3022.0,STIS/FUV-MAMA,GALAXY;QSO;;EXT-MEDIUM;ABSORPTION LINE SYSTEM,9184,3,*QSO*
PG1444+407,221.6913333333,40.58512222222,1123.0,1710.0,o6e102020,3022.0,STIS/FUV-MAMA,GALAXY;QSO;;EXT-MEDIUM;ABSORPTION LINE SYSTEM,9184,3,*QSO*
HE0226-4410,37.06341666667,-40.95433333333,1123.0,1710.0,o6e110010,2106.0,STIS/FUV-MAMA,GALAXY;QSO;;EXT-MEDIUM;ABSORPTION LINE SYSTEM,9184,3,*QSO*
HS1700+6416,255.2525416667,64.20275,1123.0,1710.0,o4si04050,2610.0,STIS/FUV-MAMA,GALAXY;QSO;;EXT-MEDIUM;ABSORPTION LINE SYSTEM - EXTRAGALACTIC,7778,3,*QSO*
PG1718+481,259.9093333333,48.07008888889,1140.0,1740.0,o4va01040,3054.0,STIS/FUV-MAMA,GALAXY;QSO,7292,3,*QSO*
SDSSJ150556.55+034226.3,226.4856666667,3.707308333333,1150.0,1730.0,o8rs98010,1320.0,STIS/FUV-MAMA,GALAXY;QSO,9874,3,*QSO*
SDSSJ151024.92+005844.0,227.603875,0.9788888888889,1150.0,1730.0,o8rs46010,1320.0,STIS/FUV-MAMA,GALAXY;QSO,9874,3,*QSO*
Q0302-0019,46.20758333333,-0.1371111111111,1150.0,1730.0,o4dm02020,2520.08025,STIS/FUV-MAMA,GALAXY;QSO,7575,3,*QSO*
HS1700+6416,255.2525416667,64.20275,1123.0,1710.0,o4si04040,2610.0,STIS/FUV-MAMA,GALAXY;QSO;;EXT-MEDIUM;ABSORPTION LINE SYSTEM - EXTRAGALACTIC,7778,3,*QSO*
H1821+643,275.4879166667,64.34352777778,1123.0,1710.0,o5e704080,1819.0,STIS/FUV-MAMA,GALAXY;QSO;;EXT-MEDIUM;ABSORPTION LINE SYSTEM,8165,3,*QSO*
PG1259+593,195.3039166667,59.03521111111,1123.0,1710.0,o63g09060,2440.0,STIS/FUV-MAMA,GALAXY;QSO;;EXT-MEDIUM;ABSORPTION LINE SYSTEM - EXTRAGALACTIC,8695,3,*QSO*
PG1259+593,195.3039166667,59.03521111111,1123.0,1710.0,o63g05010,2400.0,STIS/FUV-MAMA,GALAXY;QSO;;EXT-MEDIUM;ABSORPTION LINE SYSTEM - EXTRAGALACTIC,8695,3,*QSO*
PG1259+593,195.3039166667,59.03521111111,1123.0,1710.0,o63g07040,2400.0,STIS/FUV-MAMA,GALAXY;QSO;;EXT-MEDIUM;ABSORPTION LINE SYSTEM - EXTRAGALACTIC,8695,3,*QSO*
PG1259+593,195.3039166667,59.03521111111,1123.0,1710.0,o63g06020,2400.0,STIS/FUV-MAMA,GALAXY;QSO;;EXT-MEDIUM;ABSORPTION LINE SYSTEM - EXTRAGALACTIC,8695,3,*QSO*
HE0226-4410,37.06341666667,-40.95433333333,1123.0,1710.0,o6e108010,2106.0,STIS/FUV-MAMA,GALAXY;QSO;;EXT-MEDIUM;ABSORPTION LINE SYSTEM,9184,3,*QSO*
HE0226-4410,37.06341666667,-40.95433333333,1123.0,1710.0,o6e109020,3022.0,STIS/FUV-MAMA,GALAXY;QSO;;EXT-MEDIUM;ABSORPTION LINE SYSTEM,9184,3,*QSO*
TONS210,20.46466666667,-28.34933333333,1123.0,1710.0,o6l001020,11692.0,STIS/FUV-MAMA,GALAXY;QSO,9415,3,*QSO*
CSO0118,180.0257916667,31.44172222222,1150.0,1730.0,o6ld01020,8532.0,STIS/FUV-MAMA,GALAXY;QSO,9350,3,*QSO*
H1821+643,275.4879166667,64.34352777778,1123.0,1710.0,o5e7040d0,1819.0,STIS/FUV-MAMA,GALAXY;QSO;;EXT-MEDIUM;ABSORPTION LINE SYSTEM,8165,3,*QSO*
HE0047-1756AB,12.61592963373,-17.66954832423,1150.0,1730.0,od6z01050,1363.0,STIS/FUV-MAMA,GALAXY;GRAVITATIONAL LENS;QSO,14751,3,*QSO*
HE0226-4410,37.06341666667,-40.95433333333,1123.0,1710.0,o6e107010,2106.0,STIS/FUV-MAMA,GALAXY;QSO;;EXT-MEDIUM;ABSORPTION LINE SYSTEM,9184,3,*QSO*
HS0624+6907,97.51108333333,69.08436111111,1123.0,1710.0,o6e112030,2415.0,STIS/FUV-MAMA,GALAXY;QSO;;EXT-MEDIUM;ABSORPTION LINE SYSTEM,9184,3,*QSO*
PG0946+301,147.42125,29.92188888889,1150.0,1730.0,o5ao04010,2160.0,STIS/FUV-MAMA,GALAXY;QSO,8284,3,*QSO*
SDSSJ150450.17+012215.4,226.2090416667,1.370969444444,1150.0,1730.0,o8rs50010,1320.0,STIS/FUV-MAMA,GALAXY;QSO,9874,3,*QSO*
HE0502-2948,76.07920833333,-29.74420833333,1150.0,1730.0,o6my50010,720.0,STIS/FUV-MAMA,GALAXY;QSO,9506,3,*QSO*
HS0757+5218,120.3239583333,52.17642222222,1150.0,1730.0,o6my1j010,1543.4,STIS/FUV-MAMA,GALAXY;QSO,9506,3,*QSO*
HE0435-5304,69.211625,-52.98016111111,1150.0,1730.0,o6my81010,855.9,STIS/FUV-MAMA,GALAXY;QSO,9506,3,*QSO*
TON28,151.0109583333,28.92644722222,1123.0,1710.0,o6e121020,2900.0,STIS/FUV-MAMA,GALAXY;QSO;;EXT-MEDIUM;ABSORPTION LINE SYSTEM,9184,3,*QSO*
H1821+643,275.4879166667,64.34352777778,1123.0,1710.0,o5e703060,1819.0,STIS/FUV-MAMA,GALAXY;QSO;;EXT-MEDIUM;ABSORPTION LINE SYSTEM,8165,3,*QSO*
PG0946+301,147.42125,29.92188888889,1150.0,1730.0,o5ao05010,2160.0,STIS/FUV-MAMA,GALAXY;QSO,8284,3,*QSO*
PG1259+593,195.3039166667,59.03521111111,1123.0,1710.0,o63g08050,2400.0,STIS/FUV-MAMA,GALAXY;QSO;;EXT-MEDIUM;ABSORPTION LINE SYSTEM - EXTRAGALACTIC,8695,3,*QSO*
PG1259+593,195.3039166667,59.03521111111,1123.0,1710.0,o63g10020,2400.0,STIS/FUV-MAMA,GALAXY;QSO;;EXT-MEDIUM;ABSORPTION LINE SYSTEM - EXTRAGALACTIC,8695,3,*QSO*
SDSS0800+4435,120.02635,44.59878888889,1150.0,1730.0,o6d323010,600.0,STIS/FUV-MAMA,GALAXY;QSO,9067,3,*QSO*
TONS210,20.46466666667,-28.34933333333,1123.0,1710.0,o6l001010,1997.0,STIS/FUV-MAMA,GALAXY;QSO,9415,3,*QSO*
SDSS1040+5145,160.2404166667,51.75162777778,1150.0,1730.0,o8q113010,600.1985,STIS/FUV-MAMA,GALAXY;QSO,9759,3,*QSO*
PG1259+593,195.3039166667,59.03521111111,1123.0,1710.0,o63g05020,2400.0,STIS/FUV-MAMA,GALAXY;QSO;;EXT-MEDIUM;ABSORPTION LINE SYSTEM - EXTRAGALACTIC,8695,3,*QSO*
PG1259+593,195.3039166667,59.03521111111,1123.0,1710.0,o63g06050,2400.0,STIS/FUV-MAMA,GALAXY;QSO;;EXT-MEDIUM;ABSORPTION LINE SYSTEM - EXTRAGALACTIC,8695,3,*QSO*
HS0624+6907,97.51108333333,69.08436111111,1123.0,1710.0,o6e116030,2310.0,STIS/FUV-MAMA,GALAXY;QSO;;EXT-MEDIUM;ABSORPTION LINE SYSTEM,9184,3,*QSO*
HS0624+6907,97.51108333333,69.08436111111,1123.0,1710.0,o6e115010,2310.0,STIS/FUV-MAMA,GALAXY;QSO;;EXT-MEDIUM;ABSORPTION LINE SYSTEM,9184,3,*QSO*
HE2347-4342,357.6426666667,-43.43333333333,1150.0,1730.0,o6ag02010,1060.0,STIS/FUV-MAMA,GALAXY;QSO,8875,3,*QSO*
PKS1935-692,295.1065416667,-69.13222222222,1150.0,1730.0,o4x402030,2720.179625,STIS/FUV-MAMA,GALAXY;QSO,7272,3,*QSO*
PG1216+069,184.8375,6.644,1123.0,1710.0,o6e131030,2899.0,STIS/FUV-MAMA,GALAXY;QSO;;EXT-MEDIUM;ABSORPTION LINE SYSTEM,9184,3,*QSO*
PG1216+069,184.8375,6.644,1123.0,1710.0,o6e136020,2899.0,STIS/FUV-MAMA,GALAXY;QSO;;EXT-MEDIUM;ABSORPTION LINE SYSTEM,9184,3,*QSO*
HE0226-4410,37.06341666667,-40.95433333333,1123.0,1710.0,o6e111020,3022.0,STIS/FUV-MAMA,GALAXY;QSO;;EXT-MEDIUM;ABSORPTION LINE SYSTEM,9184,3,*QSO*
HS1700+6416,255.2525416667,64.20275,1123.0,1710.0,o4si05040,2610.0,STIS/FUV-MAMA,GALAXY;QSO;;EXT-MEDIUM;ABSORPTION LINE SYSTEM - EXTRAGALACTIC,7778,3,*QSO*
H1821+643,275.4879166667,64.34352777778,1123.0,1710.0,o5e703080,1819.0,STIS/FUV-MAMA,GALAXY;QSO;;EXT-MEDIUM;ABSORPTION LINE SYSTEM,8165,3,*QSO*
PG1259+593,195.3039166667,59.03521111111,1123.0,1710.0,o63g09020,2400.0,STIS/FUV-MAMA,GALAXY;QSO;;EXT-MEDIUM;ABSORPTION LINE SYSTEM - EXTRAGALACTIC,8695,3,*QSO*
HS1700+6416,255.2525416667,64.20275,1123.0,1710.0,o4si020a0,2946.0,STIS/FUV-MAMA,GALAXY;QSO;;EXT-MEDIUM;ABSORPTION LINE SYSTEM - EXTRAGALACTIC,7778,3,*QSO*
HS1700+6416,255.2525416667,64.20275,1123.0,1710.0,o4si03040,2610.0,STIS/FUV-MAMA,GALAXY;QSO;;EXT-MEDIUM;ABSORPTION LINE SYSTEM - EXTRAGALACTIC,7778,3,*QSO*
Q0302-0019,46.20758333333,-0.1371111111111,1150.0,1730.0,o4dm02050,2400.187375,STIS/FUV-MAMA,GALAXY;QSO,7575,3,*QSO*
HDFS-223338-603329-QSO,338.4069583333,-60.55804166667,1150.0,1730.0,o52f41040,2280.0,STIS/FUV-MAMA,GALAXY;QSO,8076,3,*QSO*
QSO-0958+5625,150.4275083333,56.17888888889,1150.0,1730.0,o69z03010,576.0,STIS/FUV-MAMA,GALAXY;QSO,8582,3,*QSO*
PKS1935-692,295.1065416667,-69.13222222222,1150.0,1730.0,o4x402040,2720.191,STIS/FUV-MAMA,GALAXY;QSO,7272,3,*QSO*
H1821+643,275.4879166667,64.34352777778,1123.0,1710.0,o5e7040b0,1819.0,STIS/FUV-MAMA,GALAXY;QSO;;EXT-MEDIUM;ABSORPTION LINE SYSTEM,8165,3,*QSO*
PG1216+069,184.8375,6.644,1123.0,1710.0,o6e139010,1958.0,STIS/FUV-MAMA,GALAXY;QSO;;EXT-MEDIUM;ABSORPTION LINE SYSTEM,9184,3,*QSO*
HS0624+6907,97.51108333333,69.08436111111,1123.0,1710.0,o6e114040,2415.0,STIS/FUV-MAMA,GALAXY;QSO;;EXT-MEDIUM;ABSORPTION LINE SYSTEM,9184,3,*QSO*
PG1444+407,221.6913333333,40.58512222222,1123.0,1710.0,o6e106030,3022.0,STIS/FUV-MAMA,GALAXY;QSO;;EXT-MEDIUM;ABSORPTION LINE SYSTEM,9184,3,*QSO*
CSO0118,180.0257916667,31.44172222222,1150.0,1730.0,o6ld01010,2304.0,STIS/FUV-MAMA,GALAXY;QSO,9350,3,*QSO*
SDSS1503+6105,225.786875,61.09769166667,1150.0,1730.0,o8q152010,600.199875,STIS/FUV-MAMA,GALAXY;QSO,9759,3,*QSO*
Q0302-0019,46.20758333333,-0.1371111111111,1150.0,1730.0,o4dm01030,2520.19325,STIS/FUV-MAMA,GALAXY;QSO,7575,3,*QSO*
2MASSI-J151653.2+190048,229.2218333333,19.01336111111,1150.0,1730.0,o6g907020,2857.0,STIS/FUV-MAMA,GALAXY;QSO,9161,3,*QSO*
HE0226-4410,37.06341666667,-40.95433333333,1123.0,1710.0,o6e109030,3022.0,STIS/FUV-MAMA,GALAXY;QSO;;EXT-MEDIUM;ABSORPTION LINE SYSTEM,9184,3,*QSO*
TON28,151.0109583333,28.92644722222,1123.0,1710.0,o6e117020,2900.0,STIS/FUV-MAMA,GALAXY;QSO;;EXT-MEDIUM;ABSORPTION LINE SYSTEM,9184,3,*QSO*
3C232,149.5874583333,32.40065833333,1150.0,1730.0,o6my40010,1200.0,STIS/FUV-MAMA,GALAXY;QSO,9506,3,*QSO*
Q2237+030AC,340.1260333333,3.358375,1150.0,1730.0,ocod06010,1133.0,STIS/FUV-MAMA,GALAXY;GRAVITATIONAL LENS;LYMAN ALPHA CLOUD;QSO,13801,3,*QSO*
PG0953+415,149.218125,41.25625,1140.0,1740.0,o63g01020,3022.0,STIS/FUV-MAMA,GALAXY;QSO;;EXT-MEDIUM;ABSORPTION LINE SYSTEM - EXTRAGALACTIC,8695,3,*QSO*
HS1543+5921,236.08375,59.20722222222,1150.0,1730.0,o5l301010,2139.0,STIS/FUV-MAMA,GALAXY;QSO,8485,3,*QSO*
Q2237+030AC,340.1258300249,3.358011106254,1150.0,1730.0,ocod06020,1134.0,STIS/FUV-MAMA,GALAXY;GRAVITATIONAL LENS;LYMAN ALPHA CLOUD;QSO,13801,3,*QSO*
QSO-1504-4152,225.891375,-41.87325,1150.0,1730.0,o5be01020,6000.0,STIS/FUV-MAMA,GALAXY;QSO,8244,3,*QSO*
H1821+643,275.4879166667,64.34352777778,1123.0,1710.0,o5e7040a0,1819.0,STIS/FUV-MAMA,GALAXY;QSO;;EXT-MEDIUM;ABSORPTION LINE SYSTEM,8165,3,*QSO*
PG1216+069,184.8375,6.644,1123.0,1710.0,o6e134010,1958.0,STIS/FUV-MAMA,GALAXY;QSO;;EXT-MEDIUM;ABSORPTION LINE SYSTEM,9184,3,*QSO*
PG1444+407,221.6913333333,40.58512222222,1123.0,1710.0,o6e103020,3022.0,STIS/FUV-MAMA,GALAXY;QSO;;EXT-MEDIUM;ABSORPTION LINE SYSTEM,9184,3,*QSO*
HS1700+6416,255.2525416667,64.20275,1150.0,1730.0,o8md01010,2245.0,STIS/FUV-MAMA,GALAXY;QSO,9982,3,*QSO*
RXSJ04397-4540,69.93670833333,-45.67836666667,1150.0,1730.0,o8nc03010,2444.0,STIS/FUV-MAMA,GALAXY;QSO,9894,3,*QSO*
HS1700+6416,255.2525416667,64.20275,1123.0,1710.0,o4si03030,2610.0,STIS/FUV-MAMA,GALAXY;QSO;;EXT-MEDIUM;ABSORPTION LINE SYSTEM - EXTRAGALACTIC,7778,3,*QSO*
HS1700+6416,255.2525416667,64.20275,1123.0,1710.0,o4si03050,2610.0,STIS/FUV-MAMA,GALAXY;QSO;;EXT-MEDIUM;ABSORPTION LINE SYSTEM - EXTRAGALACTIC,7778,3,*QSO*
PG1216+069,184.8375,6.644,1123.0,1710.0,o6e137010,1958.0,STIS/FUV-MAMA,GALAXY;QSO;;EXT-MEDIUM;ABSORPTION LINE SYSTEM,9184,3,*QSO*
PG1259+593,195.3039166667,59.03521111111,1123.0,1710.0,o63g10040,2400.0,STIS/FUV-MAMA,GALAXY;QSO;;EXT-MEDIUM;ABSORPTION LINE SYSTEM - EXTRAGALACTIC,8695,3,*QSO*
Q0302-0019,46.20758333333,-0.1371111111111,1150.0,1730.0,o4dm02030,2520.16725,STIS/FUV-MAMA,GALAXY;QSO,7575,3,*QSO*
Q0302-0019,46.20758333333,-0.1371111111111,1150.0,1730.0,o4dm02010,1680.192,STIS/FUV-MAMA,GALAXY;QSO,7575,3,*QSO*
HDFS-223338-603329-QSO,338.4069583333,-60.55804166667,1150.0,1730.0,o52f41060,2340.0,STIS/FUV-MAMA,GALAXY;QSO,8076,3,*QSO*
H1821+643,275.4879166667,64.34352777778,1123.0,1710.0,o5e703010,1819.0,STIS/FUV-MAMA,GALAXY;QSO;;EXT-MEDIUM;ABSORPTION LINE SYSTEM,8165,3,*QSO*
HS1939+7000,294.8725416667,70.13040555556,1150.0,1730.0,o6my66010,1343.9,STIS/FUV-MAMA,GALAXY;QSO,9506,3,*QSO*
Q2237+030BD,340.1258463889,3.358846388889,1150.0,1730.0,ocod07030,1363.0,STIS/FUV-MAMA,GALAXY;GRAVITATIONAL LENS;LYMAN ALPHA CLOUD;QSO,13801,3,*QSO*
PG1444+407,221.6913333333,40.58512222222,1123.0,1710.0,o6e104030,3022.0,STIS/FUV-MAMA,GALAXY;QSO;;EXT-MEDIUM;ABSORPTION LINE SYSTEM,9184,3,*QSO*
HE0047-1756AB,12.61595058389,-17.66965762751,1150.0,1730.0,od6z01060,1363.0,STIS/FUV-MAMA,GALAXY;GRAVITATIONAL LENS;QSO,14751,3,*QSO*
PG1259+593,195.3039166667,59.03521111111,1123.0,1710.0,o63g06030,2400.0,STIS/FUV-MAMA,GALAXY;QSO;;EXT-MEDIUM;ABSORPTION LINE SYSTEM - EXTRAGALACTIC,8695,3,*QSO*
PG1259+593,195.3039166667,59.03521111111,1123.0,1710.0,o63g05060,2440.0,STIS/FUV-MAMA,GALAXY;QSO;;EXT-MEDIUM;ABSORPTION LINE SYSTEM - EXTRAGALACTIC,8695,3,*QSO*
HS1700+6416,255.2525416667,64.20275,1123.0,1710.0,o4si040a0,2946.0,STIS/FUV-MAMA,GALAXY;QSO;;EXT-MEDIUM;ABSORPTION LINE SYSTEM - EXTRAGALACTIC,7778,3,*QSO*
HS1700+6416,255.2525416667,64.20275,1123.0,1710.0,o4si050a0,2946.0,STIS/FUV-MAMA,GALAXY;QSO;;EXT-MEDIUM;ABSORPTION LINE SYSTEM - EXTRAGALACTIC,7778,3,*QSO*
PG0953+415,149.218125,41.25625,1140.0,1740.0,o63g02010,2200.0,STIS/FUV-MAMA,GALAXY;QSO;;EXT-MEDIUM;ABSORPTION LINE SYSTEM - EXTRAGALACTIC,8695,3,*QSO*
HE2347-4342,357.6426666667,-43.43333333333,1150.0,1730.0,o6ag01010,1060.0,STIS/FUV-MAMA,GALAXY;QSO,8875,3,*QSO*
SDSS2346-0016,356.6069708333,-0.2668,1150.0,1730.0,o6d305010,600.0,STIS/FUV-MAMA,GALAXY;QSO,9067,3,*QSO*
PG1444+407,221.6913333333,40.58512222222,1123.0,1710.0,o6e106010,2060.0,STIS/FUV-MAMA,GALAXY;QSO;;EXT-MEDIUM;ABSORPTION LINE SYSTEM,9184,3,*QSO*
HS1140+3508,175.7867083333,34.87297222222,1150.0,1730.0,o5b351010,5269.0,STIS/FUV-MAMA,GALAXY;QSO,8287,3,*QSO*
PG1216+069,184.8375,6.644,1123.0,1710.0,o6e139020,2899.0,STIS/FUV-MAMA,GALAXY;QSO;;EXT-MEDIUM;ABSORPTION LINE SYSTEM,9184,3,*QSO*
PG0953+415,149.2181617752,41.25625269857,1140.0,1740.0,o63g01030,3022.0,STIS/FUV-MAMA,GALAXY;QSO;;EXT-MEDIUM;ABSORPTION LINE SYSTEM - EXTRAGALACTIC,8695,3,*QSO*
SDSS0749+4152,117.3662791667,41.87844166667,1150.0,1730.0,o6d312010,600.0,STIS/FUV-MAMA,GALAXY;QSO,9067,3,*QSO*
HE0439-5254,70.04975,-52.80508055556,1150.0,1730.0,o6my80010,720.0,STIS/FUV-MAMA,GALAXY;QSO,9506,3,*QSO*
TON28,151.0109583333,28.92644722222,1123.0,1710.0,o6e122010,1943.0,STIS/FUV-MAMA,GALAXY;QSO;;EXT-MEDIUM;ABSORPTION LINE SYSTEM,9184,3,*QSO*
HS0624+6907,97.51108333333,69.08436111111,1123.0,1710.0,o6e116020,2310.0,STIS/FUV-MAMA,GALAXY;QSO;;EXT-MEDIUM;ABSORPTION LINE SYSTEM,9184,3,*QSO*
PG1216+069,184.8375,6.644,1123.0,1710.0,o6e139030,2899.0,STIS/FUV-MAMA,GALAXY;QSO;;EXT-MEDIUM;ABSORPTION LINE SYSTEM,9184,3,*QSO*
TONS210,20.46466666667,-28.34933333333,1123.0,1710.0,o6l002030,8769.0,STIS/FUV-MAMA,GALAXY;QSO,9415,3,*QSO*
3C232,149.5875,32.40052777778,1140.0,1740.0,o67003010,2318.0,STIS/FUV-MAMA,GALAXY;QSO,8596,3,*QSO*
TON28,151.0109583333,28.92644722222,1123.0,1710.0,o6e120030,2900.0,STIS/FUV-MAMA,GALAXY;QSO;;EXT-MEDIUM;ABSORPTION LINE SYSTEM,9184,3,*QSO*
HE0047-1756AB,12.61586678339,-17.66922041439,1150.0,1730.0,od6z01020,1109.0,STIS/FUV-MAMA,GALAXY;GRAVITATIONAL LENS;QSO,14751,3,*QSO*
PHL1092,24.98241666667,6.323025,1150.0,1730.0,o8nc01020,11492.0,STIS/FUV-MAMA,GALAXY;QSO,9894,3,*QSO*
HS1700+6416,255.2525416667,64.20275,1123.0,1710.0,o4si05050,2610.0,STIS/FUV-MAMA,GALAXY;QSO;;EXT-MEDIUM;ABSORPTION LINE SYSTEM - EXTRAGALACTIC,7778,3,*QSO*
HE2347-4342,357.6426666667,-43.43333333333,1140.0,1740.0,o4dm04010,2411.0,STIS/FUV-MAMA,GALAXY;QSO,7575,3,*QSO*
HS1700+6416,255.2525416667,64.20275,1123.0,1710.0,o4si02090,2610.0,STIS/FUV-MAMA,GALAXY;QSO;;EXT-MEDIUM;ABSORPTION LINE SYSTEM - EXTRAGALACTIC,7778,3,*QSO*
H1821+643,275.4879166667,64.34352777778,1123.0,1710.0,o5e703070,1819.0,STIS/FUV-MAMA,GALAXY;QSO;;EXT-MEDIUM;ABSORPTION LINE SYSTEM,8165,3,*QSO*
SDSS1008-0223,152.14475,-2.384027777778,1150.0,1730.0,o6d315010,600.0,STIS/FUV-MAMA,GALAXY;QSO,9067,3,*QSO*
PG1116+215,169.78625,21.32172222222,1123.0,1710.0,o5e701050,1330.0,STIS/FUV-MAMA,GALAXY;QSO;;EXT-MEDIUM;ABSORPTION LINE SYSTEM,8165,3,*QSO*
HS1700+6416,255.2525416667,64.20275,1123.0,1710.0,o4si03070,2610.0,STIS/FUV-MAMA,GALAXY;QSO;;EXT-MEDIUM;ABSORPTION LINE SYSTEM - EXTRAGALACTIC,7778,3,*QSO*
HE2347-4342,357.6426666667,-43.43333333333,1140.0,1740.0,o4dm04020,3022.0,STIS/FUV-MAMA,GALAXY;QSO,7575,3,*QSO*
HE2347-4342,357.6426666667,-43.43333333333,1140.0,1740.0,o4dm03050,3022.0,STIS/FUV-MAMA,GALAXY;QSO,7575,3,*QSO*
HE2347-4342,357.6426666667,-43.43333333333,1140.0,1740.0,o4dm03040,3022.0,STIS/FUV-MAMA,GALAXY;QSO,7575,3,*QSO*
PG1259+593,195.3039166667,59.03521111111,1123.0,1710.0,o63g10010,2400.0,STIS/FUV-MAMA,GALAXY;QSO;;EXT-MEDIUM;ABSORPTION LINE SYSTEM - EXTRAGALACTIC,8695,3,*QSO*
PG1259+593,195.3039166667,59.03521111111,1123.0,1710.0,o63g10060,2440.0,STIS/FUV-MAMA,GALAXY;QSO;;EXT-MEDIUM;ABSORPTION LINE SYSTEM - EXTRAGALACTIC,8695,3,*QSO*
H1821+643,275.4879166667,64.34352777778,1123.0,1710.0,o5e7030e0,1819.0,STIS/FUV-MAMA,GALAXY;QSO;;EXT-MEDIUM;ABSORPTION LINE SYSTEM,8165,3,*QSO*
H1821+643,275.488,64.34352777778,1140.0,1740.0,o5fe01010,3240.0,STIS/FUV-MAMA,GALAXY;QSO,8182,3,*QSO*
PKS1935-692,295.1065416667,-69.13222222222,1150.0,1730.0,o4x401040,2825.1625,STIS/FUV-MAMA,GALAXY;QSO,7272,3,*QSO*
PG1259+593,195.3039166667,59.03521111111,1123.0,1710.0,o63g05040,2400.0,STIS/FUV-MAMA,GALAXY;QSO;;EXT-MEDIUM;ABSORPTION LINE SYSTEM - EXTRAGALACTIC,8695,3,*QSO*
PHL1092,24.98241666667,6.323025,1150.0,1730.0,o8nc01010,2327.0,STIS/FUV-MAMA,GALAXY;QSO,9894,3,*QSO*
HS0727+6205,113.077375,61.98483888889,1150.0,1730.0,o6my53010,720.0,STIS/FUV-MAMA,GALAXY;QSO,9506,3,*QSO*
HE0340-2703,55.58541666667,-26.89977777778,1140.0,1740.0,o8ei03020,2923.0,STIS/FUV-MAMA,GALAXY;QSO,9378,3,*QSO*
RXJ2154.1-4414,328.7131666667,-44.23495833333,1150.0,1730.0,o6my52010,720.0,STIS/FUV-MAMA,GALAXY;QSO,9506,3,*QSO*
PG1259+593,195.3039166667,59.03521111111,1123.0,1710.0,o63g08040,2400.0,STIS/FUV-MAMA,GALAXY;QSO;;EXT-MEDIUM;ABSORPTION LINE SYSTEM - EXTRAGALACTIC,8695,3,*QSO*
HE0226-4410,37.06341666667,-40.95433333333,1123.0,1710.0,o6e108020,3022.0,STIS/FUV-MAMA,GALAXY;QSO;;EXT-MEDIUM;ABSORPTION LINE SYSTEM,9184,3,*QSO*
PG1444+407,221.6913333333,40.58512222222,1123.0,1710.0,o6e102010,2060.0,STIS/FUV-MAMA,GALAXY;QSO;;EXT-MEDIUM;ABSORPTION LINE SYSTEM,9184,3,*QSO*
ESO-113-45,20.94074960506,-58.80578007339,1150.0,1730.0,ofmz01010,384.0,STIS/FUV-MAMA,GALAXY;ACCRETION DISK;QSO;SEYFERT,18130,3,*QSO*
ESO-113-45,20.9407496049,-58.8057800732,1150.0,1730.0,ofmz02010,0.0,STIS/FUV-MAMA,GALAXY;ACCRETION DISK;QSO;SEYFERT,18130,3,*QSO*
ESO-113-45,20.94074960469,-58.80578007294,1150.0,1730.0,ofmz03010,384.0,STIS/FUV-MAMA,GALAXY;ACCRETION DISK;QSO;SEYFERT,18130,3,*QSO*
PG1634+706,248.62025,70.52570555556,1640.0,3100.0,o4va04050,3320.0,STIS/NUV-MAMA,GALAXY;QSO,7292,3,*QSO*
HDFS-223338-603329-QSO,338.4069583333,-60.55804166667,1605.0,3110.0,o4yf37050,2904.0,STIS/NUV-MAMA,GALAXY;QSO,8075,3,*QSO*
HDFS-223338-603329-QSO,338.4069583333,-60.55804166667,1605.0,3110.0,o4yf33020,2604.0,STIS/NUV-MAMA,GALAXY;QSO,8075,3,*QSO*
HDFS-223338-603329-QSO,338.4069583333,-60.55804166667,1605.0,3110.0,o4yf32040,830.7202,STIS/NUV-MAMA,GALAXY;QSO,8075,3,*QSO*
HDFS-223338-603329-QSO,338.4069583333,-60.55804166667,1605.0,3110.0,o4yf36010,2004.0,STIS/NUV-MAMA,GALAXY;QSO,8075,3,*QSO*
HDFS-223338-603329-QSO,338.4068473643,-60.55873842379,1570.0,3180.0,o53505070,1200.0,STIS/NUV-MAMA,GALAXY;QSO,8058,3,*QSO*
HDFS-223338-603329-QSO,338.4069583333,-60.55804166667,1605.0,3110.0,o53q20030,2624.0,STIS/NUV-MAMA,GALAXY;QSO,8073,3,*QSO*
HDFS-223338-603329-QSO,338.4070692975,-60.55734490946,1570.0,3180.0,o53505080,1740.0,STIS/NUV-MAMA,GALAXY;QSO,8058,3,*QSO*
HDFS-223338-603329-QSO,338.4068473643,-60.55873842379,1570.0,3180.0,o53505050,1152.0,STIS/NUV-MAMA,GALAXY;QSO,8058,3,*QSO*
HDFS-223338-603329-QSO,338.4069583333,-60.55804166667,1605.0,3110.0,o52z25050,2640.0,STIS/NUV-MAMA,GALAXY;QSO,8074,3,*QSO*
HDFS-223338-603329-QSO,338.4069583333,-60.55804166667,1605.0,3110.0,o52z28020,961.7282,STIS/NUV-MAMA,GALAXY;QSO,8074,3,*QSO*
HDFS-223338-603329-QSO,338.4069583333,-60.55804166667,1605.0,3110.0,o53q20050,2304.0,STIS/NUV-MAMA,GALAXY;QSO,8073,3,*QSO*
Q2206-1958,332.2172488794,-19.73342353054,1640.0,3100.0,o53l54040,2817.0,STIS/NUV-MAMA,GALAXY;QSO,7334,3,*QSO*
HDFS-223338-603329-QSO,338.4069583333,-60.55804166667,1605.0,3110.0,o4yf36020,2604.0,STIS/NUV-MAMA,GALAXY;QSO,8075,3,*QSO*
HDFS-223338-603329-QSO,338.4070767183,-60.55734520461,1570.0,3180.0,o53508030,1984.0,STIS/NUV-MAMA,GALAXY;QSO,8058,3,*QSO*
HDFS-223338-603329-QSO,338.4070767183,-60.55734520461,1570.0,3180.0,o53508020,960.0,STIS/NUV-MAMA,GALAXY;QSO,8058,3,*QSO*
HDFS-223338-603329-QSO,338.4069583333,-60.55804166667,1605.0,3110.0,o52z24020,2604.0,STIS/NUV-MAMA,GALAXY;QSO,8074,3,*QSO*
HDFS-223338-603329-QSO,338.4069583333,-60.55804166667,1605.0,3110.0,o52z25030,2340.0,STIS/NUV-MAMA,GALAXY;QSO,8074,3,*QSO*
HDFS-223338-603329-QSO,338.4070692975,-60.55734490946,1570.0,3180.0,o53505010,1152.0,STIS/NUV-MAMA,GALAXY;QSO,8058,3,*QSO*
HDFS-223338-603329-QSO,338.4068473643,-60.55873842379,1570.0,3180.0,o53505060,1800.0,STIS/NUV-MAMA,GALAXY;QSO,8058,3,*QSO*
Q2206-1958,332.2172468265,-19.73342293582,1640.0,3100.0,o53l06040,2817.0,STIS/NUV-MAMA,GALAXY;QSO,7334,3,*QSO*
Q2206-1958,332.21725,-19.73341666667,1640.0,3100.0,o53l54010,2126.0,STIS/NUV-MAMA,GALAXY;QSO,7334,3,*QSO*
HDFS-223338-603329-QSO,338.4069583333,-60.55804166667,1605.0,3110.0,o52z29070,2604.0,STIS/NUV-MAMA,GALAXY;QSO,8074,3,*QSO*
HDFS-223338-603329-QSO,338.4069583333,-60.55804166667,1605.0,3110.0,o52z29010,1800.0,STIS/NUV-MAMA,GALAXY;QSO,8074,3,*QSO*
Q2206-1958,332.21725,-19.73341666667,1640.0,3100.0,o53l01020,2817.0,STIS/NUV-MAMA,GALAXY;QSO,7334,3,*QSO*
Q2206-1958,332.21725,-19.73341666667,1640.0,3100.0,o53l01050,2817.0,STIS/NUV-MAMA,GALAXY;QSO,7334,3,*QSO*
Q2206-1958,332.2172531813,-19.73341040099,1640.0,3100.0,o53l01040,2817.0,STIS/NUV-MAMA,GALAXY;QSO,7334,3,*QSO*
HDFS-223338-603329-QSO,338.4069583333,-60.55804166667,1605.0,3110.0,o52z29050,1149.696,STIS/NUV-MAMA,GALAXY;QSO,8074,3,*QSO*
Q2206-1958,332.2172470862,-19.73342304656,1640.0,3100.0,o53l05040,2817.0,STIS/NUV-MAMA,GALAXY;QSO,7334,3,*QSO*
Q2206-1958,332.21725,-19.73341666667,1640.0,3100.0,o53l05010,2126.0,STIS/NUV-MAMA,GALAXY;QSO,7334,3,*QSO*
Q2206-1958,332.21725,-19.73341666667,1640.0,3100.0,o53l04010,0.0,STIS/NUV-MAMA,GALAXY;QSO,7334,3,*QSO*
Q2206-1958,332.2172527523,-19.73341022357,1640.0,3100.0,o53l03040,2817.0,STIS/NUV-MAMA,GALAXY;QSO,7334,3,*QSO*
Q2206-1958,332.2172472295,-19.73342310288,1640.0,3100.0,o53l04040,2817.0,STIS/NUV-MAMA,GALAXY;QSO,7334,3,*QSO*
Q2206-1958,332.21725,-19.73341666667,1640.0,3100.0,o53l04030,2817.0,STIS/NUV-MAMA,GALAXY;QSO,7334,3,*QSO*
Q2206-1958,332.21725,-19.73341666667,1640.0,3100.0,o53l03050,2817.0,STIS/NUV-MAMA,GALAXY;QSO,7334,3,*QSO*
Q2206-1958,332.21725,-19.73341666667,1640.0,3100.0,o53l04020,2817.0,STIS/NUV-MAMA,GALAXY;QSO,7334,3,*QSO*
Q2206-1958,332.21725,-19.73341666667,1640.0,3100.0,o53l04050,2817.0,STIS/NUV-MAMA,GALAXY;QSO,7334,3,*QSO*
Q2206-1958,332.21725,-19.73341666667,1640.0,3100.0,o53l03030,2817.0,STIS/NUV-MAMA,GALAXY;QSO,7334,3,*QSO*
Q2206-1958,332.2172527339,-19.73341021661,1640.0,3100.0,o53l02040,2817.0,STIS/NUV-MAMA,GALAXY;QSO,7334,3,*QSO*
CT344,16.394875,-27.61622222222,1570.0,3180.0,o56b01030,2925.0,STIS/NUV-MAMA,GALAXY;QSO,7359,3,*QSO*
CT344,16.394875,-27.61622222222,1570.0,3180.0,o56b01040,2925.0,STIS/NUV-MAMA,GALAXY;QSO,7359,3,*QSO*
HDFS-223338-603329-QSO,338.4069583333,-60.55804166667,1605.0,3110.0,o53q21050,2800.0,STIS/NUV-MAMA,GALAXY;QSO,8073,3,*QSO*
Q1328+3045,202.7845833333,30.50908333333,1640.0,3100.0,o55h10020,8778.6,STIS/NUV-MAMA,GALAXY;QSO,7475,3,*QSO*
CT344,16.394875,-27.61622222222,1570.0,3180.0,o56b01020,2925.0,STIS/NUV-MAMA,GALAXY;QSO,7359,3,*QSO*
Q1239+0028,190.5110833333,0.2079166666667,1570.0,3180.0,o56b04020,2901.0,STIS/NUV-MAMA,GALAXY;QSO,7359,3,*QSO*
Q1235+1807,189.5841666667,17.84413888889,1570.0,3180.0,o56b03010,2130.0,STIS/NUV-MAMA,GALAXY;QSO,7359,3,*QSO*
PG2302+029,346.1875,3.196111111111,1605.0,3110.0,o57q01020,950.0,STIS/NUV-MAMA,EXT-MEDIUM;ABSORPTION LINE SYSTEM - EXTRAGALACTIC;;GALAXY;QSO,7358,3,*QSO*
0957+561,150.33625,55.89888888889,1570.0,3180.0,o56w01010,2203.0,STIS/NUV-MAMA,GALAXY;QSO,8025,3,*QSO*
Q0035-3520,9.571241790656,-35.0688543092,1570.0,3180.0,o59y04030,2979.0,STIS/NUV-MAMA,GALAXY;QSO;LYMAN ALPHA CLOUD,8126,3,*QSO*
LBQS0019-0145B,5.519678457403,-1.481221178474,1570.0,3180.0,o59y02030,2900.0,STIS/NUV-MAMA,GALAXY;QSO;LYMAN ALPHA CLOUD,8126,3,*QSO*
LBQS0019-0145B,5.521071541842,-1.478817710195,1570.0,3180.0,o59y02020,2900.0,STIS/NUV-MAMA,GALAXY;QSO;LYMAN ALPHA CLOUD,8126,3,*QSO*
Q0035-3518,9.524529511434,-35.02714656061,1570.0,3180.0,o59y03020,2979.0,STIS/NUV-MAMA,GALAXY;QSO;LYMAN ALPHA CLOUD,8126,3,*QSO*
Q0037-3545,9.904138808597,-35.49068527105,1570.0,3180.0,o59y05040,2979.0,STIS/NUV-MAMA,GALAXY;QSO;LYMAN ALPHA CLOUD,8126,3,*QSO*
Q0035-3518,9.521637129555,-35.02859786668,1570.0,3180.0,o59y03030,2979.0,STIS/NUV-MAMA,GALAXY;QSO;LYMAN ALPHA CLOUD,8126,3,*QSO*
Q0037-3545,9.905930566694,-35.48678236006,1570.0,3180.0,o59y05020,2979.0,STIS/NUV-MAMA,GALAXY;QSO;LYMAN ALPHA CLOUD,8126,3,*QSO*
Q0037-3545,9.904736080635,-35.48938430366,1570.0,3180.0,o59y05030,2979.0,STIS/NUV-MAMA,GALAXY;QSO;LYMAN ALPHA CLOUD,8126,3,*QSO*
Q0035-3520,9.5741748509,-35.06745678427,1570.0,3180.0,o59y04020,2979.0,STIS/NUV-MAMA,GALAXY;QSO;LYMAN ALPHA CLOUD,8126,3,*QSO*
Q0037-3544,9.927948243574,-35.46549193558,1570.0,3180.0,o59y06020,2979.0,STIS/NUV-MAMA,GALAXY;QSO;LYMAN ALPHA CLOUD,8126,3,*QSO*
Q0037-3544,9.926801737779,-35.46810806171,1570.0,3180.0,o59y06030,2979.0,STIS/NUV-MAMA,GALAXY;QSO;LYMAN ALPHA CLOUD,8126,3,*QSO*
PC1320+4755A,200.6649065719,47.65897204352,1570.0,3180.0,o59y07030,3056.0,STIS/NUV-MAMA,GALAXY;QSO;LYMAN ALPHA CLOUD,8126,3,*QSO*
LBQS0019-0145A,5.465260833124,-1.477407160067,1570.0,3180.0,o59y01030,2900.0,STIS/NUV-MAMA,GALAXY;QSO;LYMAN ALPHA CLOUD,8126,3,*QSO*
LBQS0019-0145A,5.466405832891,-1.47487617312,1570.0,3180.0,o59y01020,2900.0,STIS/NUV-MAMA,GALAXY;QSO;LYMAN ALPHA CLOUD,8126,3,*QSO*
PC1320+4755A,200.6628434757,47.65656683612,1570.0,3180.0,o59y07020,3056.0,STIS/NUV-MAMA,GALAXY;QSO;LYMAN ALPHA CLOUD,8126,3,*QSO*
PG0946+301,147.4211597375,29.92186017761,1570.0,3180.0,o5ao07020,2700.0,STIS/NUV-MAMA,GALAXY;QSO,8284,3,*QSO*
PG0946+301,147.421069475,29.92183146627,1570.0,3180.0,o5ao07030,2700.0,STIS/NUV-MAMA,GALAXY;QSO,8284,3,*QSO*
PG0946+301,147.4210724457,29.92182488549,1570.0,3180.0,o5ao08030,2700.0,STIS/NUV-MAMA,GALAXY;QSO,8284,3,*QSO*
Q0035-3520,9.569775222868,-35.06955304518,1570.0,3180.0,o59y04040,2979.0,STIS/NUV-MAMA,GALAXY;QSO;LYMAN ALPHA CLOUD,8126,3,*QSO*
PG0946+301,147.4214275545,29.92195289205,1570.0,3180.0,o5ao08050,2700.0,STIS/NUV-MAMA,GALAXY;QSO,8284,3,*QSO*
PG0946+301,147.4213402626,29.92191760011,1570.0,3180.0,o5ao07040,2700.0,STIS/NUV-MAMA,GALAXY;QSO,8284,3,*QSO*
PG0946+301,147.4214305252,29.92194631126,1570.0,3180.0,o5ao07050,2700.0,STIS/NUV-MAMA,GALAXY;QSO,8284,3,*QSO*
PG0946+301,147.4211612228,29.92185688722,1570.0,3180.0,o5ao08020,2700.0,STIS/NUV-MAMA,GALAXY;QSO,8284,3,*QSO*
PG0946+301,147.4213387772,29.9219208905,1570.0,3180.0,o5ao08040,2700.0,STIS/NUV-MAMA,GALAXY;QSO,8284,3,*QSO*
FIRST-J164919.0+304718,252.3292083333,30.78833333333,1570.0,3180.0,o5da01010,1930.0,STIS/NUV-MAMA,GALAXY;QSO;LYMAN ALPHA CLOUD,8266,3,*QSO*
FIRST-J164919.0+304718,252.3292083333,30.78833333333,1570.0,3180.0,o5da02020,11788.0,STIS/NUV-MAMA,GALAXY;QSO;LYMAN ALPHA CLOUD,8266,3,*QSO*
FIRST-J164919.0+304718,252.3292083333,30.78833333333,1570.0,3180.0,o5da04010,1990.0,STIS/NUV-MAMA,GALAXY;QSO;LYMAN ALPHA CLOUD,8266,3,*QSO*
FIRST-J164919.0+304718,252.3292083333,30.78833333333,1570.0,3180.0,o5da04020,5894.0,STIS/NUV-MAMA,GALAXY;QSO;LYMAN ALPHA CLOUD,8266,3,*QSO*
KAZ102,270.870125,67.63636111111,1570.0,3180.0,o5g078qzq,300.0,STIS/NUV-MAMA,GALAXY;QSO,8144,2,*QSO*
FIRST-J164919.0+304718,252.3292083333,30.78833333333,1570.0,3180.0,o5da02010,1990.0,STIS/NUV-MAMA,GALAXY;QSO;LYMAN ALPHA CLOUD,8266,3,*QSO*
IR07546+3928,119.5005416667,39.34161111111,1570.0,3180.0,o5g018lqq,300.0,STIS/NUV-MAMA,GALAXY;QSO,8144,2,*QSO*
HS1103+6416,166.5456666667,64.0025,1570.0,3180.0,o5g031bsq,300.0,STIS/NUV-MAMA,GALAXY;QSO,8144,2,*QSO*
PG1322+659,200.9563333333,65.69672222222,1570.0,3180.0,o5g052wyq,300.0,STIS/NUV-MAMA,GALAXY;QSO,8144,2,*QSO*
PG1100+772,166.0573333333,76.98280555556,1570.0,3180.0,o5g030d5q,300.0,STIS/NUV-MAMA,GALAXY;QSO,8144,2,*QSO*
HS1700+6416,255.2523333333,64.20269444444,1570.0,3180.0,o5g074kuq,300.0,STIS/NUV-MAMA,GALAXY;QSO,8144,2,*QSO*
PG2349-014,357.9834583333,-1.153805555556,1570.0,3180.0,o5g088n4q,300.0,STIS/NUV-MAMA,GALAXY;QSO,8144,2,*QSO*
HE2347-4342,357.6426666667,-43.43305555556,1570.0,3180.0,o5g087blq,300.0,STIS/NUV-MAMA,GALAXY;QSO,8144,2,*QSO*
PG1351+640,208.3160833333,63.76266666667,1570.0,3180.0,o5g054krq,300.0,STIS/NUV-MAMA,GALAXY;QSO,8144,2,*QSO*
PG1259+593,195.3038333333,59.03519444444,1570.0,3180.0,o5g047ikq,300.0,STIS/NUV-MAMA,GALAXY;QSO,8144,2,*QSO*
PG0953+414,149.218125,41.25625,1570.0,3180.0,o5g024ncq,300.0,STIS/NUV-MAMA,GALAXY;QSO,8144,2,*QSO*
PG0947+396,147.7015,39.44761111111,1570.0,3180.0,o5g023nqq,300.0,STIS/NUV-MAMA,GALAXY;QSO,8144,2,*QSO*
TON951,131.9269583333,34.75108333333,1570.0,3180.0,o5g020qcq,300.0,STIS/NUV-MAMA,GALAXY;QSO,8144,2,*QSO*
PG0052+251,13.71720833333,25.42755555556,1570.0,3180.0,o5g003nbq,300.0,STIS/NUV-MAMA,GALAXY;QSO,8144,2,*QSO*
HE1104-1805A,166.6395,-18.35695555556,1605.0,3110.0,o5l404040,2897.0,STIS/NUV-MAMA,GALAXY;QSO;;EXT-MEDIUM;ABSORPTION LINE SYSTEM,8471,3,*QSO*
HE1104-1805A,166.6395,-18.35695555556,1605.0,3110.0,o5l405030,2897.0,STIS/NUV-MAMA,GALAXY;QSO;;EXT-MEDIUM;ABSORPTION LINE SYSTEM,8471,3,*QSO*
HE1104-1805A,166.6395,-18.35695555556,1605.0,3110.0,o5l405050,2897.0,STIS/NUV-MAMA,GALAXY;QSO;;EXT-MEDIUM;ABSORPTION LINE SYSTEM,8471,3,*QSO*
HE1104-1805A,166.6395,-18.35695555556,1605.0,3110.0,o5l405040,2897.0,STIS/NUV-MAMA,GALAXY;QSO;;EXT-MEDIUM;ABSORPTION LINE SYSTEM,8471,3,*QSO*
RXJ0911+0551,137.8650833333,5.848208333333,1150.0,3620.0,o65o010e0,2320.199875,STIS/NUV-MAMA,GALAXY;QSO;GRAVITATIONAL LENS,8652,3,*QSO*
PKS0232-04,38.78041666667,-4.035,1605.0,3110.0,o64206010,13978.0,STIS/NUV-MAMA,GALAXY;QSO;;EXT-MEDIUM;ABSORPTION LINE SYSTEM - EXTRAGALACTIC,8673,3,*QSO*
PKS0232-04,38.78041666667,-4.035,1605.0,3110.0,o64204010,13978.0,STIS/NUV-MAMA,GALAXY;QSO;;EXT-MEDIUM;ABSORPTION LINE SYSTEM - EXTRAGALACTIC,8673,3,*QSO*
Q2342+089,356.379375,9.151883333333,1570.0,3180.0,o66g36010,2304.0,STIS/NUV-MAMA,GALAXY;QSO;;EXT-MEDIUM;ABSORPTION LINE SYSTEM - EXTRAGALACTIC,8569,3,*QSO*
1E1704+710,256.10875,70.95970277778,1570.0,3180.0,o66g30010,2691.0,STIS/NUV-MAMA,GALAXY;QSO;;EXT-MEDIUM;ABSORPTION LINE SYSTEM - EXTRAGALACTIC,8569,3,*QSO*
PHL1811,328.7563248721,-9.373534222482,1570.0,3180.0,o6c101030,420.0,STIS/NUV-MAMA,GALAXY;QSO,9181,3,*QSO*
PHL1811,328.756375,-9.373444444444,1570.0,3180.0,o6c101020,420.0,STIS/NUV-MAMA,GALAXY;QSO,9181,3,*QSO*
PHL1811,328.7562747441,-9.373624000514,1570.0,3180.0,o6c101040,420.0,STIS/NUV-MAMA,GALAXY;QSO,9181,3,*QSO*
PHL1811,328.7562246161,-9.373713778538,1570.0,3180.0,o6c101050,407.0,STIS/NUV-MAMA,GALAXY;QSO,9181,3,*QSO*
HE2347-4342,357.6426666667,-43.43333333333,1570.0,3180.0,o6ag02020,640.0,STIS/NUV-MAMA,GALAXY;QSO,8875,3,*QSO*
HS0747+4259,117.727625,42.87211111111,1605.0,3110.0,o6ca02020,6000.0,STIS/NUV-MAMA,GALAXY;QSO,9040,3,*QSO*
HS0747+4259,117.727625,42.87211111111,1605.0,3110.0,o6ca01020,9000.0,STIS/NUV-MAMA,GALAXY;QSO,9040,3,*QSO*
HS0747+4259,117.727625,42.87211111111,1605.0,3110.0,o6ca04020,6000.0,STIS/NUV-MAMA,GALAXY;QSO,9040,3,*QSO*
HS0747+4259,117.727625,42.87211111111,1605.0,3110.0,o6ca05020,6000.0,STIS/NUV-MAMA,GALAXY;QSO,9040,3,*QSO*
HS0747+4259,117.727625,42.87211111111,1605.0,3110.0,o6ca06020,6000.0,STIS/NUV-MAMA,GALAXY;QSO,9040,3,*QSO*
HS0810+2554,123.3805,25.75069444444,1605.0,3110.0,o6ca12010,2431.0,STIS/NUV-MAMA,GALAXY;QSO,9040,3,*QSO*
HS0810+2554,123.3805,25.75069444444,1605.0,3110.0,o6ca12020,5846.0,STIS/NUV-MAMA,GALAXY;QSO,9040,3,*QSO*
HS0810+2554,123.3805,25.75069444444,1605.0,3110.0,o6ca13010,2431.0,STIS/NUV-MAMA,GALAXY;QSO,9040,3,*QSO*
HS0810+2554,123.3805,25.75069444444,1605.0,3110.0,o6ca11020,8769.0,STIS/NUV-MAMA,GALAXY;QSO,9040,3,*QSO*
HS0810+2554,123.3805,25.75069444444,1605.0,3110.0,o6ca13020,5846.0,STIS/NUV-MAMA,GALAXY;QSO,9040,3,*QSO*
HS0810+2554,123.3805,25.75069444444,1605.0,3110.0,o6ca15020,5846.0,STIS/NUV-MAMA,GALAXY;QSO,9040,3,*QSO*
HS0810+2554,123.3805,25.75069444444,1605.0,3110.0,o6ca14020,5846.0,STIS/NUV-MAMA,GALAXY;QSO,9040,3,*QSO*
HE0512-3329,78.54507362639,-33.4391717717,1570.0,3180.0,o6fb03020,2947.0,STIS/NUV-MAMA,GALAXY;QSO,9165,3,*QSO*
HE0512-3329,78.54478720559,-33.43999711702,1570.0,3180.0,o6fb04030,2947.0,STIS/NUV-MAMA,GALAXY;QSO,9165,3,*QSO*
HE0512-3329,78.54507362639,-33.4391717717,1570.0,3180.0,o6fb04020,2947.0,STIS/NUV-MAMA,GALAXY;QSO,9165,3,*QSO*
HE0512-3329,78.54478720559,-33.43999711702,1570.0,3180.0,o6fb03030,2947.0,STIS/NUV-MAMA,GALAXY;QSO,9165,3,*QSO*
2MASSI-J171442.7+260248,258.6785416667,26.04666666667,1150.0,3620.0,o6g909010,2344.0,STIS/NUV-MAMA,GALAXY;QSO,9161,3,*QSO*
2MASSI-J222221.1+195947,335.58825,19.99644444444,1150.0,3620.0,o6g910010,2318.0,STIS/NUV-MAMA,GALAXY;QSO,9161,3,*QSO*
2MASSI-J130005.3+163214,195.02225,16.53741666667,1150.0,3620.0,o6g906010,2326.0,STIS/NUV-MAMA,GALAXY;QSO,9161,3,*QSO*
2MASSI-J165939.7+183436,254.9157083333,18.57688888889,1150.0,3620.0,o6g908010,2302.0,STIS/NUV-MAMA,GALAXY;QSO,9161,3,*QSO*
2MASSI-J095504.5+170556,148.768875,17.09880555556,1150.0,3620.0,o6g904010,2314.0,STIS/NUV-MAMA,GALAXY;QSO,9161,3,*QSO*
2MASSI-J105144.2+353930,162.9342083333,35.65861111111,1150.0,3620.0,o6g905010,2418.0,STIS/NUV-MAMA,GALAXY;QSO,9161,3,*QSO*
2MASSI-J091848.6+211717,139.7025416667,21.28808333333,1150.0,3620.0,o6g903010,2307.0,STIS/NUV-MAMA,GALAXY;QSO,9161,3,*QSO*
2MASSI-J012031.5+200327,20.13154166667,20.05772222222,1150.0,3620.0,o6g902010,2323.0,STIS/NUV-MAMA,GALAXY;QSO,9161,3,*QSO*
2MASSI-J000703.6+155423,1.76475,15.90658333333,1150.0,3620.0,o6g901010,2318.0,STIS/NUV-MAMA,GALAXY;QSO,9161,3,*QSO*
TON34,154.9859583333,27.73369444444,1605.0,3110.0,o6gx03010,0.0,STIS/NUV-MAMA,GALAXY;QSO,9186,3,*QSO*
HE0503-4426,76.29591666667,-44.38181388889,1570.0,3180.0,o6mz1y010,900.0,STIS/NUV-MAMA,GALAXY;QSO,9507,3,*QSO*
0107-0019,16.90437,-0.31997,1570.0,3180.0,o8ex04010,2351.0,STIS/NUV-MAMA,GALAXY;QSO,9382,3,*QSO*
0152+0023,28.20703,0.38744,1570.0,3180.0,o8ex13010,2359.0,STIS/NUV-MAMA,GALAXY;QSO,9382,3,*QSO*
1342-0035,205.69265,-0.59563,1570.0,3180.0,o8ex50020,0.0,STIS/NUV-MAMA,GALAXY;QSO,9382,3,*QSO*
0152+0023,28.20703,0.38744,1570.0,3180.0,o8ex13020,2901.0,STIS/NUV-MAMA,GALAXY;QSO,9382,3,*QSO*
0123-0058,20.76341,-0.97205,1570.0,3180.0,o8ex07010,0.0,STIS/NUV-MAMA,GALAXY;QSO,9382,3,*QSO*
0123-0058,20.76341,-0.97205,1570.0,3180.0,o8ex07020,2901.0,STIS/NUV-MAMA,GALAXY;QSO,9382,3,*QSO*
0107-0019,16.90437,-0.31997,1570.0,3180.0,o8ex04020,2901.0,STIS/NUV-MAMA,GALAXY;QSO,9382,3,*QSO*
SDSS1306+0236,196.5807916667,2.616369444444,1570.0,3180.0,o8q102010,600.198875,STIS/NUV-MAMA,GALAXY;QSO,9759,3,*QSO*
SDSS1214+6657,183.5917916667,66.95211111111,1570.0,3180.0,o8q106010,600.1995,STIS/NUV-MAMA,GALAXY;QSO,9759,3,*QSO*
SDSS0800+3051,120.0959166667,30.85035,1570.0,3180.0,o8q105010,87.0545,STIS/NUV-MAMA,GALAXY;QSO,9759,3,*QSO*
SDSS0935+4115,143.8472083333,41.2552,1570.0,3180.0,o8q103010,600.19875,STIS/NUV-MAMA,GALAXY;QSO,9759,3,*QSO*
SDSS1710+5923,257.5605,59.39068888889,1570.0,3180.0,o8q107010,600.195625,STIS/NUV-MAMA,GALAXY;QSO,9759,3,*QSO*
SDSSRM-303,214.6258525,52.37012777778,1570.0,3180.0,of8x46010,671.6802,STIS/NUV-MAMA,GALAXY;QSO,17487,3,*QSO*
SDSSRM-303,214.6258525,52.37012777778,1570.0,3180.0,of8x27010,0.0,STIS/NUV-MAMA,GALAXY;QSO,17487,3,*QSO*
HS0747+4259,117.727625,42.87211111111,1605.0,3110.0,o6ca05010,2530.0,STIS/NUV-MAMA,GALAXY;QSO,9040,3,*QSO*
1426+0051,216.71194,0.86394,1570.0,3180.0,o8ex54010,2339.0,STIS/NUV-MAMA,GALAXY;QSO,9382,3,*QSO*
MRK-231,194.0587958333,56.87352777778,1570.0,3180.0,oc8w02010,473.019125,STIS/NUV-MAMA,GALAXY;QSO;ULTRALUMINOUS IR GAL,13460,3,*QSO*
HDFS-223338-603329-QSO,338.4069583333,-60.55804166667,1605.0,3110.0,o53q17040,2400.0,STIS/NUV-MAMA,GALAXY;QSO,8073,3,*QSO*
HDFS-223338-603329-QSO,338.4069583333,-60.55804166667,1605.0,3110.0,o4yf37040,2304.0,STIS/NUV-MAMA,GALAXY;QSO,8075,3,*QSO*
QSO-143648+495256,219.1984583333,49.88216666667,1570.0,3180.0,o56b05030,3056.0,STIS/NUV-MAMA,GALAXY;QSO,7359,3,*QSO*
PC1320+4755B,200.7113333333,47.66015277778,1570.0,3180.0,o59y08010,2215.0,STIS/NUV-MAMA,GALAXY;QSO;LYMAN ALPHA CLOUD,8126,3,*QSO*
3C196,123.4002820833,48.21743055556,1570.0,3180.0,odn501050,1425.0,STIS/NUV-MAMA,GALAXY;LYMAN ALPHA CLOUD;QSO,15092,3,*QSO*
1323-0021,200.84894,-0.36571,1570.0,3180.0,o8ex47010,2375.0,STIS/NUV-MAMA,GALAXY;QSO,9382,3,*QSO*
2334+0052,353.66661,0.86671,1570.0,3180.0,o8ex73010,2355.0,STIS/NUV-MAMA,GALAXY;QSO,9382,3,*QSO*
MARK132,150.374,54.91052777778,1605.0,3110.0,o6gx09040,3111.0,STIS/NUV-MAMA,GALAXY;QSO,9186,3,*QSO*
0157-0048,29.39094,-0.80674,1570.0,3180.0,o8ex16010,2359.0,STIS/NUV-MAMA,GALAXY;QSO,9382,3,*QSO*
HS0810+2554,123.3805,25.75069444444,1605.0,3110.0,o6ca16010,2431.0,STIS/NUV-MAMA,GALAXY;QSO,9040,3,*QSO*
SDSSJ1349+1227AB,207.3739982345,12.45163093464,1570.0,3180.0,ocod04020,1134.0,STIS/NUV-MAMA,GALAXY;GRAVITATIONAL LENS;LYMAN ALPHA CLOUD;QSO,13801,3,*QSO*
SDSSRM-392,215.30122125,52.69645833333,1570.0,3180.0,of8x10010,1885.0,STIS/NUV-MAMA,GALAXY;QSO,17487,3,*QSO*
SDSSRM-303,214.6258525,52.37012777778,1570.0,3180.0,of8x36010,1837.0,STIS/NUV-MAMA,GALAXY;QSO,17487,3,*QSO*
Q1017-207AB,154.3505884842,-20.78290994982,1570.0,3180.0,ocod02060,1334.0,STIS/NUV-MAMA,GALAXY;GRAVITATIONAL LENS;LYMAN ALPHA CLOUD;QSO,13801,3,*QSO*
HE1104-1805A,166.6395,-18.35695555556,1605.0,3110.0,o5l408050,2897.0,STIS/NUV-MAMA,GALAXY;QSO;;EXT-MEDIUM;ABSORPTION LINE SYSTEM,8471,3,*QSO*
HE1104-1805A,166.6395,-18.35695555556,1605.0,3110.0,o5l405020,2897.0,STIS/NUV-MAMA,GALAXY;QSO;;EXT-MEDIUM;ABSORPTION LINE SYSTEM,8471,3,*QSO*
HS0810+2554,123.3805,25.75069444444,1605.0,3110.0,o6ca14010,2431.0,STIS/NUV-MAMA,GALAXY;QSO,9040,3,*QSO*
SDSSRM-303,214.6258525,52.37012777778,1570.0,3180.0,of8x30010,1837.0,STIS/NUV-MAMA,GALAXY;QSO,17487,3,*QSO*
SDSSRM-392,215.30122125,52.69645833333,1570.0,3180.0,of8x17010,1885.0,STIS/NUV-MAMA,GALAXY;QSO,17487,3,*QSO*
Q0025-4047,6.928458333333,-40.51683333333,1570.0,3180.0,odsp01010,2530.19875,STIS/NUV-MAMA,GALAXY;LYMAN ALPHA CLOUD;QSO;TIDAL TAIL,15462,3,*QSO*
Q2206-1958,332.21725,-19.73341666667,1640.0,3100.0,o53l01010,2126.0,STIS/NUV-MAMA,GALAXY;QSO,7334,3,*QSO*
PG1634+706,248.62025,70.52570555556,1605.0,3110.0,o4va05020,2900.0,STIS/NUV-MAMA,GALAXY;QSO,7292,3,*QSO*
HDFS-223338-603329-QSO,338.4069583333,-60.55804166667,1605.0,3110.0,o4yf32020,2604.0,STIS/NUV-MAMA,GALAXY;QSO,8075,3,*QSO*
Q0302-0019,46.20758333333,-0.1371111111111,1570.0,3180.0,o4x405030,1310.0,STIS/NUV-MAMA,GALAXY;QSO,7272,3,*QSO*
HDFS-223338-603329-QSO,338.4069583333,-60.55804166667,1570.0,3180.0,o4e701060,1500.0,STIS/NUV-MAMA,GALAXY;QSO,7633,3,*QSO*
PG1634+706,248.6204166667,70.52583333333,1605.0,3110.0,o5c801020,2425.0,STIS/NUV-MAMA,GALAXY;QSO;;EXT-MEDIUM;ABSORPTION LINE SYSTEM - EXTRAGALACTIC,8312,3,*QSO*
H1821+643,275.488,64.34352777778,1640.0,3100.0,o5fe01030,6449.4,STIS/NUV-MAMA,GALAXY;QSO,8182,3,*QSO*
SDSSJ1349+1227AB,207.3743333333,12.45188888889,1570.0,3180.0,ocod04010,1133.0,STIS/NUV-MAMA,GALAXY;GRAVITATIONAL LENS;LYMAN ALPHA CLOUD;QSO,13801,3,*QSO*
HE1104-1805A,166.6395,-18.35695555556,1605.0,3110.0,o5l408040,2897.0,STIS/NUV-MAMA,GALAXY;QSO;;EXT-MEDIUM;ABSORPTION LINE SYSTEM,8471,3,*QSO*
HS0810+2554,123.3805,25.75069444444,1605.0,3110.0,o6ca11010,2431.0,STIS/NUV-MAMA,GALAXY;QSO,9040,3,*QSO*
PG2233+134,339.0320416667,13.73205555556,1570.0,3180.0,o6mz4j010,900.0,STIS/NUV-MAMA,GALAXY;QSO,9507,3,*QSO*
1110+0048,167.72878,0.81487,1570.0,3180.0,o8ex39010,2343.0,STIS/NUV-MAMA,GALAXY;QSO,9382,3,*QSO*
0123-0058,20.76341,-0.97205,1570.0,3180.0,o8ex87010,2280.0,STIS/NUV-MAMA,GALAXY;QSO,9382,3,*QSO*
1225+0035,186.48588,0.59278,1570.0,3180.0,o8ex77010,2339.0,STIS/NUV-MAMA,GALAXY;QSO,9382,3,*QSO*
HE1122-1648,171.1784583333,-17.08830833333,1605.0,3110.0,o8mn02030,2877.0,STIS/NUV-MAMA,GALAXY;QSO,9885,3,*QSO*
RXSJ04397-4540,69.93670833333,-45.67836666667,1570.0,3180.0,o8nc04030,5964.0,STIS/NUV-MAMA,GALAXY;QSO,9894,3,*QSO*
SDSSRM-303,214.6258525,52.37012777778,1570.0,3180.0,of8x34010,1837.0,STIS/NUV-MAMA,GALAXY;QSO,17487,3,*QSO*
PG1634+706,248.62025,70.52570555556,1605.0,3110.0,o4va06050,2900.0,STIS/NUV-MAMA,GALAXY;QSO,7292,3,*QSO*
TON34,154.9859583333,27.73369444444,1605.0,3110.0,o6gx03030,1888.0,STIS/NUV-MAMA,GALAXY;QSO,9186,3,*QSO*
MARK132,150.374,54.91052777778,1605.0,3110.0,o6gx05020,3111.0,STIS/NUV-MAMA,GALAXY;QSO,9186,3,*QSO*
HE1101-0959,166.0695833333,-10.26893333333,1570.0,3180.0,o6mz2m010,900.0,STIS/NUV-MAMA,GALAXY;QSO,9507,3,*QSO*
PG1718+481,259.9093333333,48.07008888889,1605.0,3110.0,o4va02010,2089.0,STIS/NUV-MAMA,GALAXY;QSO,7292,3,*QSO*
PG1718+481,259.9093333333,48.07008888889,1605.0,3110.0,o4va02040,3054.0,STIS/NUV-MAMA,GALAXY;QSO,7292,3,*QSO*
CT344,16.394875,-27.61622222222,1570.0,3180.0,o56b01010,2132.0,STIS/NUV-MAMA,GALAXY;QSO,7359,3,*QSO*
HDFS-223338-603329-QSO,338.4069583333,-60.55804166667,1605.0,3110.0,o52z24030,2580.0,STIS/NUV-MAMA,GALAXY;QSO,8074,3,*QSO*
HDFS-223338-603329-QSO,338.4069583333,-60.55804166667,1570.0,3180.0,o53508050,2484.0,STIS/NUV-MAMA,GALAXY;QSO,8058,3,*QSO*
SDSSRM-392,215.30122125,52.69645833333,1570.0,3180.0,of8x08010,1885.0,STIS/NUV-MAMA,GALAXY;QSO,17487,3,*QSO*
SDSSJ0812+5225,123.21168,52.42523055556,1570.0,3180.0,oc9b01010,1223.0,STIS/NUV-MAMA,GALAXY;BLR;QSO,13298,3,*QSO*
0021+0043,5.3886,0.71687,1570.0,3180.0,o8ex02010,2379.0,STIS/NUV-MAMA,GALAXY;QSO,9382,3,*QSO*
0256+0110,44.03021,1.1772,1570.0,3180.0,o8ex18020,2901.0,STIS/NUV-MAMA,GALAXY;QSO,9382,3,*QSO*
Q0302-0019,46.20763516451,-0.1370691827365,1570.0,3180.0,o4x405020,1074.0,STIS/NUV-MAMA,GALAXY;QSO,7272,3,*QSO*
PG1634+706,248.62025,70.52570555556,1605.0,3110.0,o4va06010,2900.0,STIS/NUV-MAMA,GALAXY;QSO,7292,3,*QSO*
Q1355-2257AB,208.9302404613,-22.9566711936,1570.0,3180.0,ocod05060,1369.0,STIS/NUV-MAMA,GALAXY;GRAVITATIONAL LENS;LYMAN ALPHA CLOUD;QSO,13801,3,*QSO*
HDFS-223338-603329-QSO,338.4069583333,-60.55804166667,1605.0,3110.0,o53q21010,1800.0,STIS/NUV-MAMA,GALAXY;QSO,8073,3,*QSO*
QSO-143648+495256,219.1984583333,49.88216666667,1570.0,3180.0,o56b05010,2263.0,STIS/NUV-MAMA,GALAXY;QSO,7359,3,*QSO*
MARK132,150.374,54.91052777778,1605.0,3110.0,o6gx06040,3111.0,STIS/NUV-MAMA,GALAXY;QSO,9186,3,*QSO*
0139-0023,24.9111,-0.39661,1570.0,3180.0,o8ex12010,2335.0,STIS/NUV-MAMA,GALAXY;QSO,9382,3,*QSO*
HE0515-4414,79.281375,-44.18202777778,1605.0,3110.0,o5b202010,2500.0,STIS/NUV-MAMA,GALAXY;QSO,8288,3,*QSO*
Q2111-4335,318.7786666667,-43.38641666667,1570.0,3180.0,o56b06020,3024.0,STIS/NUV-MAMA,GALAXY;QSO,7359,3,*QSO*
HE1104-1805A,166.6395,-18.35695555556,1605.0,3110.0,o5l401020,2897.0,STIS/NUV-MAMA,GALAXY;QSO;;EXT-MEDIUM;ABSORPTION LINE SYSTEM,8471,3,*QSO*
HE1104-1805A,166.6395,-18.35695555556,1605.0,3110.0,o5l406050,2897.0,STIS/NUV-MAMA,GALAXY;QSO;;EXT-MEDIUM;ABSORPTION LINE SYSTEM,8471,3,*QSO*
PG0953+415,149.218125,41.25625,1640.0,3100.0,o63g04010,2201.0,STIS/NUV-MAMA,GALAXY;QSO;;EXT-MEDIUM;ABSORPTION LINE SYSTEM - EXTRAGALACTIC,8695,3,*QSO*
SDSSJ1447-0203,221.9239592473,-2.06092465736,1570.0,3180.0,oc9b04020,1113.0,STIS/NUV-MAMA,GALAXY;BLR;QSO,13298,3,*QSO*
Q1355-2257AB,208.9309583333,-22.95645833333,1570.0,3180.0,ocod05010,1132.0,STIS/NUV-MAMA,GALAXY;GRAVITATIONAL LENS;LYMAN ALPHA CLOUD;QSO,13801,3,*QSO*
SDSSRM-303,214.6258525,52.37012777778,1570.0,3180.0,of8x43010,1837.0,STIS/NUV-MAMA,GALAXY;QSO,17487,3,*QSO*
H1821+643,275.4879166667,64.34352777778,1640.0,3100.0,o5e705080,1962.0,STIS/NUV-MAMA,GALAXY;QSO;;EXT-MEDIUM;ABSORPTION LINE SYSTEM,8165,3,*QSO*
HE1104-1805A,166.6395,-18.35695555556,1605.0,3110.0,o5l403020,2897.0,STIS/NUV-MAMA,GALAXY;QSO;;EXT-MEDIUM;ABSORPTION LINE SYSTEM,8471,3,*QSO*
MARK132,150.374,54.91052777778,1605.0,3110.0,o6gx06050,3111.0,STIS/NUV-MAMA,GALAXY;QSO,9186,3,*QSO*
1037+0028,159.43497,0.46903,1570.0,3180.0,o8ex32010,2367.0,STIS/NUV-MAMA,GALAXY;QSO,9382,3,*QSO*
QSO-J1019+2745,154.9855101398,27.73369693593,1570.0,3180.0,obrr02030,474.0,STIS/NUV-MAMA,GALAXY;BLR;NLR;QSO,12510,3,*QSO*
H1821+643,275.4879166667,64.34352777778,1640.0,3100.0,o5e7050a0,1908.0,STIS/NUV-MAMA,GALAXY;QSO;;EXT-MEDIUM;ABSORPTION LINE SYSTEM,8165,3,*QSO*
QSO-1504-4152,225.891375,-41.87325,1570.0,3180.0,o5be01010,2457.0,STIS/NUV-MAMA,GALAXY;QSO,8244,3,*QSO*
SDSS-J145300.55+313617.1,223.25226,31.60475,1570.0,3180.0,obk507010,2433.0,STIS/NUV-MAMA,GALAXY;QSO,12308,3,*QSO*
SDSSJ0908+2852,137.18024,28.87496111111,1570.0,3180.0,oc9b02010,1125.0,STIS/NUV-MAMA,GALAXY;BLR;QSO,13298,3,*QSO*
PG1634+706,248.62025,70.52570555556,1605.0,3110.0,o4va05040,2900.0,STIS/NUV-MAMA,GALAXY;QSO,7292,3,*QSO*
HDFS-223338-603329-QSO,338.4069583333,-60.55804166667,1605.0,3110.0,o52z25040,2640.0,STIS/NUV-MAMA,GALAXY;QSO,8074,3,*QSO*
SDSSRM-392,215.30122125,52.69645833333,1570.0,3180.0,of8x12010,1885.0,STIS/NUV-MAMA,GALAXY;QSO,17487,3,*QSO*
SDSSRM-303,214.6258525,52.37012777778,1570.0,3180.0,of8x26010,1597.0,STIS/NUV-MAMA,GALAXY;QSO,17487,3,*QSO*
3C196,123.4002820833,48.21743055556,1570.0,3180.0,odn501030,1425.0,STIS/NUV-MAMA,GALAXY;LYMAN ALPHA CLOUD;QSO,15092,3,*QSO*
SDSSRM-392,215.30122125,52.69645833333,1570.0,3180.0,of8x01010,1645.0,STIS/NUV-MAMA,GALAXY;QSO,17487,3,*QSO*
HE1104-1805A,166.6395,-18.35695555556,1605.0,3110.0,o5l402030,2897.0,STIS/NUV-MAMA,GALAXY;QSO;;EXT-MEDIUM;ABSORPTION LINE SYSTEM,8471,3,*QSO*
PG0953+415,149.2181613697,41.25625490345,1640.0,3100.0,o63g04020,3022.0,STIS/NUV-MAMA,GALAXY;QSO;;EXT-MEDIUM;ABSORPTION LINE SYSTEM - EXTRAGALACTIC,8695,3,*QSO*
MARK132,150.374,54.91052777778,1605.0,3110.0,o6gx07020,3111.0,STIS/NUV-MAMA,GALAXY;QSO,9186,3,*QSO*
1112+0013,168.23383,0.22869,1570.0,3180.0,o8ex40010,2363.0,STIS/NUV-MAMA,GALAXY;QSO,9382,3,*QSO*
MARK132,150.374,54.91052777778,1605.0,3110.0,o6gx05050,3111.0,STIS/NUV-MAMA,GALAXY;QSO,9186,3,*QSO*
SDSSRM-303,214.6258525,52.37012777778,1570.0,3180.0,of8x50010,1837.0,STIS/NUV-MAMA,GALAXY;QSO,17487,3,*QSO*
SDSSRM-303,214.6258525,52.37012777778,1570.0,3180.0,of8x35010,1837.0,STIS/NUV-MAMA,GALAXY;QSO,17487,3,*QSO*
SDSSRM-303,214.6258525,52.37012777778,1570.0,3180.0,of8x32010,1837.0,STIS/NUV-MAMA,GALAXY;QSO,17487,3,*QSO*
HDFS-223338-603329-QSO,338.4069583333,-60.55804166667,1605.0,3110.0,o53513050,2264.0,STIS/NUV-MAMA,GALAXY;QSO,8058,3,*QSO*
Q2206-1958,332.21725,-19.73341666667,1640.0,3100.0,o53l02050,2817.0,STIS/NUV-MAMA,GALAXY;QSO,7334,3,*QSO*
Q1017-207AB,154.3498458333,-20.78289722222,1570.0,3180.0,ocod01010,1104.0,STIS/NUV-MAMA,GALAXY;GRAVITATIONAL LENS;LYMAN ALPHA CLOUD;QSO,13801,3,*QSO*
Q2116-4439,320.048375,-44.44802777778,1570.0,3180.0,o56b07010,2231.0,STIS/NUV-MAMA,GALAXY;QSO,7359,3,*QSO*
PDS456,262.0825,-14.26559722222,1570.0,3180.0,o58s01020,781.0,STIS/NUV-MAMA,GALAXY;QSO,8264,3,*QSO*
Q2116-4439,320.048375,-44.44802777778,1570.0,3180.0,o56b07020,3024.0,STIS/NUV-MAMA,GALAXY;QSO,7359,3,*QSO*
HE1104-1805A,166.6395,-18.35695555556,1605.0,3110.0,o5l403010,2387.0,STIS/NUV-MAMA,GALAXY;QSO;;EXT-MEDIUM;ABSORPTION LINE SYSTEM,8471,3,*QSO*
1722+5442,260.65429,54.70116,1570.0,3180.0,o8ex66010,4380.0,STIS/NUV-MAMA,GALAXY;QSO,9382,3,*QSO*
MRK-231,194.0587958333,56.87352777778,1570.0,3180.0,oc8w02040,473.01975,STIS/NUV-MAMA,GALAXY;QSO;ULTRALUMINOUS IR GAL,13460,3,*QSO*
TON34,154.9859583333,27.73369444444,1605.0,3110.0,o6gx01050,1888.0,STIS/NUV-MAMA,GALAXY;QSO,9186,3,*QSO*
MARK132,150.374,54.91052777778,1605.0,3110.0,o6gx07050,3111.0,STIS/NUV-MAMA,GALAXY;QSO,9186,3,*QSO*
Q1017-207AB,154.3498458333,-20.78289722222,1570.0,3180.0,ocod02030,1334.0,STIS/NUV-MAMA,GALAXY;GRAVITATIONAL LENS;LYMAN ALPHA CLOUD;QSO,13801,3,*QSO*
Q0037-3544,9.927375,-35.4668,1570.0,3180.0,o59y06010,2198.0,STIS/NUV-MAMA,GALAXY;QSO;LYMAN ALPHA CLOUD,8126,3,*QSO*
Q1239+0028,190.5110833333,0.2079166666667,1570.0,3180.0,o56b04010,2108.0,STIS/NUV-MAMA,GALAXY;QSO,7359,3,*QSO*
HDFS-223338-603329-QSO,338.4069583333,-60.55804166667,1570.0,3180.0,o53505020,1740.0,STIS/NUV-MAMA,GALAXY;QSO,8058,3,*QSO*
PG1634+706,248.62025,70.52570555556,1605.0,3110.0,o4va06020,2900.0,STIS/NUV-MAMA,GALAXY;QSO,7292,3,*QSO*
1126+0034,171.51159,0.57167,1570.0,3180.0,o8ex41010,2371.0,STIS/NUV-MAMA,GALAXY;QSO,9382,3,*QSO*
1220-0040,185.15429,-0.67609,1570.0,3180.0,o8ex43010,2347.0,STIS/NUV-MAMA,GALAXY;QSO,9382,3,*QSO*
PG1634+706,248.62025,70.52570555556,1605.0,3110.0,o4va06040,2900.0,STIS/NUV-MAMA,GALAXY;QSO,7292,3,*QSO*
3C196,123.4002820833,48.21743055556,1570.0,3180.0,odn501010,1151.0,STIS/NUV-MAMA,GALAXY;LYMAN ALPHA CLOUD;QSO,15092,3,*QSO*
PC1320+4755B,200.7113333333,47.66015277778,1570.0,3180.0,o59y08030,3056.0,STIS/NUV-MAMA,GALAXY;QSO;LYMAN ALPHA CLOUD,8126,3,*QSO*
HE0515-4414,79.281375,-44.18202777778,1605.0,3110.0,o5b203010,2500.0,STIS/NUV-MAMA,GALAXY;QSO,8288,3,*QSO*
H1821+643,275.4879166667,64.34352777778,1640.0,3100.0,o5e7050d0,1908.0,STIS/NUV-MAMA,GALAXY;QSO;;EXT-MEDIUM;ABSORPTION LINE SYSTEM,8165,3,*QSO*
H1821+643,275.4879166667,64.34352777778,1640.0,3100.0,o5e705090,1908.0,STIS/NUV-MAMA,GALAXY;QSO;;EXT-MEDIUM;ABSORPTION LINE SYSTEM,8165,3,*QSO*
1031-0036,157.95324,-0.60091,1570.0,3180.0,o8ex30010,2351.0,STIS/NUV-MAMA,GALAXY;QSO,9382,3,*QSO*
2352-0028,358.22296,-0.48092,1570.0,3180.0,o8ex75010,2375.0,STIS/NUV-MAMA,GALAXY;QSO,9382,3,*QSO*
1426+0051,216.71194,0.86394,1570.0,3180.0,o8ex54020,2901.0,STIS/NUV-MAMA,GALAXY;QSO,9382,3,*QSO*
1436-0051,219.18751,-0.86424,1570.0,3180.0,o8ex56020,2901.0,STIS/NUV-MAMA,GALAXY;QSO,9382,3,*QSO*
1353+0333,208.28946,3.557788888889,1570.0,3180.0,obk503010,2392.0,STIS/NUV-MAMA,GALAXY;QSO,12308,3,*QSO*
SDSSJ1447-0203,221.92403,-2.060880555556,1570.0,3180.0,oc9b04010,1113.0,STIS/NUV-MAMA,GALAXY;BLR;QSO,13298,3,*QSO*
SDSSJ1447-0203,221.92403,-2.060880555556,1570.0,3180.0,oc9b04030,1367.0,STIS/NUV-MAMA,GALAXY;BLR;QSO,13298,3,*QSO*
PG0117+213,20.07188333333,21.56284444444,1605.0,3110.0,o64201010,14013.0,STIS/NUV-MAMA,GALAXY;QSO;;EXT-MEDIUM;ABSORPTION LINE SYSTEM - EXTRAGALACTIC,8673,3,*QSO*
HDFS-223338-603329-QSO,338.4069583333,-60.55804166667,1605.0,3110.0,o53q21040,2304.0,STIS/NUV-MAMA,GALAXY;QSO,8073,3,*QSO*
HDFS-223338-603329-QSO,338.4069583333,-60.55804166667,1605.0,3110.0,o4yf33010,2000.0,STIS/NUV-MAMA,GALAXY;QSO,8075,3,*QSO*
1022+0101,155.74907,1.02311,1570.0,3180.0,o8ex28010,2335.0,STIS/NUV-MAMA,GALAXY;QSO,9382,3,*QSO*
0106+0105,16.51618,1.08506,1570.0,3180.0,o8ex03010,2335.0,STIS/NUV-MAMA,GALAXY;QSO,9382,3,*QSO*
SDSSRM-392,215.30122125,52.69645833333,1570.0,3180.0,of8x23010,1885.0,STIS/NUV-MAMA,GALAXY;QSO,17487,3,*QSO*
PC1320+4755B,200.7113333333,47.66015277778,1570.0,3180.0,o59y08020,3056.0,STIS/NUV-MAMA,GALAXY;QSO;LYMAN ALPHA CLOUD,8126,3,*QSO*
SDSSRM-303,214.6258525,52.37012777778,1570.0,3180.0,of8x48010,1837.0,STIS/NUV-MAMA,GALAXY;QSO,17487,3,*QSO*
TON34,154.9859583333,27.73369444444,1605.0,3110.0,o6gx03040,1888.0,STIS/NUV-MAMA,GALAXY;QSO,9186,3,*QSO*
MARK132,150.374,54.91052777778,1605.0,3110.0,o6gx09010,2259.0,STIS/NUV-MAMA,GALAXY;QSO,9186,3,*QSO*
Q2208-1720,332.8142312272,-17.09051132278,1570.0,3180.0,o56b08030,2899.0,STIS/NUV-MAMA,GALAXY;QSO,7359,3,*QSO*
1009+0036,152.4381,0.60923,1570.0,3180.0,o8ex25020,2901.0,STIS/NUV-MAMA,GALAXY;QSO,9382,3,*QSO*
2353-0028,358.34006,-0.47824,1570.0,3180.0,o8ex76010,2379.0,STIS/NUV-MAMA,GALAXY;QSO,9382,3,*QSO*
MRK-231,194.0587958333,56.87352777778,1570.0,3180.0,oc8w02020,473.018375,STIS/NUV-MAMA,GALAXY;QSO;ULTRALUMINOUS IR GAL,13460,3,*QSO*
HDFS-223338-603329-QSO,338.4069583333,-60.55804166667,1605.0,3110.0,o4yf37020,2304.0,STIS/NUV-MAMA,GALAXY;QSO,8075,3,*QSO*
HDFS-223338-603329-QSO,338.4069583333,-60.55804166667,1605.0,3110.0,o4yf37060,1440.0,STIS/NUV-MAMA,GALAXY;QSO,8075,3,*QSO*
QSO-1503-4155,225.7300416667,-41.90827777778,1570.0,3180.0,o5be31020,3000.0,STIS/NUV-MAMA,GALAXY;QSO,8244,3,*QSO*
HE1104-1805A,166.6395,-18.35695555556,1605.0,3110.0,o5l406030,2897.0,STIS/NUV-MAMA,GALAXY;QSO;;EXT-MEDIUM;ABSORPTION LINE SYSTEM,8471,3,*QSO*
PG0117+213,20.07188333333,21.56284444444,1605.0,3110.0,o64202010,14013.0,STIS/NUV-MAMA,GALAXY;QSO;;EXT-MEDIUM;ABSORPTION LINE SYSTEM - EXTRAGALACTIC,8673,3,*QSO*
TON34,154.9859583333,27.73369444444,1605.0,3110.0,o6gx01010,2071.0,STIS/NUV-MAMA,GALAXY;QSO,9186,3,*QSO*
PKS0405-12,61.95175,-12.19333333333,1640.0,3100.0,o58301060,2853.0,STIS/NUV-MAMA,GALAXY;QSO;LYMAN ALPHA CLOUD;;EXT-MEDIUM;ABSORPTION LINE SYSTEM- EXTRAGALACTIC,7290,3,*QSO*
Q2206-1958,332.21725,-19.73341666667,1640.0,3100.0,o53l01030,2817.0,STIS/NUV-MAMA,GALAXY;QSO,7334,3,*QSO*
1525+0026,231.29416,0.44243,1570.0,3180.0,o8ex60010,2387.0,STIS/NUV-MAMA,GALAXY;QSO,9382,3,*QSO*
1109+0051,167.40151,0.85289,1570.0,3180.0,o8ex38020,5802.0,STIS/NUV-MAMA,GALAXY;QSO,9382,3,*QSO*
HDFS-223338-603329-QSO,338.4069583333,-60.55804166667,1605.0,3110.0,o4yf32050,2904.0,STIS/NUV-MAMA,GALAXY;QSO,8075,3,*QSO*
1353+0333,208.28946,3.557788888889,1570.0,3180.0,obk503020,2984.0,STIS/NUV-MAMA,GALAXY;QSO,12308,3,*QSO*
MRK-231,194.0587958333,56.87352777778,1570.0,3180.0,oc8w02030,473.019625,STIS/NUV-MAMA,GALAXY;QSO;ULTRALUMINOUS IR GAL,13460,3,*QSO*
TON34,154.9859583333,27.73369444444,1605.0,3110.0,o6gx02020,1888.0,STIS/NUV-MAMA,GALAXY;QSO,9186,3,*QSO*
HS0747+4259,117.727625,42.87211111111,1605.0,3110.0,o6ca04010,2530.0,STIS/NUV-MAMA,GALAXY;QSO,9040,3,*QSO*
QSO-143648+495256,219.1984583333,49.88216666667,1570.0,3180.0,o56b05020,3056.0,STIS/NUV-MAMA,GALAXY;QSO,7359,3,*QSO*
HDFS-223338-603329-QSO,338.4069583333,-60.55804166667,1605.0,3110.0,o52z25060,2100.0,STIS/NUV-MAMA,GALAXY;QSO,8074,3,*QSO*
PG1630+377,248.0045875,37.630375,1605.0,3110.0,o64209010,5322.0,STIS/NUV-MAMA,GALAXY;QSO;;EXT-MEDIUM;ABSORPTION LINE SYSTEM - EXTRAGALACTIC,8673,3,*QSO*
TON34,154.9859583333,27.73369444444,1605.0,3110.0,o6gx03020,1888.0,STIS/NUV-MAMA,GALAXY;QSO,9186,3,*QSO*
1537+0021,234.30725,0.3543,1570.0,3180.0,o8ex61010,2331.0,STIS/NUV-MAMA,GALAXY;QSO,9382,3,*QSO*
HE1122-1648,171.1784583333,-17.08830833333,1605.0,3110.0,o8mn01040,2877.0,STIS/NUV-MAMA,GALAXY;QSO,9885,3,*QSO*
SDSSRM-303,214.6258525,52.37012777778,1570.0,3180.0,of8x47010,1837.0,STIS/NUV-MAMA,GALAXY;QSO,17487,3,*QSO*
Q1212+1445,183.6677916667,14.48336111111,1570.0,3180.0,o56b02030,2901.0,STIS/NUV-MAMA,GALAXY;QSO,7359,3,*QSO*
Q0037-3545,9.905333333333,-35.48808333333,1570.0,3180.0,o59y05010,2138.0,STIS/NUV-MAMA,GALAXY;QSO;LYMAN ALPHA CLOUD,8126,3,*QSO*
HE0515-4414,79.281375,-44.18202777778,1605.0,3110.0,o5b201020,9000.0,STIS/NUV-MAMA,GALAXY;QSO,8288,3,*QSO*
TON34,154.9859583333,27.73369444444,1605.0,3110.0,o6gx01020,1888.0,STIS/NUV-MAMA,GALAXY;QSO,9186,3,*QSO*
QSO-J1019+2745,154.985825,27.73382222222,1570.0,3180.0,obrr02010,474.0,STIS/NUV-MAMA,GALAXY;BLR;NLR;QSO,12510,3,*QSO*
1009-0026,152.37675,-0.43864,1570.0,3180.0,o8ex24010,2383.0,STIS/NUV-MAMA,GALAXY;QSO,9382,3,*QSO*
MARK132,150.374,54.91052777778,1605.0,3110.0,o6gx09050,3111.0,STIS/NUV-MAMA,GALAXY;QSO,9186,3,*QSO*
CT344,16.394875,-27.61622222222,1570.0,3180.0,o8dd02010,2359.0,STIS/NUV-MAMA,GALAXY;QSO,9498,3,*QSO*
0132+0116,23.14115,1.26864,1570.0,3180.0,o8ex09010,2335.0,STIS/NUV-MAMA,GALAXY;QSO,9382,3,*QSO*
HDFS-223338-603329-QSO,338.4069583333,-60.55804166667,1605.0,3110.0,o52z24050,2304.0,STIS/NUV-MAMA,GALAXY;QSO,8074,3,*QSO*
Q2206-1958,332.21725,-19.73341666667,1640.0,3100.0,o53l07010,2126.0,STIS/NUV-MAMA,GALAXY;QSO,7334,3,*QSO*
HDFS-223338-603329-QSO,338.4069583333,-60.55804166667,1605.0,3110.0,o4yf32010,2460.0,STIS/NUV-MAMA,GALAXY;QSO,8075,3,*QSO*
Q0035-3520,9.572708333333,-35.06815555556,1570.0,3180.0,o59y04010,2150.0,STIS/NUV-MAMA,GALAXY;QSO;LYMAN ALPHA CLOUD,8126,3,*QSO*
UM684,58.52320833333,-27.40559722222,1570.0,3180.0,o66g07010,2376.0,STIS/NUV-MAMA,GALAXY;QSO;;EXT-MEDIUM;ABSORPTION LINE SYSTEM - EXTRAGALACTIC,8569,3,*QSO*
HS0747+4259,117.727625,42.87211111111,1605.0,3110.0,o6ca02010,2530.0,STIS/NUV-MAMA,GALAXY;QSO,9040,3,*QSO*
SDSSRM-392,215.30122125,52.69645833333,1570.0,3180.0,of8x05010,1885.0,STIS/NUV-MAMA,GALAXY;QSO,17487,3,*QSO*
0153+0052,28.28767,0.88066,1570.0,3180.0,o8ex14010,2335.0,STIS/NUV-MAMA,GALAXY;QSO,9382,3,*QSO*
PG1435-067,219.5672916667,-6.972416666667,1570.0,3180.0,o6mz4g010,720.0,STIS/NUV-MAMA,GALAXY;QSO,9507,3,*QSO*
HDFS-223338-603329-QSO,338.4069583333,-60.55804166667,1605.0,3110.0,o52z28030,2604.0,STIS/NUV-MAMA,GALAXY;QSO,8074,3,*QSO*
HDFS-223338-603329-QSO,338.4069583333,-60.55804166667,1605.0,3110.0,o4yf36030,2604.0,STIS/NUV-MAMA,GALAXY;QSO,8075,3,*QSO*
HDFS-223338-603329-QSO,338.4069583333,-60.55804166667,1570.0,3180.0,o53505040,1800.0,STIS/NUV-MAMA,GALAXY;QSO,8058,3,*QSO*
PKS0405-12,61.95175,-12.19333333333,1640.0,3100.0,o58301030,1160.0,STIS/NUV-MAMA,GALAXY;QSO;LYMAN ALPHA CLOUD;;EXT-MEDIUM;ABSORPTION LINE SYSTEM- EXTRAGALACTIC,7290,3,*QSO*
TON28,151.0109583333,28.92643055556,1640.0,3100.0,o58302020,2923.0,STIS/NUV-MAMA,GALAXY;QSO;LYMAN ALPHA CLOUD;;EXT-MEDIUM;ABSORPTION LINE SYSTEM- EXTRAGALACTIC,7290,3,*QSO*
LBQS0019-0145A,5.465833333333,-1.476141666667,1570.0,3180.0,o59y01010,2100.0,STIS/NUV-MAMA,GALAXY;QSO;LYMAN ALPHA CLOUD,8126,3,*QSO*
MARK132,150.374,54.91052777778,1605.0,3110.0,o6gx05040,3111.0,STIS/NUV-MAMA,GALAXY;QSO,9186,3,*QSO*
1537+0021,234.30725,0.3543,1570.0,3180.0,o8ex61020,2901.0,STIS/NUV-MAMA,GALAXY;QSO,9382,3,*QSO*
1716+5654,259.09889,56.91257,1570.0,3180.0,o8ex65010,9840.0,STIS/NUV-MAMA,GALAXY;QSO,9382,3,*QSO*
HS1700+6416,255.2525416667,64.20275,1570.0,3180.0,o8md02010,2166.0,STIS/NUV-MAMA,GALAXY;QSO,9982,3,*QSO*
PG1718+481,259.9093333333,48.07008888889,1605.0,3110.0,o4va02020,3054.0,STIS/NUV-MAMA,GALAXY;QSO,7292,3,*QSO*
HDFS-223338-603329-QSO,338.4069583333,-60.55804166667,1605.0,3110.0,o4yf37030,2580.0,STIS/NUV-MAMA,GALAXY;QSO,8075,3,*QSO*
Q0302-0019,46.20763516451,-0.1370691827365,1570.0,3180.0,o4x405040,1310.0,STIS/NUV-MAMA,GALAXY;QSO,7272,3,*QSO*
Q2206-1958,332.21725,-19.73341666667,1640.0,3100.0,o53l06030,2817.0,STIS/NUV-MAMA,GALAXY;QSO,7334,3,*QSO*
HDFS-223338-603329-QSO,338.4069583333,-60.55804166667,1605.0,3110.0,o53q17020,2640.0,STIS/NUV-MAMA,GALAXY;QSO,8073,3,*QSO*
Q1328+3045,202.7845833333,30.50908333333,1640.0,3100.0,o55h10010,2064.0,STIS/NUV-MAMA,GALAXY;QSO,7475,3,*QSO*
HE1104-1805A,166.6395,-18.35695555556,1605.0,3110.0,o5l405010,2387.0,STIS/NUV-MAMA,GALAXY;QSO;;EXT-MEDIUM;ABSORPTION LINE SYSTEM,8471,3,*QSO*
HE1122-1648,171.1784583333,-17.08830833333,1605.0,3110.0,o8mn01020,2877.0,STIS/NUV-MAMA,GALAXY;QSO,9885,3,*QSO*
HE1122-1648,171.1784583333,-17.08830833333,1605.0,3110.0,o8mn01030,2877.0,STIS/NUV-MAMA,GALAXY;QSO,9885,3,*QSO*
1054-0020,163.67062,-0.34698,1570.0,3180.0,o8ex35010,2375.0,STIS/NUV-MAMA,GALAXY;QSO,9382,3,*QSO*
SDSSRM-392,215.30122125,52.69645833333,1570.0,3180.0,of8x22010,1885.0,STIS/NUV-MAMA,GALAXY;QSO,17487,3,*QSO*
HDFS-223338-603329-QSO,338.4069583333,-60.55804166667,1605.0,3110.0,o4yf33030,2284.0,STIS/NUV-MAMA,GALAXY;QSO,8075,3,*QSO*
HDFS-223338-603329-QSO,338.4069583333,-60.55804166667,1605.0,3110.0,o53q21020,2304.0,STIS/NUV-MAMA,GALAXY;QSO,8073,3,*QSO*
HE1104-1805A,166.6395,-18.35695555556,1605.0,3110.0,o5l404030,2897.0,STIS/NUV-MAMA,GALAXY;QSO;;EXT-MEDIUM;ABSORPTION LINE SYSTEM,8471,3,*QSO*
HE1104-1805A,166.6395,-18.35695555556,1605.0,3110.0,o5l408020,2897.0,STIS/NUV-MAMA,GALAXY;QSO;;EXT-MEDIUM;ABSORPTION LINE SYSTEM,8471,3,*QSO*
HE1104-1805A,166.6395,-18.35695555556,1605.0,3110.0,o5l403050,2897.0,STIS/NUV-MAMA,GALAXY;QSO;;EXT-MEDIUM;ABSORPTION LINE SYSTEM,8471,3,*QSO*
PG0953+415,149.218125,41.25625,1640.0,3100.0,o63g03020,3022.0,STIS/NUV-MAMA,GALAXY;QSO;;EXT-MEDIUM;ABSORPTION LINE SYSTEM - EXTRAGALACTIC,8695,3,*QSO*
SDSS-J145300.55+313617.1,223.25226,31.60475,1570.0,3180.0,obk507020,3025.0,STIS/NUV-MAMA,GALAXY;QSO,12308,3,*QSO*
1420-0054,215.21018,-0.9075,1570.0,3180.0,o8ex53020,2901.0,STIS/NUV-MAMA,GALAXY;QSO,9382,3,*QSO*
1047-0047,161.88915,-0.78363,1570.0,3180.0,o8ex33010,2347.0,STIS/NUV-MAMA,GALAXY;QSO,9382,3,*QSO*
MARK132,150.374,54.91052777778,1605.0,3110.0,o6gx08040,3111.0,STIS/NUV-MAMA,GALAXY;QSO,9186,3,*QSO*
SDSSRM-303,214.6258525,52.37012777778,1570.0,3180.0,of8x29010,1837.0,STIS/NUV-MAMA,GALAXY;QSO,17487,3,*QSO*
SDSSRM-303,214.6258525,52.37012777778,1570.0,3180.0,of8x37010,1837.0,STIS/NUV-MAMA,GALAXY;QSO,17487,3,*QSO*
Q2237+030AC,340.1260333333,3.358375,1570.0,3180.0,ocod08010,1133.0,STIS/NUV-MAMA,GALAXY;GRAVITATIONAL LENS;LYMAN ALPHA CLOUD;QSO,13801,3,*QSO*
HDFS-223338-603329-QSO,338.4069583333,-60.55804166667,1605.0,3110.0,o4yf36040,2604.0,STIS/NUV-MAMA,GALAXY;QSO,8075,3,*QSO*
HDFS-223338-603329-QSO,338.4069583333,-60.55804166667,1605.0,3110.0,o52z24040,2304.0,STIS/NUV-MAMA,GALAXY;QSO,8074,3,*QSO*
SDSS-J120400.28+033849.8,181.00117,3.647188888889,1570.0,3180.0,obk508010,2396.0,STIS/NUV-MAMA,GALAXY;QSO,12308,3,*QSO*
H1821+643,275.4879166667,64.34352777778,1640.0,3100.0,o5e7050b0,1908.0,STIS/NUV-MAMA,GALAXY;QSO;;EXT-MEDIUM;ABSORPTION LINE SYSTEM,8165,3,*QSO*
HE0436-2614,69.54254166667,-26.14395,1570.0,3180.0,o6mz1u010,720.0,STIS/NUV-MAMA,GALAXY;QSO,9507,3,*QSO*
1226-0006,186.53358,-0.10086,1570.0,3180.0,o8ex46010,2343.0,STIS/NUV-MAMA,GALAXY;QSO,9382,3,*QSO*
Q1017-207AB,154.350439954,-20.78290740456,1570.0,3180.0,ocod01040,1334.0,STIS/NUV-MAMA,GALAXY;GRAVITATIONAL LENS;LYMAN ALPHA CLOUD;QSO,13801,3,*QSO*
SDSSRM-392,215.30122125,52.69645833333,1570.0,3180.0,of8x04010,1885.0,STIS/NUV-MAMA,GALAXY;QSO,17487,3,*QSO*
SDSSRM-303,214.6258525,52.37012777778,1570.0,3180.0,of8x33010,1837.0,STIS/NUV-MAMA,GALAXY;QSO,17487,3,*QSO*
HE0143-3535,26.460875,-35.34723611111,1570.0,3180.0,o6mz92010,900.0,STIS/NUV-MAMA,GALAXY;QSO,9507,3,*QSO*
SDSSRM-392,215.30122125,52.69645833333,1570.0,3180.0,of8x24010,1885.0,STIS/NUV-MAMA,GALAXY;QSO,17487,3,*QSO*
HDFS-223338-603329-QSO,338.4069583333,-60.55804166667,1605.0,3110.0,o53q17060,2200.0,STIS/NUV-MAMA,GALAXY;QSO,8073,3,*QSO*
HE1104-1805A,166.6395,-18.35695555556,1605.0,3110.0,o5l402050,2897.0,STIS/NUV-MAMA,GALAXY;QSO;;EXT-MEDIUM;ABSORPTION LINE SYSTEM,8471,3,*QSO*
0139-0023,24.9111,-0.39661,1570.0,3180.0,o8ex12020,2901.0,STIS/NUV-MAMA,GALAXY;QSO,9382,3,*QSO*
SDSSRM-303,214.6258525,52.37012777778,1570.0,3180.0,of8x39010,1777.0,STIS/NUV-MAMA,GALAXY;QSO,17487,3,*QSO*
PG1634+706,248.62025,70.52570555556,1605.0,3110.0,o4va06030,2900.0,STIS/NUV-MAMA,GALAXY;QSO,7292,3,*QSO*
TON28,151.0109583333,28.92643055556,1640.0,3100.0,o58302010,2295.0,STIS/NUV-MAMA,GALAXY;QSO;LYMAN ALPHA CLOUD;;EXT-MEDIUM;ABSORPTION LINE SYSTEM- EXTRAGALACTIC,7290,3,*QSO*
HE1104-1805A,166.6395,-18.35695555556,1605.0,3110.0,o5l403030,2897.0,STIS/NUV-MAMA,GALAXY;QSO;;EXT-MEDIUM;ABSORPTION LINE SYSTEM,8471,3,*QSO*
PG1630+377,248.0045875,37.630375,1605.0,3110.0,o64207010,14389.0,STIS/NUV-MAMA,GALAXY;QSO;;EXT-MEDIUM;ABSORPTION LINE SYSTEM - EXTRAGALACTIC,8673,3,*QSO*
1048+0032,162.21888,0.5415,1570.0,3180.0,o8ex34010,2367.0,STIS/NUV-MAMA,GALAXY;QSO,9382,3,*QSO*
1341+0059,205.47598,0.99675,1570.0,3180.0,o8ex49010,2359.0,STIS/NUV-MAMA,GALAXY;QSO,9382,3,*QSO*
1420-0054,215.21018,-0.9075,1570.0,3180.0,o8ex53010,2335.0,STIS/NUV-MAMA,GALAXY;QSO,9382,3,*QSO*
2339-0029,354.82427,-0.49565,1570.0,3180.0,o8ex74010,2347.0,STIS/NUV-MAMA,GALAXY;QSO,9382,3,*QSO*
HE1122-1648,171.1784583333,-17.08830833333,1605.0,3110.0,o8mn02020,2877.0,STIS/NUV-MAMA,GALAXY;QSO,9885,3,*QSO*
SDSSRM-392,215.30122125,52.69645833333,1570.0,3180.0,of8x06010,1885.0,STIS/NUV-MAMA,GALAXY;QSO,17487,3,*QSO*
PG1634+706,248.62025,70.52570555556,1640.0,3100.0,o4va04010,3320.0,STIS/NUV-MAMA,GALAXY;QSO,7292,3,*QSO*
Q0302-0019,46.20758333333,-0.1371111111111,1570.0,3180.0,o4x405010,1080.0,STIS/NUV-MAMA,GALAXY;QSO,7272,3,*QSO*
Q1239+0028,190.5110833333,0.2079166666667,1570.0,3180.0,o56b04030,2901.0,STIS/NUV-MAMA,GALAXY;QSO,7359,3,*QSO*
H1821+643,275.4879166667,64.34352777778,1640.0,3100.0,o5e705070,1962.0,STIS/NUV-MAMA,GALAXY;QSO;;EXT-MEDIUM;ABSORPTION LINE SYSTEM,8165,3,*QSO*
PKS0232-04,38.78041666667,-4.035,1605.0,3110.0,o64205010,13978.0,STIS/NUV-MAMA,GALAXY;QSO;;EXT-MEDIUM;ABSORPTION LINE SYSTEM - EXTRAGALACTIC,8673,3,*QSO*
HE0409-5004,62.7535,-49.94899444444,1570.0,3180.0,o6mz1t010,900.0,STIS/NUV-MAMA,GALAXY;QSO,9507,3,*QSO*
1225-0052,186.49352,-0.87418,1570.0,3180.0,o8ex45010,2335.0,STIS/NUV-MAMA,GALAXY;QSO,9382,3,*QSO*
HE1122-1648,171.1784583333,-17.08830833333,1605.0,3110.0,o8mn02010,2383.0,STIS/NUV-MAMA,GALAXY;QSO,9885,3,*QSO*
HE1122-1648,171.1784583333,-17.08830833333,1605.0,3110.0,o8mn02040,2877.0,STIS/NUV-MAMA,GALAXY;QSO,9885,3,*QSO*
HDFS-223338-603329-QSO,338.4069583333,-60.55804166667,1605.0,3110.0,o4yf37010,1800.0,STIS/NUV-MAMA,GALAXY;QSO,8075,3,*QSO*
SDSSRM-392,215.30122125,52.69645833333,1570.0,3180.0,of8x02010,1885.0,STIS/NUV-MAMA,GALAXY;QSO,17487,3,*QSO*
Q0035-3518,9.523083333333,-35.02787222222,1570.0,3180.0,o59y03010,2198.0,STIS/NUV-MAMA,GALAXY;QSO;LYMAN ALPHA CLOUD,8126,3,*QSO*
MARK132,150.374,54.91052777778,1605.0,3110.0,o6gx07040,3111.0,STIS/NUV-MAMA,GALAXY;QSO,9186,3,*QSO*
1501+0019,225.34772,0.32751,1570.0,3180.0,o8ex58010,2375.0,STIS/NUV-MAMA,GALAXY;QSO,9382,3,*QSO*
1009+0036,152.4381,0.60923,1570.0,3180.0,o8ex25010,2335.0,STIS/NUV-MAMA,GALAXY;QSO,9382,3,*QSO*
1047-0047,161.88915,-0.78363,1570.0,3180.0,o8ex33020,2901.0,STIS/NUV-MAMA,GALAXY;QSO,9382,3,*QSO*
1521-0009,230.25822,-0.1512,1570.0,3180.0,o8ex59020,2901.0,STIS/NUV-MAMA,GALAXY;QSO,9382,3,*QSO*
Q1355-2257AB,208.9303840359,-22.9566286218,1570.0,3180.0,ocod05040,1369.0,STIS/NUV-MAMA,GALAXY;GRAVITATIONAL LENS;LYMAN ALPHA CLOUD;QSO,13801,3,*QSO*
Q1017-207AB,154.3498458333,-20.78289722222,1570.0,3180.0,ocod01070,1334.0,STIS/NUV-MAMA,GALAXY;GRAVITATIONAL LENS;LYMAN ALPHA CLOUD;QSO,13801,3,*QSO*
MARK132,150.374,54.91052777778,1605.0,3110.0,o6gx08050,3111.0,STIS/NUV-MAMA,GALAXY;QSO,9186,3,*QSO*
1342-0035,205.69265,-0.59563,1570.0,3180.0,o8ex50010,2355.0,STIS/NUV-MAMA,GALAXY;QSO,9382,3,*QSO*
HDFS-223338-603329-QSO,338.4069583333,-60.55804166667,1605.0,3110.0,o53512050,1664.0,STIS/NUV-MAMA,GALAXY;QSO,8058,3,*QSO*
HDFS-223338-603329-QSO,338.4069583333,-60.55804166667,1605.0,3110.0,o52z29060,2604.0,STIS/NUV-MAMA,GALAXY;QSO,8074,3,*QSO*
HDFS-223338-603329-QSO,338.4069583333,-60.55804166667,1605.0,3110.0,o53q20040,2040.0,STIS/NUV-MAMA,GALAXY;QSO,8073,3,*QSO*
Q2206-1958,332.21725,-19.73341666667,1640.0,3100.0,o53l54030,2817.0,STIS/NUV-MAMA,GALAXY;QSO,7334,3,*QSO*
H1821+643,275.4879166667,64.34352777778,1640.0,3100.0,o5e705050,1962.0,STIS/NUV-MAMA,GALAXY;QSO;;EXT-MEDIUM;ABSORPTION LINE SYSTEM,8165,3,*QSO*
FIRST-J164919.0+304718,252.3292083333,30.78833333333,1570.0,3180.0,o5da01020,11788.0,STIS/NUV-MAMA,GALAXY;QSO;LYMAN ALPHA CLOUD,8266,3,*QSO*
PG0946+301,147.42125,29.92188888889,1570.0,3180.0,o5ao08010,2160.0,STIS/NUV-MAMA,GALAXY;QSO,8284,3,*QSO*
LBQS0019-0145B,5.520375,-1.480019444444,1570.0,3180.0,o59y02010,2100.0,STIS/NUV-MAMA,GALAXY;QSO;LYMAN ALPHA CLOUD,8126,3,*QSO*
3C196,123.4002820833,48.21743055556,1570.0,3180.0,odn502010,1151.0,STIS/NUV-MAMA,GALAXY;LYMAN ALPHA CLOUD;QSO,15092,3,*QSO*
TON34,154.9859583333,27.73369444444,1605.0,3110.0,o6gx02030,1888.0,STIS/NUV-MAMA,GALAXY;QSO,9186,3,*QSO*
MARK132,150.374,54.91052777778,1605.0,3110.0,o6gx08020,3111.0,STIS/NUV-MAMA,GALAXY;QSO,9186,3,*QSO*
0138-0005,24.60624,-0.09277,1570.0,3180.0,o8ex11010,2343.0,STIS/NUV-MAMA,GALAXY;QSO,9382,3,*QSO*
0256+0110,44.03021,1.1772,1570.0,3180.0,o8ex18010,2339.0,STIS/NUV-MAMA,GALAXY;QSO,9382,3,*QSO*
1008-0018,152.15549,-0.30978,1570.0,3180.0,o8ex23010,2347.0,STIS/NUV-MAMA,GALAXY;QSO,9382,3,*QSO*
0953-0038,148.34828,-0.63434,1570.0,3180.0,o8ex20020,2901.0,STIS/NUV-MAMA,GALAXY;QSO,9382,3,*QSO*
1436-0051,219.18751,-0.86424,1570.0,3180.0,o8ex56010,2347.0,STIS/NUV-MAMA,GALAXY;QSO,9382,3,*QSO*
1727+5302,261.91225,53.0415,1570.0,3180.0,o8ex67010,4380.0,STIS/NUV-MAMA,GALAXY;QSO,9382,3,*QSO*
HE2347-4342,357.6426666667,-43.43333333333,1570.0,3180.0,o6ag01020,640.0,STIS/NUV-MAMA,GALAXY;QSO,8875,3,*QSO*
0953+6351,148.35236,63.85088055556,1570.0,3180.0,obk501010,2686.0,STIS/NUV-MAMA,GALAXY;QSO,12308,3,*QSO*
0157-0048,29.39094,-0.80674,1570.0,3180.0,o8ex16020,2901.0,STIS/NUV-MAMA,GALAXY;QSO,9382,3,*QSO*
SDSSJ1252+2640,193.0810794528,26.68168108066,1570.0,3180.0,oc9b03020,1135.0,STIS/NUV-MAMA,GALAXY;BLR;QSO,13298,3,*QSO*
PHL1092,24.98241666667,6.323025,1570.0,3180.0,o8nc02020,5746.0,STIS/NUV-MAMA,GALAXY;QSO,9894,3,*QSO*
2328+0022,352.08482,0.37697,1570.0,3180.0,o8ex71020,2901.0,STIS/NUV-MAMA,GALAXY;QSO,9382,3,*QSO*
HE1104-1805A,166.6395,-18.35695555556,1605.0,3110.0,o5l407030,2897.0,STIS/NUV-MAMA,GALAXY;QSO;;EXT-MEDIUM;ABSORPTION LINE SYSTEM,8471,3,*QSO*
SDSSRM-392,215.30122125,52.69645833333,1570.0,3180.0,of8x19010,1885.0,STIS/NUV-MAMA,GALAXY;QSO,17487,3,*QSO*
SDSSRM-392,215.30122125,52.69645833333,1570.0,3180.0,of8x18010,1885.0,STIS/NUV-MAMA,GALAXY;QSO,17487,3,*QSO*
SDSSRM-392,215.30122125,52.69645833333,1570.0,3180.0,of8x13010,1825.0,STIS/NUV-MAMA,GALAXY;QSO,17487,3,*QSO*
SDSSRM-303,214.6258525,52.37012777778,1570.0,3180.0,of8x45010,1837.0,STIS/NUV-MAMA,GALAXY;QSO,17487,3,*QSO*
SDSSRM-392,215.30122125,52.69645833333,1570.0,3180.0,of8x14010,1825.0,STIS/NUV-MAMA,GALAXY;QSO,17487,3,*QSO*
PG1634+706,248.62025,70.52570555556,1640.0,3100.0,o4va04060,3320.0,STIS/NUV-MAMA,GALAXY;QSO,7292,3,*QSO*
HDFS-223338-603329-QSO,338.4069583333,-60.55804166667,1605.0,3110.0,o53q17050,1984.0,STIS/NUV-MAMA,GALAXY;QSO,8073,3,*QSO*
HDFS-223338-603329-QSO,338.4069583333,-60.55804166667,1570.0,3180.0,o53505030,1152.0,STIS/NUV-MAMA,GALAXY;QSO,8058,3,*QSO*
HDFS-223338-603329-QSO,338.4069583333,-60.55804166667,1605.0,3110.0,o53q21060,1380.0,STIS/NUV-MAMA,GALAXY;QSO,8073,3,*QSO*
HDFS-223338-603329-QSO,338.4069583333,-60.55804166667,1605.0,3110.0,o53513060,1200.0,STIS/NUV-MAMA,GALAXY;QSO,8058,3,*QSO*
Q2206-1958,332.21725,-19.73341666667,1640.0,3100.0,o53l06050,2817.0,STIS/NUV-MAMA,GALAXY;QSO,7334,3,*QSO*
HE0515-4414,79.281375,-44.18202777778,1605.0,3110.0,o5b203020,6000.0,STIS/NUV-MAMA,GALAXY;QSO,8288,3,*QSO*
HE0515-4414,79.281375,-44.18202777778,1605.0,3110.0,o5b201010,2500.0,STIS/NUV-MAMA,GALAXY;QSO,8288,3,*QSO*
H1821+643,275.4879166667,64.34352777778,1640.0,3100.0,o5e705020,1962.0,STIS/NUV-MAMA,GALAXY;QSO;;EXT-MEDIUM;ABSORPTION LINE SYSTEM,8165,3,*QSO*
H1821+643,275.488,64.34352777778,1640.0,3100.0,o5fe01040,6214.9,STIS/NUV-MAMA,GALAXY;QSO,8182,3,*QSO*
HE1104-1805A,166.6395,-18.35695555556,1605.0,3110.0,o5l401050,2897.0,STIS/NUV-MAMA,GALAXY;QSO;;EXT-MEDIUM;ABSORPTION LINE SYSTEM,8471,3,*QSO*
TON34,154.9859583333,27.73369444444,1605.0,3110.0,o6gx02010,2071.0,STIS/NUV-MAMA,GALAXY;QSO,9186,3,*QSO*
MARK132,150.374,54.91052777778,1605.0,3110.0,o6gx05030,2192.0,STIS/NUV-MAMA,GALAXY;QSO,9186,3,*QSO*
MARK132,150.374,54.91052777778,1605.0,3110.0,o6gx07010,2259.0,STIS/NUV-MAMA,GALAXY;QSO,9186,3,*QSO*
PG1552+085,238.6858333333,8.372777777778,1570.0,3180.0,o6mz4i010,900.0,STIS/NUV-MAMA,GALAXY;QSO,9507,3,*QSO*
0138-0005,24.60624,-0.09277,1570.0,3180.0,o8ex11020,2901.0,STIS/NUV-MAMA,GALAXY;QSO,9382,3,*QSO*
1455-0045,223.78401,-0.75233,1570.0,3180.0,o8ex57010,2375.0,STIS/NUV-MAMA,GALAXY;QSO,9382,3,*QSO*
1224+0037,186.05955,0.61886,1570.0,3180.0,o8ex44010,2363.0,STIS/NUV-MAMA,GALAXY;QSO,9382,3,*QSO*
1008-0018,152.15549,-0.30978,1570.0,3180.0,o8ex23020,2901.0,STIS/NUV-MAMA,GALAXY;QSO,9382,3,*QSO*
1109+0051,167.40151,0.85289,1570.0,3180.0,o8ex38010,2343.0,STIS/NUV-MAMA,GALAXY;QSO,9382,3,*QSO*
Q2237+030AC,340.1260333333,3.358375,1570.0,3180.0,ocod08030,1363.0,STIS/NUV-MAMA,GALAXY;GRAVITATIONAL LENS;LYMAN ALPHA CLOUD;QSO,13801,3,*QSO*
H1821+643,275.4879166667,64.34352777778,1640.0,3100.0,o5e7050c0,1908.0,STIS/NUV-MAMA,GALAXY;QSO;;EXT-MEDIUM;ABSORPTION LINE SYSTEM,8165,3,*QSO*
HE0502-2948,76.07925,-29.74419722222,1570.0,3180.0,o6mz1x010,900.0,STIS/NUV-MAMA,GALAXY;QSO,9507,3,*QSO*
Q1017-207AB,154.3502914238,-20.78290485916,1570.0,3180.0,ocod02020,1104.0,STIS/NUV-MAMA,GALAXY;GRAVITATIONAL LENS;LYMAN ALPHA CLOUD;QSO,13801,3,*QSO*
PG1630+377,248.0045875,37.630375,1605.0,3110.0,o64208010,14389.0,STIS/NUV-MAMA,GALAXY;QSO;;EXT-MEDIUM;ABSORPTION LINE SYSTEM - EXTRAGALACTIC,8673,3,*QSO*
PHL1092,24.98241666667,6.323025,1570.0,3180.0,o8nc02010,2327.0,STIS/NUV-MAMA,GALAXY;QSO,9894,3,*QSO*
HDFS-223338-603329-QSO,338.4069583333,-60.55804166667,1605.0,3110.0,o53q21030,2700.0,STIS/NUV-MAMA,GALAXY;QSO,8073,3,*QSO*
QSO-J1019+2745,154.9856675698,27.73375957916,1570.0,3180.0,obrr02020,474.0,STIS/NUV-MAMA,GALAXY;BLR;NLR;QSO,12510,3,*QSO*
SDSSRM-303,214.6258525,52.37012777778,1570.0,3180.0,of8x49010,1837.0,STIS/NUV-MAMA,GALAXY;QSO,17487,3,*QSO*
3C196,123.3995896278,48.21712110001,1570.0,3180.0,odn501040,1425.0,STIS/NUV-MAMA,GALAXY;LYMAN ALPHA CLOUD;QSO,15092,3,*QSO*
SDSSJ1530+2310,232.683751817,23.17048039286,1570.0,3180.0,oc9b05020,1130.0,STIS/NUV-MAMA,GALAXY;BLR;QSO,13298,3,*QSO*
HE1104-1805A,166.6395,-18.35695555556,1605.0,3110.0,o5l406040,2897.0,STIS/NUV-MAMA,GALAXY;QSO;;EXT-MEDIUM;ABSORPTION LINE SYSTEM,8471,3,*QSO*
MARK132,150.374,54.91052777778,1605.0,3110.0,o6gx08030,2192.0,STIS/NUV-MAMA,GALAXY;QSO,9186,3,*QSO*
1729+5758,262.49498,57.97731,1570.0,3180.0,o8ex68010,4380.0,STIS/NUV-MAMA,GALAXY;QSO,9382,3,*QSO*
SDSS-J025414.61-073435.4,43.56091,-7.576530555556,1570.0,3180.0,obk504010,2416.0,STIS/NUV-MAMA,GALAXY;QSO,12308,3,*QSO*
H1821+643,275.4879166667,64.34352777778,1640.0,3100.0,o5e705010,1962.0,STIS/NUV-MAMA,GALAXY;QSO;;EXT-MEDIUM;ABSORPTION LINE SYSTEM,8165,3,*QSO*
MARK132,150.374,54.91052777778,1605.0,3110.0,o6gx05010,2259.0,STIS/NUV-MAMA,GALAXY;QSO,9186,3,*QSO*
HE1104-1805A,166.6395,-18.35695555556,1605.0,3110.0,o5l407050,2897.0,STIS/NUV-MAMA,GALAXY;QSO;;EXT-MEDIUM;ABSORPTION LINE SYSTEM,8471,3,*QSO*
HE1104-1805A,166.6395,-18.35695555556,1605.0,3110.0,o5l406020,2897.0,STIS/NUV-MAMA,GALAXY;QSO;;EXT-MEDIUM;ABSORPTION LINE SYSTEM,8471,3,*QSO*
HE1104-1805A,166.6395,-18.35695555556,1605.0,3110.0,o5l403040,2897.0,STIS/NUV-MAMA,GALAXY;QSO;;EXT-MEDIUM;ABSORPTION LINE SYSTEM,8471,3,*QSO*
SDSSRM-392,215.30122125,52.69645833333,1570.0,3180.0,of8x03010,1885.0,STIS/NUV-MAMA,GALAXY;QSO,17487,3,*QSO*
1701+610,255.5466666667,60.98055555556,1570.0,3180.0,o57a02040,700.0,STIS/NUV-MAMA,GALAXY;QSO,8024,3,*QSO*
Q2206-1958,332.21725,-19.73341666667,1640.0,3100.0,o53l05020,2817.0,STIS/NUV-MAMA,GALAXY;QSO,7334,3,*QSO*
Q0454+0356,74.19654166667,4.01475,1640.0,3100.0,o55h04020,6867.6,STIS/NUV-MAMA,GALAXY;QSO,7475,3,*QSO*
FIRST-J164919.0+304718,252.3292083333,30.78833333333,1570.0,3180.0,o5da03020,11788.0,STIS/NUV-MAMA,GALAXY;QSO;LYMAN ALPHA CLOUD,8266,3,*QSO*
HE1104-1805A,166.6395,-18.35695555556,1605.0,3110.0,o5l402020,2897.0,STIS/NUV-MAMA,GALAXY;QSO;;EXT-MEDIUM;ABSORPTION LINE SYSTEM,8471,3,*QSO*
HS1543+5921,236.08375,59.20722222222,1570.0,3180.0,o5l301020,600.0,STIS/NUV-MAMA,GALAXY;QSO,8485,3,*QSO*
UM677,40.48541666667,-15.24501111111,1570.0,3180.0,o66g04010,2304.0,STIS/NUV-MAMA,GALAXY;QSO;;EXT-MEDIUM;ABSORPTION LINE SYSTEM - EXTRAGALACTIC,8569,3,*QSO*
TON34,154.9859583333,27.73369444444,1605.0,3110.0,o6gx01030,1888.0,STIS/NUV-MAMA,GALAXY;QSO,9186,3,*QSO*
1736+5938,264.18439,59.64437,1570.0,3180.0,o8ex70010,4380.0,STIS/NUV-MAMA,GALAXY;QSO,9382,3,*QSO*
0253+0107,43.3186,1.13327,1570.0,3180.0,o8ex17020,5802.0,STIS/NUV-MAMA,GALAXY;QSO,9382,3,*QSO*
0110+0019,17.73724,0.31978,1570.0,3180.0,o8ex05010,2367.0,STIS/NUV-MAMA,GALAXY;QSO,9382,3,*QSO*
SDSSJ0908+2852,137.1801451834,28.87495399046,1570.0,3180.0,oc9b02020,1125.0,STIS/NUV-MAMA,GALAXY;BLR;QSO,13298,3,*QSO*
HE1006-1211,152.2609166667,-12.43837222222,1570.0,3180.0,o6mz2d010,900.0,STIS/NUV-MAMA,GALAXY;QSO,9507,3,*QSO*
PG2112+059,318.7190833333,6.128588888889,1570.0,3180.0,o6j901010,900.0,STIS/NUV-MAMA,GALAXY;QSO,9277,3,*QSO*
SDSSJ1252+2640,193.08117,26.68166111111,1570.0,3180.0,oc9b03010,1135.0,STIS/NUV-MAMA,GALAXY;BLR;QSO,13298,3,*QSO*
2328+0022,352.08482,0.37697,1570.0,3180.0,o8ex71010,2359.0,STIS/NUV-MAMA,GALAXY;QSO,9382,3,*QSO*
1225+0035,186.48588,0.59278,1570.0,3180.0,o8ex77020,2901.0,STIS/NUV-MAMA,GALAXY;QSO,9382,3,*QSO*
1226-0006,186.53358,-0.10086,1570.0,3180.0,o8ex46020,5802.0,STIS/NUV-MAMA,GALAXY;QSO,9382,3,*QSO*
0134+0051,23.52393,0.85268,1570.0,3180.0,o8ex10020,2901.0,STIS/NUV-MAMA,GALAXY;QSO,9382,3,*QSO*
SDSSRM-303,214.6258525,52.37012777778,1570.0,3180.0,of8x28010,1837.0,STIS/NUV-MAMA,GALAXY;QSO,17487,3,*QSO*
SDSSRM-303,214.6258525,52.37012777778,1570.0,3180.0,of8x44010,1837.0,STIS/NUV-MAMA,GALAXY;QSO,17487,3,*QSO*
SDSSRM-392,215.30122125,52.69645833333,1570.0,3180.0,of8x21010,1885.0,STIS/NUV-MAMA,GALAXY;QSO,17487,3,*QSO*
Q2208-1720,332.8142312272,-17.09051132278,1570.0,3180.0,o56b08020,2899.0,STIS/NUV-MAMA,GALAXY;QSO,7359,3,*QSO*
H1821+643,275.488,64.34352777778,1640.0,3100.0,o5fe01020,9720.0,STIS/NUV-MAMA,GALAXY;QSO,8182,3,*QSO*
SDSS-J135535.81+004213.1,208.89927,0.7036305555556,1570.0,3180.0,obk505010,2384.0,STIS/NUV-MAMA,GALAXY;QSO,12308,3,*QSO*
Q2359+0653,0.4190833333333,7.165172222222,1570.0,3180.0,o66g37010,2304.0,STIS/NUV-MAMA,GALAXY;QSO;;EXT-MEDIUM;ABSORPTION LINE SYSTEM - EXTRAGALACTIC,8569,3,*QSO*
HE1104-1805A,166.6395,-18.35695555556,1605.0,3110.0,o5l404020,2897.0,STIS/NUV-MAMA,GALAXY;QSO;;EXT-MEDIUM;ABSORPTION LINE SYSTEM,8471,3,*QSO*
HE1104-1805A,166.6395,-18.35695555556,1605.0,3110.0,o5l404050,2897.0,STIS/NUV-MAMA,GALAXY;QSO;;EXT-MEDIUM;ABSORPTION LINE SYSTEM,8471,3,*QSO*
HE1104-1805A,166.6395,-18.35695555556,1605.0,3110.0,o5l402040,2897.0,STIS/NUV-MAMA,GALAXY;QSO;;EXT-MEDIUM;ABSORPTION LINE SYSTEM,8471,3,*QSO*
HE1104-1805A,166.6395,-18.35695555556,1605.0,3110.0,o5l401030,2897.0,STIS/NUV-MAMA,GALAXY;QSO;;EXT-MEDIUM;ABSORPTION LINE SYSTEM,8471,3,*QSO*
PG1634+706,248.6204166667,70.52583333333,1605.0,3110.0,o5c801010,24000.0,STIS/NUV-MAMA,GALAXY;QSO;;EXT-MEDIUM;ABSORPTION LINE SYSTEM - EXTRAGALACTIC,8312,3,*QSO*
Q1017-207AB,154.3498458333,-20.78289722222,1570.0,3180.0,ocod02010,1104.0,STIS/NUV-MAMA,GALAXY;GRAVITATIONAL LENS;LYMAN ALPHA CLOUD;QSO,13801,3,*QSO*
SDSSRM-392,215.30122125,52.69645833333,1570.0,3180.0,of8x09010,1885.0,STIS/NUV-MAMA,GALAXY;QSO,17487,3,*QSO*
SDSSRM-392,215.30122125,52.69645833333,1570.0,3180.0,of8x11010,1885.0,STIS/NUV-MAMA,GALAXY;QSO,17487,3,*QSO*
PG0946+301,147.42125,29.92188888889,1570.0,3180.0,o5ao07010,2160.0,STIS/NUV-MAMA,GALAXY;QSO,8284,3,*QSO*
HDFS-223338-603329-QSO,338.4069583333,-60.55804166667,1570.0,3180.0,o53508040,1260.0,STIS/NUV-MAMA,GALAXY;QSO,8058,3,*QSO*
HDFS-223338-603329-QSO,338.4069583333,-60.55804166667,1605.0,3110.0,o52z28040,2580.0,STIS/NUV-MAMA,GALAXY;QSO,8074,3,*QSO*
HE1122-1648,171.1784583333,-17.08830833333,1605.0,3110.0,o8mn02050,2877.0,STIS/NUV-MAMA,GALAXY;QSO,9885,3,*QSO*
1028-0100,157.15408,-1.00774,1570.0,3180.0,o8ex29020,2901.0,STIS/NUV-MAMA,GALAXY;QSO,9382,3,*QSO*
HS0810+2554,123.3805,25.75069444444,1605.0,3110.0,o6ca15010,2431.0,STIS/NUV-MAMA,GALAXY;QSO,9040,3,*QSO*
HS0747+4259,117.727625,42.87211111111,1605.0,3110.0,o6ca01010,2530.0,STIS/NUV-MAMA,GALAXY;QSO,9040,3,*QSO*
0831+3635,127.99081,36.59806944444,1570.0,3180.0,obk502010,2463.0,STIS/NUV-MAMA,GALAXY;QSO,12308,3,*QSO*
H0450-1310,73.30616666667,-13.09884444444,1570.0,3180.0,o66g11010,2304.0,STIS/NUV-MAMA,GALAXY;QSO;;EXT-MEDIUM;ABSORPTION LINE SYSTEM - EXTRAGALACTIC,8569,3,*QSO*
PG1634+706,248.62025,70.52570555556,1605.0,3110.0,o4va05050,2900.0,STIS/NUV-MAMA,GALAXY;QSO,7292,3,*QSO*
H1821+643,275.4879166667,64.34352777778,1640.0,3100.0,o5e705060,1962.0,STIS/NUV-MAMA,GALAXY;QSO;;EXT-MEDIUM;ABSORPTION LINE SYSTEM,8165,3,*QSO*
3C196,123.3997627409,48.21719846429,1570.0,3180.0,odn501020,1151.0,STIS/NUV-MAMA,GALAXY;LYMAN ALPHA CLOUD;QSO,15092,3,*QSO*
3C196,123.3994165153,48.21704373548,1570.0,3180.0,odn501060,1425.0,STIS/NUV-MAMA,GALAXY;LYMAN ALPHA CLOUD;QSO,15092,3,*QSO*
HE0512-3329,78.54493041667,-33.43958444444,1570.0,3180.0,o6fb03010,2400.0,STIS/NUV-MAMA,GALAXY;QSO,9165,3,*QSO*
MARK132,150.374,54.91052777778,1605.0,3110.0,o6gx09030,2192.0,STIS/NUV-MAMA,GALAXY;QSO,9186,3,*QSO*
0116-0043,19.0647,-0.72648,1570.0,3180.0,o8ex06010,2363.0,STIS/NUV-MAMA,GALAXY;QSO,9382,3,*QSO*
1110+0048,167.72878,0.81487,1570.0,3180.0,o8ex39020,2901.0,STIS/NUV-MAMA,GALAXY;QSO,9382,3,*QSO*
HE1105-0746,167.052625,-8.041397222222,1570.0,3180.0,o6mz2n010,900.0,STIS/NUV-MAMA,GALAXY;QSO,9507,3,*QSO*
PKS0405-12,61.95175,-12.19333333333,1640.0,3100.0,o58301040,2902.0,STIS/NUV-MAMA,GALAXY;QSO;LYMAN ALPHA CLOUD;;EXT-MEDIUM;ABSORPTION LINE SYSTEM- EXTRAGALACTIC,7290,3,*QSO*
0106+0105,16.51618,1.08506,1570.0,3180.0,o8ex03020,2901.0,STIS/NUV-MAMA,GALAXY;QSO,9382,3,*QSO*
1032+0003,158.16318,0.06483,1570.0,3180.0,o8ex31010,2400.0,STIS/NUV-MAMA,GALAXY;QSO,9382,3,*QSO*
1345-0023,206.44925,-0.38996,1570.0,3180.0,o8ex51010,2350.0,STIS/NUV-MAMA,GALAXY;QSO,9382,3,*QSO*
1733+5533,263.34609,55.55007,1570.0,3180.0,o8ex69010,4380.0,STIS/NUV-MAMA,GALAXY;QSO,9382,3,*QSO*
HDFS-223338-603329-QSO,338.4069583333,-60.55804166667,1605.0,3110.0,o53q17010,1440.0,STIS/NUV-MAMA,GALAXY;QSO,8073,3,*QSO*
Q2206-1958,332.21725,-19.73341666667,1640.0,3100.0,o53l06020,2817.0,STIS/NUV-MAMA,GALAXY;QSO,7334,3,*QSO*
HDFS-223338-603329-QSO,338.4069583333,-60.55804166667,1605.0,3110.0,o52z28010,1800.0,STIS/NUV-MAMA,GALAXY;QSO,8074,3,*QSO*
PG1718+481,259.9093333333,48.07008888889,1605.0,3110.0,o4va02050,2880.0,STIS/NUV-MAMA,GALAXY;QSO,7292,3,*QSO*
Q0041-2638,10.92804166667,-26.36921388889,1570.0,3180.0,o66g02010,2374.0,STIS/NUV-MAMA,GALAXY;QSO;;EXT-MEDIUM;ABSORPTION LINE SYSTEM - EXTRAGALACTIC,8569,3,*QSO*
H0449-1645,73.05929166667,-16.67132222222,1570.0,3180.0,o66g09010,2304.0,STIS/NUV-MAMA,GALAXY;QSO;;EXT-MEDIUM;ABSORPTION LINE SYSTEM - EXTRAGALACTIC,8569,3,*QSO*
SDSSRM-392,215.30122125,52.69645833333,1570.0,3180.0,of8x25010,1885.0,STIS/NUV-MAMA,GALAXY;QSO,17487,3,*QSO*
Q0454+0356,74.19654166667,4.01475,1640.0,3100.0,o55h04010,2064.0,STIS/NUV-MAMA,GALAXY;QSO,7475,3,*QSO*
HE2327-5522,352.5076666667,-55.10654722222,1570.0,3180.0,o6mz3x010,900.0,STIS/NUV-MAMA,GALAXY;QSO,9507,3,*QSO*
HE0354-5500,58.80558333333,-54.86588611111,1570.0,3180.0,o6mz1p010,720.0,STIS/NUV-MAMA,GALAXY;QSO,9507,3,*QSO*
HE0512-3329,78.54493041667,-33.43958444444,1570.0,3180.0,o6fb04010,2400.0,STIS/NUV-MAMA,GALAXY;QSO,9165,3,*QSO*
SDSSRM-303,214.6258525,52.37012777778,1570.0,3180.0,of8x42010,1837.0,STIS/NUV-MAMA,GALAXY;QSO,17487,3,*QSO*
SDSSRM-392,215.30122125,52.69645833333,1570.0,3180.0,of8x16010,1885.0,STIS/NUV-MAMA,GALAXY;QSO,17487,3,*QSO*
Q1017-207AB,154.3505884842,-20.78290994982,1570.0,3180.0,ocod01060,1334.0,STIS/NUV-MAMA,GALAXY;GRAVITATIONAL LENS;LYMAN ALPHA CLOUD;QSO,13801,3,*QSO*
SDSSJ1530+2310,232.68369,23.17041944444,1570.0,3180.0,oc9b05010,1130.0,STIS/NUV-MAMA,GALAXY;BLR;QSO,13298,3,*QSO*
SDSSRM-303,214.6258525,52.37012777778,1570.0,3180.0,of8x41010,1837.0,STIS/NUV-MAMA,GALAXY;QSO,17487,3,*QSO*
HDFS-223338-603329-QSO,338.4069583333,-60.55804166667,1605.0,3110.0,o52z28050,2304.0,STIS/NUV-MAMA,GALAXY;QSO,8074,3,*QSO*
Q1212+1445,183.6677916667,14.48336111111,1570.0,3180.0,o56b02040,2901.0,STIS/NUV-MAMA,GALAXY;QSO,7359,3,*QSO*
H1821+643,275.4879166667,64.34352777778,1640.0,3100.0,o5e705040,1962.0,STIS/NUV-MAMA,GALAXY;QSO;;EXT-MEDIUM;ABSORPTION LINE SYSTEM,8165,3,*QSO*
0123-0058,20.76341,-0.97205,1570.0,3180.0,o8ex87020,2880.0,STIS/NUV-MAMA,GALAXY;QSO,9382,3,*QSO*
0153+0009,28.32542,0.15323,1570.0,3180.0,o8ex15010,2379.0,STIS/NUV-MAMA,GALAXY;QSO,9382,3,*QSO*
Q2237+030AC,340.1258300249,3.358011106254,1570.0,3180.0,ocod08020,1134.0,STIS/NUV-MAMA,GALAXY;GRAVITATIONAL LENS;LYMAN ALPHA CLOUD;QSO,13801,3,*QSO*
MARK132,150.374,54.91052777778,1605.0,3110.0,o6gx08010,2259.0,STIS/NUV-MAMA,GALAXY;QSO,9186,3,*QSO*
HE1104-1805A,166.6395,-18.35695555556,1605.0,3110.0,o5l407020,2897.0,STIS/NUV-MAMA,GALAXY;QSO;;EXT-MEDIUM;ABSORPTION LINE SYSTEM,8471,3,*QSO*
PG1634+706,248.62025,70.52570555556,1640.0,3100.0,o4va04040,3320.0,STIS/NUV-MAMA,GALAXY;QSO,7292,3,*QSO*
PG1634+706,248.62025,70.52570555556,1605.0,3110.0,o4va05030,2900.0,STIS/NUV-MAMA,GALAXY;QSO,7292,3,*QSO*
HDFS-223338-603329-QSO,338.4069583333,-60.55804166667,1570.0,3180.0,o4e701070,2200.0,STIS/NUV-MAMA,GALAXY;QSO,7633,3,*QSO*
Q2237+030AC,340.1256944861,3.357768510399,1570.0,3180.0,ocod08060,1364.0,STIS/NUV-MAMA,GALAXY;GRAVITATIONAL LENS;LYMAN ALPHA CLOUD;QSO,13801,3,*QSO*
HDFS-223338-603329-QSO,338.4069583333,-60.55804166667,1605.0,3110.0,o52z29080,1452.0,STIS/NUV-MAMA,GALAXY;QSO,8074,3,*QSO*
HDFS-223338-603329-QSO,338.4069583333,-60.55804166667,1605.0,3110.0,o52z29020,2580.0,STIS/NUV-MAMA,GALAXY;QSO,8074,3,*QSO*
HDFS-223338-603329-QSO,338.4069583333,-60.55804166667,1605.0,3110.0,o52z25020,2400.0,STIS/NUV-MAMA,GALAXY;QSO,8074,3,*QSO*
HDFS-223338-603329-QSO,338.4069583333,-60.55804166667,1605.0,3110.0,o53513030,1664.0,STIS/NUV-MAMA,GALAXY;QSO,8058,3,*QSO*
Q1017-207AB,154.3498458333,-20.78289722222,1570.0,3180.0,ocod01030,1334.0,STIS/NUV-MAMA,GALAXY;GRAVITATIONAL LENS;LYMAN ALPHA CLOUD;QSO,13801,3,*QSO*
Q2237+030AC,340.1257622555,3.357889808329,1570.0,3180.0,ocod08040,1364.0,STIS/NUV-MAMA,GALAXY;GRAVITATIONAL LENS;LYMAN ALPHA CLOUD;QSO,13801,3,*QSO*
Q1355-2257AB,208.9305276104,-22.95658604988,1570.0,3180.0,ocod05020,1133.0,STIS/NUV-MAMA,GALAXY;GRAVITATIONAL LENS;LYMAN ALPHA CLOUD;QSO,13801,3,*QSO*
3C196,123.3992733907,48.21693788434,1570.0,3180.0,odn502040,1425.0,STIS/NUV-MAMA,GALAXY;LYMAN ALPHA CLOUD;QSO,15092,3,*QSO*
3C196,123.4002820833,48.21743055556,1570.0,3180.0,odn502030,1425.0,STIS/NUV-MAMA,GALAXY;LYMAN ALPHA CLOUD;QSO,15092,3,*QSO*
SDSSJ1054+2733AB,163.670125,27.55177777778,1570.0,3180.0,ocod03010,1143.0,STIS/NUV-MAMA,GALAXY;GRAVITATIONAL LENS;LYMAN ALPHA CLOUD;QSO,13801,3,*QSO*
SDSSJ1629+2532,247.3900040223,25.53359107976,1570.0,3180.0,oc9b06020,1115.0,STIS/NUV-MAMA,GALAXY;BLR;QSO,13298,3,*QSO*
HE0515-4414,79.281375,-44.18202777778,1605.0,3110.0,o5b202020,9000.0,STIS/NUV-MAMA,GALAXY;QSO,8288,3,*QSO*
0253+0107,43.3186,1.13327,1570.0,3180.0,o8ex17010,2339.0,STIS/NUV-MAMA,GALAXY;QSO,9382,3,*QSO*
HDFS-223338-603329-QSO,338.4069583333,-60.55804166667,1605.0,3110.0,o52z24010,2024.0,STIS/NUV-MAMA,GALAXY;QSO,8074,3,*QSO*
Q2206-1958,332.21725,-19.73341666667,1640.0,3100.0,o53l02030,2817.0,STIS/NUV-MAMA,GALAXY;QSO,7334,3,*QSO*
Q2206-1958,332.21725,-19.73341666667,1640.0,3100.0,o53l03020,2817.0,STIS/NUV-MAMA,GALAXY;QSO,7334,3,*QSO*
1521-0009,230.25822,-0.1512,1570.0,3180.0,o8ex59010,2335.0,STIS/NUV-MAMA,GALAXY;QSO,9382,3,*QSO*
HS0747+4259,117.727625,42.87211111111,1605.0,3110.0,o6ca03020,6000.0,STIS/NUV-MAMA,GALAXY;QSO,9040,3,*QSO*
HE1104-1805A,166.6395,-18.35695555556,1605.0,3110.0,o5l408010,2387.0,STIS/NUV-MAMA,GALAXY;QSO;;EXT-MEDIUM;ABSORPTION LINE SYSTEM,8471,3,*QSO*
FIRST-J164919.0+304718,252.3292083333,30.78833333333,1570.0,3180.0,o5da03010,1990.0,STIS/NUV-MAMA,GALAXY;QSO;LYMAN ALPHA CLOUD,8266,3,*QSO*
Q1017-207AB,154.3507370144,-20.78291249496,1570.0,3180.0,ocod01080,1334.0,STIS/NUV-MAMA,GALAXY;GRAVITATIONAL LENS;LYMAN ALPHA CLOUD;QSO,13801,3,*QSO*
Q1355-2257AB,208.9309583333,-22.95645833333,1570.0,3180.0,ocod05050,1368.0,STIS/NUV-MAMA,GALAXY;GRAVITATIONAL LENS;LYMAN ALPHA CLOUD;QSO,13801,3,*QSO*
Q1017-207AB,154.3502914238,-20.78290485916,1570.0,3180.0,ocod01020,1104.0,STIS/NUV-MAMA,GALAXY;GRAVITATIONAL LENS;LYMAN ALPHA CLOUD;QSO,13801,3,*QSO*
1107+0048,166.87092,0.80286,1570.0,3180.0,o8ex36010,2383.0,STIS/NUV-MAMA,GALAXY;QSO,9382,3,*QSO*
1010-0047,152.63916,-0.79011,1570.0,3180.0,o8ex27010,2375.0,STIS/NUV-MAMA,GALAXY;QSO,9382,3,*QSO*
0134+0051,23.52393,0.85268,1570.0,3180.0,o8ex10010,2351.0,STIS/NUV-MAMA,GALAXY;QSO,9382,3,*QSO*
0021+0104,5.36619,1.07225,1570.0,3180.0,o8ex01010,2355.0,STIS/NUV-MAMA,GALAXY;QSO,9382,3,*QSO*
0153+0052,28.28767,0.88066,1570.0,3180.0,o8ex14020,2901.0,STIS/NUV-MAMA,GALAXY;QSO,9382,3,*QSO*
MARK132,150.374,54.91052777778,1605.0,3110.0,o6gx07030,2192.0,STIS/NUV-MAMA,GALAXY;QSO,9186,3,*QSO*
HE1122-1648,171.1784583333,-17.08830833333,1605.0,3110.0,o8mn01010,2383.0,STIS/NUV-MAMA,GALAXY;QSO,9885,3,*QSO*
RXSJ04397-4540,69.93670833333,-45.67836666667,1570.0,3180.0,o8nc04020,1162.0,STIS/NUV-MAMA,GALAXY;QSO,9894,3,*QSO*
HDFS-223338-603329-QSO,338.4069583333,-60.55804166667,1605.0,3110.0,o52z29030,2820.0,STIS/NUV-MAMA,GALAXY;QSO,8074,3,*QSO*
HDFS-223338-603329-QSO,338.4069583333,-60.55804166667,1605.0,3110.0,o52z25010,1980.0,STIS/NUV-MAMA,GALAXY;QSO,8074,3,*QSO*
PG1634+706,248.62025,70.52570555556,1640.0,3100.0,o4va04020,3320.0,STIS/NUV-MAMA,GALAXY;QSO,7292,3,*QSO*
Q2208-1720,332.8142312272,-17.09051132278,1570.0,3180.0,o56b08010,2106.0,STIS/NUV-MAMA,GALAXY;QSO,7359,3,*QSO*
2331+0038,352.84084,0.63508,1570.0,3180.0,o8ex72010,2379.0,STIS/NUV-MAMA,GALAXY;QSO,9382,3,*QSO*
MARK132,150.374,54.91052777778,1605.0,3110.0,o6gx06030,2192.0,STIS/NUV-MAMA,GALAXY;QSO,9186,3,*QSO*
Q1017-207AB,154.3498458333,-20.78289722222,1570.0,3180.0,ocod01050,1334.0,STIS/NUV-MAMA,GALAXY;GRAVITATIONAL LENS;LYMAN ALPHA CLOUD;QSO,13801,3,*QSO*
SDSSJ1447-0203,221.9239592473,-2.06092465736,1570.0,3180.0,oc9b04040,1367.0,STIS/NUV-MAMA,GALAXY;BLR;QSO,13298,3,*QSO*
HS0810+2554,123.3805,25.75069444444,1605.0,3110.0,o6ca16020,5846.0,STIS/NUV-MAMA,GALAXY;QSO,9040,3,*QSO*
HS0747+4259,117.727625,42.87211111111,1605.0,3110.0,o6ca06010,2530.0,STIS/NUV-MAMA,GALAXY;QSO,9040,3,*QSO*
HE1104-1805A,166.6395,-18.35695555556,1605.0,3110.0,o5l408030,2897.0,STIS/NUV-MAMA,GALAXY;QSO;;EXT-MEDIUM;ABSORPTION LINE SYSTEM,8471,3,*QSO*
PG0953+415,149.218125,41.25625,1640.0,3100.0,o63g03010,2201.0,STIS/NUV-MAMA,GALAXY;QSO;;EXT-MEDIUM;ABSORPTION LINE SYSTEM - EXTRAGALACTIC,8695,3,*QSO*
PKS0405-12,61.95175,-12.19333333333,1640.0,3100.0,o58301010,2271.0,STIS/NUV-MAMA,GALAXY;QSO;LYMAN ALPHA CLOUD;;EXT-MEDIUM;ABSORPTION LINE SYSTEM- EXTRAGALACTIC,7290,3,*QSO*
HDFS-223338-603329-QSO,338.4069583333,-60.55804166667,1605.0,3110.0,o52z29040,2304.0,STIS/NUV-MAMA,GALAXY;QSO,8074,3,*QSO*
HDFS-223338-603329-QSO,338.4069583333,-60.55804166667,1605.0,3110.0,o53q20060,2304.0,STIS/NUV-MAMA,GALAXY;QSO,8073,3,*QSO*
QSO-1503-4155,225.7300416667,-41.90827777778,1570.0,3180.0,o5be31010,2457.0,STIS/NUV-MAMA,GALAXY;QSO,8244,3,*QSO*
H1821+643,275.4879166667,64.34352777778,1640.0,3100.0,o5e705030,1962.0,STIS/NUV-MAMA,GALAXY;QSO;;EXT-MEDIUM;ABSORPTION LINE SYSTEM,8165,3,*QSO*
PG0953+415,149.2181613898,41.25625481844,1640.0,3100.0,o63g03030,3022.0,STIS/NUV-MAMA,GALAXY;QSO;;EXT-MEDIUM;ABSORPTION LINE SYSTEM - EXTRAGALACTIC,8695,3,*QSO*
SDSS-J135535.81+004213.1,208.89927,0.7036305555556,1570.0,3180.0,obk505020,2984.0,STIS/NUV-MAMA,GALAXY;QSO,12308,3,*QSO*
1715+5747,258.91589,57.78945,1570.0,3180.0,o8ex64010,4380.0,STIS/NUV-MAMA,GALAXY;QSO,9382,3,*QSO*
1107+0003,166.90273,0.05795,1570.0,3180.0,o8ex37010,2367.0,STIS/NUV-MAMA,GALAXY;QSO,9382,3,*QSO*
1022+0101,155.74907,1.02311,1570.0,3180.0,o8ex28020,2901.0,STIS/NUV-MAMA,GALAXY;QSO,9382,3,*QSO*
Q1017-207AB,154.350439954,-20.78290740456,1570.0,3180.0,ocod02040,1334.0,STIS/NUV-MAMA,GALAXY;GRAVITATIONAL LENS;LYMAN ALPHA CLOUD;QSO,13801,3,*QSO*
MARK132,150.374,54.91052777778,1605.0,3110.0,o6gx06020,3111.0,STIS/NUV-MAMA,GALAXY;QSO,9186,3,*QSO*
1220-0040,185.15429,-0.67609,1570.0,3180.0,o8ex43020,2901.0,STIS/NUV-MAMA,GALAXY;QSO,9382,3,*QSO*
HS0747+4259,117.727625,42.87211111111,1605.0,3110.0,o6ca03010,2530.0,STIS/NUV-MAMA,GALAXY;QSO,9040,3,*QSO*
1010+0003,152.57567,0.06427,1570.0,3180.0,o8ex26010,2375.0,STIS/NUV-MAMA,GALAXY;QSO,9382,3,*QSO*
Q2206-1958,332.21725,-19.73341666667,1640.0,3100.0,o53l02020,2817.0,STIS/NUV-MAMA,GALAXY;QSO,7334,3,*QSO*
HDFS-223338-603329-QSO,338.4069583333,-60.55804166667,1605.0,3110.0,o53513010,1140.0,STIS/NUV-MAMA,GALAXY;QSO,8058,3,*QSO*
HE1104-1805A,166.6395,-18.35695555556,1605.0,3110.0,o5l404010,2387.0,STIS/NUV-MAMA,GALAXY;QSO;;EXT-MEDIUM;ABSORPTION LINE SYSTEM,8471,3,*QSO*
HDFS-223338-603329-QSO,338.4069583333,-60.55804166667,1605.0,3110.0,o53q20010,1684.0,STIS/NUV-MAMA,GALAXY;QSO,8073,3,*QSO*
SDSS-J120520.46+314433.6,181.33528,31.74266944444,1570.0,3180.0,obk506010,2437.0,STIS/NUV-MAMA,GALAXY;QSO,12308,3,*QSO*
QSO-J1019+2745,154.9853527099,27.73363429251,1570.0,3180.0,obrr02040,474.0,STIS/NUV-MAMA,GALAXY;BLR;NLR;QSO,12510,3,*QSO*
1419-0036,214.83757,-0.61496,1570.0,3180.0,o8ex52010,2375.0,STIS/NUV-MAMA,GALAXY;QSO,9382,3,*QSO*
HE0441-2826,70.8365,-28.34786944444,1570.0,3180.0,o6mz1v010,900.0,STIS/NUV-MAMA,GALAXY;QSO,9507,3,*QSO*
Q1355-2257AB,208.9309583333,-22.95645833333,1570.0,3180.0,ocod05030,1368.0,STIS/NUV-MAMA,GALAXY;GRAVITATIONAL LENS;LYMAN ALPHA CLOUD;QSO,13801,3,*QSO*
Q2206-1958,332.21725,-19.73341666667,1640.0,3100.0,o53l03010,2126.0,STIS/NUV-MAMA,GALAXY;QSO,7334,3,*QSO*
SDSSRM-303,214.6258525,52.37012777778,1570.0,3180.0,of8x31010,1837.0,STIS/NUV-MAMA,GALAXY;QSO,17487,3,*QSO*
Q2206-1958,332.21725,-19.73341666667,1640.0,3100.0,o53l05050,2817.0,STIS/NUV-MAMA,GALAXY;QSO,7334,3,*QSO*
PC1320+4755A,200.663875,47.65776944444,1570.0,3180.0,o59y07010,2263.0,STIS/NUV-MAMA,GALAXY;QSO;LYMAN ALPHA CLOUD,8126,3,*QSO*
HE1104-1805A,166.6395,-18.35695555556,1605.0,3110.0,o5l407010,2387.0,STIS/NUV-MAMA,GALAXY;QSO;;EXT-MEDIUM;ABSORPTION LINE SYSTEM,8471,3,*QSO*
Q2237+030AC,340.1260333333,3.358375,1570.0,3180.0,ocod08050,1363.0,STIS/NUV-MAMA,GALAXY;GRAVITATIONAL LENS;LYMAN ALPHA CLOUD;QSO,13801,3,*QSO*
MARK132,150.374,54.91052777778,1605.0,3110.0,o6gx06010,2259.0,STIS/NUV-MAMA,GALAXY;QSO,9186,3,*QSO*
Q1235+1807,189.5841666667,17.84413888889,1570.0,3180.0,o56b03030,2899.0,STIS/NUV-MAMA,GALAXY;QSO,7359,3,*QSO*
Q1212+1445,183.6677916667,14.48336111111,1570.0,3180.0,o56b02020,2901.0,STIS/NUV-MAMA,GALAXY;QSO,7359,3,*QSO*
Q1235+1807,189.5841666667,17.84413888889,1570.0,3180.0,o56b03020,2899.0,STIS/NUV-MAMA,GALAXY;QSO,7359,3,*QSO*
SDSSJ0812+5225,123.2118159143,52.42523923568,1570.0,3180.0,oc9b01020,1223.0,STIS/NUV-MAMA,GALAXY;BLR;QSO,13298,3,*QSO*
0126-0105,21.62647,-1.08362,1570.0,3180.0,o8ex08010,2371.0,STIS/NUV-MAMA,GALAXY;QSO,9382,3,*QSO*
1007+0042,151.81447,0.71612,1570.0,3180.0,o8ex88010,2400.0,STIS/NUV-MAMA,GALAXY;QSO,9382,3,*QSO*
1431-0050,217.93226,-0.8368,1570.0,3180.0,o8ex55010,2375.0,STIS/NUV-MAMA,GALAXY;QSO,9382,3,*QSO*
3C196,123.3999458503,48.2172663328,1570.0,3180.0,odn502020,1151.0,STIS/NUV-MAMA,GALAXY;LYMAN ALPHA CLOUD;QSO,15092,3,*QSO*
MARK132,150.374,54.91052777778,1605.0,3110.0,o6gx09020,3111.0,STIS/NUV-MAMA,GALAXY;QSO,9186,3,*QSO*
2MASSI-J151653.2+190048,229.2218333333,19.01336111111,1570.0,3180.0,o6g907010,2311.0,STIS/NUV-MAMA,GALAXY;QSO,9161,3,*QSO*
PKS0405-12,61.95175,-12.19333333333,1640.0,3100.0,o58301020,1200.0,STIS/NUV-MAMA,GALAXY;QSO;LYMAN ALPHA CLOUD;;EXT-MEDIUM;ABSORPTION LINE SYSTEM- EXTRAGALACTIC,7290,3,*QSO*
HDFS-223338-603329-QSO,338.4069583333,-60.55804166667,1605.0,3110.0,o53q17030,1984.0,STIS/NUV-MAMA,GALAXY;QSO,8073,3,*QSO*
Q2206-1958,332.21725,-19.73341666667,1640.0,3100.0,o53l54050,2817.0,STIS/NUV-MAMA,GALAXY;QSO,7334,3,*QSO*
HDFS-223338-603329-QSO,338.4069583333,-60.55804166667,1605.0,3110.0,o53513040,2400.0,STIS/NUV-MAMA,GALAXY;QSO,8058,3,*QSO*
SDSSRM-392,215.30122125,52.69645833333,1570.0,3180.0,of8x20010,1885.0,STIS/NUV-MAMA,GALAXY;QSO,17487,3,*QSO*
SDSSRM-392,215.30122125,52.69645833333,1570.0,3180.0,of8x07010,1885.0,STIS/NUV-MAMA,GALAXY;QSO,17487,3,*QSO*
TON34,154.9859583333,27.73369444444,1605.0,3110.0,o6gx02040,1888.0,STIS/NUV-MAMA,GALAXY;QSO,9186,3,*QSO*
PG2302+029,346.1875,3.196111111111,1605.0,3110.0,o57q01010,950.0,STIS/NUV-MAMA,EXT-MEDIUM;ABSORPTION LINE SYSTEM - EXTRAGALACTIC;;GALAXY;QSO,7358,3,*QSO*
HDFS-223338-603329-QSO,338.4069583333,-60.55804166667,1605.0,3110.0,o53512060,2304.0,STIS/NUV-MAMA,GALAXY;QSO,8058,3,*QSO*
HDFS-223338-603329-QSO,338.4069583333,-60.55804166667,1605.0,3110.0,o4yf32030,2304.0,STIS/NUV-MAMA,GALAXY;QSO,8075,3,*QSO*
Q2206-1958,332.21725,-19.73341666667,1640.0,3100.0,o53l54020,2817.0,STIS/NUV-MAMA,GALAXY;QSO,7334,3,*QSO*
Q2111-4335,318.7786666667,-43.38641666667,1570.0,3180.0,o56b06010,2291.0,STIS/NUV-MAMA,GALAXY;QSO,7359,3,*QSO*
Q1212+1445,183.6677916667,14.48336111111,1570.0,3180.0,o56b02010,2108.0,STIS/NUV-MAMA,GALAXY;QSO,7359,3,*QSO*
Q2206-1958,332.21725,-19.73341666667,1640.0,3100.0,o53l02010,2126.0,STIS/NUV-MAMA,GALAXY;QSO,7334,3,*QSO*
HE1104-1805A,166.6395,-18.35695555556,1605.0,3110.0,o5l406010,2387.0,STIS/NUV-MAMA,GALAXY;QSO;;EXT-MEDIUM;ABSORPTION LINE SYSTEM,8471,3,*QSO*
HE1104-1805A,166.6395,-18.35695555556,1605.0,3110.0,o5l407040,2897.0,STIS/NUV-MAMA,GALAXY;QSO;;EXT-MEDIUM;ABSORPTION LINE SYSTEM,8471,3,*QSO*
HE1104-1805A,166.6395,-18.35695555556,1605.0,3110.0,o5l402010,2387.0,STIS/NUV-MAMA,GALAXY;QSO;;EXT-MEDIUM;ABSORPTION LINE SYSTEM,8471,3,*QSO*
HE1104-1805A,166.6395,-18.35695555556,1605.0,3110.0,o5l401040,2897.0,STIS/NUV-MAMA,GALAXY;QSO;;EXT-MEDIUM;ABSORPTION LINE SYSTEM,8471,3,*QSO*
0953-0038,148.34828,-0.63434,1570.0,3180.0,o8ex20010,2347.0,STIS/NUV-MAMA,GALAXY;QSO,9382,3,*QSO*
PG1718+481,259.9093333333,48.07008888889,1605.0,3110.0,o4va02030,3054.0,STIS/NUV-MAMA,GALAXY;QSO,7292,3,*QSO*
SDSSRM-392,215.30122125,52.69645833333,1570.0,3180.0,of8x15010,1885.0,STIS/NUV-MAMA,GALAXY;QSO,17487,3,*QSO*
HDFS-223338-603329-QSO,338.4069583333,-60.55804166667,1605.0,3110.0,o4yf36050,2604.0,STIS/NUV-MAMA,GALAXY;QSO,8075,3,*QSO*
Q2206-1958,332.21725,-19.73341666667,1640.0,3100.0,o53l05030,2817.0,STIS/NUV-MAMA,GALAXY;QSO,7334,3,*QSO*
UM211,3.045333333333,-1.368816666667,1570.0,3180.0,o66g17010,2304.0,STIS/NUV-MAMA,GALAXY;QSO;;EXT-MEDIUM;ABSORPTION LINE SYSTEM - EXTRAGALACTIC,8569,3,*QSO*
TON34,154.9859583333,27.73369444444,1605.0,3110.0,o6gx02050,1888.0,STIS/NUV-MAMA,GALAXY;QSO,9186,3,*QSO*
TON34,154.9859583333,27.73369444444,1605.0,3110.0,o6gx03050,1888.0,STIS/NUV-MAMA,GALAXY;QSO,9186,3,*QSO*
TON34,154.9859583333,27.73369444444,1605.0,3110.0,o6gx01040,1888.0,STIS/NUV-MAMA,GALAXY;QSO,9186,3,*QSO*
HE1122-1648,171.1784583333,-17.08830833333,1605.0,3110.0,o8mn01050,2877.0,STIS/NUV-MAMA,GALAXY;QSO,9885,3,*QSO*
SDSSJ1629+2532,247.39003,25.53351111111,1570.0,3180.0,oc9b06010,1115.0,STIS/NUV-MAMA,GALAXY;BLR;QSO,13298,3,*QSO*
SDSSRM-303,214.6258525,52.37012777778,1570.0,3180.0,of8x40010,1837.0,STIS/NUV-MAMA,GALAXY;QSO,17487,3,*QSO*
SDSSRM-303,214.6258525,52.37012777778,1570.0,3180.0,of8x38010,1777.0,STIS/NUV-MAMA,GALAXY;QSO,17487,3,*QSO*
HDFS-223338-603329-QSO,338.4069583333,-60.55804166667,1605.0,3110.0,o53513020,2040.0,STIS/NUV-MAMA,GALAXY;QSO,8058,3,*QSO*
Q2206-1958,332.21725,-19.73341666667,1640.0,3100.0,o53l06010,2126.0,STIS/NUV-MAMA,GALAXY;QSO,7334,3,*QSO*
PG1634+706,248.62025,70.52570555556,1605.0,3110.0,o4va05010,2900.0,STIS/NUV-MAMA,GALAXY;QSO,7292,3,*QSO*
HDFS-223338-603329-QSO,338.4069583333,-60.55804166667,1605.0,3110.0,o53q20020,2280.0,STIS/NUV-MAMA,GALAXY;QSO,8073,3,*QSO*
Q2116-4439,320.048375,-44.44802777778,1570.0,3180.0,o56b07030,3024.0,STIS/NUV-MAMA,GALAXY;QSO,7359,3,*QSO*
TONS210,20.46466666667,-28.34933333333,1605.0,3110.0,o6l002010,1967.0,STIS/NUV-MAMA,GALAXY;QSO,9415,3,*QSO*
TONS210,20.46466666667,-28.34933333333,1605.0,3110.0,o6l002020,2923.0,STIS/NUV-MAMA,GALAXY;QSO,9415,3,*QSO*
2334+0052,353.66661,0.86671,1570.0,3180.0,o8ex73020,5802.0,STIS/NUV-MAMA,GALAXY;QSO,9382,3,*QSO*
0132+0116,23.14115,1.26864,1570.0,3180.0,o8ex09020,2901.0,STIS/NUV-MAMA,GALAXY;QSO,9382,3,*QSO*
SDSSJ1054+2733AB,163.6705884513,27.55184690339,1570.0,3180.0,ocod03020,1143.0,STIS/NUV-MAMA,GALAXY;GRAVITATIONAL LENS;LYMAN ALPHA CLOUD;QSO,13801,3,*QSO*
1712+5559,258.18372,55.99738,1570.0,3180.0,o8ex62010,4380.0,STIS/NUV-MAMA,GALAXY;QSO,9382,3,*QSO*
1007+0042,151.81447,0.71612,1570.0,3180.0,o8ex22010,2331.0,STIS/NUV-MAMA,GALAXY;QSO,9382,3,*QSO*
HE1104-1805A,166.6395,-18.35695555556,1605.0,3110.0,o5l401010,2387.0,STIS/NUV-MAMA,GALAXY;QSO;;EXT-MEDIUM;ABSORPTION LINE SYSTEM,8471,3,*QSO*
Q1017-207AB,154.3498458333,-20.78289722222,1570.0,3180.0,ocod02050,1334.0,STIS/NUV-MAMA,GALAXY;GRAVITATIONAL LENS;LYMAN ALPHA CLOUD;QSO,13801,3,*QSO*
1225-0052,186.49352,-0.87418,1570.0,3180.0,o8ex45020,2901.0,STIS/NUV-MAMA,GALAXY;QSO,9382,3,*QSO*
1028-0100,157.15408,-1.00774,1570.0,3180.0,o8ex29010,2355.0,STIS/NUV-MAMA,GALAXY;QSO,9382,3,*QSO*
PG0117+213,20.07188333333,21.56284444444,1605.0,3110.0,o64203010,14013.0,STIS/NUV-MAMA,GALAXY;QSO;;EXT-MEDIUM;ABSORPTION LINE SYSTEM - EXTRAGALACTIC,8673,3,*QSO*
PKS0405-12,61.95175,-12.19333333333,1640.0,3100.0,o58301050,2536.0,STIS/NUV-MAMA,GALAXY;QSO;LYMAN ALPHA CLOUD;;EXT-MEDIUM;ABSORPTION LINE SYSTEM- EXTRAGALACTIC,7290,3,*QSO*
PG1634+706,248.62025,70.52570555556,1640.0,3100.0,o4va04030,3320.0,STIS/NUV-MAMA,GALAXY;QSO,7292,3,*QSO*
1714+5757,258.55587,57.9531,1570.0,3180.0,o8ex63010,4380.0,STIS/NUV-MAMA,GALAXY;QSO,9382,3,*QSO*
WISEA-J101751.12+474940.1,154.4633052419,47.82761910188,1570.0,3180.0,ofoh14010,814.19625,STIS/NUV-MAMA,GALAXY;QSO,18036,3,*QSO*
WISEA-J101751.12+474940.1,154.4631616503,47.82775505935,1570.0,3180.0,ofoh14030,1064.196625,STIS/NUV-MAMA,GALAXY;QSO,18036,3,*QSO*
WISEA-J101751.12+474940.1,154.4629462616,47.82795899523,1570.0,3180.0,ofoh14060,1135.195375,STIS/NUV-MAMA,GALAXY;QSO,18036,3,*QSO*
WISEA-J101751.12+474940.1,154.463018058,47.82789101665,1570.0,3180.0,ofoh14050,1135.196875,STIS/NUV-MAMA,GALAXY;QSO,18036,3,*QSO*
WISEA-J101751.12+474940.1,154.4630898542,47.82782303803,1570.0,3180.0,ofoh14040,1064.19725,STIS/NUV-MAMA,GALAXY;QSO,18036,3,*QSO*
WISEA-J101751.12+474940.1,154.4632334462,47.82768708064,1570.0,3180.0,ofoh14020,814.199,STIS/NUV-MAMA,GALAXY;QSO,18036,3,*QSO*
WISEA-J161916.54+334238.4,244.8189567356,33.71079701498,1570.0,3180.0,ofoh12020,921.200125,STIS/NUV-MAMA,GALAXY;QSO,18036,3,*QSO*
WISEA-J161916.54+334238.4,244.8189280483,33.71066019153,1570.0,3180.0,ofoh12010,921.199375,STIS/NUV-MAMA,GALAXY;QSO,18036,3,*QSO*
ESO-113-45,20.94074960506,-58.80578007339,1570.0,3180.0,ofmz01020,185.0,STIS/NUV-MAMA,GALAXY;ACCRETION DISK;QSO;SEYFERT,18130,3,*QSO*
ESO-113-45,20.9407496049,-58.8057800732,1570.0,3180.0,ofmz02020,0.0,STIS/NUV-MAMA,GALAXY;ACCRETION DISK;QSO;SEYFERT,18130,3,*QSO*
ESO-113-45,20.94074960469,-58.80578007294,1570.0,3180.0,ofmz03020,185.0,STIS/NUV-MAMA,GALAXY;ACCRETION DISK;QSO;SEYFERT,18130,3,*QSO*
NGC4151,182.6354583333,39.40572222222,3020.0,5610.0,o3vs01070,90.0,STIS/CCD,GALAXY;SEYFERT,7121,3,*Seyfert*
NGC4151,182.6354583333,39.40572222222,3020.0,5610.0,o3vs01080,2600.0,STIS/CCD,GALAXY;SEYFERT,7121,3,*Seyfert*
NGC4151,182.6355,39.40576666667,3020.0,5610.0,o42301a50,1200.0,STIS/CCD,GALAXY;SEYFERT;NLR;BLR,7569,3,*Seyfert*
MARK78,115.673484202,65.17702053637,5450.0,10140.0,o4dj04030,1320.0,STIS/CCD,GALAXY;SEYFERT,7404,3,*Seyfert*
MARK78,115.6734871484,65.17716101581,5450.0,10140.0,o4dj02070,1172.0,STIS/CCD,GALAXY;SEYFERT,7404,3,*Seyfert*
MARK78,115.6732953148,65.17708034352,2900.0,5700.0,o4dj02060,1730.0,STIS/CCD,GALAXY;SEYFERT,7404,3,*Seyfert*
MARK78,115.6734871484,65.17716101581,2900.0,5700.0,o4dj02090,2052.0,STIS/CCD,GALAXY;SEYFERT,7404,3,*Seyfert*
MARK78,115.673484202,65.17702053637,3020.0,5610.0,o4dj04020,1800.0,STIS/CCD,GALAXY;SEYFERT,7404,3,*Seyfert*
MARK78,115.6734871484,65.17716101581,3020.0,5610.0,o4dj02080,2052.0,STIS/CCD,GALAXY;SEYFERT,7404,3,*Seyfert*
MARK78,115.673484202,65.17702053637,2900.0,5700.0,o4dj04010,1643.0,STIS/CCD,GALAXY;SEYFERT,7404,3,*Seyfert*
MARK78,115.673493691,65.17708328655,3020.0,5610.0,o4dj02050,1938.0,STIS/CCD,GALAXY;SEYFERT,7404,3,*Seyfert*
MARK78,115.673493691,65.17708328655,5450.0,10140.0,o4dj02040,1199.0,STIS/CCD,GALAXY;SEYFERT,7404,3,*Seyfert*
MARK78,115.6735029208,65.17697363277,2900.0,5700.0,o4dj02030,2052.0,STIS/CCD,GALAXY;SEYFERT,7404,3,*Seyfert*
MARK78,115.6735,65.17700833333,3020.0,5610.0,o4dj01030,1753.9,STIS/CCD,GALAXY;SEYFERT,7404,3,*Seyfert*
MARK78,115.6735029208,65.17697363277,5450.0,10140.0,o4dj02010,1100.0,STIS/CCD,GALAXY;SEYFERT,7404,3,*Seyfert*
MARK78,115.6735029208,65.17697363277,3020.0,5610.0,o4dj02020,1727.0,STIS/CCD,GALAXY;SEYFERT,7404,3,*Seyfert*
NGC3031,148.8885012538,69.0651426416,5450.0,10140.0,o4qa02070,3600.0,STIS/CCD,GALAXY;SPIRAL;LINER;SEYFERT,7350,3,*Seyfert*
NGC3031,148.8880536393,69.06557690469,5450.0,10140.0,o4qa01090,1600.0,STIS/CCD,GALAXY;SPIRAL;LINER;SEYFERT,7350,3,*Seyfert*
NGC3031,148.8883892175,69.06525133781,5450.0,10140.0,o4qa02040,3600.0,STIS/CCD,GALAXY;SPIRAL;LINER;SEYFERT,7350,3,*Seyfert*
NGC3031,148.8883333333,69.06530555556,5450.0,10140.0,o4qa01020,3600.0,STIS/CCD,GALAXY;SPIRAL;LINER;SEYFERT,7350,3,*Seyfert*
NGC3031,148.8882212953,69.06541425166,5450.0,10140.0,o4qa01050,3600.0,STIS/CCD,GALAXY;SPIRAL;LINER;SEYFERT,7350,3,*Seyfert*
NGC3031,148.888109525,69.06552268703,5450.0,10140.0,o4qa01080,3600.0,STIS/CCD,GALAXY;SPIRAL;LINER;SEYFERT,7350,3,*Seyfert*
NGC3031,148.8884453701,69.06519685938,5450.0,10140.0,o4qa02050,3600.0,STIS/CCD,GALAXY;SPIRAL;LINER;SEYFERT,7350,3,*Seyfert*
NGC3031,148.8882774488,69.06535977329,5450.0,10140.0,o4qa01040,3600.0,STIS/CCD,GALAXY;SPIRAL;LINER;SEYFERT,7350,3,*Seyfert*
NGC3031,148.8881654103,69.06546846935,5450.0,10140.0,o4qa01070,3600.0,STIS/CCD,GALAXY;SPIRAL;LINER;SEYFERT,7350,3,*Seyfert*
NGC3031,148.8886130203,69.06503420598,5450.0,10140.0,o4qa02090,1600.0,STIS/CCD,GALAXY;SPIRAL;LINER;SEYFERT,7350,3,*Seyfert*
NGC3031,148.8885571372,69.0650884238,5450.0,10140.0,o4qa02080,3600.0,STIS/CCD,GALAXY;SPIRAL;LINER;SEYFERT,7350,3,*Seyfert*
NGC3998,179.4837025646,55.45357859777,5450.0,10140.0,o4qa03060,2990.0,STIS/CCD,GALAXY;SPIRAL;LINER;SEYFERT,7350,3,*Seyfert*
NGC3998,179.483655129,55.45362941775,5450.0,10140.0,o4qa03080,2990.0,STIS/CCD,GALAXY;SPIRAL;LINER;SEYFERT,7350,3,*Seyfert*
NGC3998,179.4835602575,55.45373105764,5450.0,10140.0,o4qa030d0,2990.0,STIS/CCD,GALAXY;SPIRAL;LINER;SEYFERT,7350,3,*Seyfert*
NGC3998,179.4836076933,55.4536802377,5450.0,10140.0,o4qa030b0,2160.0,STIS/CCD,GALAXY;SPIRAL;LINER;SEYFERT,7350,3,*Seyfert*
NGC3998,179.4835128216,55.45378187756,5450.0,10140.0,o4qa030f0,2990.0,STIS/CCD,GALAXY;SPIRAL;LINER;SEYFERT,7350,3,*Seyfert*
NGC3998,179.4834653855,55.45383269746,5450.0,10140.0,o4qa030h0,2990.0,STIS/CCD,GALAXY;SPIRAL;LINER;SEYFERT,7350,3,*Seyfert*
NGC4151,182.6355,39.40577777778,5240.0,10270.0,o4qa04f2q,6.0,STIS/CCD,GALAXY;SPIRAL;SEYFERT,7350,1,*Seyfert*
NGC4151,182.6355,39.40577777778,5450.0,10140.0,o4qa040f0,1881.0,STIS/CCD,GALAXY;SPIRAL;SEYFERT,7350,3,*Seyfert*
NGC4278,185.0281650431,29.28065119473,5450.0,10140.0,o4qa050b0,1560.0,STIS/CCD,GALAXY;SPIRAL;LINER;SEYFERT,7350,3,*Seyfert*
NGC4278,185.0282210517,29.28068407814,5450.0,10140.0,o4qa05080,1897.0,STIS/CCD,GALAXY;SPIRAL;LINER;SEYFERT,7350,3,*Seyfert*
NGC4151,182.6355,39.40577777778,5450.0,10140.0,o4qa04080,2838.0,STIS/CCD,GALAXY;SPIRAL;SEYFERT,7350,3,*Seyfert*
NGC4278,185.0283333333,29.28075,5450.0,10140.0,o4qa05040,1897.0,STIS/CCD,GALAXY;SPIRAL;LINER;SEYFERT,7350,3,*Seyfert*
NGC4151,182.6355,39.40577777778,5450.0,10140.0,o4qa040a0,2838.0,STIS/CCD,GALAXY;SPIRAL;SEYFERT,7350,3,*Seyfert*
NGC4278,185.0283333333,29.28075,5450.0,10140.0,o4qa05020,1500.0,STIS/CCD,GALAXY;SPIRAL;LINER;SEYFERT,7350,3,*Seyfert*
NGC4151,182.6355,39.40577777778,5450.0,10140.0,o4qa040j0,2832.0,STIS/CCD,GALAXY;SPIRAL;SEYFERT,7350,3,*Seyfert*
NGC4151,182.6355,39.40577777778,5450.0,10140.0,o4qa040h0,2832.0,STIS/CCD,GALAXY;SPIRAL;SEYFERT,7350,3,*Seyfert*
NGC4151,182.6355,39.40577777778,5450.0,10140.0,o4qa040l0,2832.0,STIS/CCD,GALAXY;SPIRAL;SEYFERT,7350,3,*Seyfert*
NGC4151,182.6355,39.40577777778,5450.0,10140.0,o4qa040c0,2838.0,STIS/CCD,GALAXY;SPIRAL;SEYFERT,7350,3,*Seyfert*
NGC4278,185.0282773246,29.28071711664,5450.0,10140.0,o4qa05060,1897.0,STIS/CCD,GALAXY;SPIRAL;LINER;SEYFERT,7350,3,*Seyfert*
NGC4278,185.0281650431,29.28065119473,5450.0,10140.0,o4qa060b0,1560.0,STIS/CCD,GALAXY;SPIRAL;LINER;SEYFERT,7350,3,*Seyfert*
NGC4278,185.0283333333,29.28075,5450.0,10140.0,o4qa06040,1897.0,STIS/CCD,GALAXY;SPIRAL;LINER;SEYFERT,7350,3,*Seyfert*
NGC3516,166.6974373934,72.56861454538,2900.0,5700.0,o4st12040,1620.0,STIS/CCD,GALAXY;SEYFERT,7355,3,*Seyfert*
NGC3516,166.6975736617,72.56860568554,2900.0,5700.0,o4st10030,2880.0,STIS/CCD,GALAXY;SEYFERT,7355,3,*Seyfert*
NGC3516,166.6975736617,72.56860568554,2900.0,5700.0,o4st10040,2520.0,STIS/CCD,GALAXY;SEYFERT,7355,3,*Seyfert*
NGC3516,166.6973682727,72.56861694728,2900.0,5700.0,o4st13030,4680.0,STIS/CCD,GALAXY;SEYFERT,7355,3,*Seyfert*
NGC3516,166.6975052894,72.56860965804,2900.0,5700.0,o4st11020,12.9871,STIS/CCD,GALAXY;SEYFERT,7355,3,*Seyfert*
NGC3516,166.6975736617,72.56860568554,2900.0,5700.0,o4st10010,2700.0,STIS/CCD,GALAXY;SEYFERT,7355,3,*Seyfert*
NGC3516,166.6975736617,72.56860568554,2900.0,5700.0,o4st10020,2880.0,STIS/CCD,GALAXY;SEYFERT,7355,3,*Seyfert*
NGC3516,166.6974373934,72.56861454538,2900.0,5700.0,o4st12020,4320.0,STIS/CCD,GALAXY;SEYFERT,7355,3,*Seyfert*
NGC3516,166.6977802674,72.56859697599,2900.0,5700.0,o4st07030,3330.144,STIS/CCD,GALAXY;SEYFERT,7355,3,*Seyfert*
NGC3516,166.697711676,72.56860049056,2900.0,5700.0,o4st08040,1800.0,STIS/CCD,GALAXY;SEYFERT,7355,3,*Seyfert*
NGC3516,166.6977802674,72.56859697599,2900.0,5700.0,o4st07010,2700.0,STIS/CCD,GALAXY;SEYFERT,7355,3,*Seyfert*
NGC3516,166.697711676,72.56860049056,2900.0,5700.0,o4st08030,3780.0,STIS/CCD,GALAXY;SEYFERT,7355,3,*Seyfert*
NGC3516,166.6974373934,72.56861454538,2900.0,5700.0,o4st12010,3780.0,STIS/CCD,GALAXY;SEYFERT,7355,3,*Seyfert*
NGC3516,166.6977802674,72.56859697599,2900.0,5700.0,o4st07020,3060.0,STIS/CCD,GALAXY;SEYFERT,7355,3,*Seyfert*
NGC3516,166.6978489883,72.5685937229,2900.0,5700.0,o4st06040,10.71596,STIS/CCD,GALAXY;SEYFERT,7355,3,*Seyfert*
NGC3516,166.6978489883,72.5685937229,2900.0,5700.0,o4st06020,2880.0,STIS/CCD,GALAXY;SEYFERT,7355,3,*Seyfert*
NGC3516,166.6978489883,72.5685937229,2900.0,5700.0,o4st06030,12.18738,STIS/CCD,GALAXY;SEYFERT,7355,3,*Seyfert*
NGC3516,166.6979868354,72.56858813439,2900.0,5700.0,o4st04040,1260.0,STIS/CCD,GALAXY;SEYFERT,7355,3,*Seyfert*
NGC3516,166.697711676,72.56860049056,2900.0,5700.0,o4st08020,4320.0,STIS/CCD,GALAXY;SEYFERT,7355,3,*Seyfert*
NGC3516,166.6976432223,72.56860426629,2900.0,5700.0,o4st09020,4680.0,STIS/CCD,GALAXY;SEYFERT,7355,3,*Seyfert*
NGC3516,166.6979180748,72.56859132226,2900.0,5700.0,o4st05010,3960.0,STIS/CCD,GALAXY;SEYFERT,7355,3,*Seyfert*
NGC3516,166.6979180748,72.56859132226,2900.0,5700.0,o4st05020,4500.0,STIS/CCD,GALAXY;SEYFERT,7355,3,*Seyfert*
NGC3516,166.6980559699,72.56858586515,2900.0,5700.0,o4st03010,2700.0,STIS/CCD,GALAXY;SEYFERT,7355,3,*Seyfert*
NGC3516,166.6980559699,72.56858586515,2900.0,5700.0,o4st03030,3060.0,STIS/CCD,GALAXY;SEYFERT,7355,3,*Seyfert*
NGC3516,166.6979868354,72.56858813439,2900.0,5700.0,o4st04020,4320.0,STIS/CCD,GALAXY;SEYFERT,7355,3,*Seyfert*
NGC3516,166.6979868354,72.56858813439,2900.0,5700.0,o4st04030,4320.0,STIS/CCD,GALAXY;SEYFERT,7355,3,*Seyfert*
NGC3516,166.6973682727,72.56861694728,2900.0,5700.0,o4st13010,3780.0,STIS/CCD,GALAXY;SEYFERT,7355,3,*Seyfert*
NGC3516,166.698125,72.56858333333,2900.0,5700.0,o4st02030,2831.136,STIS/CCD,GALAXY;SEYFERT,7355,3,*Seyfert*
NGC4278,185.0283333333,29.28075,5450.0,10140.0,o4qa06020,1500.0,STIS/CCD,GALAXY;SPIRAL;LINER;SEYFERT,7350,3,*Seyfert*
NGC4278,185.0282773246,29.28071711664,5450.0,10140.0,o4qa06060,1897.0,STIS/CCD,GALAXY;SPIRAL;LINER;SEYFERT,7350,3,*Seyfert*
NGC4278,185.0282210517,29.28068407814,5450.0,10140.0,o4qa06080,1897.0,STIS/CCD,GALAXY;SPIRAL;LINER;SEYFERT,7350,3,*Seyfert*
NGC3516,166.6978489883,72.5685937229,2900.0,5700.0,o4st06010,2700.0,STIS/CCD,GALAXY;SEYFERT,7355,3,*Seyfert*
NGC3516,166.6975052894,72.56860965804,2900.0,5700.0,o4st11030,13.81881,STIS/CCD,GALAXY;SEYFERT,7355,3,*Seyfert*
NGC3516,166.6980559699,72.56858586515,2900.0,5700.0,o4st03020,3240.0,STIS/CCD,GALAXY;SEYFERT,7355,3,*Seyfert*
NGC3516,166.6977802674,72.56859697599,2900.0,5700.0,o4st07040,3240.0,STIS/CCD,GALAXY;SEYFERT,7355,3,*Seyfert*
NGC3516,166.6974373934,72.56861454538,2900.0,5700.0,o4st12030,3780.0,STIS/CCD,GALAXY;SEYFERT,7355,3,*Seyfert*
NGC3516,166.6973682727,72.56861694728,2900.0,5700.0,o4st13020,4320.0,STIS/CCD,GALAXY;SEYFERT,7355,3,*Seyfert*
NGC3516,166.6975052894,72.56860965804,2900.0,5700.0,o4st11010,2520.0,STIS/CCD,GALAXY;SEYFERT,7355,3,*Seyfert*
NGC3516,166.697711676,72.56860049056,2900.0,5700.0,o4st08010,3780.0,STIS/CCD,GALAXY;SEYFERT,7355,3,*Seyfert*
NGC3516,166.6979180748,72.56859132226,2900.0,5700.0,o4st05030,4320.0,STIS/CCD,GALAXY;SEYFERT,7355,3,*Seyfert*
NGC3516,166.6976432223,72.56860426629,2900.0,5700.0,o4st09010,4320.0,STIS/CCD,GALAXY;SEYFERT,7355,3,*Seyfert*
NGC3516,166.6979868354,72.56858813439,2900.0,5700.0,o4st04010,3600.0,STIS/CCD,GALAXY;SEYFERT,7355,3,*Seyfert*
NGC3516,166.6975052894,72.56860965804,2900.0,5700.0,o4st11040,2880.0,STIS/CCD,GALAXY;SEYFERT,7355,3,*Seyfert*
NGC4151,182.6355,39.40576666667,5450.0,10140.0,o42301a20,1860.0,STIS/CCD,GALAXY;SEYFERT;NLR;BLR,7569,3,*Seyfert*
NGC4151,182.6355,39.40576666667,3020.0,5610.0,o42301a30,2139.0,STIS/CCD,GALAXY;SEYFERT;NLR;BLR,7569,3,*Seyfert*
NGC4151,182.6355,39.40576666667,3020.0,5610.0,o42301a40,2190.0,STIS/CCD,GALAXY;SEYFERT;NLR;BLR,7569,3,*Seyfert*
ESO428-G14,109.1302726385,-29.32488711495,5450.0,10140.0,o51x01050,648.0,STIS/CCD,GALAXY;SEYFERT;SPIRAL;EMISSION LINE NEBULA,7275,3,*Seyfert*
ESO428-G14,109.1303073213,-29.32484050959,5450.0,10140.0,o51x01040,648.0,STIS/CCD,GALAXY;SEYFERT;SPIRAL;EMISSION LINE NEBULA,7275,3,*Seyfert*
ESO428-G14,109.1303333333,-29.32480555556,5450.0,10140.0,o51x01010,600.0,STIS/CCD,GALAXY;SEYFERT;SPIRAL;EMISSION LINE NEBULA,7275,3,*Seyfert*
ESO428-G14,109.130394028,-29.32472399614,5450.0,10140.0,o51x01020,540.0,STIS/CCD,GALAXY;SEYFERT;SPIRAL;EMISSION LINE NEBULA,7275,3,*Seyfert*
NGC-5643,218.17,-44.17433333333,2900.0,5700.0,o52s01010,2845.0,STIS/CCD,GALAXY;SEYFERT;SPIRAL;NLR,8026,3,*Seyfert*
NGC-5643,218.17,-44.17433333333,5450.0,10140.0,o52s01020,2909.7,STIS/CCD,GALAXY;SEYFERT;SPIRAL;NLR,8026,3,*Seyfert*
NGC1068-SEQ1,40.66956016584,-0.01324481322959,3020.0,5610.0,o56503020,2853.0,STIS/CCD,GALAXY;SPIRAL;SEYFERT;NLR;JET,7353,3,*Seyfert*
NGC3393,162.0980833333,-25.16208333333,5450.0,10140.0,o56c02020,60.0,STIS/CCD,GALAXY;SEYFERT;SPIRAL;NLR,8055,3,*Seyfert*
NGC3393,162.0980833333,-25.16208333333,5450.0,10140.0,o56c02030,865.0,STIS/CCD,GALAXY;SEYFERT;SPIRAL;NLR,8055,3,*Seyfert*
NGC1068-SEQ1,40.66964852594,-0.013312185107,3020.0,5610.0,o56502050,2772.0,STIS/CCD,GALAXY;SPIRAL;SEYFERT;NLR;JET,7353,3,*Seyfert*
NGC1068-SEQ1,40.66973611111,-0.01338055555553,3020.0,5610.0,o56502030,2775.0,STIS/CCD,GALAXY;SPIRAL;SEYFERT;NLR;JET,7353,3,*Seyfert*
NGC1068-SEQ1,40.66977990369,-0.01341474077978,3020.0,5610.0,o56502020,2775.0,STIS/CCD,GALAXY;SPIRAL;SEYFERT;NLR;JET,7353,3,*Seyfert*
NGC1068-SEQ1,40.66969231853,-0.01334637033126,3020.0,5610.0,o56502040,2775.0,STIS/CCD,GALAXY;SPIRAL;SEYFERT;NLR;JET,7353,3,*Seyfert*
NGC1068-SEQ1,40.66982369628,-0.01344892600403,3020.0,5610.0,o56502010,2585.0,STIS/CCD,GALAXY;SPIRAL;SEYFERT;NLR;JET,7353,3,*Seyfert*
NGC1068-SEQ1,40.66960415216,-0.01327874881109,3020.0,5610.0,o56503010,2294.0,STIS/CCD,GALAXY;SPIRAL;SEYFERT;NLR;JET,7353,3,*Seyfert*
NGC5252,204.5664602339,4.542619478493,5450.0,10140.0,o56c04060,997.0,STIS/CCD,GALAXY;SEYFERT;SPIRAL;NLR,8055,3,*Seyfert*
NGC5252,204.5665397661,4.542541632617,5450.0,10140.0,o56c04010,1080.0,STIS/CCD,GALAXY;SEYFERT;SPIRAL;NLR,8055,3,*Seyfert*
NGC3393,162.0980833333,-25.16208333333,2900.0,5700.0,o56c02050,600.0,STIS/CCD,GALAXY;SEYFERT;SPIRAL;NLR,8055,3,*Seyfert*
IRAS11058-1131,167.084433863,-11.8033114164,5450.0,10140.0,o56c03010,1080.0,STIS/CCD,GALAXY;SEYFERT;SPIRAL;NLR,8055,3,*Seyfert*
IRAS11058-1131,167.084566137,-11.80341636136,5450.0,10140.0,o56c03060,997.0,STIS/CCD,GALAXY;SEYFERT;SPIRAL;NLR,8055,3,*Seyfert*
NGC3393,162.0981538876,-25.16213687243,5450.0,10140.0,o56c02060,1021.0,STIS/CCD,GALAXY;SEYFERT;SPIRAL;NLR,8055,3,*Seyfert*
NGC3393,162.0980833333,-25.16208333333,5450.0,10140.0,o56c02040,600.0,STIS/CCD,GALAXY;SEYFERT;SPIRAL;NLR,8055,3,*Seyfert*
NGC3516,166.6989245959,72.56873647231,5450.0,10140.0,o56c01060,1200.0,STIS/CCD,GALAXY;SEYFERT;SPIRAL;NLR,8055,3,*Seyfert*
NGC3393,162.0980127791,-25.1620297942,5450.0,10140.0,o56c02010,1080.0,STIS/CCD,GALAXY;SEYFERT;SPIRAL;NLR,8055,3,*Seyfert*
NGC3516,166.6984920694,72.56884130523,5450.0,10140.0,o56c01010,1200.0,STIS/CCD,GALAXY;SEYFERT;SPIRAL;NLR,8055,3,*Seyfert*
NGC3227,155.8774420434,19.86487263569,5450.0,10140.0,o57204030,1884.0,STIS/CCD,GALAXY;SPIRAL;SEYFERT;NUCLEUS,7403,3,*Seyfert*
NGC3227,155.8774965868,19.86482582693,5450.0,10140.0,o57204020,1600.0,STIS/CCD,GALAXY;SPIRAL;SEYFERT;NUCLEUS,7403,3,*Seyfert*
NGC3227,155.8775511301,19.86477901815,5450.0,10140.0,o57204010,2105.0,STIS/CCD,GALAXY;SPIRAL;SEYFERT;NUCLEUS,7403,3,*Seyfert*
NGC3227,155.8773875,19.86491944444,5450.0,10140.0,o57204040,1890.0,STIS/CCD,GALAXY;SPIRAL;SEYFERT;NUCLEUS,7403,3,*Seyfert*
NGC3227,155.8772784131,19.86501306188,5450.0,10140.0,o57204060,1884.0,STIS/CCD,GALAXY;SPIRAL;SEYFERT;NUCLEUS,7403,3,*Seyfert*
NGC3227,155.8773329566,19.86496625317,5450.0,10140.0,o57204050,1600.0,STIS/CCD,GALAXY;SPIRAL;SEYFERT;NUCLEUS,7403,3,*Seyfert*
NGC3227,155.8772238696,19.86505987058,5450.0,10140.0,o57204070,1887.0,STIS/CCD,GALAXY;SPIRAL;SEYFERT;NUCLEUS,7403,3,*Seyfert*
NGC5506,213.3120833333,-3.2075,3020.0,5610.0,o5f407030,2096.0,STIS/CCD,GALAXY;SEYFERT;NLR,8340,3,*Seyfert*
MRK620,102.53625,60.84583333333,3020.0,5610.0,o5f404030,2128.0,STIS/CCD,GALAXY;SEYFERT;NLR,8340,3,*Seyfert*
NGC1386,54.18916666667,-35.99916666667,3020.0,5610.0,o5f402030,2106.0,STIS/CCD,GALAXY;SEYFERT,8340,3,*Seyfert*
MRK3,93.90166666667,71.0375,3020.0,5610.0,o5f403030,2154.0,STIS/CCD,GALAXY;SEYFERT;NLR,8340,3,*Seyfert*
MRK573,25.99083333333,2.349722222222,3020.0,5610.0,o5f401030,2096.0,STIS/CCD,GALAXY;SEYFERT;NLR,8340,3,*Seyfert*
NGC3081,149.8729166667,-22.82611111111,3020.0,5610.0,o5f405030,2108.0,STIS/CCD,GALAXY;SEYFERT;NLR,8340,3,*Seyfert*
NGC3516,166.6979166667,72.56861111111,3020.0,5610.0,o5f406030,2154.0,STIS/CCD,GALAXY;SEYFERT;NLR,8340,3,*Seyfert*
NGC5643,218.1695833333,-44.17444444444,3020.0,5610.0,o5f408030,2107.0,STIS/CCD,GALAXY;SEYFERT;NLR,8340,3,*Seyfert*
NGC5728,220.5995833333,-17.25305555556,3020.0,5610.0,o5f409030,2110.0,STIS/CCD,GALAXY;SEYFERT;NLR,8340,3,*Seyfert*
NGC7212,331.7583333333,10.23333333333,3020.0,5610.0,o5f410030,2112.0,STIS/CCD,GALAXY;SEYFERT;NLR,8340,3,*Seyfert*
MARK34-OFFSET2,158.5356484651,60.03100555546,3020.0,5610.0,o5g404040,1460.0,STIS/CCD,GALAXY;SEYFERT;NLR;JET,8253,3,*Seyfert*
NGC4051-OFFSET1,180.7901933333,44.53128555556,3020.0,5610.0,o5g402010,1796.0,STIS/CCD,GALAXY;SEYFERT;NLR;JET,8253,3,*Seyfert*
NGC5929-OFFSET2,231.5264126823,41.67057777745,3020.0,5610.0,o5g403020,600.0,STIS/CCD,GALAXY;SEYFERT;NLR,8253,3,*Seyfert*
NGC4051-OFFSET2,180.7901933333,44.531355,3020.0,5610.0,o5g402020,600.0,STIS/CCD,GALAXY;SEYFERT;NLR;JET,8253,3,*Seyfert*
NGC2110-OFFSET,88.04733166667,-7.4560675,3020.0,5610.0,o5g401020,600.0,STIS/CCD,GALAXY;SEYFERT;NLR;JET,8253,3,*Seyfert*
MCG-6-30-15,203.9739307054,-34.29562537517,3020.0,5610.0,o5gu08060,1189.0,STIS/CCD,GALAXY;ELLIPTICAL;SEYFERT,8240,3,*Seyfert*
MCG-6-30-15,203.9739654609,-34.29551803812,3020.0,5610.0,o5gu08040,1192.0,STIS/CCD,GALAXY;ELLIPTICAL;SEYFERT,8240,3,*Seyfert*
MCG-6-30-15,203.9739480832,-34.29557170665,3020.0,5610.0,o5gu08020,2511.0,STIS/CCD,GALAXY;ELLIPTICAL;SEYFERT,8240,3,*Seyfert*
MARK34,158.5358041667,60.03100555556,2900.0,5700.0,o5g404020,627.0,STIS/CCD,GALAXY;SEYFERT;NLR;JET,8253,3,*Seyfert*
MCG-6-30-15,203.9738576222,-34.29560922407,3020.0,5610.0,o5gu08050,1250.0,STIS/CCD,GALAXY;ELLIPTICAL;SEYFERT,8240,3,*Seyfert*
MARK34-OFFSET1,158.5359598682,60.03100555546,3020.0,5610.0,o5g404030,1460.0,STIS/CCD,GALAXY;SEYFERT;NLR;JET,8253,3,*Seyfert*
MCG-6-30-15,203.9738923778,-34.29550188704,3020.0,5610.0,o5gu08030,1250.0,STIS/CCD,GALAXY;ELLIPTICAL;SEYFERT,8240,3,*Seyfert*
MARK34,158.5358041667,60.03100555556,3020.0,5610.0,o5g404010,1500.0,STIS/CCD,GALAXY;SEYFERT;NLR;JET,8253,3,*Seyfert*
ESO428-G14,109.1302379558,-29.32493372031,5450.0,10140.0,o51x01060,648.0,STIS/CCD,GALAXY;SEYFERT;SPIRAL;EMISSION LINE NEBULA,7275,3,*Seyfert*
NGC4151,182.6355759696,39.40567232657,3020.0,5610.0,o5kt01030,2865.0,STIS/CCD,GALAXY;SEYFERT,8473,3,*Seyfert*
NGC4151,182.6354240302,39.40586100672,3020.0,5610.0,o5kt01050,2865.0,STIS/CCD,GALAXY;SEYFERT,8473,3,*Seyfert*
NGC4151,182.6354620151,39.4058138367,3020.0,5610.0,o5kt01040,2865.0,STIS/CCD,GALAXY;SEYFERT,8473,3,*Seyfert*
NGC4151,182.6355379848,39.40571949663,3020.0,5610.0,o5kt01020,2865.0,STIS/CCD,GALAXY;SEYFERT,8473,3,*Seyfert*
NGC1068-HOTSPOT,40.66960476403,-0.01341928682012,2900.0,5700.0,o5lj010a0,821.0,STIS/CCD,GALAXY;SEYFERT;HOTSPOT,8185,3,*Seyfert*
NGC3227,155.8772583333,19.86478888889,5450.0,10140.0,o632030a0,2560.0,STIS/CCD,GALAXY;SPIRAL;SEYFERT,8605,3,*Seyfert*
NGC3227,155.8772583333,19.86478888889,5450.0,10140.0,o63203080,2100.0,STIS/CCD,GALAXY;SPIRAL;SEYFERT,8605,3,*Seyfert*
NGC3227,155.8772583333,19.86478888889,5450.0,10140.0,o63203040,2559.0,STIS/CCD,GALAXY;SPIRAL;SEYFERT,8605,3,*Seyfert*
NGC3227,155.8772583333,19.86478888889,5450.0,10140.0,o63203060,2559.0,STIS/CCD,GALAXY;SPIRAL;SEYFERT,8605,3,*Seyfert*
NGC3227,155.8772583333,19.86478888889,5450.0,10140.0,o632020a0,2560.0,STIS/CCD,GALAXY;SPIRAL;SEYFERT,8605,3,*Seyfert*
NGC3227,155.8772583333,19.86478888889,5450.0,10140.0,o63203020,1780.0,STIS/CCD,GALAXY;SPIRAL;SEYFERT,8605,3,*Seyfert*
NGC3227,155.8772583333,19.86478888889,5450.0,10140.0,o63202080,2100.0,STIS/CCD,GALAXY;SPIRAL;SEYFERT,8605,3,*Seyfert*
NGC3227,155.8772583333,19.86478888889,5450.0,10140.0,o63202060,2559.0,STIS/CCD,GALAXY;SPIRAL;SEYFERT,8605,3,*Seyfert*
NGC3227,155.8772583333,19.86478888889,5450.0,10140.0,o63202040,2559.0,STIS/CCD,GALAXY;SPIRAL;SEYFERT,8605,3,*Seyfert*
NGC3227,155.8772583333,19.86478888889,5450.0,10140.0,o63202020,1770.0,STIS/CCD,GALAXY;SPIRAL;SEYFERT,8605,3,*Seyfert*
NGC3227,155.8772583333,19.86478888889,5450.0,10140.0,o632010c0,2600.0,STIS/CCD,GALAXY;SPIRAL;SEYFERT,8605,3,*Seyfert*
NGC3227,155.8772583333,19.86478888889,5450.0,10140.0,o632010a0,2100.0,STIS/CCD,GALAXY;SPIRAL;SEYFERT,8605,3,*Seyfert*
NGC3227,155.8772583333,19.86478888889,5450.0,10140.0,o63201080,2555.0,STIS/CCD,GALAXY;SPIRAL;SEYFERT,8605,3,*Seyfert*
NGC3227,155.8772583333,19.86478888889,5450.0,10140.0,o63201060,2555.0,STIS/CCD,GALAXY;SPIRAL;SEYFERT,8605,3,*Seyfert*
NGC3227,155.8772583333,19.86478888889,5450.0,10140.0,o63201040,660.0,STIS/CCD,GALAXY;SPIRAL;SEYFERT,8605,3,*Seyfert*
CIRCINUS-NUCLEUS,213.2924420398,-65.33720931007,3020.0,5610.0,o65b05020,1134.2,STIS/CCD,GALAXY;SEYFERT;STARBURST,8639,3,*Seyfert*
CIRCINUS-NUCLEUS,213.2937237265,-65.33598794451,3020.0,5610.0,o65b05060,1492.0,STIS/CCD,GALAXY;SEYFERT;STARBURST,8639,3,*Seyfert*
CIRCINUS-NUCLEUS,213.293082898,-65.33659862865,3020.0,5610.0,o65b05040,1495.0,STIS/CCD,GALAXY;SEYFERT;STARBURST,8639,3,*Seyfert*
CIRCINUS-NUCLEUS,213.293403316,-65.33629328692,3020.0,5610.0,o65b05050,1400.0,STIS/CCD,GALAXY;SEYFERT;STARBURST,8639,3,*Seyfert*
CIRCINUS-NUCLEUS,213.2921215995,-65.33751464976,3020.0,5610.0,o65b05010,1100.0,STIS/CCD,GALAXY;SEYFERT;STARBURST,8639,3,*Seyfert*
CIRCINUS-NUCLEUS,213.2908931762,-65.33868511228,3020.0,5610.0,o65b01090,1492.0,STIS/CCD,GALAXY;SEYFERT;STARBURST,8639,3,*Seyfert*
CIRCINUS-NUCLEUS,213.2909465882,-65.33863422282,3020.0,5610.0,o65b01080,1400.0,STIS/CCD,GALAXY;SEYFERT;STARBURST,8639,3,*Seyfert*
CIRCINUS-NUCLEUS,213.291,-65.33858333333,3020.0,5610.0,o65b01030,1539.0,STIS/CCD,GALAXY;SEYFERT;STARBURST,8639,3,*Seyfert*
CIRCINUS-NUCLEUS,213.2911068229,-65.3384815543,3020.0,5610.0,o65b01050,1443.0,STIS/CCD,GALAXY;SEYFERT;STARBURST,8639,3,*Seyfert*
CIRCINUS-NUCLEUS,213.2911602341,-65.33843066476,3020.0,5610.0,o65b01040,1400.0,STIS/CCD,GALAXY;SEYFERT;STARBURST,8639,3,*Seyfert*
CIRCINUS-NUCLEUS,213.2910534116,-65.33853244383,3020.0,5610.0,o65b01060,1400.0,STIS/CCD,GALAXY;SEYFERT;STARBURST,8639,3,*Seyfert*
NGC2110,88.04741840176,-7.456292102803,5450.0,10140.0,o64f02030,1565.0,STIS/CCD,GALAXY;SEYFERT;;EXT-MEDIUM,8610,3,*Seyfert*
NGC2110,88.0473832649,-7.456215119419,5450.0,10140.0,o64f02010,1440.0,STIS/CCD,GALAXY;SEYFERT;;EXT-MEDIUM,8610,3,*Seyfert*
CIRCINUS-NUCLEUS,213.2927624726,-65.3369039697,3020.0,5610.0,o65b05030,1400.0,STIS/CCD,GALAXY;SEYFERT;STARBURST,8639,3,*Seyfert*
CIRCINUS-NUCLEUS,213.291,-65.33858333333,3020.0,5610.0,o65b01070,1495.0,STIS/CCD,GALAXY;SEYFERT;STARBURST,8639,3,*Seyfert*
NGC3081,149.8733044338,-22.82638544955,2900.0,5700.0,o6bu06040,840.0,STIS/CCD,GALAXY;SEYFERT;NUCLEUS,9143,3,*Seyfert*
NGC1667,72.15410628921,-6.320257168924,2900.0,5700.0,o6bu04040,840.0,STIS/CCD,GALAXY;SEYFERT;NUCLEUS,9143,3,*Seyfert*
NGC2273,102.536067779,60.84590831444,5450.0,10140.0,o6bu05020,1226.0,STIS/CCD,GALAXY;SEYFERT;NUCLEUS,9143,3,*Seyfert*
NGC2273,102.5359322213,60.84578612996,5450.0,10140.0,o6bu05030,900.0,STIS/CCD,GALAXY;SEYFERT;NUCLEUS,9143,3,*Seyfert*
NGC3081,149.8733044338,-22.82638544955,5450.0,10140.0,o6bu06030,840.0,STIS/CCD,GALAXY;SEYFERT;NUCLEUS,9143,3,*Seyfert*
NGC3081,149.8734455662,-22.82633677264,5450.0,10140.0,o6bu06020,1080.0,STIS/CCD,GALAXY;SEYFERT;NUCLEUS,9143,3,*Seyfert*
NGC5135,201.4334470684,-29.83335865511,5450.0,10140.0,o6bu07020,1104.0,STIS/CCD,GALAXY;SEYFERT;NUCLEUS,9143,3,*Seyfert*
NGC1667,72.15410628921,-6.320257168924,5450.0,10140.0,o6bu04030,840.0,STIS/CCD,GALAXY;SEYFERT;NUCLEUS,9143,3,*Seyfert*
NGC1667,72.15416666667,-6.320222222222,2900.0,5700.0,o6bu04050,805.0,STIS/CCD,GALAXY;SEYFERT;NUCLEUS,9143,3,*Seyfert*
NGC5135,201.4333029316,-29.83341912263,5450.0,10140.0,o6bu07030,832.16,STIS/CCD,GALAXY;SEYFERT;NUCLEUS,9143,3,*Seyfert*
NGC5135,201.4333029316,-29.83341912263,2900.0,5700.0,o6bu07040,840.0,STIS/CCD,GALAXY;SEYFERT;NUCLEUS,9143,3,*Seyfert*
NGC5283,205.2737768228,67.67228347031,5450.0,10140.0,o6bu08020,1213.0,STIS/CCD,GALAXY;SEYFERT;NUCLEUS,9143,3,*Seyfert*
NGC5283,205.27355651,67.6723943074,5450.0,10140.0,o6bu08030,900.0,STIS/CCD,GALAXY;SEYFERT;NUCLEUS,9143,3,*Seyfert*
NGC5283,205.27355651,67.6723943074,2900.0,5700.0,o6bu08040,900.0,STIS/CCD,GALAXY;SEYFERT;NUCLEUS,9143,3,*Seyfert*
NGC5347,208.3243769446,33.49086032452,5450.0,10140.0,o6bu09030,840.0,STIS/CCD,GALAXY;SEYFERT;NUCLEUS,9143,3,*Seyfert*
NGC5347,208.3245397221,33.49088967543,5450.0,10140.0,o6bu09020,1126.0,STIS/CCD,GALAXY;SEYFERT;NUCLEUS,9143,3,*Seyfert*
NGC5283,205.2736666667,67.67233888889,2900.0,5700.0,o6bu08050,1010.0,STIS/CCD,GALAXY;SEYFERT;NUCLEUS,9143,3,*Seyfert*
NGC5347,208.3243769446,33.49086032452,2900.0,5700.0,o6bu09040,840.0,STIS/CCD,GALAXY;SEYFERT;NUCLEUS,9143,3,*Seyfert*
NGC5643,218.1696595873,-44.17429053836,5450.0,10140.0,o6bu11020,1223.0,STIS/CCD,GALAXY;SEYFERT;NUCLEUS,9143,3,*Seyfert*
NGC5695,219.342125,36.56770833333,5450.0,10140.0,o6bu12010,1080.0,STIS/CCD,GALAXY;SEYFERT;NUCLEUS,9143,3,*Seyfert*
NGC5427,210.8579583333,-6.030688888889,5450.0,10140.0,o6bu10010,1080.0,STIS/CCD,GALAXY;SEYFERT;NUCLEUS,9143,3,*Seyfert*
NGC5427,210.8579583333,-6.030688888889,2900.0,5700.0,o6bu10050,805.0,STIS/CCD,GALAXY;SEYFERT;NUCLEUS,9143,3,*Seyfert*
NGC5427,210.8578942335,-6.030716440669,5450.0,10140.0,o6bu10030,840.0,STIS/CCD,GALAXY;SEYFERT;NUCLEUS,9143,3,*Seyfert*
NGC5427,210.8578942335,-6.030716440669,2900.0,5700.0,o6bu10040,840.0,STIS/CCD,GALAXY;SEYFERT;NUCLEUS,9143,3,*Seyfert*
NGC5643,218.1695070792,-44.17437612825,2900.0,5700.0,o6bu11040,840.0,STIS/CCD,GALAXY;SEYFERT;NUCLEUS,9143,3,*Seyfert*
NGC5643,218.1695070792,-44.17437612825,5450.0,10140.0,o6bu11030,900.0,STIS/CCD,GALAXY;SEYFERT;NUCLEUS,9143,3,*Seyfert*
NGC5427,210.8580224331,-6.030661337101,5450.0,10140.0,o6bu10020,1080.0,STIS/CCD,GALAXY;SEYFERT;NUCLEUS,9143,3,*Seyfert*
NGC7682,352.2664796607,3.533385545875,5450.0,10140.0,o6bu14030,840.0,STIS/CCD,GALAXY;SEYFERT;NUCLEUS,9143,3,*Seyfert*
NGC7682,352.2664796607,3.533385545875,2900.0,5700.0,o6bu14040,840.0,STIS/CCD,GALAXY;SEYFERT;NUCLEUS,9143,3,*Seyfert*
NGC6300,259.2490416667,-62.81981388889,5450.0,10140.0,o6bu13010,1140.0,STIS/CCD,GALAXY;SEYFERT;NUCLEUS,9143,3,*Seyfert*
NGC6300,259.2490416667,-62.81981388889,2900.0,5700.0,o6bu13050,951.0,STIS/CCD,GALAXY;SEYFERT;NUCLEUS,9143,3,*Seyfert*
NGC7682,352.2664583333,3.533319444444,2900.0,5700.0,o6bu14050,805.0,STIS/CCD,GALAXY;SEYFERT;NUCLEUS,9143,3,*Seyfert*
NGC788,30.27697058812,-6.815844662653,5450.0,10140.0,o6bu15020,1080.0,STIS/CCD,GALAXY;SEYFERT;NUCLEUS,9143,3,*Seyfert*
NGC6300,259.249193692,-62.81981421221,2900.0,5700.0,o6bu13040,900.0,STIS/CCD,GALAXY;SEYFERT;NUCLEUS,9143,3,*Seyfert*
NGC6300,259.2488896414,-62.81981356541,5450.0,10140.0,o6bu13020,1226.0,STIS/CCD,GALAXY;SEYFERT;NUCLEUS,9143,3,*Seyfert*
NGC6300,259.249193692,-62.81981421221,5450.0,10140.0,o6bu13030,840.0,STIS/CCD,GALAXY;SEYFERT;NUCLEUS,9143,3,*Seyfert*
NGC7682,352.2664370059,3.533253343013,5450.0,10140.0,o6bu14020,1080.0,STIS/CCD,GALAXY;SEYFERT;NUCLEUS,9143,3,*Seyfert*
NGC5695,219.342125,36.56770833333,2900.0,5700.0,o6bu12050,823.0,STIS/CCD,GALAXY;SEYFERT;NUCLEUS,9143,3,*Seyfert*
NGC4507,188.9026845666,-39.90939214863,5450.0,10140.0,o6bu17020,1115.0,STIS/CCD,GALAXY;SEYFERT;NUCLEUS,9143,3,*Seyfert*
NGC5695,219.3421918624,36.56775236469,2900.0,5700.0,o6bu12040,840.0,STIS/CCD,GALAXY;SEYFERT;NUCLEUS,9143,3,*Seyfert*
UM146,28.84170833333,6.611655555556,2900.0,5700.0,o6bu16050,805.0,STIS/CCD,GALAXY;SEYFERT;NUCLEUS,9143,3,*Seyfert*
UM146,28.841682906,6.611590867437,5450.0,10140.0,o6bu16020,1080.0,STIS/CCD,GALAXY;SEYFERT;NUCLEUS,9143,3,*Seyfert*
NGC788,30.27686274521,-6.815933115119,5450.0,10140.0,o6bu15030,840.0,STIS/CCD,GALAXY;SEYFERT;NUCLEUS,9143,3,*Seyfert*
UM146,28.84173376067,6.611720243674,2900.0,5700.0,o6bu16040,840.0,STIS/CCD,GALAXY;SEYFERT;NUCLEUS,9143,3,*Seyfert*
UM146,28.84170833333,6.611655555556,5450.0,10140.0,o6bu16010,1080.0,STIS/CCD,GALAXY;SEYFERT;NUCLEUS,9143,3,*Seyfert*
NGC5695,219.3421918624,36.56775236469,5450.0,10140.0,o6bu12030,900.0,STIS/CCD,GALAXY;SEYFERT;NUCLEUS,9143,3,*Seyfert*
UM146,28.84173376067,6.611720243674,5450.0,10140.0,o6bu16030,840.0,STIS/CCD,GALAXY;SEYFERT;NUCLEUS,9143,3,*Seyfert*
NGC788,30.27686274521,-6.815933115119,2900.0,5700.0,o6bu15040,840.0,STIS/CCD,GALAXY;SEYFERT;NUCLEUS,9143,3,*Seyfert*
IC3639,190.2203327186,-36.75598950887,5450.0,10140.0,o6bu01030,900.0,STIS/CCD,GALAXY;SEYFERT;NUCLEUS,9143,3,*Seyfert*
IC3639,190.2205006147,-36.75595493552,5450.0,10140.0,o6bu01020,1158.0,STIS/CCD,GALAXY;SEYFERT;NUCLEUS,9143,3,*Seyfert*
IC3639,190.2203327186,-36.75598950887,2900.0,5700.0,o6bu01040,840.0,STIS/CCD,GALAXY;SEYFERT;NUCLEUS,9143,3,*Seyfert*
MARK573,25.99060745613,2.349916493478,5450.0,10140.0,o6bu02020,1080.0,STIS/CCD,GALAXY;SEYFERT;NUCLEUS,9143,3,*Seyfert*
MARK573,25.99047587721,2.349961284296,5450.0,10140.0,o6bu02030,840.0,STIS/CCD,GALAXY;SEYFERT;NUCLEUS,9143,3,*Seyfert*
NGC1358,53.41527823575,-5.089178172203,5450.0,10140.0,o6bu03030,840.0,STIS/CCD,GALAXY;SEYFERT;NUCLEUS,9143,3,*Seyfert*
MARK573,25.99047587721,2.349961284296,2900.0,5700.0,o6bu02040,840.0,STIS/CCD,GALAXY;SEYFERT;NUCLEUS,9143,3,*Seyfert*
NGC1358,53.41522176425,-5.08930516113,5450.0,10140.0,o6bu03020,1080.0,STIS/CCD,GALAXY;SEYFERT;NUCLEUS,9143,3,*Seyfert*
NGC1667,72.15416666667,-6.320222222222,5450.0,10140.0,o6bu04010,1080.0,STIS/CCD,GALAXY;SEYFERT;NUCLEUS,9143,3,*Seyfert*
NGC5695,219.3420581377,36.56766430193,5450.0,10140.0,o6bu12020,1158.0,STIS/CCD,GALAXY;SEYFERT;NUCLEUS,9143,3,*Seyfert*
NGC1667,72.15422704412,-6.320187275513,5450.0,10140.0,o6bu04020,1080.0,STIS/CCD,GALAXY;SEYFERT;NUCLEUS,9143,3,*Seyfert*
NGC1358,53.41527823575,-5.089178172203,2900.0,5700.0,o6bu03040,840.0,STIS/CCD,GALAXY;SEYFERT;NUCLEUS,9143,3,*Seyfert*
FAIRALL9,20.94041666667,-58.806,1640.0,3190.0,o6ct06010,1200.0,STIS/CCD,GALAXY;SEYFERT,9128,3,*Seyfert*
IR07546+3928,119.501125,39.34111111111,1640.0,3190.0,o6ct17010,1500.0,STIS/CCD,GALAXY;SEYFERT,9128,3,*Seyfert*
MRK9,114.238375,58.76983333333,1640.0,3190.0,o6ct15010,1500.0,STIS/CCD,GALAXY;SEYFERT,9128,3,*Seyfert*
PG1402+261,211.3180416667,25.9255,1640.0,3190.0,o6ct33010,1500.0,STIS/CCD,GALAXY;SEYFERT,9128,3,*Seyfert*
NGC7469,345.8155833333,8.873333333333,1640.0,3190.0,o6ct49010,900.0,STIS/CCD,GALAXY;SEYFERT,9128,3,*Seyfert*
NGC5194,202.46988075,47.19528901,5450.0,10140.0,o6fm01010,2110.0,STIS/CCD,GALAXY;SPIRAL;SEYFERT,9147,3,*Seyfert*
NGC5194-SLIT-EAST,202.4699796609,47.19525436789,5450.0,10140.0,o6fm01030,1761.0,STIS/CCD,GALAXY;SPIRAL;SEYFERT,9147,3,*Seyfert*
NGC5194-SLIT-EAST,202.4699201304,47.19535785408,5450.0,10140.0,o6fm01050,1729.0,STIS/CCD,GALAXY;SPIRAL;SEYFERT,9147,3,*Seyfert*
NGC5194-SLIT-WEST2,202.4697126932,47.19530655096,5450.0,10140.0,o6fm02050,1729.0,STIS/CCD,GALAXY;SPIRAL;SEYFERT,9147,3,*Seyfert*
NGC5194-SLIT-WEST2,202.4697722239,47.19520306483,5450.0,10140.0,o6fm02030,1761.0,STIS/CCD,GALAXY;SPIRAL;SEYFERT,9147,3,*Seyfert*
NGC4151,182.6354161881,39.40575270167,5450.0,10140.0,o8qs07070,2500.0,STIS/CCD,GALAXY;NUCLEUS;SEYFERT,9849,3,*Seyfert*
NGC4151,182.635583812,39.40580285383,5450.0,10140.0,o8qs07050,2500.0,STIS/CCD,GALAXY;NUCLEUS;SEYFERT,9849,3,*Seyfert*
NGC4151,182.6354161881,39.40575270167,5450.0,10140.0,o8qs06070,2500.0,STIS/CCD,GALAXY;NUCLEUS;SEYFERT,9849,3,*Seyfert*
NGC4151,182.635583812,39.40580285383,5450.0,10140.0,o8qs06050,2500.0,STIS/CCD,GALAXY;NUCLEUS;SEYFERT,9849,3,*Seyfert*
NGC4151,182.6354161881,39.40575270167,5450.0,10140.0,o8qs05070,2500.0,STIS/CCD,GALAXY;NUCLEUS;SEYFERT,9849,3,*Seyfert*
NGC4151,182.635583812,39.40580285383,5450.0,10140.0,o8qs05050,2500.0,STIS/CCD,GALAXY;NUCLEUS;SEYFERT,9849,3,*Seyfert*
NGC2273,102.5359322213,60.84578612996,2900.0,5700.0,o6bu05040,840.0,STIS/CCD,GALAXY;SEYFERT;NUCLEUS,9143,3,*Seyfert*
NGC4151,182.6355,39.40576666667,5450.0,10140.0,o42301a10,100.0,STIS/CCD,GALAXY;SEYFERT;NLR;BLR,7569,3,*Seyfert*
ESO428-G14,109.1303593453,-29.32477060153,5450.0,10140.0,o51x01030,555.0,STIS/CCD,GALAXY;SEYFERT;SPIRAL;EMISSION LINE NEBULA,7275,3,*Seyfert*
NGC-5806,225.0015887036,1.891419150378,5450.0,10140.0,obib060c0,898.0,STIS/CCD,GALAXY;NUCLEUS;SEYFERT;SPIRAL,12187,3,*Seyfert*
NGC-5806,225.0015860494,1.891377568244,5450.0,10140.0,obib060b0,898.0,STIS/CCD,GALAXY;NUCLEUS;SEYFERT;SPIRAL,12187,3,*Seyfert*
NGC-5806,225.0015833952,1.891335986109,5450.0,10140.0,obib060a0,898.0,STIS/CCD,GALAXY;NUCLEUS;SEYFERT;SPIRAL,12187,3,*Seyfert*
NGC-5806,225.0016719132,1.891413844824,5450.0,10140.0,obib06090,898.0,STIS/CCD,GALAXY;NUCLEUS;SEYFERT;SPIRAL,12187,3,*Seyfert*
NGC-5806,225.001669259,1.89137226269,5450.0,10140.0,obib06080,898.0,STIS/CCD,GALAXY;NUCLEUS;SEYFERT;SPIRAL,12187,3,*Seyfert*
NGC-5806,225.0016666048,1.891330680556,5450.0,10140.0,obib06070,898.0,STIS/CCD,GALAXY;NUCLEUS;SEYFERT;SPIRAL,12187,3,*Seyfert*
NGC-4395,186.4534593997,33.54680998019,3020.0,5610.0,obgu04030,693.0,STIS/CCD,GALAXY;SEYFERT,12212,3,*Seyfert*
MRK-0509,311.0405118425,-10.72349893817,3020.0,5610.0,obgu07020,695.0,STIS/CCD,GALAXY;SEYFERT,12212,3,*Seyfert*
MRK-0509,311.04058,-10.72348055556,3020.0,5610.0,obgu07010,695.0,STIS/CCD,GALAXY;SEYFERT,12212,3,*Seyfert*
MRK-0509,311.040443685,-10.72351732076,3020.0,5610.0,obgu07030,695.0,STIS/CCD,GALAXY;SEYFERT,12212,3,*Seyfert*
NGC-7469,345.8150600379,8.87394287239,3020.0,5610.0,obgu09020,697.0,STIS/CCD,GALAXY;SEYFERT,12212,3,*Seyfert*
NGC-7469,345.8150200758,8.873885744776,3020.0,5610.0,obgu09030,697.0,STIS/CCD,GALAXY;SEYFERT,12212,3,*Seyfert*
NGC-7469,345.8151,8.874,3020.0,5610.0,obgu09010,697.0,STIS/CCD,GALAXY;SEYFERT,12212,3,*Seyfert*
IC-356,61.94546487545,69.81240283898,5450.0,10140.0,obib010a0,1039.0,STIS/CCD,GALAXY;NUCLEUS;SEYFERT;SPIRAL,12187,3,*Seyfert*
IC-356,61.94522375086,69.81239832352,5450.0,10140.0,obib010c0,1039.0,STIS/CCD,GALAXY;NUCLEUS;SEYFERT;SPIRAL,12187,3,*Seyfert*
IC-356,61.94545179118,69.8124860499,5450.0,10140.0,obib01070,1039.0,STIS/CCD,GALAXY;NUCLEUS;SEYFERT;SPIRAL,12187,3,*Seyfert*
IC-356,61.94534431315,69.81240058129,5450.0,10140.0,obib010b0,1039.0,STIS/CCD,GALAXY;NUCLEUS;SEYFERT;SPIRAL,12187,3,*Seyfert*
IC-356,61.94521066564,69.81248153442,5450.0,10140.0,obib01090,1039.0,STIS/CCD,GALAXY;NUCLEUS;SEYFERT;SPIRAL,12187,3,*Seyfert*
IC-356,61.9453312284,69.8124837922,5450.0,10140.0,obib01080,1039.0,STIS/CCD,GALAXY;NUCLEUS;SEYFERT;SPIRAL,12187,3,*Seyfert*
NGC-2985,147.5927516313,72.27859431876,5450.0,10140.0,obib020b0,1054.0,STIS/CCD,GALAXY;NUCLEUS;SEYFERT;SPIRAL,12187,3,*Seyfert*
NGC-2985,147.5924884716,72.27864190131,5450.0,10140.0,obib02070,1054.0,STIS/CCD,GALAXY;NUCLEUS;SEYFERT;SPIRAL,12187,3,*Seyfert*
NGC-3675,171.535766741,43.58595652978,5450.0,10140.0,obib03050,953.0,STIS/CCD,GALAXY;NUCLEUS;SEYFERT;SPIRAL,12187,3,*Seyfert*
NGC-3675,171.5357284483,43.58600851904,5450.0,10140.0,obib030c0,953.0,STIS/CCD,GALAXY;NUCLEUS;SEYFERT;SPIRAL,12187,3,*Seyfert*
NGC-2985,147.5927615283,72.27863587638,5450.0,10140.0,obib020a0,1054.0,STIS/CCD,GALAXY;NUCLEUS;SEYFERT;SPIRAL,12187,3,*Seyfert*
NGC-2985,147.5927417342,72.27855276114,5450.0,10140.0,obib020c0,1054.0,STIS/CCD,GALAXY;NUCLEUS;SEYFERT;SPIRAL,12187,3,*Seyfert*
NGC-2985,147.5924686787,72.27855878605,5450.0,10140.0,obib02090,1054.0,STIS/CCD,GALAXY;NUCLEUS;SEYFERT;SPIRAL,12187,3,*Seyfert*
NGC-3675,171.5356949664,43.58592879281,5450.0,10140.0,obib030a0,863.176,STIS/CCD,GALAXY;NUCLEUS;SEYFERT;SPIRAL,12187,3,*Seyfert*
NGC-3675,171.5357117073,43.58596865593,5450.0,10140.0,obib030b0,953.0,STIS/CCD,GALAXY;NUCLEUS;SEYFERT;SPIRAL,12187,3,*Seyfert*
NGC-3675,171.5357834819,43.58599639288,5450.0,10140.0,obib03060,953.0,STIS/CCD,GALAXY;NUCLEUS;SEYFERT;SPIRAL,12187,3,*Seyfert*
NGC-3675,171.5358050336,43.5859045405,5450.0,10140.0,obib03070,852.2,STIS/CCD,GALAXY;NUCLEUS;SEYFERT;SPIRAL,12187,3,*Seyfert*
NGC-3675,171.5358385156,43.5859842667,5450.0,10140.0,obib03090,953.0,STIS/CCD,GALAXY;NUCLEUS;SEYFERT;SPIRAL,12187,3,*Seyfert*
NGC-3675,171.5358217746,43.5859444036,5450.0,10140.0,obib03080,953.0,STIS/CCD,GALAXY;NUCLEUS;SEYFERT;SPIRAL,12187,3,*Seyfert*
NGC-2985,147.5924785752,72.27860034368,5450.0,10140.0,obib02080,1054.0,STIS/CCD,GALAXY;NUCLEUS;SEYFERT;SPIRAL,12187,3,*Seyfert*
NGC-4800,193.6574810064,46.53110984309,5450.0,10140.0,obib040b0,920.0,STIS/CCD,GALAXY;NUCLEUS;SEYFERT;SPIRAL,12187,3,*Seyfert*
NGC-5377,209.0694793375,47.23573359442,5450.0,10140.0,obib05020,585.0,STIS/CCD,GALAXY;NUCLEUS;SEYFERT;SPIRAL,12187,3,*Seyfert*
NGC-4800,193.6573457741,46.53111485758,5450.0,10140.0,obib04090,920.0,STIS/CCD,GALAXY;NUCLEUS;SEYFERT;SPIRAL,12187,3,*Seyfert*
NGC-5377,209.0695003417,47.23577274439,5450.0,10140.0,obib05030,581.192,STIS/CCD,GALAXY;NUCLEUS;SEYFERT;SPIRAL,12187,3,*Seyfert*
NGC-4800,193.6573757361,46.53115106847,5450.0,10140.0,obib04080,920.0,STIS/CCD,GALAXY;NUCLEUS;SEYFERT;SPIRAL,12187,3,*Seyfert*
NGC-4800,193.6575109684,46.53114605395,5450.0,10140.0,obib040a0,920.0,STIS/CCD,GALAXY;NUCLEUS;SEYFERT;SPIRAL,12187,3,*Seyfert*
NGC-4800,193.6574056981,46.53118727937,5450.0,10140.0,obib04070,920.0,STIS/CCD,GALAXY;NUCLEUS;SEYFERT;SPIRAL,12187,3,*Seyfert*
NGC-5377,209.0695159929,47.23568018293,5450.0,10140.0,obib05070,920.0,STIS/CCD,GALAXY;NUCLEUS;SEYFERT;SPIRAL,12187,3,*Seyfert*
NGC-5377,209.0695003417,47.23577274439,5450.0,10140.0,obib05060,919.168,STIS/CCD,GALAXY;NUCLEUS;SEYFERT;SPIRAL,12187,3,*Seyfert*
NGC-5377,209.0694216778,47.23574785591,5450.0,10140.0,obib050b0,920.0,STIS/CCD,GALAXY;NUCLEUS;SEYFERT;SPIRAL,12187,3,*Seyfert*
NGC-5377,209.069442682,47.23578700589,5450.0,10140.0,obib050c0,920.0,STIS/CCD,GALAXY;NUCLEUS;SEYFERT;SPIRAL,12187,3,*Seyfert*
NGC-5377,209.0694006736,47.23570870592,5450.0,10140.0,obib050a0,920.0,STIS/CCD,GALAXY;NUCLEUS;SEYFERT;SPIRAL,12187,3,*Seyfert*
NGC-5377,209.0694793375,47.23573359442,5450.0,10140.0,obib05050,920.0,STIS/CCD,GALAXY;NUCLEUS;SEYFERT;SPIRAL,12187,3,*Seyfert*
NGC-5377,209.0695580014,47.23575848286,5450.0,10140.0,obib05090,920.0,STIS/CCD,GALAXY;NUCLEUS;SEYFERT;SPIRAL,12187,3,*Seyfert*
NGC-5377,209.0695369971,47.2357193329,5450.0,10140.0,obib05080,920.0,STIS/CCD,GALAXY;NUCLEUS;SEYFERT;SPIRAL,12187,3,*Seyfert*
NGC-4800,193.6574510443,46.53107363221,5450.0,10140.0,obib040c0,920.0,STIS/CCD,GALAXY;NUCLEUS;SEYFERT;SPIRAL,12187,3,*Seyfert*
SBS0948+532,147.88236,52.99333333333,5240.0,10270.0,obqn11050,900.0,STIS/CCD,GALAXY;DWARF COMPACT;EMISSION LINE NEBULA;SEYFERT;STAR FORMING REGION;STARBURST,12472,3,*Seyfert*
F13428+5608-C,206.1764971711,55.88713236829,2900.0,5700.0,obzw09020,1100.0,STIS/CCD,GALAXY;SEYFERT;ULTRALUMINOUS IR GAL,12934,3,*Seyfert*
F14394+5332-E,220.2683125,53.33598333333,5240.0,10270.0,obzw11010,1000.0,STIS/CCD,GALAXY;SEYFERT;ULTRALUMINOUS IR GAL,12934,3,*Seyfert*
F13428+5608-C,206.1757958333,55.88695833333,2900.0,5700.0,obzw09010,1100.0,STIS/CCD,GALAXY;SEYFERT;ULTRALUMINOUS IR GAL,12934,3,*Seyfert*
F16156+0146-C,244.5388875,1.656177777778,5240.0,10270.0,obzw13010,800.0,STIS/CCD,GALAXY;SEYFERT;ULTRALUMINOUS IR GAL,12934,3,*Seyfert*
F14394+5332-W,220.2681163638,53.33640056341,5240.0,10270.0,obzw11080,1450.0,STIS/CCD,GALAXY;SEYFERT;ULTRALUMINOUS IR GAL,12934,3,*Seyfert*
F14394+5332-E,220.2682080318,53.33640889686,5240.0,10270.0,obzw11020,1000.0,STIS/CCD,GALAXY;SEYFERT;ULTRALUMINOUS IR GAL,12934,3,*Seyfert*
ARP-151,171.4007,54.3825,2900.0,5700.0,oc1501010,165.0,STIS/CCD,GALAXY;BLR;SEYFERT,12922,3,*Seyfert*
UGC-7342-OFFSET-DUST,184.5807083333,29.25368611111,5240.0,10270.0,ocxw05020,5696.0,STIS/CCD,GALAXY;EMISSION LINE NEBULA;FILAMENT;NLR;NUCLEUS;SEYFERT,14271,3,*Seyfert*
UGC-7342-OFFSET-DUST,184.5807083333,29.25368611111,2900.0,5700.0,ocxw05010,4308.0,STIS/CCD,GALAXY;EMISSION LINE NEBULA;FILAMENT;NLR;NUCLEUS;SEYFERT,14271,3,*Seyfert*
UGC-7342-OFFSET-GAS,184.581025,29.25311388889,5240.0,10270.0,ocxw04020,5696.0,STIS/CCD,GALAXY;EMISSION LINE NEBULA;FILAMENT;NLR;NUCLEUS;SEYFERT,14271,3,*Seyfert*
UGC-7342-OFFSET-GAS,184.581025,29.25311388889,2900.0,5700.0,ocxw04010,4308.0,STIS/CCD,GALAXY;EMISSION LINE NEBULA;FILAMENT;NLR;NUCLEUS;SEYFERT,14271,3,*Seyfert*
2MASXJ08434495+3549421,130.9373986301,35.82835397773,5450.0,10140.0,ocww03040,1418.0,STIS/CCD,GALAXY;INTERACTING GALAXY;MULTIPLE NUCLEI;SEYFERT,14248,3,*Seyfert*
2MASXJ08434495+3549421,130.93745,35.82835277778,5450.0,10140.0,ocww03030,1418.0,STIS/CCD,GALAXY;INTERACTING GALAXY;MULTIPLE NUCLEI;SEYFERT,14248,3,*Seyfert*
MCG+02-21-013,121.1931706031,10.77672244671,5450.0,10140.0,ocww04040,1394.0,STIS/CCD,GALAXY;INTERACTING GALAXY;MULTIPLE NUCLEI;SEYFERT,14248,3,*Seyfert*
MCG+02-21-013,121.193175,10.77676388889,5450.0,10140.0,ocww04030,1394.0,STIS/CCD,GALAXY;INTERACTING GALAXY;MULTIPLE NUCLEI;SEYFERT,14248,3,*Seyfert*
CGCG341-006,281.3596228197,72.18353363977,5450.0,10140.0,ocww01040,1542.0,STIS/CCD,GALAXY;INTERACTING GALAXY;MULTIPLE NUCLEI;SEYFERT,14248,3,*Seyfert*
2MASXJ01392400+2924067,24.85000416667,29.401875,5450.0,10140.0,ocww02030,602.0,STIS/CCD,GALAXY;INTERACTING GALAXY;MULTIPLE NUCLEI;SEYFERT,14248,3,*Seyfert*
CGCG341-006,281.3596228197,72.18353363977,2900.0,5700.0,ocww01020,1310.0,STIS/CCD,GALAXY;INTERACTING GALAXY;MULTIPLE NUCLEI;SEYFERT,14248,3,*Seyfert*
CGCG341-006,281.3595291667,72.18356388889,5450.0,10140.0,ocww01030,1542.0,STIS/CCD,GALAXY;INTERACTING GALAXY;MULTIPLE NUCLEI;SEYFERT,14248,3,*Seyfert*
MRK-34,158.5357156597,60.03116909355,5240.0,10270.0,od2501050,143.0,STIS/CCD,GALAXY;NLR;SEYFERT,14360,3,*Seyfert*
MRK-34,158.535631319,60.03122429816,5240.0,10270.0,od2501060,143.0,STIS/CCD,GALAXY;NLR;SEYFERT,14360,3,*Seyfert*
MRK-34,158.5357156597,60.03116909355,2900.0,5700.0,od2501020,437.0,STIS/CCD,GALAXY;NLR;SEYFERT,14360,3,*Seyfert*
MRK-34,158.535631319,60.03122429816,2900.0,5700.0,od2501030,437.0,STIS/CCD,GALAXY;NLR;SEYFERT,14360,3,*Seyfert*
MRK-34,158.5358,60.03111388889,2900.0,5700.0,od2501010,437.0,STIS/CCD,GALAXY;NLR;SEYFERT,14360,3,*Seyfert*
MRK-34,158.5358,60.03111388889,5240.0,10270.0,od2501040,145.0,STIS/CCD,GALAXY;NLR;SEYFERT,14360,3,*Seyfert*
MRK-78,115.6738791667,65.17707222222,2900.0,5700.0,od2502010,454.0,STIS/CCD,GALAXY;NLR;SEYFERT,14360,3,*Seyfert*
MRK-493,239.7902392352,35.02975882844,5240.0,10270.0,od5u010a0,532.0,STIS/CCD,GALAXY;BLR;NLR;NUCLEUS;SEYFERT,14744,3,*Seyfert*
MRK-78,115.6735693856,65.17702346913,5240.0,10270.0,od2502060,154.0,STIS/CCD,GALAXY;NLR;SEYFERT,14360,3,*Seyfert*
MRK-78,115.6738791667,65.17707222222,5240.0,10270.0,od2502040,156.0,STIS/CCD,GALAXY;NLR;SEYFERT,14360,3,*Seyfert*
MRK-78,115.673724276,65.17704784575,5240.0,10270.0,od2502050,154.0,STIS/CCD,GALAXY;NLR;SEYFERT,14360,3,*Seyfert*
MRK-78,115.6735693856,65.17702346913,2900.0,5700.0,od2502030,454.0,STIS/CCD,GALAXY;NLR;SEYFERT,14360,3,*Seyfert*
MRK-78,115.673724276,65.17704784575,2900.0,5700.0,od2502020,454.0,STIS/CCD,GALAXY;NLR;SEYFERT,14360,3,*Seyfert*
NGC-3147,154.2234554703,73.40079925609,5240.0,10270.0,odhl01050,410.0,STIS/CCD,GALAXY;SEYFERT,15225,3,*Seyfert*
NGC-3147,154.2236353626,73.40070074388,5240.0,10270.0,odhl01030,410.0,STIS/CCD,GALAXY;SEYFERT,15225,3,*Seyfert*
NGC-3147,154.2235903897,73.40072537194,5240.0,10270.0,odhl01020,410.0,STIS/CCD,GALAXY;SEYFERT,15225,3,*Seyfert*
NGC-3147,154.2235004436,73.40077462805,5240.0,10270.0,odhl01040,410.0,STIS/CCD,GALAXY;SEYFERT,15225,3,*Seyfert*
MRK279,208.2643138472,69.30819704529,2900.0,5700.0,oeoe19030,200.0,STIS/CCD,GALAXY;BLR;SEYFERT,16705,3,*Seyfert*
MRK279,208.2643138529,69.30819704617,2900.0,5700.0,oeoe05030,1.536449,STIS/CCD,GALAXY;BLR;SEYFERT,16705,3,*Seyfert*
MRK279,208.2643138529,69.30819704617,5240.0,10270.0,oeoe05040,1.536449,STIS/CCD,GALAXY;BLR;SEYFERT,16705,3,*Seyfert*
MRK279,208.2643138359,69.30819704357,2900.0,5700.0,oeoe46030,200.0,STIS/CCD,GALAXY;BLR;SEYFERT,16705,3,*Seyfert*
MRK279,208.2643138534,69.30819704624,2900.0,5700.0,oeoe04030,1.536449,STIS/CCD,GALAXY;BLR;SEYFERT,16705,3,*Seyfert*
MRK279,208.2643138534,69.30819704624,5240.0,10270.0,oeoe04040,1.568449,STIS/CCD,GALAXY;BLR;SEYFERT,16705,3,*Seyfert*
NGC-7469,345.8153650587,8.873845849318,5240.0,10270.0,of9j010e0,41.0,STIS/CCD,GALAXY;ACCRETION DISK;BLR;SEYFERT,17523,3,*Seyfert*
NGC-4151,182.6357315539,39.40584884758,1680.0,3060.0,ofj701020,626.0,STIS/CCD,GALAXY;SEYFERT,17892,3,*Seyfert*
NGC-3516,166.6977808376,72.56871623059,3020.0,5610.0,obgu02030,718.0,STIS/CCD,GALAXY;SEYFERT,12212,3,*Seyfert*
NGC-4593,189.9143958333,-5.344172222222,5240.0,10270.0,ocuw23030,288.0,STIS/CCD,GALAXY;ACCRETION DISK;BLR;SEYFERT,14121,3,*Seyfert*
NGC-4593,189.9143958333,-5.344172222222,5240.0,10270.0,ocuw06030,288.0,STIS/CCD,GALAXY;ACCRETION DISK;BLR;SEYFERT,14121,3,*Seyfert*
MRK279,208.264313762,69.30819703223,5240.0,10270.0,oeoe56040,100.0,STIS/CCD,GALAXY;BLR;SEYFERT,16705,3,*Seyfert*
MRK279,208.2643138442,69.30819704484,5240.0,10270.0,oeoe26040,100.0,STIS/CCD,GALAXY;BLR;SEYFERT,16705,3,*Seyfert*
NGC-4593,189.9143958333,-5.344172222222,5240.0,10270.0,ocuw18030,288.0,STIS/CCD,GALAXY;ACCRETION DISK;BLR;SEYFERT,14121,3,*Seyfert*
NGC-4593,189.9143958333,-5.344172222222,2900.0,5700.0,ocuw02020,298.0,STIS/CCD,GALAXY;ACCRETION DISK;BLR;SEYFERT,14121,3,*Seyfert*
F14394+5332-C,220.2681621985,53.33640611909,5240.0,10270.0,obzw11050,1450.0,STIS/CCD,GALAXY;SEYFERT;ULTRALUMINOUS IR GAL,12934,3,*Seyfert*
F16156+0146-C,244.5385393956,1.655924953471,5240.0,10270.0,obzw13020,800.0,STIS/CCD,GALAXY;SEYFERT;ULTRALUMINOUS IR GAL,12934,3,*Seyfert*
NGC-5806,225.0016276542,1.891374915467,5450.0,10140.0,obib06020,563.0,STIS/CCD,GALAXY;NUCLEUS;SEYFERT;SPIRAL,12187,3,*Seyfert*
NGC3516,166.698125,72.56858333333,2900.0,5700.0,o4st02040,2520.0,STIS/CCD,GALAXY;SEYFERT,7355,3,*Seyfert*
NGC4151,182.6355,39.40576666667,5240.0,10270.0,o59701020,780.0,STIS/CCD,GALAXY;SEYFERT,8136,3,*Seyfert*
MARK463E,209.0118791667,18.37196277778,2900.0,5700.0,o5g406020,556.0,STIS/CCD,GALAXY;SEYFERT;NLR;JET,8253,3,*Seyfert*
MRK-110,141.30363,52.28625,2900.0,5700.0,odqz01030,60.0,STIS/CCD,GALAXY;ACCRETION DISK;BLR;NLR;NUCLEUS;SEYFERT,15413,3,*Seyfert*
MRK-279,208.26436,69.30821111111,3020.0,5610.0,obgu05010,712.0,STIS/CCD,GALAXY;SEYFERT,12212,3,*Seyfert*
NGC5194-SLIT-WEST2,202.4697424586,47.1952548079,2900.0,5700.0,o6fm03040,2680.0,STIS/CCD,GALAXY;SPIRAL;SEYFERT,9147,3,*Seyfert*
NGC-4593,189.9143958333,-5.344172222222,2900.0,5700.0,ocuw14020,298.0,STIS/CCD,GALAXY;ACCRETION DISK;BLR;SEYFERT,14121,3,*Seyfert*
MRK-817,219.0915716048,58.79411417714,5240.0,10270.0,oede3o040,175.0,STIS/CCD,GALAXY;ACCRETION DISK;BLR;NUCLEUS;SEYFERT;WIND,16196,3,*Seyfert*
NGC-5972-OFFSET,234.7253166667,17.026275,5450.0,10140.0,ocxw01020,2854.8,STIS/CCD,GALAXY;EMISSION LINE NEBULA;FILAMENT;NLR;NUCLEUS;SEYFERT,14271,3,*Seyfert*
NGC5194-SLIT-WEST1,202.4698116043,47.19527190897,2900.0,5700.0,o6fm03030,2868.0,STIS/CCD,GALAXY;SPIRAL;SEYFERT,9147,3,*Seyfert*
NGC-4395,186.4535346998,33.54683971234,3020.0,5610.0,obgu04020,693.0,STIS/CCD,GALAXY;SEYFERT,12212,3,*Seyfert*
2MASXJ08434495+3549421,130.9373986301,35.82835397773,2900.0,5700.0,ocww03020,1146.0,STIS/CCD,GALAXY;INTERACTING GALAXY;MULTIPLE NUCLEI;SEYFERT,14248,3,*Seyfert*
MRK-817,219.0920088867,58.79427489537,2900.0,5700.0,oedea5050,30.0,STIS/CCD,GALAXY;ACCRETION DISK;BLR;NUCLEUS;SEYFERT;WIND,16196,3,*Seyfert*
MRK279,208.2643138396,69.30819704413,5240.0,10270.0,oeoe37040,100.0,STIS/CCD,GALAXY;BLR;SEYFERT,16705,3,*Seyfert*
MRK-817,219.0920089069,58.79427487992,2900.0,5700.0,oede4f050,175.0,STIS/CCD,GALAXY;ACCRETION DISK;BLR;NUCLEUS;SEYFERT;WIND,16196,3,*Seyfert*
NGC-7469,345.8153083333,8.873688888889,2900.0,5700.0,of9j01070,91.0,STIS/CCD,GALAXY;ACCRETION DISK;BLR;SEYFERT,17523,3,*Seyfert*
NGC-1097,41.57876347839,-30.27469214878,5450.0,10140.0,oepe01020,621.0,STIS/CCD,GALAXY;LINER;NUCLEUS;SEYFERT;SPIRAL,16772,3,*Seyfert*
MRK279,208.2643138409,69.30819704433,5240.0,10270.0,oeoe34040,100.0,STIS/CCD,GALAXY;BLR;SEYFERT,16705,3,*Seyfert*
MRK279,208.2643138546,69.30819704643,5240.0,10270.0,oeoe01040,78.0,STIS/CCD,GALAXY;BLR;SEYFERT,16705,3,*Seyfert*
MCG-6-30-15,203.973875,-34.29555555556,3020.0,5610.0,o5gu08010,1707.0,STIS/CCD,GALAXY;ELLIPTICAL;SEYFERT,8240,3,*Seyfert*
2MASXJ01392400+2924067,24.85000416667,29.401875,5450.0,10140.0,ocww02050,602.0,STIS/CCD,GALAXY;INTERACTING GALAXY;MULTIPLE NUCLEI;SEYFERT,14248,3,*Seyfert*
NGC1068-HOTSPOT,40.66961696535,-0.01334992118785,5450.0,10140.0,o5lj01020,720.0,STIS/CCD,GALAXY;SEYFERT;HOTSPOT,8185,3,*Seyfert*
MRK-1310,180.3097958333,-3.678047222222,2900.0,5700.0,oc1503010,120.0,STIS/CCD,GALAXY;BLR;SEYFERT,12922,3,*Seyfert*
NGC2110,88.04740083333,-7.456253611111,5450.0,10140.0,o64f02020,1440.0,STIS/CCD,GALAXY;SEYFERT;;EXT-MEDIUM,8610,3,*Seyfert*
NGC4151,182.6355,39.40577777778,5450.0,10140.0,o8qs05010,1750.0,STIS/CCD,GALAXY;NUCLEUS;SEYFERT,9849,3,*Seyfert*
NGC4151,182.6355,39.40577777778,5450.0,10140.0,o8qs06030,2500.0,STIS/CCD,GALAXY;NUCLEUS;SEYFERT,9849,3,*Seyfert*
MRK0493,239.7900841467,35.02982383105,2900.0,5700.0,o92x16030,720.0,STIS/CCD,GALAXY;SEYFERT,10215,3,*Seyfert*
MRK-1040,37.06054166667,31.31133333333,3020.0,5610.0,ob1104010,2148.0,STIS/CCD,GALAXY;SEYFERT,11611,3,*Seyfert*
AKN-564,340.6639121915,29.72542622136,3020.0,5610.0,obgu08020,695.0,STIS/CCD,GALAXY;SEYFERT,12212,3,*Seyfert*
NGC-3783,174.75717,-37.73858055556,3020.0,5610.0,obgu03010,696.0,STIS/CCD,GALAXY;SEYFERT,12212,3,*Seyfert*
NGC-2985,147.592625,72.27863888889,5450.0,10140.0,obib02040,1054.0,STIS/CCD,GALAXY;NUCLEUS;SEYFERT;SPIRAL,12187,3,*Seyfert*
MRK279,208.2643137644,69.3081970326,5240.0,10270.0,oeoe50040,78.0,STIS/CCD,GALAXY;BLR;SEYFERT,16705,3,*Seyfert*
MRK-110,141.3036446337,52.28630482962,2900.0,5700.0,odqz02040,60.0,STIS/CCD,GALAXY;ACCRETION DISK;BLR;NLR;NUCLEUS;SEYFERT,15413,3,*Seyfert*
NGC1068-OFFSET,40.66954166667,-0.01343333333333,5240.0,10270.0,o4wk010b0,540.0,STIS/CCD,GALAXY;SEYFERT;NLR,7573,3,*Seyfert*
MRK-110,141.3036446337,52.28630482962,2900.0,5700.0,odqz03040,60.0,STIS/CCD,GALAXY;ACCRETION DISK;BLR;NLR;NUCLEUS;SEYFERT,15413,3,*Seyfert*
MRK279,208.2643138487,69.30819704553,5240.0,10270.0,oeoe15040,100.0,STIS/CCD,GALAXY;BLR;SEYFERT,16705,3,*Seyfert*
MRK-817,219.091868542,58.79439322866,5240.0,10270.0,oedea5030,30.0,STIS/CCD,GALAXY;ACCRETION DISK;BLR;NUCLEUS;SEYFERT;WIND,16196,3,*Seyfert*
MARK348,12.196375,31.95706666667,2900.0,5700.0,o5g405020,600.0,STIS/CCD,GALAXY;SEYFERT;NLR;JET,8253,3,*Seyfert*
MRK817,219.0919583333,58.79427777778,1640.0,3190.0,o6ct36010,1200.0,STIS/CCD,GALAXY;SEYFERT,9128,3,*Seyfert*
NGC3081,149.873375,-22.82636111111,5450.0,10140.0,o6bu06010,1080.0,STIS/CCD,GALAXY;SEYFERT;NUCLEUS,9143,3,*Seyfert*
MRK279,208.2643137637,69.30819703249,2900.0,5700.0,oeoe52030,98.0,STIS/CCD,GALAXY;BLR;SEYFERT,16705,3,*Seyfert*
MRK279,208.2643137654,69.30819703274,5240.0,10270.0,oeoe48040,100.0,STIS/CCD,GALAXY;BLR;SEYFERT,16705,3,*Seyfert*
MRK279,208.2643138484,69.30819704548,5240.0,10270.0,oeoe16040,100.0,STIS/CCD,GALAXY;BLR;SEYFERT,16705,3,*Seyfert*
NGC-4800,193.6573984092,46.53109424491,5450.0,10140.0,obib04060,920.0,STIS/CCD,GALAXY;NUCLEUS;SEYFERT;SPIRAL,12187,3,*Seyfert*
NGC-4593,189.9143958333,-5.344172222222,2900.0,5700.0,ocuw06020,298.0,STIS/CCD,GALAXY;ACCRETION DISK;BLR;SEYFERT,14121,3,*Seyfert*
NGC-4593,189.9143958333,-5.344172222222,2900.0,5700.0,ocuw05020,298.0,STIS/CCD,GALAXY;ACCRETION DISK;BLR;SEYFERT,14121,3,*Seyfert*
NGC-4593,189.9143958333,-5.344172222222,2900.0,5700.0,ocuw15020,298.0,STIS/CCD,GALAXY;ACCRETION DISK;BLR;SEYFERT,14121,3,*Seyfert*
NGC-4593,189.9143958333,-5.344172222222,5240.0,10270.0,ocuw15030,288.0,STIS/CCD,GALAXY;ACCRETION DISK;BLR;SEYFERT,14121,3,*Seyfert*
2MASXJ01392400+2924067,24.85000416667,29.401875,2900.0,5700.0,ocww02010,1126.0,STIS/CCD,GALAXY;INTERACTING GALAXY;MULTIPLE NUCLEI;SEYFERT,14248,3,*Seyfert*
NGC-7469,345.8153461502,8.873793529176,5240.0,10270.0,of9j010d0,41.0,STIS/CCD,GALAXY;ACCRETION DISK;BLR;SEYFERT,17523,3,*Seyfert*
MRK279,208.2643138378,69.30819704386,5240.0,10270.0,oeoe41040,100.0,STIS/CCD,GALAXY;BLR;SEYFERT,16705,3,*Seyfert*
NGC4151,182.6355,39.40576666667,5240.0,10270.0,o42302080,720.0,STIS/CCD,GALAXY;SEYFERT;NLR;BLR,7569,3,*Seyfert*
NGC1358,53.41525,-5.089241666667,2900.0,5700.0,o6bu03050,805.0,STIS/CCD,GALAXY;SEYFERT;NUCLEUS,9143,3,*Seyfert*
ARP-151,171.4006290975,54.38250557837,2900.0,5700.0,oc1501020,165.0,STIS/CCD,GALAXY;BLR;SEYFERT,12922,3,*Seyfert*
NGC-3516,166.69788,72.56858055556,3020.0,5610.0,obgu02010,718.0,STIS/CCD,GALAXY;SEYFERT,12212,3,*Seyfert*
NGC-1097,41.57873529008,-30.27472596422,5450.0,10140.0,oepe01030,621.0,STIS/CCD,GALAXY;LINER;NUCLEUS;SEYFERT;SPIRAL,16772,3,*Seyfert*
MRK279,208.2643138459,69.3081970451,5240.0,10270.0,oeoe22040,100.0,STIS/CCD,GALAXY;BLR;SEYFERT,16705,3,*Seyfert*
MRK279,208.2643138517,69.30819704599,5240.0,10270.0,oeoe08040,100.0,STIS/CCD,GALAXY;BLR;SEYFERT,16705,3,*Seyfert*
MRK-493,239.7902026028,35.02972990931,5240.0,10270.0,od5u010b0,532.0,STIS/CCD,GALAXY;BLR;NLR;NUCLEUS;SEYFERT,14744,3,*Seyfert*
CIRCINUS-NUCLEUS,213.291,-65.33858333333,5450.0,10140.0,o65b03020,2120.0,STIS/CCD,GALAXY;SEYFERT;STARBURST,8639,3,*Seyfert*
NGC3227,155.8775,19.865,2900.0,5700.0,o5kp01020,120.0,STIS/CCD,GALAXY;SEYFERT,8479,3,*Seyfert*
NGC5929-OFFSET1,231.5261375,41.67057777778,3020.0,5610.0,o5g403010,1524.0,STIS/CCD,GALAXY;SEYFERT;NLR,8253,3,*Seyfert*
MRK-110,141.30363,52.28625,2900.0,5700.0,odqz03030,60.0,STIS/CCD,GALAXY;ACCRETION DISK;BLR;NLR;NUCLEUS;SEYFERT,15413,3,*Seyfert*
NGC-4593,189.9143958333,-5.344172222222,2900.0,5700.0,ocuw16020,298.0,STIS/CCD,GALAXY;ACCRETION DISK;BLR;SEYFERT,14121,3,*Seyfert*
F13443+082-1,206.7131208333,7.787275,5240.0,10270.0,obzw10040,1350.0,STIS/CCD,GALAXY;SEYFERT;ULTRALUMINOUS IR GAL,12934,3,*Seyfert*
NGC-3675,171.5357834819,43.58599639288,5450.0,10140.0,obib03030,618.0,STIS/CCD,GALAXY;NUCLEUS;SEYFERT;SPIRAL,12187,3,*Seyfert*
NGC4151-OFFSET,182.6355075,39.40574055556,2900.0,5700.0,o42304090,720.0,STIS/CCD,GALAXY;SEYFERT;NLR,7569,3,*Seyfert*
NGC4303,185.4789327823,4.47376395412,5450.0,10140.0,o6lc01070,1350.0,STIS/CCD,GALAXY;SPIRAL;SEYFERT;STARBURST,9469,3,*Seyfert*
MRK-1044,37.52306238637,-8.998192129971,3020.0,5610.0,obgu01020,695.0,STIS/CCD,GALAXY;SEYFERT,12212,3,*Seyfert*
MRK-817,219.0920088931,58.79427489048,5240.0,10270.0,oede3o020,175.0,STIS/CCD,GALAXY;ACCRETION DISK;BLR;NUCLEUS;SEYFERT;WIND,16196,3,*Seyfert*
NGC-7469,345.8153272418,8.873741209033,2900.0,5700.0,of9j01080,91.0,STIS/CCD,GALAXY;ACCRETION DISK;BLR;SEYFERT,17523,3,*Seyfert*
NGC5252,204.5665,4.542580555556,5450.0,10140.0,o56c04030,841.0,STIS/CCD,GALAXY;SEYFERT;SPIRAL;NLR,8055,3,*Seyfert*
NGC788,30.27691666667,-6.815888888889,2900.0,5700.0,o6bu15050,805.0,STIS/CCD,GALAXY;SEYFERT;NUCLEUS,9143,3,*Seyfert*
NGC-4593,189.9143958333,-5.344172222222,2900.0,5700.0,ocuw09020,298.0,STIS/CCD,GALAXY;ACCRETION DISK;BLR;SEYFERT,14121,3,*Seyfert*
MRK-493,239.7902758676,35.02978774756,2900.0,5700.0,od5u01020,560.0,STIS/CCD,GALAXY;BLR;NLR;NUCLEUS;SEYFERT,14744,3,*Seyfert*
MRK279,208.2643138367,69.30819704369,5240.0,10270.0,oeoe44040,100.0,STIS/CCD,GALAXY;BLR;SEYFERT,16705,3,*Seyfert*
MRK279,208.2643138492,69.3081970456,5240.0,10270.0,oeoe14040,100.0,STIS/CCD,GALAXY;BLR;SEYFERT,16705,3,*Seyfert*
MRK3,93.90166666667,71.0375,2900.0,5700.0,o5ks01010,1080.0,STIS/CCD,GALAXY;SEYFERT,8480,3,*Seyfert*
NGC4151,182.6355,39.40577777778,5450.0,10140.0,o8qs07010,1750.0,STIS/CCD,GALAXY;NUCLEUS;SEYFERT,9849,3,*Seyfert*
F14394+5332-C,220.2682666667,53.33598055556,5240.0,10270.0,obzw11040,1450.0,STIS/CCD,GALAXY;SEYFERT;ULTRALUMINOUS IR GAL,12934,3,*Seyfert*
MRK-817,219.0925447386,58.79426601608,5240.0,10270.0,oedean040,30.0,STIS/CCD,GALAXY;ACCRETION DISK;BLR;NUCLEUS;SEYFERT;WIND,16196,3,*Seyfert*
MRK-110,141.3036446337,52.28630482962,5240.0,10270.0,odqz01070,60.0,STIS/CCD,GALAXY;ACCRETION DISK;BLR;NLR;NUCLEUS;SEYFERT,15413,3,*Seyfert*
NGC-3147,154.2235454167,73.40075,5240.0,10270.0,odhl01010,410.0,STIS/CCD,GALAXY;SEYFERT,15225,3,*Seyfert*
MRK-493,239.7901293381,35.02967207101,2900.0,5700.0,od5u01060,560.0,STIS/CCD,GALAXY;BLR;NLR;NUCLEUS;SEYFERT,14744,3,*Seyfert*
NGC-4593,189.9143958333,-5.344172222222,5240.0,10270.0,ocuw27030,288.0,STIS/CCD,GALAXY;ACCRETION DISK;BLR;SEYFERT,14121,3,*Seyfert*
MRK-817,219.0920088931,58.79427489048,2900.0,5700.0,oede3o050,175.0,STIS/CCD,GALAXY;ACCRETION DISK;BLR;NUCLEUS;SEYFERT;WIND,16196,3,*Seyfert*
NGC5283,205.2736666667,67.67233888889,5450.0,10140.0,o6bu08010,1200.0,STIS/CCD,GALAXY;SEYFERT;NUCLEUS,9143,3,*Seyfert*
MRK618,69.0925,-10.37611111111,1640.0,3190.0,o6ct09010,1500.0,STIS/CCD,GALAXY;SEYFERT,9128,3,*Seyfert*
NGC-4593,189.9143958333,-5.344172222222,5240.0,10270.0,ocuw26030,288.0,STIS/CCD,GALAXY;ACCRETION DISK;BLR;SEYFERT,14121,3,*Seyfert*
NGC-4593,189.9143958333,-5.344172222222,2900.0,5700.0,ocuw03020,298.0,STIS/CCD,GALAXY;ACCRETION DISK;BLR;SEYFERT,14121,3,*Seyfert*
MCG+02-21-013,121.1931706031,10.77672244671,2900.0,5700.0,ocww04020,1120.0,STIS/CCD,GALAXY;INTERACTING GALAXY;MULTIPLE NUCLEI;SEYFERT,14248,3,*Seyfert*
NGC-4800,193.6573984092,46.53109424491,5450.0,10140.0,obib04030,585.0,STIS/CCD,GALAXY;NUCLEUS;SEYFERT;SPIRAL,12187,3,*Seyfert*
NGC-4395,186.45361,33.54686944444,3020.0,5610.0,obgu04010,693.0,STIS/CCD,GALAXY;SEYFERT,12212,3,*Seyfert*
NGC-5548,214.49806,25.13678888889,3020.0,5610.0,obgu06010,695.0,STIS/CCD,GALAXY;SEYFERT,12212,3,*Seyfert*
2MASS-J14301603+2303445,217.5669854306,23.06237866324,2900.0,5700.0,of0a02030,60.0,STIS/CCD,GALAXY;SEYFERT,17208,3,*Seyfert*
MRK-817,219.0915716048,58.79411417714,2900.0,5700.0,oede3o070,175.0,STIS/CCD,GALAXY;ACCRETION DISK;BLR;NUCLEUS;SEYFERT;WIND,16196,3,*Seyfert*
MRK-509,311.0406569808,-10.72352990905,5240.0,10270.0,odjh010c0,50.0,STIS/CCD,GALAXY;ACCRETION DISK;BLR;NLR;NUCLEUS;SEYFERT,15124,3,*Seyfert*
MRK-509,311.0406352628,-10.72356569691,2900.0,5700.0,odjh01090,100.0,STIS/CCD,GALAXY;ACCRETION DISK;BLR;NLR;NUCLEUS;SEYFERT,15124,3,*Seyfert*
NGC-4593,189.9143958333,-5.344172222222,5240.0,10270.0,ocuw02030,288.0,STIS/CCD,GALAXY;ACCRETION DISK;BLR;SEYFERT,14121,3,*Seyfert*
NGC4507-2,188.9024166667,-39.90936944444,2900.0,5700.0,o5df03020,624.0,STIS/CCD,GALAXY;SEYFERT;SPIRAL,8259,3,*Seyfert*
NGC4151,182.6355,39.40577777778,5450.0,10140.0,o8qs07090,1980.0,STIS/CCD,GALAXY;NUCLEUS;SEYFERT,9849,3,*Seyfert*
MRK-766,184.6104583333,29.81286111111,3020.0,5610.0,ob1102010,2148.0,STIS/CCD,GALAXY;SEYFERT,11611,3,*Seyfert*
NGC-2985,147.5926052065,72.27855577364,5450.0,10140.0,obib02030,720.0,STIS/CCD,GALAXY;NUCLEUS;SEYFERT;SPIRAL,12187,3,*Seyfert*
2MASS-J14301603+2303445,217.5667866522,23.06231263887,5450.0,10140.0,of0a02040,182.0,STIS/CCD,GALAXY;SEYFERT,17208,3,*Seyfert*
MRK-817,219.0920089035,58.79427488254,5240.0,10270.0,oede4b020,175.0,STIS/CCD,GALAXY;ACCRETION DISK;BLR;NUCLEUS;SEYFERT;WIND,16196,3,*Seyfert*
MRK-817,219.091868542,58.79439322866,2900.0,5700.0,oedea5060,30.0,STIS/CCD,GALAXY;ACCRETION DISK;BLR;NUCLEUS;SEYFERT;WIND,16196,3,*Seyfert*
MRK-817,219.0917281964,58.79451156181,5240.0,10270.0,oedea5040,30.0,STIS/CCD,GALAXY;ACCRETION DISK;BLR;NUCLEUS;SEYFERT;WIND,16196,3,*Seyfert*
NGC1097,41.57879166667,-30.27465833333,2900.0,5700.0,o65308010,1008.0,STIS/CCD,GALAXY;LINER;SEYFERT,8684,3,*Seyfert*
NGC1068-HOTSPOT,40.66962916667,-0.01328055555556,2900.0,5700.0,o5lj01080,720.0,STIS/CCD,GALAXY;SEYFERT;HOTSPOT,8185,3,*Seyfert*
IC3639,190.2204166667,-36.75597222222,2900.0,5700.0,o6bu01050,823.0,STIS/CCD,GALAXY;SEYFERT;NUCLEUS,9143,3,*Seyfert*
NGC5135,201.433375,-29.83338888889,2900.0,5700.0,o6bu07050,829.0,STIS/CCD,GALAXY;SEYFERT;NUCLEUS,9143,3,*Seyfert*
NGC-6814,295.6690666667,-10.32375,2900.0,5700.0,oc1504010,180.0,STIS/CCD,GALAXY;BLR;SEYFERT,12922,3,*Seyfert*
NGC-4593,189.9143958333,-5.344172222222,5240.0,10270.0,ocuw08030,288.0,STIS/CCD,GALAXY;ACCRETION DISK;BLR;SEYFERT,14121,3,*Seyfert*
F14394+5332-W,220.2682208333,53.335975,5240.0,10270.0,obzw11070,1450.0,STIS/CCD,GALAXY;SEYFERT;ULTRALUMINOUS IR GAL,12934,3,*Seyfert*
NGC3516,166.6987083333,72.56878888889,2900.0,5700.0,o56c01050,600.0,STIS/CCD,GALAXY;SEYFERT;SPIRAL;NLR,8055,3,*Seyfert*
NGC-5548,214.4980857956,25.13685428907,3020.0,5610.0,obgu06020,695.0,STIS/CCD,GALAXY;SEYFERT,12212,3,*Seyfert*
NGC-4800,193.6574583333,46.53116666667,5450.0,10140.0,obib04010,585.0,STIS/CCD,GALAXY;NUCLEUS;SEYFERT;SPIRAL,12187,3,*Seyfert*
NGC-4151,182.6357315528,39.40584885191,1680.0,3060.0,ofj706020,626.0,STIS/CCD,GALAXY;SEYFERT,17892,3,*Seyfert*
NGC-4151,182.6357315534,39.40584885038,1680.0,3060.0,ofj703020,626.0,STIS/CCD,GALAXY;SEYFERT,17892,3,*Seyfert*
MRK279,208.2643138504,69.30819704579,5240.0,10270.0,oeoe11040,100.0,STIS/CCD,GALAXY;BLR;SEYFERT,16705,3,*Seyfert*
MRK-817,219.0922400487,58.79452551661,5240.0,10270.0,oede4f040,175.0,STIS/CCD,GALAXY;ACCRETION DISK;BLR;NUCLEUS;SEYFERT;WIND,16196,3,*Seyfert*
MRK-509,311.0406786987,-10.72349412119,5240.0,10270.0,odjh010b0,50.0,STIS/CCD,GALAXY;ACCRETION DISK;BLR;NLR;NUCLEUS;SEYFERT,15124,3,*Seyfert*
NGC-4593,189.9143958333,-5.344172222222,2900.0,5700.0,ocuw17020,298.0,STIS/CCD,GALAXY;ACCRETION DISK;BLR;SEYFERT,14121,3,*Seyfert*
NGC-2985,147.5926151032,72.27859733127,5450.0,10140.0,obib02050,1054.0,STIS/CCD,GALAXY;NUCLEUS;SEYFERT;SPIRAL,12187,3,*Seyfert*
F13443+082-1,206.7135394647,7.787388845627,5240.0,10270.0,obzw10050,1350.0,STIS/CCD,GALAXY;SEYFERT;ULTRALUMINOUS IR GAL,12934,3,*Seyfert*
NGC5347,208.3244583333,33.490875,5450.0,10140.0,o6bu09010,1080.0,STIS/CCD,GALAXY;SEYFERT;NUCLEUS,9143,3,*Seyfert*
NGC5347,208.3244583333,33.490875,2900.0,5700.0,o6bu09050,851.0,STIS/CCD,GALAXY;SEYFERT;NUCLEUS,9143,3,*Seyfert*
MRK279,208.2643138525,69.30819704611,5240.0,10270.0,oeoe06040,100.0,STIS/CCD,GALAXY;BLR;SEYFERT,16705,3,*Seyfert*
MRK279,208.2643138412,69.30819704438,5240.0,10270.0,oeoe33040,100.0,STIS/CCD,GALAXY;BLR;SEYFERT,16705,3,*Seyfert*
MRK-817,219.0917281964,58.79451156181,2900.0,5700.0,oedea5070,30.0,STIS/CCD,GALAXY;ACCRETION DISK;BLR;NUCLEUS;SEYFERT;WIND,16196,3,*Seyfert*
MRK279,208.264313845,69.30819704496,5240.0,10270.0,oeoe24040,100.0,STIS/CCD,GALAXY;BLR;SEYFERT,16705,3,*Seyfert*
MRK279,208.2643138399,69.30819704418,5240.0,10270.0,oeoe36040,100.0,STIS/CCD,GALAXY;BLR;SEYFERT,16705,3,*Seyfert*
NGC3516,166.698125,72.56858333333,2900.0,5700.0,o4st02020,120.0,STIS/CCD,GALAXY;SEYFERT,7355,3,*Seyfert*
NGC5643,218.1695833333,-44.17433333333,2900.0,5700.0,o6bu11050,868.0,STIS/CCD,GALAXY;SEYFERT;NUCLEUS,9143,3,*Seyfert*
IRAS11058-1131,167.0845,-11.80336388889,2900.0,5700.0,o56c03050,600.0,STIS/CCD,GALAXY;SEYFERT;SPIRAL;NLR,8055,3,*Seyfert*
SDSSJ1430+2303,217.566875,23.06233333333,2900.0,5700.0,oeu604010,768.0,STIS/CCD,GALAXY;SEYFERT,16926,3,*Seyfert*
MRK-817,219.0920089069,58.79427487992,5240.0,10270.0,oede4f020,175.0,STIS/CCD,GALAXY;ACCRETION DISK;BLR;NUCLEUS;SEYFERT;WIND,16196,3,*Seyfert*
NGC-4593,189.9143958333,-5.344172222222,5240.0,10270.0,ocuw20030,288.0,STIS/CCD,GALAXY;ACCRETION DISK;BLR;SEYFERT,14121,3,*Seyfert*
MRK-817,219.0925247487,58.79419925643,2900.0,5700.0,oedea6070,30.0,STIS/CCD,GALAXY;ACCRETION DISK;BLR;NUCLEUS;SEYFERT;WIND,16196,3,*Seyfert*
MRK-509,311.0406352628,-10.72356569691,5240.0,10270.0,odjh010d0,50.0,STIS/CCD,GALAXY;ACCRETION DISK;BLR;NLR;NUCLEUS;SEYFERT,15124,3,*Seyfert*
IC-356,61.94521720827,69.81243992897,5450.0,10140.0,obib01030,704.0,STIS/CCD,GALAXY;NUCLEUS;SEYFERT;SPIRAL,12187,3,*Seyfert*
MRK-1310,180.309756396,-3.678060904633,2900.0,5700.0,oc1503020,120.0,STIS/CCD,GALAXY;BLR;SEYFERT,12922,3,*Seyfert*
MRK-817,219.0920088867,58.79427489537,5240.0,10270.0,oedea5020,30.0,STIS/CCD,GALAXY;ACCRETION DISK;BLR;NUCLEUS;SEYFERT;WIND,16196,3,*Seyfert*
SBS0948+532,147.88236,52.99333333333,2900.0,5700.0,obqn11040,1842.0,STIS/CCD,GALAXY;DWARF COMPACT;EMISSION LINE NEBULA;SEYFERT;STAR FORMING REGION;STARBURST,12472,3,*Seyfert*
2MASS-J14301603+2303445,217.5668860414,23.06234565109,5450.0,10140.0,of0a02050,182.0,STIS/CCD,GALAXY;SEYFERT,17208,3,*Seyfert*
MRK-493,239.7900927058,35.02964315184,5240.0,10270.0,od5u010e0,532.0,STIS/CCD,GALAXY;BLR;NLR;NUCLEUS;SEYFERT,14744,3,*Seyfert*
NGC-4593,189.9143958333,-5.344172222222,2900.0,5700.0,ocuw18020,298.0,STIS/CCD,GALAXY;ACCRETION DISK;BLR;SEYFERT,14121,3,*Seyfert*
MRK-817,219.0922668136,58.7942370795,5240.0,10270.0,oedea6030,30.0,STIS/CCD,GALAXY;ACCRETION DISK;BLR;NUCLEUS;SEYFERT;WIND,16196,3,*Seyfert*
MRK-493,239.7902392352,35.02975882844,2900.0,5700.0,od5u01030,560.0,STIS/CCD,GALAXY;BLR;NLR;NUCLEUS;SEYFERT,14744,3,*Seyfert*
NGC-5806,225.0016303084,1.891416497601,5450.0,10140.0,obib06060,898.0,STIS/CCD,GALAXY;NUCLEUS;SEYFERT;SPIRAL,12187,3,*Seyfert*
NGC4303,185.4789905646,4.473833463792,5450.0,10140.0,o6lc01080,1360.0,STIS/CCD,GALAXY;SPIRAL;SEYFERT;STARBURST,9469,3,*Seyfert*
MRK-1040,37.06054166667,31.31133333333,3020.0,5610.0,ob1103010,2148.0,STIS/CCD,GALAXY;SEYFERT,11611,3,*Seyfert*
NGC-2985,147.592625,72.27863888889,5450.0,10140.0,obib02010,720.0,STIS/CCD,GALAXY;NUCLEUS;SEYFERT;SPIRAL,12187,3,*Seyfert*
NGC-7469,345.8153650587,8.873845849318,2900.0,5700.0,of9j010a0,91.0,STIS/CCD,GALAXY;ACCRETION DISK;BLR;SEYFERT,17523,3,*Seyfert*
NGC-6814,295.6690881141,-10.32371407099,2900.0,5700.0,oc1504020,180.0,STIS/CCD,GALAXY;BLR;SEYFERT,12922,3,*Seyfert*
NGC-4593,189.9143958333,-5.344172222222,2900.0,5700.0,ocuw24020,298.0,STIS/CCD,GALAXY;ACCRETION DISK;BLR;SEYFERT,14121,3,*Seyfert*
MRK-110,141.3036592675,52.28635965923,5240.0,10270.0,odqz03080,60.0,STIS/CCD,GALAXY;ACCRETION DISK;BLR;NLR;NUCLEUS;SEYFERT,15413,3,*Seyfert*
IRAS11058-1131,167.0845,-11.80336388889,5450.0,10140.0,o56c03040,600.0,STIS/CCD,GALAXY;SEYFERT;SPIRAL;NLR,8055,3,*Seyfert*
NGC-7469,345.8153461502,8.873793529176,2900.0,5700.0,of9j01090,91.0,STIS/CCD,GALAXY;ACCRETION DISK;BLR;SEYFERT,17523,3,*Seyfert*
MRK279,208.2643137641,69.30819703254,5240.0,10270.0,oeoe51040,100.0,STIS/CCD,GALAXY;BLR;SEYFERT,16705,3,*Seyfert*
NGC-2985,147.5926151032,72.27859733127,5450.0,10140.0,obib02020,720.0,STIS/CCD,GALAXY;NUCLEUS;SEYFERT;SPIRAL,12187,3,*Seyfert*
MRK-50,185.850628163,2.67901478932,2900.0,5700.0,oc1502020,120.0,STIS/CCD,GALAXY;BLR;SEYFERT,12922,3,*Seyfert*
3C382,278.76425,32.69611111111,1640.0,3190.0,o6ct40010,1500.0,STIS/CCD,GALAXY;SEYFERT,9128,3,*Seyfert*
MRK279,208.2643138374,69.3081970438,5240.0,10270.0,oeoe42040,100.0,STIS/CCD,GALAXY;BLR;SEYFERT,16705,3,*Seyfert*
NGC-4593,189.9143958333,-5.344172222222,2900.0,5700.0,ocuw27020,298.0,STIS/CCD,GALAXY;ACCRETION DISK;BLR;SEYFERT,14121,3,*Seyfert*
NGC-4593,189.9143958333,-5.344172222222,5240.0,10270.0,ocuw04030,288.0,STIS/CCD,GALAXY;ACCRETION DISK;BLR;SEYFERT,14121,3,*Seyfert*
IC3639,190.2204166667,-36.75597222222,5450.0,10140.0,o6bu01010,1080.0,STIS/CCD,GALAXY;SEYFERT;NUCLEUS,9143,3,*Seyfert*
NGC7682,352.2664583333,3.533319444444,5450.0,10140.0,o6bu14010,1080.0,STIS/CCD,GALAXY;SEYFERT;NUCLEUS,9143,3,*Seyfert*
NGC-4151,182.635731553,39.40584885136,1680.0,3060.0,ofj705020,626.0,STIS/CCD,GALAXY;SEYFERT,17892,3,*Seyfert*
MRK-509,311.0406569808,-10.72352990905,2900.0,5700.0,odjh01080,100.0,STIS/CCD,GALAXY;ACCRETION DISK;BLR;NLR;NUCLEUS;SEYFERT,15124,3,*Seyfert*
MRK-493,239.7901659704,35.02970099016,5240.0,10270.0,od5u010c0,532.0,STIS/CCD,GALAXY;BLR;NLR;NUCLEUS;SEYFERT,14744,3,*Seyfert*
NGC-4593,189.9143958333,-5.344172222222,5240.0,10270.0,ocuw13030,288.0,STIS/CCD,GALAXY;ACCRETION DISK;BLR;SEYFERT,14121,3,*Seyfert*
MRK279,208.2643138538,69.30819704631,5240.0,10270.0,oeoe03040,100.0,STIS/CCD,GALAXY;BLR;SEYFERT,16705,3,*Seyfert*
NGC-4593,189.9143958333,-5.344172222222,2900.0,5700.0,ocuw25020,298.0,STIS/CCD,GALAXY;ACCRETION DISK;BLR;SEYFERT,14121,3,*Seyfert*
NGC-3675,171.53575,43.58591666667,5450.0,10140.0,obib03040,953.0,STIS/CCD,GALAXY;NUCLEUS;SEYFERT;SPIRAL,12187,3,*Seyfert*
NGC4303,185.478875,4.473694444444,3020.0,5610.0,o6lc01010,2156.0,STIS/CCD,GALAXY;SPIRAL;SEYFERT;STARBURST,9469,3,*Seyfert*
NGC5194-SLIT-WEST1,202.4698116043,47.19527190897,5450.0,10140.0,o6fm02010,2110.0,STIS/CCD,GALAXY;SPIRAL;SEYFERT,9147,3,*Seyfert*
MRK-766,184.6104583333,29.81286111111,3020.0,5610.0,ob1101010,2148.0,STIS/CCD,GALAXY;SEYFERT,11611,3,*Seyfert*
MRK-817,219.0921244774,58.79440019832,5240.0,10270.0,oede4f030,175.0,STIS/CCD,GALAXY;ACCRETION DISK;BLR;NUCLEUS;SEYFERT;WIND,16196,3,*Seyfert*
SBS1116+583A,169.7404166667,58.05666666667,2900.0,5700.0,oc1505010,200.0,STIS/CCD,GALAXY;BLR;SEYFERT,12922,3,*Seyfert*
MRK-817,219.0917902485,58.79419453399,5240.0,10270.0,oede3o030,175.0,STIS/CCD,GALAXY;ACCRETION DISK;BLR;NUCLEUS;SEYFERT;WIND,16196,3,*Seyfert*
MRK279,208.2643138521,69.30819704605,5240.0,10270.0,oeoe07040,100.0,STIS/CCD,GALAXY;BLR;SEYFERT,16705,3,*Seyfert*
NGC-4151,182.6357315521,39.4058488536,1680.0,3060.0,ofj708020,626.0,STIS/CCD,GALAXY;SEYFERT,17892,3,*Seyfert*
MRK-817,219.0925339735,58.79433102472,2900.0,5700.0,oede4b070,175.0,STIS/CCD,GALAXY;ACCRETION DISK;BLR;NUCLEUS;SEYFERT;WIND,16196,3,*Seyfert*
MRK279,208.2643138429,69.30819704465,5240.0,10270.0,oeoe29040,100.0,STIS/CCD,GALAXY;BLR;SEYFERT,16705,3,*Seyfert*
MRK279,208.2643138509,69.30819704587,5240.0,10270.0,oeoe10040,100.0,STIS/CCD,GALAXY;BLR;SEYFERT,16705,3,*Seyfert*
NGC-3516,166.697830419,72.56864839308,3020.0,5610.0,obgu02020,718.0,STIS/CCD,GALAXY;SEYFERT,12212,3,*Seyfert*
NGC-5548,214.4981115913,25.13691968924,3020.0,5610.0,obgu06030,695.0,STIS/CCD,GALAXY;SEYFERT,12212,3,*Seyfert*
NGC5643,218.1695833333,-44.17433333333,5450.0,10140.0,o6bu11010,1140.0,STIS/CCD,GALAXY;SEYFERT;NUCLEUS,9143,3,*Seyfert*
MRK-110,141.3036592675,52.28635965923,5240.0,10270.0,odqz01080,60.0,STIS/CCD,GALAXY;ACCRETION DISK;BLR;NLR;NUCLEUS;SEYFERT,15413,3,*Seyfert*
NGC-4593,189.9143958333,-5.344172222222,5240.0,10270.0,ocuw10030,288.0,STIS/CCD,GALAXY;ACCRETION DISK;BLR;SEYFERT,14121,3,*Seyfert*
VIIZW118,106.8045833333,64.59952777778,1640.0,3190.0,o6ct14010,1500.0,STIS/CCD,GALAXY;SEYFERT,9128,3,*Seyfert*
AKN-564,340.6638843829,29.7254913316,3020.0,5610.0,obgu08030,695.0,STIS/CCD,GALAXY;SEYFERT,12212,3,*Seyfert*
NGC-4800,193.6574583333,46.53116666667,5450.0,10140.0,obib04040,920.0,STIS/CCD,GALAXY;NUCLEUS;SEYFERT;SPIRAL,12187,3,*Seyfert*
NGC-3675,171.535766741,43.58595652978,5450.0,10140.0,obib03020,618.0,STIS/CCD,GALAXY;NUCLEUS;SEYFERT;SPIRAL,12187,3,*Seyfert*
MRK-705,141.5137083333,12.73433333333,3020.0,5610.0,ob1105010,2148.0,STIS/CCD,GALAXY;SEYFERT,11611,3,*Seyfert*
2MASS-J14301603+2303445,217.5669854306,23.06237866327,5450.0,10140.0,of0a02090,202.0,STIS/CCD,GALAXY;SEYFERT,17208,3,*Seyfert*
MRK279,208.264313848,69.30819704542,5240.0,10270.0,oeoe17040,100.0,STIS/CCD,GALAXY;BLR;SEYFERT,16705,3,*Seyfert*
MRK-817,219.0921244774,58.79440019832,2900.0,5700.0,oede4f060,175.0,STIS/CCD,GALAXY;ACCRETION DISK;BLR;NUCLEUS;SEYFERT;WIND,16196,3,*Seyfert*
NGC4151-OFFSET,182.6355075,39.40574055556,5240.0,10270.0,o42354020,864.0,STIS/CCD,GALAXY;SEYFERT;NLR,7569,3,*Seyfert*
NGC5135,201.433375,-29.83338888889,5450.0,10140.0,o6bu07010,1080.0,STIS/CCD,GALAXY;SEYFERT;NUCLEUS,9143,3,*Seyfert*
MRK279,208.2643138499,69.30819704572,5240.0,10270.0,oeoe12040,100.0,STIS/CCD,GALAXY;BLR;SEYFERT,16705,3,*Seyfert*
MRK279,208.2643138542,69.30819704638,5240.0,10270.0,oeoe02040,100.0,STIS/CCD,GALAXY;BLR;SEYFERT,16705,3,*Seyfert*
MRK-50,185.8506671592,2.679029578638,2900.0,5700.0,oc1502030,120.0,STIS/CCD,GALAXY;BLR;SEYFERT,12922,3,*Seyfert*
IC-356,61.94545833333,69.81244444444,5450.0,10140.0,obib01010,704.0,STIS/CCD,GALAXY;NUCLEUS;SEYFERT;SPIRAL,12187,3,*Seyfert*
NGC2273,102.536,60.84584722222,2900.0,5700.0,o6bu05050,951.0,STIS/CCD,GALAXY;SEYFERT;NUCLEUS,9143,3,*Seyfert*
NGC-4151,182.6357315532,39.40584885088,1680.0,3060.0,ofj704020,626.0,STIS/CCD,GALAXY;SEYFERT,17892,3,*Seyfert*
NGC4151,182.6355,39.40577777778,5240.0,10270.0,o4qa04040,240.0,STIS/CCD,GALAXY;SPIRAL;SEYFERT,7350,3,*Seyfert*
SBS1116+583A,169.7403786446,58.05663017795,2900.0,5700.0,oc1505020,200.0,STIS/CCD,GALAXY;BLR;SEYFERT,12922,3,*Seyfert*
2MASXJ01392400+2924067,24.84999879375,29.4018335971,5450.0,10140.0,ocww02060,602.0,STIS/CCD,GALAXY;INTERACTING GALAXY;MULTIPLE NUCLEI;SEYFERT,14248,3,*Seyfert*
MRK-509,311.0407004167,-10.72345833333,5240.0,10270.0,odjh010a0,50.0,STIS/CCD,GALAXY;ACCRETION DISK;BLR;NLR;NUCLEUS;SEYFERT,15124,3,*Seyfert*
IRAS11058-1131,167.0845,-11.80336388889,5450.0,10140.0,o56c03020,60.0,STIS/CCD,GALAXY;SEYFERT;SPIRAL;NLR,8055,3,*Seyfert*
MRK478,220.5311666667,35.43961111111,1640.0,3190.0,o6ct37010,1500.0,STIS/CCD,GALAXY;SEYFERT,9128,3,*Seyfert*
MRK-279,208.2643120869,69.30816931709,2900.0,5700.0,oehb01010,50.0,STIS/CCD,GALAXY;ACCRETION DISK;BLR;NLR;NUCLEUS;SEYFERT,16433,3,*Seyfert*
MRK-817,219.092008878,58.79427490205,5240.0,10270.0,oedea6020,30.0,STIS/CCD,GALAXY;ACCRETION DISK;BLR;NUCLEUS;SEYFERT;WIND,16196,3,*Seyfert*
MRK-817,219.0922768088,58.79427045897,5240.0,10270.0,oedean030,30.0,STIS/CCD,GALAXY;ACCRETION DISK;BLR;NUCLEUS;SEYFERT;WIND,16196,3,*Seyfert*
NGC-4593,189.9143958333,-5.344172222222,2900.0,5700.0,ocuw13020,298.0,STIS/CCD,GALAXY;ACCRETION DISK;BLR;SEYFERT,14121,3,*Seyfert*
MRK279,208.2643137649,69.30819703267,5240.0,10270.0,oeoe49040,100.0,STIS/CCD,GALAXY;BLR;SEYFERT,16705,3,*Seyfert*
NGC5252,204.5665,4.542580555556,2900.0,5700.0,o56c04050,600.0,STIS/CCD,GALAXY;SEYFERT;SPIRAL;NLR,8055,3,*Seyfert*
NGC1068-HOTSPOT,40.66962916667,-0.01328055555556,5450.0,10140.0,o5lj01010,600.0,STIS/CCD,GALAXY;SEYFERT;HOTSPOT,8185,3,*Seyfert*
MRK-817,219.0920089035,58.79427488254,2900.0,5700.0,oede4b050,175.0,STIS/CCD,GALAXY;ACCRETION DISK;BLR;NUCLEUS;SEYFERT;WIND,16196,3,*Seyfert*
MRK279,208.2643137629,69.30819703236,5240.0,10270.0,oeoe54040,100.0,STIS/CCD,GALAXY;BLR;SEYFERT,16705,3,*Seyfert*
NGC3998,179.48375,55.45352777778,5450.0,10140.0,o4qa03040,2990.0,STIS/CCD,GALAXY;SPIRAL;LINER;SEYFERT,7350,3,*Seyfert*
NGC4303,185.478875,4.473694444444,2900.0,5700.0,o6lc01020,1200.0,STIS/CCD,GALAXY;SPIRAL;SEYFERT;STARBURST,9469,3,*Seyfert*
NGC-4593,189.9143958333,-5.344172222222,5240.0,10270.0,ocuw17030,288.0,STIS/CCD,GALAXY;ACCRETION DISK;BLR;SEYFERT,14121,3,*Seyfert*
NGC1068-HOTSPOT,40.66961696535,-0.01334992118785,2900.0,5700.0,o5lj01090,720.0,STIS/CCD,GALAXY;SEYFERT;HOTSPOT,8185,3,*Seyfert*
IC-356,61.94533777079,69.81244218675,5450.0,10140.0,obib01020,704.0,STIS/CCD,GALAXY;NUCLEUS;SEYFERT;SPIRAL,12187,3,*Seyfert*
NGC-3783,174.7572310747,-37.73871077605,3020.0,5610.0,obgu03030,696.0,STIS/CCD,GALAXY;SEYFERT,12212,3,*Seyfert*
NGC1358,53.41525,-5.089241666667,5450.0,10140.0,o6bu03010,1080.0,STIS/CCD,GALAXY;SEYFERT;NUCLEUS,9143,3,*Seyfert*
NGC4303,185.478875,4.473694444444,5240.0,10270.0,o6lc01030,1243.0,STIS/CCD,GALAXY;SPIRAL;SEYFERT;STARBURST,9469,3,*Seyfert*
IRAS11058-1131,167.0845,-11.80336388889,5450.0,10140.0,o56c03030,841.0,STIS/CCD,GALAXY;SEYFERT;SPIRAL;NLR,8055,3,*Seyfert*
NGC3516,166.6987083333,72.56878888889,5450.0,10140.0,o56c01030,624.0,STIS/CCD,GALAXY;SEYFERT;SPIRAL;NLR,8055,3,*Seyfert*
MRK279,208.2643137644,69.3081970326,2900.0,5700.0,oeoe50030,98.0,STIS/CCD,GALAXY;BLR;SEYFERT,16705,3,*Seyfert*
MRK279,208.2643137637,69.30819703249,5240.0,10270.0,oeoe52040,78.0,STIS/CCD,GALAXY;BLR;SEYFERT,16705,3,*Seyfert*
MRK279,208.2643138404,69.30819704425,5240.0,10270.0,oeoe35040,100.0,STIS/CCD,GALAXY;BLR;SEYFERT,16705,3,*Seyfert*
NGC4151,182.6355,39.40576666667,1680.0,3060.0,o59701040,2825.0,STIS/CCD,GALAXY;SEYFERT,8136,3,*Seyfert*
MRK279,208.2643138495,69.30819704566,5240.0,10270.0,oeoe13040,100.0,STIS/CCD,GALAXY;BLR;SEYFERT,16705,3,*Seyfert*
NGC7674,351.9864125,8.778644444444,3020.0,5610.0,o5df04010,1140.0,STIS/CCD,GALAXY;SEYFERT;SPIRAL,8259,3,*Seyfert*
MRK-279,208.2645592772,69.30810063718,2900.0,5700.0,oehb01030,50.0,STIS/CCD,GALAXY;ACCRETION DISK;BLR;NLR;NUCLEUS;SEYFERT,16433,3,*Seyfert*
MRK-279,208.2644356822,69.30813497718,2900.0,5700.0,oehb01020,50.0,STIS/CCD,GALAXY;ACCRETION DISK;BLR;NLR;NUCLEUS;SEYFERT,16433,3,*Seyfert*
MARK348,12.196375,31.95706666667,3020.0,5610.0,o5g405010,1410.0,STIS/CCD,GALAXY;SEYFERT;NLR;JET,8253,3,*Seyfert*
MRK-817,219.0925447386,58.79426601608,2900.0,5700.0,oedean070,30.0,STIS/CCD,GALAXY;ACCRETION DISK;BLR;NUCLEUS;SEYFERT;WIND,16196,3,*Seyfert*
MRK-110,141.30363,52.28625,5240.0,10270.0,odqz02060,60.0,STIS/CCD,GALAXY;ACCRETION DISK;BLR;NLR;NUCLEUS;SEYFERT,15413,3,*Seyfert*
NGC-5377,209.0694583333,47.23569444444,5450.0,10140.0,obib05040,920.0,STIS/CCD,GALAXY;NUCLEUS;SEYFERT;SPIRAL,12187,3,*Seyfert*
MRK-1044,37.52310393943,-8.998248148827,3020.0,5610.0,obgu01030,695.0,STIS/CCD,GALAXY;SEYFERT,12212,3,*Seyfert*
ARP-151,171.400558195,54.3825111567,2900.0,5700.0,oc1501030,165.0,STIS/CCD,GALAXY;BLR;SEYFERT,12922,3,*Seyfert*
MRK0493,239.79025,35.02986111111,2900.0,5700.0,o92x16010,720.0,STIS/CCD,GALAXY;SEYFERT,10215,3,*Seyfert*
MRK-493,239.7901659704,35.02970099016,2900.0,5700.0,od5u01050,560.0,STIS/CCD,GALAXY;BLR;NLR;NUCLEUS;SEYFERT,14744,3,*Seyfert*
NGC2273,102.536,60.84584722222,5450.0,10140.0,o6bu05010,1140.0,STIS/CCD,GALAXY;SEYFERT;NUCLEUS,9143,3,*Seyfert*
MRK-817,219.0922714383,58.7943029539,5240.0,10270.0,oede4b030,175.0,STIS/CCD,GALAXY;ACCRETION DISK;BLR;NUCLEUS;SEYFERT;WIND,16196,3,*Seyfert*
NGC3227,155.8775,19.865,5240.0,10270.0,o5kp01040,120.0,STIS/CCD,GALAXY;SEYFERT,8479,3,*Seyfert*
MARK1066,44.9945325,36.82042111111,2900.0,5700.0,o5g407020,600.0,STIS/CCD,GALAXY;SEYFERT;NLR;JET,8253,3,*Seyfert*
NGC5194-SLIT-EAST,202.4699498957,47.19530611099,2900.0,5700.0,o6fm03010,2162.0,STIS/CCD,GALAXY;SPIRAL;SEYFERT,9147,3,*Seyfert*
IC-356,61.94545833333,69.81244444444,5450.0,10140.0,obib01040,1039.0,STIS/CCD,GALAXY;NUCLEUS;SEYFERT;SPIRAL,12187,3,*Seyfert*
MRK279,208.2643138446,69.3081970449,5240.0,10270.0,oeoe25040,78.0,STIS/CCD,GALAXY;BLR;SEYFERT,16705,3,*Seyfert*
MRK279,208.2643138417,69.30819704446,5240.0,10270.0,oeoe32040,100.0,STIS/CCD,GALAXY;BLR;SEYFERT,16705,3,*Seyfert*
MRK279,208.2643138359,69.30819704357,5240.0,10270.0,oeoe46040,100.0,STIS/CCD,GALAXY;BLR;SEYFERT,16705,3,*Seyfert*
MRK-817,219.0922768088,58.79427045897,2900.0,5700.0,oedean060,30.0,STIS/CCD,GALAXY;ACCRETION DISK;BLR;NUCLEUS;SEYFERT;WIND,16196,3,*Seyfert*
MRK-110,141.3036446337,52.28630482962,2900.0,5700.0,odqz01040,60.0,STIS/CCD,GALAXY;ACCRETION DISK;BLR;NLR;NUCLEUS;SEYFERT,15413,3,*Seyfert*
MRK-110,141.3036592675,52.28635965923,5240.0,10270.0,odqz02080,60.0,STIS/CCD,GALAXY;ACCRETION DISK;BLR;NLR;NUCLEUS;SEYFERT,15413,3,*Seyfert*
NGC-4593,189.9143958333,-5.344172222222,5240.0,10270.0,ocuw01030,288.0,STIS/CCD,GALAXY;ACCRETION DISK;BLR;SEYFERT,14121,3,*Seyfert*
MCG+02-21-013,121.193175,10.77676388889,2900.0,5700.0,ocww04010,1120.0,STIS/CCD,GALAXY;INTERACTING GALAXY;MULTIPLE NUCLEI;SEYFERT,14248,3,*Seyfert*
NGC-5972-OFFSET,234.7253166667,17.026275,2900.0,5700.0,ocxw01010,2071.8,STIS/CCD,GALAXY;EMISSION LINE NEBULA;FILAMENT;NLR;NUCLEUS;SEYFERT,14271,3,*Seyfert*
NGC5194,202.46988075,47.19528901,2900.0,5700.0,o6fm03020,2868.0,STIS/CCD,GALAXY;SPIRAL;SEYFERT,9147,3,*Seyfert*
IC-356,61.94533777079,69.81244218675,5450.0,10140.0,obib01050,1039.0,STIS/CCD,GALAXY;NUCLEUS;SEYFERT;SPIRAL,12187,3,*Seyfert*
NGC4151,182.6355,39.40576666667,2900.0,5700.0,o42302070,720.0,STIS/CCD,GALAXY;SEYFERT;NLR;BLR,7569,3,*Seyfert*
NGC-4593,189.9143958333,-5.344172222222,5240.0,10270.0,ocuw19030,288.0,STIS/CCD,GALAXY;ACCRETION DISK;BLR;SEYFERT,14121,3,*Seyfert*
1ES1959+650,300.000375,65.148,1640.0,3190.0,o6ct42010,1200.0,STIS/CCD,GALAXY;SEYFERT,9128,3,*Seyfert*
NGC4151-OFFSET,182.6355075,39.40574055556,2900.0,5700.0,o42354010,864.0,STIS/CCD,GALAXY;SEYFERT;NLR,7569,3,*Seyfert*
NGC-4151,182.6357315538,39.40584884878,1680.0,3060.0,ofj702020,626.0,STIS/CCD,GALAXY;SEYFERT,17892,3,*Seyfert*
MRK-110,141.30363,52.28625,5240.0,10270.0,odqz01060,60.0,STIS/CCD,GALAXY;ACCRETION DISK;BLR;NLR;NUCLEUS;SEYFERT,15413,3,*Seyfert*
NGC1068-HOTSPOT,40.66961696535,-0.01334992118785,3020.0,5610.0,o5lj01060,846.0,STIS/CCD,GALAXY;SEYFERT;HOTSPOT,8185,3,*Seyfert*
MRK-509,311.0406786987,-10.72349412119,2900.0,5700.0,odjh01070,100.0,STIS/CCD,GALAXY;ACCRETION DISK;BLR;NLR;NUCLEUS;SEYFERT,15124,3,*Seyfert*
MARK573,25.99054166667,2.349938888889,2900.0,5700.0,o6bu02050,805.0,STIS/CCD,GALAXY;SEYFERT;NUCLEUS,9143,3,*Seyfert*
MARK573,25.99054166667,2.349938888889,5450.0,10140.0,o6bu02010,1080.0,STIS/CCD,GALAXY;SEYFERT;NUCLEUS,9143,3,*Seyfert*
MRK-493,239.7901293381,35.02967207101,5240.0,10270.0,od5u010d0,532.0,STIS/CCD,GALAXY;BLR;NLR;NUCLEUS;SEYFERT,14744,3,*Seyfert*
2MASXJ08434495+3549421,130.93745,35.82835277778,2900.0,5700.0,ocww03010,1146.0,STIS/CCD,GALAXY;INTERACTING GALAXY;MULTIPLE NUCLEI;SEYFERT,14248,3,*Seyfert*
MRK279,208.2643137633,69.30819703242,5240.0,10270.0,oeoe53040,100.0,STIS/CCD,GALAXY;BLR;SEYFERT,16705,3,*Seyfert*
MRK279,208.2643138472,69.30819704529,5240.0,10270.0,oeoe19040,100.0,STIS/CCD,GALAXY;BLR;SEYFERT,16705,3,*Seyfert*
NGC-4593,189.9143958333,-5.344172222222,2900.0,5700.0,ocuw22020,298.0,STIS/CCD,GALAXY;ACCRETION DISK;BLR;SEYFERT,14121,3,*Seyfert*
NGC-4593,189.9143958333,-5.344172222222,2900.0,5700.0,ocuw20020,298.0,STIS/CCD,GALAXY;ACCRETION DISK;BLR;SEYFERT,14121,3,*Seyfert*
MRK0493,239.7901670733,35.02984247111,2900.0,5700.0,o92x16020,720.0,STIS/CCD,GALAXY;SEYFERT,10215,3,*Seyfert*
NGC4151,182.6355,39.40577777778,5450.0,10140.0,o8qs05030,2500.0,STIS/CCD,GALAXY;NUCLEUS;SEYFERT,9849,3,*Seyfert*
MRK-1044,37.52302083333,-8.998136111111,3020.0,5610.0,obgu01010,695.0,STIS/CCD,GALAXY;SEYFERT,12212,3,*Seyfert*
NGC-5377,209.0694583333,47.23569444444,5450.0,10140.0,obib05010,585.0,STIS/CCD,GALAXY;NUCLEUS;SEYFERT;SPIRAL,12187,3,*Seyfert*
MRK-1310,180.3097169586,-3.678074587042,2900.0,5700.0,oc1503030,120.0,STIS/CCD,GALAXY;BLR;SEYFERT,12922,3,*Seyfert*
MRK-817,219.0917902485,58.79419453399,2900.0,5700.0,oede3o060,175.0,STIS/CCD,GALAXY;ACCRETION DISK;BLR;NUCLEUS;SEYFERT;WIND,16196,3,*Seyfert*
NGC4303,185.479048347,4.473902973459,5450.0,10140.0,o6lc01090,1350.0,STIS/CCD,GALAXY;SPIRAL;SEYFERT;STARBURST,9469,3,*Seyfert*
MRK279,208.2643138391,69.30819704406,5240.0,10270.0,oeoe38040,100.0,STIS/CCD,GALAXY;BLR;SEYFERT,16705,3,*Seyfert*
2MASS-J14301603+2303445,217.5668860414,23.06234565111,5450.0,10140.0,of0a02080,202.0,STIS/CCD,GALAXY;SEYFERT,17208,3,*Seyfert*
2MASS-J14301603+2303445,217.5667866522,23.06231263888,5450.0,10140.0,of0a02070,202.0,STIS/CCD,GALAXY;SEYFERT,17208,3,*Seyfert*
NGC4151-OFFSET,182.6355075,39.40574055556,1680.0,3060.0,o42305070,2160.0,STIS/CCD,GALAXY;SEYFERT;NLR,7569,3,*Seyfert*
NGC4151-OFFSET,182.6355075,39.40574055556,5240.0,10270.0,o42305060,720.0,STIS/CCD,GALAXY;SEYFERT;NLR,7569,3,*Seyfert*
NGC-4593,189.9143958333,-5.344172222222,2900.0,5700.0,ocuw11020,298.0,STIS/CCD,GALAXY;ACCRETION DISK;BLR;SEYFERT,14121,3,*Seyfert*
2MASXJ01392400+2924067,24.84999879375,29.4018335971,5450.0,10140.0,ocww02040,602.0,STIS/CCD,GALAXY;INTERACTING GALAXY;MULTIPLE NUCLEI;SEYFERT,14248,3,*Seyfert*
NGC-4593,189.9143958333,-5.344172222222,2900.0,5700.0,ocuw23020,298.0,STIS/CCD,GALAXY;ACCRETION DISK;BLR;SEYFERT,14121,3,*Seyfert*
NGC5252,204.5665,4.542580555556,5450.0,10140.0,o56c04020,60.0,STIS/CCD,GALAXY;SEYFERT;SPIRAL;NLR,8055,3,*Seyfert*
NGC4507-2,188.9024166667,-39.90936944444,3020.0,5610.0,o5df03010,1440.0,STIS/CCD,GALAXY;SEYFERT;SPIRAL,8259,3,*Seyfert*
AKN120,79.04758333333,-0.1498333333333,1640.0,3190.0,o6ct10010,900.0,STIS/CCD,GALAXY;SEYFERT,9128,3,*Seyfert*
NGC-4593,189.9143958333,-5.344172222222,5240.0,10270.0,ocuw05030,288.0,STIS/CCD,GALAXY;ACCRETION DISK;BLR;SEYFERT,14121,3,*Seyfert*
MRK-493,239.7903125,35.02981666667,2900.0,5700.0,od5u01010,560.0,STIS/CCD,GALAXY;BLR;NLR;NUCLEUS;SEYFERT,14744,3,*Seyfert*
2MASS-J14301603+2303445,217.5669854306,23.06237866326,5450.0,10140.0,of0a02060,182.0,STIS/CCD,GALAXY;SEYFERT,17208,3,*Seyfert*
NGC-3675,171.53575,43.58591666667,5450.0,10140.0,obib03010,618.0,STIS/CCD,GALAXY;NUCLEUS;SEYFERT;SPIRAL,12187,3,*Seyfert*
NGC3516,166.698125,72.56858333333,2900.0,5700.0,o4st02010,2340.0,STIS/CCD,GALAXY;SEYFERT,7355,3,*Seyfert*
ZW229-015,286.3580333333,42.46106666667,2900.0,5700.0,oc1506010,200.0,STIS/CCD,GALAXY;BLR;SEYFERT,12922,3,*Seyfert*
ZW229-015,286.3579832942,42.46108598883,2900.0,5700.0,oc1506020,200.0,STIS/CCD,GALAXY;BLR;SEYFERT,12922,3,*Seyfert*
SDSSJ1430+2303,217.5668415316,23.06230526442,2900.0,5700.0,oeu604020,768.0,STIS/CCD,GALAXY;SEYFERT,16926,3,*Seyfert*
MRK279,208.2643138355,69.3081970435,5240.0,10270.0,oeoe47040,100.0,STIS/CCD,GALAXY;BLR;SEYFERT,16705,3,*Seyfert*
MRK279,208.2643138514,69.30819704594,5240.0,10270.0,oeoe09040,100.0,STIS/CCD,GALAXY;BLR;SEYFERT,16705,3,*Seyfert*
NGC1068-HOTSPOT,40.66960476403,-0.01341928682012,3020.0,5610.0,o5lj01070,960.0,STIS/CCD,GALAXY;SEYFERT;HOTSPOT,8185,3,*Seyfert*
IR09149-6206,139.0402916667,-62.32519444444,1640.0,3190.0,o6ct21010,1500.0,STIS/CCD,GALAXY;SEYFERT,9128,3,*Seyfert*
NGC-2985,147.5926052065,72.27855577364,5450.0,10140.0,obib02060,1054.0,STIS/CCD,GALAXY;NUCLEUS;SEYFERT;SPIRAL,12187,3,*Seyfert*
NGC-4593,189.9143958333,-5.344172222222,5240.0,10270.0,ocuw22030,288.0,STIS/CCD,GALAXY;ACCRETION DISK;BLR;SEYFERT,14121,3,*Seyfert*
NGC-4151,182.6357315526,39.40584885247,1680.0,3060.0,ofj707020,626.0,STIS/CCD,GALAXY;SEYFERT,17892,3,*Seyfert*
NGC4151,182.6355,39.40576666667,2900.0,5700.0,o42303050,720.0,STIS/CCD,GALAXY;SEYFERT;NLR;BLR,7569,3,*Seyfert*
MRK279,208.2643138463,69.30819704517,5240.0,10270.0,oeoe21040,100.0,STIS/CCD,GALAXY;BLR;SEYFERT,16705,3,*Seyfert*
MRK-817,219.0922668136,58.7942370795,2900.0,5700.0,oedea6060,30.0,STIS/CCD,GALAXY;ACCRETION DISK;BLR;NUCLEUS;SEYFERT;WIND,16196,3,*Seyfert*
MRK-817,219.0925247487,58.79419925643,5240.0,10270.0,oedea6040,30.0,STIS/CCD,GALAXY;ACCRETION DISK;BLR;NUCLEUS;SEYFERT;WIND,16196,3,*Seyfert*
MRK-110,141.30363,52.28625,2900.0,5700.0,odqz02030,60.0,STIS/CCD,GALAXY;ACCRETION DISK;BLR;NLR;NUCLEUS;SEYFERT,15413,3,*Seyfert*
NGC-4593,189.9143958333,-5.344172222222,2900.0,5700.0,ocuw10020,298.0,STIS/CCD,GALAXY;ACCRETION DISK;BLR;SEYFERT,14121,3,*Seyfert*
IC-356,61.94521720827,69.81243992897,5450.0,10140.0,obib01060,1039.0,STIS/CCD,GALAXY;NUCLEUS;SEYFERT;SPIRAL,12187,3,*Seyfert*
NGC3516,166.6987083333,72.56878888889,5450.0,10140.0,o56c01040,60.0,STIS/CCD,GALAXY;SEYFERT;SPIRAL;NLR,8055,3,*Seyfert*
NGC4151,182.6355,39.40576666667,3020.0,5610.0,o5kt01010,2379.0,STIS/CCD,GALAXY;SEYFERT,8473,3,*Seyfert*
NGC-3147,154.2235454167,73.40075,5240.0,10270.0,oe3p01030,800.0,STIS/CCD,GALAXY;SEYFERT,15908,3,*Seyfert*
NGC788,30.27691666667,-6.815888888889,5450.0,10140.0,o6bu15010,1080.0,STIS/CCD,GALAXY;SEYFERT;NUCLEUS,9143,3,*Seyfert*
NGC-4593,189.9143958333,-5.344172222222,2900.0,5700.0,ocuw12020,298.0,STIS/CCD,GALAXY;ACCRETION DISK;BLR;SEYFERT,14121,3,*Seyfert*
MRK-110,141.3036592675,52.28635965923,2900.0,5700.0,odqz03050,60.0,STIS/CCD,GALAXY;ACCRETION DISK;BLR;NLR;NUCLEUS;SEYFERT,15413,3,*Seyfert*
MRK-110,141.3036592675,52.28635965923,2900.0,5700.0,odqz01050,60.0,STIS/CCD,GALAXY;ACCRETION DISK;BLR;NLR;NUCLEUS;SEYFERT,15413,3,*Seyfert*
NGC-4800,193.6574283712,46.53113045579,5450.0,10140.0,obib04050,920.0,STIS/CCD,GALAXY;NUCLEUS;SEYFERT;SPIRAL,12187,3,*Seyfert*
TONS180,14.333375,-22.38230555556,1640.0,3190.0,o6ct04010,1200.0,STIS/CCD,GALAXY;SEYFERT,9128,3,*Seyfert*
MRK279,208.2643137624,69.30819703229,5240.0,10270.0,oeoe55040,100.0,STIS/CCD,GALAXY;BLR;SEYFERT,16705,3,*Seyfert*
NGC-5806,225.0016303084,1.891416497601,5450.0,10140.0,obib06030,563.0,STIS/CCD,GALAXY;NUCLEUS;SEYFERT;SPIRAL,12187,3,*Seyfert*
MRK-817,219.092008878,58.79427490205,2900.0,5700.0,oedea6050,30.0,STIS/CCD,GALAXY;ACCRETION DISK;BLR;NUCLEUS;SEYFERT;WIND,16196,3,*Seyfert*
MRK279,208.2643138438,69.30819704478,5240.0,10270.0,oeoe27040,100.0,STIS/CCD,GALAXY;BLR;SEYFERT,16705,3,*Seyfert*
NGC4151,182.6355,39.40576666667,5240.0,10270.0,o42303060,720.0,STIS/CCD,GALAXY;SEYFERT;NLR;BLR,7569,3,*Seyfert*
NGC-4593,189.9143958333,-5.344172222222,5240.0,10270.0,ocuw03030,288.0,STIS/CCD,GALAXY;ACCRETION DISK;BLR;SEYFERT,14121,3,*Seyfert*
MRK-493,239.7903125,35.02981666667,5240.0,10270.0,od5u01080,427.0,STIS/CCD,GALAXY;BLR;NLR;NUCLEUS;SEYFERT,14744,3,*Seyfert*
MRK-493,239.7902758676,35.02978774756,5240.0,10270.0,od5u01090,427.0,STIS/CCD,GALAXY;BLR;NLR;NUCLEUS;SEYFERT,14744,3,*Seyfert*
MRK279,208.2643138433,69.3081970447,5240.0,10270.0,oeoe28040,100.0,STIS/CCD,GALAXY;BLR;SEYFERT,16705,3,*Seyfert*
MRK-817,219.0920088789,58.79427490131,2900.0,5700.0,oedean050,30.0,STIS/CCD,GALAXY;ACCRETION DISK;BLR;NUCLEUS;SEYFERT;WIND,16196,3,*Seyfert*
NGC1068-OFFSET,40.66954166667,-0.01343333333333,2900.0,5700.0,o4wk010a0,540.0,STIS/CCD,GALAXY;SEYFERT;NLR,7573,3,*Seyfert*
MRK279,208.2643138467,69.30819704522,5240.0,10270.0,oeoe20040,100.0,STIS/CCD,GALAXY;BLR;SEYFERT,16705,3,*Seyfert*
MRK279,208.2643138446,69.3081970449,2900.0,5700.0,oeoe25030,98.0,STIS/CCD,GALAXY;BLR;SEYFERT,16705,3,*Seyfert*
NGC7674,351.9864125,8.778644444444,2900.0,5700.0,o5df04020,600.0,STIS/CCD,GALAXY;SEYFERT;SPIRAL,8259,3,*Seyfert*
NGC5194-SHIFTED,202.4699087133,47.19523680485,5450.0,10140.0,o6fm01020,2880.0,STIS/CCD,GALAXY;SPIRAL;SEYFERT,9147,3,*Seyfert*
NGC-3783,174.7572005373,-37.73864566581,3020.0,5610.0,obgu03020,696.0,STIS/CCD,GALAXY;SEYFERT,12212,3,*Seyfert*
NGC-4593,189.9143958333,-5.344172222222,5240.0,10270.0,ocuw16030,288.0,STIS/CCD,GALAXY;ACCRETION DISK;BLR;SEYFERT,14121,3,*Seyfert*
MARK1066,44.9945325,36.82042111111,3020.0,5610.0,o5g407010,1440.0,STIS/CCD,GALAXY;SEYFERT;NLR;JET,8253,3,*Seyfert*
MRK-279,208.2640366418,69.30829007833,3020.0,5610.0,obgu05030,712.0,STIS/CCD,GALAXY;SEYFERT,12212,3,*Seyfert*
2MASXJ01392400+2924067,24.84999879375,29.4018335971,2900.0,5700.0,ocww02020,1126.0,STIS/CCD,GALAXY;INTERACTING GALAXY;MULTIPLE NUCLEI;SEYFERT,14248,3,*Seyfert*
MRK-817,219.0925339735,58.79433102472,5240.0,10270.0,oede4b040,175.0,STIS/CCD,GALAXY;ACCRETION DISK;BLR;NUCLEUS;SEYFERT;WIND,16196,3,*Seyfert*
MRK-509,311.0407004167,-10.72345833333,2900.0,5700.0,odjh01060,100.0,STIS/CCD,GALAXY;ACCRETION DISK;BLR;NLR;NUCLEUS;SEYFERT,15124,3,*Seyfert*
NGC-4593,189.9143958333,-5.344172222222,2900.0,5700.0,ocuw01020,298.0,STIS/CCD,GALAXY;ACCRETION DISK;BLR;SEYFERT,14121,3,*Seyfert*
MARK463E,209.0118791667,18.37196277778,3020.0,5610.0,o5g406010,1200.0,STIS/CCD,GALAXY;SEYFERT;NLR;JET,8253,3,*Seyfert*
NGC4151,182.6355,39.40577777778,5450.0,10140.0,o8qs06010,1750.0,STIS/CCD,GALAXY;NUCLEUS;SEYFERT,9849,3,*Seyfert*
NGC-5806,225.001625,1.891333333333,5450.0,10140.0,obib06040,898.0,STIS/CCD,GALAXY;NUCLEUS;SEYFERT;SPIRAL,12187,3,*Seyfert*
NGC-7469,345.8153272418,8.873741209033,5240.0,10270.0,of9j010c0,41.0,STIS/CCD,GALAXY;ACCRETION DISK;BLR;SEYFERT,17523,3,*Seyfert*
NGC-1097,41.57879166667,-30.27465833333,5450.0,10140.0,oepe01010,621.0,STIS/CCD,GALAXY;LINER;NUCLEUS;SEYFERT;SPIRAL,16772,3,*Seyfert*
NGC4507,188.902625,-39.90944444444,5450.0,10140.0,o6bu17010,1080.0,STIS/CCD,GALAXY;SEYFERT;NUCLEUS,9143,3,*Seyfert*
NGC-5806,225.001625,1.891333333333,5450.0,10140.0,obib06010,563.0,STIS/CCD,GALAXY;NUCLEUS;SEYFERT;SPIRAL,12187,3,*Seyfert*
NGC-4593,189.9143958333,-5.344172222222,2900.0,5700.0,ocuw19020,298.0,STIS/CCD,GALAXY;ACCRETION DISK;BLR;SEYFERT,14121,3,*Seyfert*
NGC-4593,189.9143958333,-5.344172222222,5240.0,10270.0,ocuw25030,288.0,STIS/CCD,GALAXY;ACCRETION DISK;BLR;SEYFERT,14121,3,*Seyfert*
IZW1,13.39558333333,12.69341666667,1640.0,3190.0,o6ct02010,1500.0,STIS/CCD,GALAXY;SEYFERT,9128,3,*Seyfert*
NGC1068-HOTSPOT,40.66962916667,-0.01328055555556,3020.0,5610.0,o5lj01050,800.0,STIS/CCD,GALAXY;SEYFERT;HOTSPOT,8185,3,*Seyfert*
NGC2110,88.04733166667,-7.456256388889,3020.0,5610.0,o5g401010,1522.0,STIS/CCD,GALAXY;SEYFERT;NLR;JET,8253,3,*Seyfert*
MRK279,208.2643138362,69.30819704361,5240.0,10270.0,oeoe45040,100.0,STIS/CCD,GALAXY;BLR;SEYFERT,16705,3,*Seyfert*
MRK3,93.90166666667,71.0375,5240.0,10270.0,o5ks01020,1080.0,STIS/CCD,GALAXY;SEYFERT,8480,3,*Seyfert*
NGC-5806,225.0016276542,1.891374915467,5450.0,10140.0,obib06050,898.0,STIS/CCD,GALAXY;NUCLEUS;SEYFERT;SPIRAL,12187,3,*Seyfert*
NGC-6814,295.6691095615,-10.32367814197,2900.0,5700.0,oc1504030,180.0,STIS/CCD,GALAXY;BLR;SEYFERT,12922,3,*Seyfert*
NGC-4593,189.9143958333,-5.344172222222,5240.0,10270.0,ocuw11030,288.0,STIS/CCD,GALAXY;ACCRETION DISK;BLR;SEYFERT,14121,3,*Seyfert*
NGC5194-SLIT-WEST1,202.4698116043,47.19527190897,5450.0,10140.0,o6fm02020,2880.0,STIS/CCD,GALAXY;SPIRAL;SEYFERT,9147,3,*Seyfert*
CGCG341-006,281.3595291667,72.18356388889,2900.0,5700.0,ocww01010,1310.0,STIS/CCD,GALAXY;INTERACTING GALAXY;MULTIPLE NUCLEI;SEYFERT,14248,3,*Seyfert*
NGC1097,41.57879166667,-30.27465833333,5240.0,10270.0,o65308020,936.0,STIS/CCD,GALAXY;LINER;SEYFERT,8684,3,*Seyfert*
NGC5252,204.5665,4.542580555556,5450.0,10140.0,o56c04040,600.0,STIS/CCD,GALAXY;SEYFERT;SPIRAL;NLR,8055,3,*Seyfert*
NGC4151-OFFSET,182.6355075,39.40574055556,2900.0,5700.0,o42305050,720.0,STIS/CCD,GALAXY;SEYFERT;NLR,7569,3,*Seyfert*
MRK-817,219.0922714383,58.7943029539,2900.0,5700.0,oede4b060,175.0,STIS/CCD,GALAXY;ACCRETION DISK;BLR;NUCLEUS;SEYFERT;WIND,16196,3,*Seyfert*
MRK279,208.2643138384,69.30819704395,5240.0,10270.0,oeoe40040,100.0,STIS/CCD,GALAXY;BLR;SEYFERT,16705,3,*Seyfert*
NGC-4593,189.9143958333,-5.344172222222,2900.0,5700.0,ocuw08020,298.0,STIS/CCD,GALAXY;ACCRETION DISK;BLR;SEYFERT,14121,3,*Seyfert*
NGC-4593,189.9143958333,-5.344172222222,5240.0,10270.0,ocuw14030,288.0,STIS/CCD,GALAXY;ACCRETION DISK;BLR;SEYFERT,14121,3,*Seyfert*
NGC1068-HOTSPOT,40.66960476403,-0.01341928682012,5450.0,10140.0,o5lj01030,720.0,STIS/CCD,GALAXY;SEYFERT;HOTSPOT,8185,3,*Seyfert*
MRK-279,208.2641983212,69.30825059479,3020.0,5610.0,obgu05020,712.0,STIS/CCD,GALAXY;SEYFERT,12212,3,*Seyfert*
NGC-4593,189.9143958333,-5.344172222222,5240.0,10270.0,ocuw12030,288.0,STIS/CCD,GALAXY;ACCRETION DISK;BLR;SEYFERT,14121,3,*Seyfert*
MRK-110,141.3036592675,52.28635965923,2900.0,5700.0,odqz02050,60.0,STIS/CCD,GALAXY;ACCRETION DISK;BLR;NLR;NUCLEUS;SEYFERT,15413,3,*Seyfert*
MRK-110,141.30363,52.28625,5240.0,10270.0,odqz03060,60.0,STIS/CCD,GALAXY;ACCRETION DISK;BLR;NLR;NUCLEUS;SEYFERT,15413,3,*Seyfert*
NGC3516,166.6987083333,72.56878888889,5450.0,10140.0,o56c01020,1332.0,STIS/CCD,GALAXY;SEYFERT;SPIRAL;NLR,8055,3,*Seyfert*
NGC3031,148.8883333333,69.06530555556,5450.0,10140.0,o4qa02020,3600.0,STIS/CCD,GALAXY;SPIRAL;LINER;SEYFERT,7350,3,*Seyfert*
NGC4151,182.6355,39.40576666667,2900.0,5700.0,o59701010,780.0,STIS/CCD,GALAXY;SEYFERT,8136,3,*Seyfert*
MRK-705,141.5137083333,12.73433333333,3020.0,5610.0,ob1106010,2148.0,STIS/CCD,GALAXY;SEYFERT,11611,3,*Seyfert*
NGC-4151,182.6357315514,39.40584885479,1680.0,3060.0,ofj709020,626.0,STIS/CCD,GALAXY;SEYFERT,17892,3,*Seyfert*
MRK279,208.2643138546,69.30819704643,2900.0,5700.0,oeoe01030,98.0,STIS/CCD,GALAXY;BLR;SEYFERT,16705,3,*Seyfert*
MRK279,208.2643138475,69.30819704534,5240.0,10270.0,oeoe18040,100.0,STIS/CCD,GALAXY;BLR;SEYFERT,16705,3,*Seyfert*
MRK-110,141.3036446337,52.28630482962,5240.0,10270.0,odqz03070,60.0,STIS/CCD,GALAXY;ACCRETION DISK;BLR;NLR;NUCLEUS;SEYFERT,15413,3,*Seyfert*
MRK-110,141.3036446337,52.28630482962,5240.0,10270.0,odqz02070,60.0,STIS/CCD,GALAXY;ACCRETION DISK;BLR;NLR;NUCLEUS;SEYFERT,15413,3,*Seyfert*
NGC-4593,189.9143958333,-5.344172222222,5240.0,10270.0,ocuw09030,288.0,STIS/CCD,GALAXY;ACCRETION DISK;BLR;SEYFERT,14121,3,*Seyfert*
NGC-4593,189.9143958333,-5.344172222222,2900.0,5700.0,ocuw04020,298.0,STIS/CCD,GALAXY;ACCRETION DISK;BLR;SEYFERT,14121,3,*Seyfert*
2MASS-J14301603+2303445,217.5668860414,23.06234565108,2900.0,5700.0,of0a02020,60.0,STIS/CCD,GALAXY;SEYFERT,17208,3,*Seyfert*
MRK-817,219.0920088789,58.79427490131,5240.0,10270.0,oedean020,30.0,STIS/CCD,GALAXY;ACCRETION DISK;BLR;NUCLEUS;SEYFERT;WIND,16196,3,*Seyfert*
2MASX-J22014163+1151237-OFFSET,330.4233541667,11.85669444444,5240.0,10270.0,ocxw03010,7503.0,STIS/CCD,GALAXY;EMISSION LINE NEBULA;FILAMENT;NLR;NUCLEUS;SEYFERT,14271,3,*Seyfert*
NGC5194-SLIT-EAST,202.4699498957,47.19530611099,5450.0,10140.0,o6fm01040,1987.0,STIS/CCD,GALAXY;SPIRAL;SEYFERT,9147,3,*Seyfert*
MRK-817,219.0922400487,58.79452551661,2900.0,5700.0,oede4f070,175.0,STIS/CCD,GALAXY;ACCRETION DISK;BLR;NUCLEUS;SEYFERT;WIND,16196,3,*Seyfert*
NGC-7469,345.8153083333,8.873688888889,5240.0,10270.0,of9j010b0,41.0,STIS/CCD,GALAXY;ACCRETION DISK;BLR;SEYFERT,17523,3,*Seyfert*
NGC-4800,193.6574283712,46.53113045579,5450.0,10140.0,obib04020,585.0,STIS/CCD,GALAXY;NUCLEUS;SEYFERT;SPIRAL,12187,3,*Seyfert*
NGC4151,182.6355,39.40577777778,5450.0,10140.0,o8qs07030,2500.0,STIS/CCD,GALAXY;NUCLEUS;SEYFERT,9849,3,*Seyfert*
NGC4151,182.6355,39.40576666667,1680.0,3060.0,o42303070,2160.0,STIS/CCD,GALAXY;SEYFERT;NLR;BLR,7569,3,*Seyfert*
NGC5194-SLIT-WEST2,202.4697424586,47.1952548079,5450.0,10140.0,o6fm02040,1987.0,STIS/CCD,GALAXY;SPIRAL;SEYFERT,9147,3,*Seyfert*
NGC3998,179.48375,55.45352777778,5450.0,10140.0,o4qa03020,1740.0,STIS/CCD,GALAXY;SPIRAL;LINER;SEYFERT,7350,3,*Seyfert*
NGC3227,155.8772583333,19.86478888889,5450.0,10140.0,o63201010,390.0,STIS/CCD,GALAXY;SPIRAL;SEYFERT,8605,3,*Seyfert*
SBS1116+583A,169.7403406225,58.05659368922,2900.0,5700.0,oc1505030,200.0,STIS/CCD,GALAXY;BLR;SEYFERT,12922,3,*Seyfert*
MRK279,208.2643138455,69.30819704503,5240.0,10270.0,oeoe23040,100.0,STIS/CCD,GALAXY;BLR;SEYFERT,16705,3,*Seyfert*
MRK279,208.2643138421,69.30819704452,5240.0,10270.0,oeoe31040,100.0,STIS/CCD,GALAXY;BLR;SEYFERT,16705,3,*Seyfert*
NGC-4593,189.9143958333,-5.344172222222,5240.0,10270.0,ocuw24030,288.0,STIS/CCD,GALAXY;ACCRETION DISK;BLR;SEYFERT,14121,3,*Seyfert*
NGC-4593,189.9143958333,-5.344172222222,5240.0,10270.0,ocuw07030,288.0,STIS/CCD,GALAXY;ACCRETION DISK;BLR;SEYFERT,14121,3,*Seyfert*
NGC4151-OFFSET,182.6355075,39.40574055556,5240.0,10270.0,o423040a0,720.0,STIS/CCD,GALAXY;SEYFERT;NLR,7569,3,*Seyfert*
2MASS-J14301603+2303445,217.5667866522,23.06231263885,2900.0,5700.0,of0a02010,60.0,STIS/CCD,GALAXY;SEYFERT,17208,3,*Seyfert*
NGC3081,149.873375,-22.82636111111,2900.0,5700.0,o6bu06050,812.0,STIS/CCD,GALAXY;SEYFERT;NUCLEUS,9143,3,*Seyfert*
AKN-564,340.66394,29.72536111111,3020.0,5610.0,obgu08010,695.0,STIS/CCD,GALAXY;SEYFERT,12212,3,*Seyfert*
ZW229-015,286.3579332551,42.46110531097,2900.0,5700.0,oc1506030,200.0,STIS/CCD,GALAXY;BLR;SEYFERT,12922,3,*Seyfert*
MRK-493,239.7900927058,35.02964315184,2900.0,5700.0,od5u01070,560.0,STIS/CCD,GALAXY;BLR;NLR;NUCLEUS;SEYFERT,14744,3,*Seyfert*
MRK279,208.2643138426,69.30819704459,5240.0,10270.0,oeoe30040,100.0,STIS/CCD,GALAXY;BLR;SEYFERT,16705,3,*Seyfert*
NGC4303,185.478875,4.473694444444,5450.0,10140.0,o6lc01060,1360.0,STIS/CCD,GALAXY;SPIRAL;SEYFERT;STARBURST,9469,3,*Seyfert*
NGC-4593,189.9143958333,-5.344172222222,2900.0,5700.0,ocuw07020,298.0,STIS/CCD,GALAXY;ACCRETION DISK;BLR;SEYFERT,14121,3,*Seyfert*
2MASX-J22014163+1151237-OFFSET,330.4233541667,11.85669444444,2900.0,5700.0,ocxw02010,7530.0,STIS/CCD,GALAXY;EMISSION LINE NEBULA;FILAMENT;NLR;NUCLEUS;SEYFERT,14271,3,*Seyfert*
MRK-493,239.7902026028,35.02972990931,2900.0,5700.0,od5u01040,560.0,STIS/CCD,GALAXY;BLR;NLR;NUCLEUS;SEYFERT,14744,3,*Seyfert*
NGC-3147,154.2235454167,73.40075,5450.0,10140.0,oe3p01010,2335.0,STIS/CCD,GALAXY;SEYFERT,15908,3,*Seyfert*
NGC-4593,189.9143958333,-5.344172222222,2900.0,5700.0,ocuw26020,298.0,STIS/CCD,GALAXY;ACCRETION DISK;BLR;SEYFERT,14121,3,*Seyfert*
MRK-50,185.8505891667,2.679,2900.0,5700.0,oc1502010,120.0,STIS/CCD,GALAXY;BLR;SEYFERT,12922,3,*Seyfert*
MRK279,208.2643137654,69.30819703274,2900.0,5700.0,oeoe48030,200.0,STIS/CCD,GALAXY;BLR;SEYFERT,16705,3,*Seyfert*
MRK279,208.264313762,69.30819703223,2900.0,5700.0,oeoe56030,200.0,STIS/CCD,GALAXY;BLR;SEYFERT,16705,3,*Seyfert*
MRK279,208.2643137641,69.30819703254,2900.0,5700.0,oeoe51030,200.0,STIS/CCD,GALAXY;BLR;SEYFERT,16705,3,*Seyfert*
MRK279,208.2643137629,69.30819703236,2900.0,5700.0,oeoe54030,200.0,STIS/CCD,GALAXY;BLR;SEYFERT,16705,3,*Seyfert*
MRK279,208.2643137625,69.30819703229,2900.0,5700.0,oeoe55030,200.0,STIS/CCD,GALAXY;BLR;SEYFERT,16705,3,*Seyfert*
MRK279,208.2643138355,69.3081970435,2900.0,5700.0,oeoe47030,200.0,STIS/CCD,GALAXY;BLR;SEYFERT,16705,3,*Seyfert*
MRK279,208.2643137649,69.30819703267,2900.0,5700.0,oeoe49030,200.0,STIS/CCD,GALAXY;BLR;SEYFERT,16705,3,*Seyfert*
MRK279,208.2643137633,69.30819703242,2900.0,5700.0,oeoe53030,200.0,STIS/CCD,GALAXY;BLR;SEYFERT,16705,3,*Seyfert*
MRK279,208.2643138362,69.30819704361,2900.0,5700.0,oeoe45030,200.0,STIS/CCD,GALAXY;BLR;SEYFERT,16705,3,*Seyfert*
MRK279,208.2643138367,69.30819704369,2900.0,5700.0,oeoe44030,200.0,STIS/CCD,GALAXY;BLR;SEYFERT,16705,3,*Seyfert*
MRK279,208.2643138384,69.30819704395,2900.0,5700.0,oeoe40030,200.0,STIS/CCD,GALAXY;BLR;SEYFERT,16705,3,*Seyfert*
MRK279,208.2643138378,69.30819704386,2900.0,5700.0,oeoe41030,200.0,STIS/CCD,GALAXY;BLR;SEYFERT,16705,3,*Seyfert*
MRK279,208.2643138391,69.30819704406,2900.0,5700.0,oeoe38030,200.0,STIS/CCD,GALAXY;BLR;SEYFERT,16705,3,*Seyfert*
MRK279,208.2643138374,69.3081970438,2900.0,5700.0,oeoe42030,200.0,STIS/CCD,GALAXY;BLR;SEYFERT,16705,3,*Seyfert*
MRK279,208.2643138396,69.30819704413,2900.0,5700.0,oeoe37030,200.0,STIS/CCD,GALAXY;BLR;SEYFERT,16705,3,*Seyfert*
MRK279,208.2643138399,69.30819704418,2900.0,5700.0,oeoe36030,200.0,STIS/CCD,GALAXY;BLR;SEYFERT,16705,3,*Seyfert*
MRK279,208.2643138404,69.30819704425,2900.0,5700.0,oeoe35030,200.0,STIS/CCD,GALAXY;BLR;SEYFERT,16705,3,*Seyfert*
MRK279,208.2643138412,69.30819704438,2900.0,5700.0,oeoe33030,200.0,STIS/CCD,GALAXY;BLR;SEYFERT,16705,3,*Seyfert*
MRK279,208.2643138429,69.30819704465,2900.0,5700.0,oeoe29030,200.0,STIS/CCD,GALAXY;BLR;SEYFERT,16705,3,*Seyfert*
MRK279,208.2643138426,69.30819704459,2900.0,5700.0,oeoe30030,200.0,STIS/CCD,GALAXY;BLR;SEYFERT,16705,3,*Seyfert*
MRK279,208.2643138409,69.30819704433,2900.0,5700.0,oeoe34030,200.0,STIS/CCD,GALAXY;BLR;SEYFERT,16705,3,*Seyfert*
MRK279,208.2643138417,69.30819704446,2900.0,5700.0,oeoe32030,200.0,STIS/CCD,GALAXY;BLR;SEYFERT,16705,3,*Seyfert*
MRK279,208.2643138433,69.3081970447,2900.0,5700.0,oeoe28030,200.0,STIS/CCD,GALAXY;BLR;SEYFERT,16705,3,*Seyfert*
MRK279,208.2643138421,69.30819704453,2900.0,5700.0,oeoe31030,200.0,STIS/CCD,GALAXY;BLR;SEYFERT,16705,3,*Seyfert*
MRK279,208.2643138438,69.30819704478,2900.0,5700.0,oeoe27030,200.0,STIS/CCD,GALAXY;BLR;SEYFERT,16705,3,*Seyfert*
MRK279,208.2643138442,69.30819704484,2900.0,5700.0,oeoe26030,200.0,STIS/CCD,GALAXY;BLR;SEYFERT,16705,3,*Seyfert*
MRK279,208.264313845,69.30819704496,2900.0,5700.0,oeoe24030,200.0,STIS/CCD,GALAXY;BLR;SEYFERT,16705,3,*Seyfert*
MRK279,208.2643138463,69.30819704517,2900.0,5700.0,oeoe21030,200.0,STIS/CCD,GALAXY;BLR;SEYFERT,16705,3,*Seyfert*
MRK279,208.2643138459,69.3081970451,2900.0,5700.0,oeoe22030,200.0,STIS/CCD,GALAXY;BLR;SEYFERT,16705,3,*Seyfert*
MRK279,208.2643138455,69.30819704503,2900.0,5700.0,oeoe23030,200.0,STIS/CCD,GALAXY;BLR;SEYFERT,16705,3,*Seyfert*
MRK279,208.2643138467,69.30819704522,2900.0,5700.0,oeoe20030,200.0,STIS/CCD,GALAXY;BLR;SEYFERT,16705,3,*Seyfert*
MRK279,208.2643138475,69.30819704534,2900.0,5700.0,oeoe18030,200.0,STIS/CCD,GALAXY;BLR;SEYFERT,16705,3,*Seyfert*
MRK279,208.264313848,69.30819704542,2900.0,5700.0,oeoe17030,200.0,STIS/CCD,GALAXY;BLR;SEYFERT,16705,3,*Seyfert*
MRK279,208.2643138484,69.30819704548,2900.0,5700.0,oeoe16030,200.0,STIS/CCD,GALAXY;BLR;SEYFERT,16705,3,*Seyfert*
MRK279,208.2643138487,69.30819704553,2900.0,5700.0,oeoe15030,200.0,STIS/CCD,GALAXY;BLR;SEYFERT,16705,3,*Seyfert*
MRK279,208.2643138492,69.30819704561,2900.0,5700.0,oeoe14030,200.0,STIS/CCD,GALAXY;BLR;SEYFERT,16705,3,*Seyfert*
MRK279,208.2643138499,69.30819704572,2900.0,5700.0,oeoe12030,200.0,STIS/CCD,GALAXY;BLR;SEYFERT,16705,3,*Seyfert*
MRK279,208.2643138495,69.30819704566,2900.0,5700.0,oeoe13030,200.0,STIS/CCD,GALAXY;BLR;SEYFERT,16705,3,*Seyfert*
MRK279,208.2643138509,69.30819704587,2900.0,5700.0,oeoe10030,200.0,STIS/CCD,GALAXY;BLR;SEYFERT,16705,3,*Seyfert*
MRK279,208.2643138504,69.30819704579,2900.0,5700.0,oeoe11030,200.0,STIS/CCD,GALAXY;BLR;SEYFERT,16705,3,*Seyfert*
MRK279,208.2643138514,69.30819704594,2900.0,5700.0,oeoe09030,200.0,STIS/CCD,GALAXY;BLR;SEYFERT,16705,3,*Seyfert*
MRK279,208.2643138517,69.30819704599,2900.0,5700.0,oeoe08030,200.0,STIS/CCD,GALAXY;BLR;SEYFERT,16705,3,*Seyfert*
MRK279,208.2643138521,69.30819704605,2900.0,5700.0,oeoe07030,200.0,STIS/CCD,GALAXY;BLR;SEYFERT,16705,3,*Seyfert*
MRK279,208.2643138538,69.30819704631,2900.0,5700.0,oeoe03030,200.0,STIS/CCD,GALAXY;BLR;SEYFERT,16705,3,*Seyfert*
MRK279,208.2643138525,69.30819704611,2900.0,5700.0,oeoe06030,200.0,STIS/CCD,GALAXY;BLR;SEYFERT,16705,3,*Seyfert*
MRK279,208.2643138542,69.30819704638,2900.0,5700.0,oeoe02030,200.0,STIS/CCD,GALAXY;BLR;SEYFERT,16705,3,*Seyfert*
MCG-03-34-064,200.6019095833,-16.72846666667,2900.0,5700.0,ofr301010,550.0,STIS/CCD,GALAXY;ACCRETION DISK;SEYFERT,18192,3,*Seyfert*
MCG-03-34-064,200.6021602553,-16.72826271942,2900.0,5700.0,ofr301030,600.0,STIS/CCD,GALAXY;ACCRETION DISK;SEYFERT,18192,3,*Seyfert*
MCG-03-34-064,200.6019095833,-16.72846666667,3020.0,5610.0,ofr301040,700.0,STIS/CCD,GALAXY;ACCRETION DISK;SEYFERT,18192,3,*Seyfert*
MCG-03-34-064,200.6020349194,-16.72836469308,3020.0,5610.0,ofr301050,700.0,STIS/CCD,GALAXY;ACCRETION DISK;SEYFERT,18192,3,*Seyfert*
MCG-03-34-064,200.6020349194,-16.72836469308,2900.0,5700.0,ofr301020,520.0,STIS/CCD,GALAXY;ACCRETION DISK;SEYFERT,18192,3,*Seyfert*
MCG-03-34-064,200.6021602553,-16.72826271942,3020.0,5610.0,ofr301060,700.0,STIS/CCD,GALAXY;ACCRETION DISK;SEYFERT,18192,3,*Seyfert*
J0954+4717,148.5757446587,47.29025175024,3020.0,5610.0,ofhm02030,2486.0,STIS/CCD,GALAXY;SEYFERT,17758,3,*Seyfert*
J0954+4717,148.5758068504,47.29025495884,3020.0,5610.0,ofhm02020,2510.0,STIS/CCD,GALAXY;SEYFERT,17758,3,*Seyfert*
J0954+4717,148.5759001583,47.29025977278,3020.0,5610.0,ofhm02010,1924.0,STIS/CCD,GALAXY;SEYFERT,17758,3,*Seyfert*
J0954+4717,148.5759001602,47.29025977463,5450.0,10140.0,ofhm03010,1864.0,STIS/CCD,GALAXY;SEYFERT,17758,3,*Seyfert*
J0954+4717,148.5758068523,47.29025496068,5450.0,10140.0,ofhm03030,2506.0,STIS/CCD,GALAXY;SEYFERT,17758,3,*Seyfert*
J0954+4717,148.5757446606,47.29025175208,5450.0,10140.0,ofhm03050,2486.0,STIS/CCD,GALAXY;SEYFERT,17758,3,*Seyfert*
NGC4151,182.6354583333,39.40572222222,1140.0,1740.0,o3vs02f5q,2369.0,STIS/FUV-MAMA,GALAXY;SEYFERT,7121,2,*Seyfert*
NGC4151-OFFSET,182.6355075,39.40574055556,1140.0,1740.0,o423040e0,0.0,STIS/FUV-MAMA,GALAXY;SEYFERT;NLR,7569,3,*Seyfert*
NGC4151-OFFSET,182.6355075,39.40574055556,1150.0,1730.0,o423040c0,0.0,STIS/FUV-MAMA,GALAXY;SEYFERT;NLR,7569,3,*Seyfert*
NGC4151-OFFSET,182.6355075,39.40574055556,1150.0,1730.0,o423040b0,0.0,STIS/FUV-MAMA,GALAXY;SEYFERT;NLR,7569,3,*Seyfert*
NGC4151,182.6355,39.40576666667,1150.0,1730.0,o423020a0,2175.0,STIS/FUV-MAMA,GALAXY;SEYFERT;NLR;BLR,7569,3,*Seyfert*
MARK78,115.673484202,65.17702053637,1150.0,1730.0,o4dj05020,0.0,STIS/FUV-MAMA,GALAXY;SEYFERT,7404,3,*Seyfert*
MARK78,115.6734871484,65.17716101581,1150.0,1730.0,o4dj03040,1671.0,STIS/FUV-MAMA,GALAXY;SEYFERT,7404,3,*Seyfert*
MARK78,115.673484202,65.17702053637,1150.0,1730.0,o4dj55020,1377.0,STIS/FUV-MAMA,GALAXY;SEYFERT,7404,3,*Seyfert*
MARK78,115.673493691,65.17708328655,1150.0,1730.0,o4dj03030,1200.0,STIS/FUV-MAMA,GALAXY;SEYFERT,7404,3,*Seyfert*
MARK78,115.673493691,65.17708328655,1150.0,1730.0,o4dj03020,610.0,STIS/FUV-MAMA,GALAXY;SEYFERT,7404,3,*Seyfert*
MARK78,115.6735029208,65.17697363277,1150.0,1730.0,o4dj03010,1750.0,STIS/FUV-MAMA,GALAXY;SEYFERT,7404,3,*Seyfert*
MARK110,141.3038333333,52.28653055556,1140.0,1740.0,o4n302010,0.0,STIS/FUV-MAMA,GALAXY;SEYFERT,7295,3,*Seyfert*
NGC3516,166.698125,72.56858333333,1150.0,1730.0,o4st01040,5340.198875,STIS/FUV-MAMA,GALAXY;SEYFERT,7355,3,*Seyfert*
NGC1068-SEQ2,40.66968055556,-0.01338055555555,1150.0,1730.0,o56501020,2901.0,STIS/FUV-MAMA,GALAXY;SPIRAL;SEYFERT;NLR;JET,7353,3,*Seyfert*
NGC1068-SEQ2,40.66972434814,-0.01341474077981,1150.0,1730.0,o56501010,1819.0,STIS/FUV-MAMA,GALAXY;SPIRAL;SEYFERT;NLR;JET,7353,3,*Seyfert*
NGC1068-SEQ2,40.66963676298,-0.01334637033129,1150.0,1730.0,o56501030,2901.0,STIS/FUV-MAMA,GALAXY;SPIRAL;SEYFERT;NLR;JET,7353,3,*Seyfert*
NGC4151,182.6355,39.40576666667,1123.0,1710.0,o57801040,3086.0,STIS/FUV-MAMA,GALAXY;SEYFERT;NLR;BLR,8019,3,*Seyfert*
MRK506,260.6664166667,30.88125,1150.0,1730.0,o5g076ueq,600.0,STIS/FUV-MAMA,GALAXY;SEYFERT,8144,2,*Seyfert*
MRK463,209.0115,18.37177777778,1150.0,1730.0,o5g056dfq,600.0,STIS/FUV-MAMA,GALAXY;SEYFERT,8144,2,*Seyfert*
ISO1475+3554,27.6364178818,36.15717354146,1140.0,1740.0,o5ew07020,2977.0,STIS/FUV-MAMA,GALAXY;SEYFERT;LYMAN ALPHA CLOUD;HALO,8316,3,*Seyfert*
ISO1475+3554,27.63641666667,36.15716666667,1140.0,1740.0,o5ew07010,2347.0,STIS/FUV-MAMA,GALAXY;SEYFERT;LYMAN ALPHA CLOUD;HALO,8316,3,*Seyfert*
MRK304,334.3010416667,14.23922222222,1150.0,1730.0,o5g082anq,600.0,STIS/FUV-MAMA,GALAXY;SEYFERT,8144,2,*Seyfert*
MRK290,233.9680416667,57.90263888889,1150.0,1730.0,o5g070tlq,600.0,STIS/FUV-MAMA,GALAXY;SEYFERT,8144,2,*Seyfert*
NGC3516,166.698125,72.56858333333,1150.0,1730.0,o5g032t7q,600.0,STIS/FUV-MAMA,GALAXY;SEYFERT,8144,2,*Seyfert*
NGC3783,174.7569166667,-37.73883333333,1150.0,1730.0,o5g039lbq,600.0,STIS/FUV-MAMA,GALAXY;SEYFERT,8144,2,*Seyfert*
AKN564,340.6639166667,29.72536111111,1150.0,1730.0,o5it17010,1201.0,STIS/FUV-MAMA,GALAXY;SEYFERT;BLR,8265,3,*Seyfert*
AKN564,340.6639166667,29.72536111111,1150.0,1730.0,o5it24010,1201.0,STIS/FUV-MAMA,GALAXY;SEYFERT;BLR,8265,3,*Seyfert*
AKN564,340.6639166667,29.72536111111,1150.0,1730.0,o5it22010,1201.0,STIS/FUV-MAMA,GALAXY;SEYFERT;BLR,8265,3,*Seyfert*
AKN564,340.6639166667,29.72536111111,1150.0,1730.0,o5it23010,1201.0,STIS/FUV-MAMA,GALAXY;SEYFERT;BLR,8265,3,*Seyfert*
AKN564,340.6639166667,29.72536111111,1150.0,1730.0,o5it25010,1201.0,STIS/FUV-MAMA,GALAXY;SEYFERT;BLR,8265,3,*Seyfert*
AKN564,340.6639166667,29.72536111111,1150.0,1730.0,o5it21010,1201.0,STIS/FUV-MAMA,GALAXY;SEYFERT;BLR,8265,3,*Seyfert*
NGC4151,182.6355,39.40576666667,1123.0,1710.0,o5kt03010,0.0,STIS/FUV-MAMA,GALAXY;SEYFERT,8473,3,*Seyfert*
AKN564,340.6639166667,29.72536111111,1150.0,1730.0,o5it18010,1201.0,STIS/FUV-MAMA,GALAXY;SEYFERT;BLR,8265,3,*Seyfert*
AKN564,340.6639166667,29.72536111111,1150.0,1730.0,o5it09010,1201.0,STIS/FUV-MAMA,GALAXY;SEYFERT;BLR,8265,3,*Seyfert*
AKN564,340.6639166667,29.72536111111,1150.0,1730.0,o5it19010,1201.0,STIS/FUV-MAMA,GALAXY;SEYFERT;BLR,8265,3,*Seyfert*
AKN564,340.6639166667,29.72536111111,1150.0,1730.0,o5it20010,1201.0,STIS/FUV-MAMA,GALAXY;SEYFERT;BLR,8265,3,*Seyfert*
NGC3783,174.7570833333,-37.73861111111,1123.0,1710.0,o63m15010,2200.0,STIS/FUV-MAMA,GALAXY;SEYFERT,8606,3,*Seyfert*
NGC3783,174.7570833333,-37.73861111111,1123.0,1710.0,o63m13010,2200.0,STIS/FUV-MAMA,GALAXY;SEYFERT,8606,3,*Seyfert*
NGC3783,174.7570833333,-37.73861111111,1123.0,1710.0,o63m13020,2700.0,STIS/FUV-MAMA,GALAXY;SEYFERT,8606,3,*Seyfert*
NGC3783,174.7570833333,-37.73861111111,1123.0,1710.0,o63m11010,2200.0,STIS/FUV-MAMA,GALAXY;SEYFERT,8606,3,*Seyfert*
NGC3783,174.7570833333,-37.73861111111,1123.0,1710.0,o63m10020,2700.0,STIS/FUV-MAMA,GALAXY;SEYFERT,8606,3,*Seyfert*
NGC3783,174.7570833333,-37.73861111111,1123.0,1710.0,o63m10010,2200.0,STIS/FUV-MAMA,GALAXY;SEYFERT,8606,3,*Seyfert*
NGC3783,174.7570833333,-37.73861111111,1123.0,1710.0,o63m06010,2200.0,STIS/FUV-MAMA,GALAXY;SEYFERT,8606,3,*Seyfert*
NGC3783,174.7570833333,-37.73861111111,1123.0,1710.0,o63m06020,2700.0,STIS/FUV-MAMA,GALAXY;SEYFERT,8606,3,*Seyfert*
NGC3783,174.7570833333,-37.73861111111,1123.0,1710.0,o63m05020,2700.0,STIS/FUV-MAMA,GALAXY;SEYFERT,8606,3,*Seyfert*
NGC3783,174.7570833333,-37.73861111111,1123.0,1710.0,o63m05010,2200.0,STIS/FUV-MAMA,GALAXY;SEYFERT,8606,3,*Seyfert*
NGC3783,174.7570833333,-37.73861111111,1123.0,1710.0,o63m04020,2700.0,STIS/FUV-MAMA,GALAXY;SEYFERT,8606,3,*Seyfert*
NGC1097,41.57879166667,-30.27465833333,1150.0,1730.0,o65306020,2947.0,STIS/FUV-MAMA,GALAXY;LINER;SEYFERT,8684,3,*Seyfert*
MS0337.1-2645,54.80633333333,-26.61369444444,1140.0,1740.0,o8ei01010,2040.0,STIS/FUV-MAMA,GALAXY;SEYFERT,9378,3,*Seyfert*
MARK1044,37.52272546301,-8.998002092515,1150.0,1730.0,o8k401020,1011.0,STIS/FUV-MAMA,GALAXY;SEYFERT;NUCLEUS,9687,3,*Seyfert*
MARK1044,37.52272546301,-8.998002092515,1140.0,1740.0,o8k401060,1440.0,STIS/FUV-MAMA,GALAXY;SEYFERT;NUCLEUS,9687,3,*Seyfert*
MARK1044,37.52269120364,-8.998136796372,1140.0,1740.0,o8k401090,1409.0,STIS/FUV-MAMA,GALAXY;SEYFERT;NUCLEUS,9687,3,*Seyfert*
MARK1044,37.52272546301,-8.998002092515,1140.0,1740.0,o8k401080,1440.0,STIS/FUV-MAMA,GALAXY;SEYFERT;NUCLEUS,9687,3,*Seyfert*
MARK1044,37.52274259269,-8.997934740585,1140.0,1740.0,o8k4010a0,1440.0,STIS/FUV-MAMA,GALAXY;SEYFERT;NUCLEUS,9687,3,*Seyfert*
MRK335,1.581333333333,20.20286111111,1123.0,1710.0,o8n504040,0.0,STIS/FUV-MAMA,GALAXY;SEYFERT,9802,3,*Seyfert*
MRK335,1.581333333333,20.20286111111,1123.0,1710.0,o8n504050,0.0,STIS/FUV-MAMA,GALAXY;SEYFERT,9802,3,*Seyfert*
MRK335,1.581333333333,20.20286111111,1123.0,1710.0,o8n504030,2295.0,STIS/FUV-MAMA,GALAXY;SEYFERT,9802,3,*Seyfert*
MRK335,1.581333333333,20.20286111111,1123.0,1710.0,o8n504020,2875.0,STIS/FUV-MAMA,GALAXY;SEYFERT,9802,3,*Seyfert*
MRK335,1.581333333333,20.20286111111,1123.0,1710.0,o8n504010,1945.0,STIS/FUV-MAMA,GALAXY;SEYFERT,9802,3,*Seyfert*
MARK1044,37.52272546301,-8.998002092515,1140.0,1740.0,o8k401040,1440.0,STIS/FUV-MAMA,GALAXY;SEYFERT;NUCLEUS,9687,3,*Seyfert*
MRK279,208.2643138529,69.30819704617,1150.0,1730.0,oeoe05aeq,0.0,STIS/FUV-MAMA,GALAXY;BLR;SEYFERT,16705,1,*Seyfert*
MRK279,208.2643138534,69.30819704625,1150.0,1730.0,oeoe04vuq,0.0,STIS/FUV-MAMA,GALAXY;BLR;SEYFERT,16705,1,*Seyfert*
MRK279,208.2643138472,69.3081970453,1150.0,1730.0,oeoe19rrq,600.0,STIS/FUV-MAMA,GALAXY;BLR;SEYFERT,16705,2,*Seyfert*
MRK279,208.2643138359,69.30819704357,1150.0,1730.0,oeoe46b5q,505.0,STIS/FUV-MAMA,GALAXY;BLR;SEYFERT,16705,2,*Seyfert*
NGC-4151,182.6357315539,39.40584884757,1150.0,1730.0,ofj701010,1213.0,STIS/FUV-MAMA,GALAXY;SEYFERT,17892,3,*Seyfert*
NGC4395,186.4540833333,33.5475,1123.0,1710.0,o6ks01020,2674.0,STIS/FUV-MAMA,GALAXY;SEYFERT,9362,3,*Seyfert*
MRK279,208.264,69.30830555556,1123.0,1710.0,o6jm01040,2731.0,STIS/FUV-MAMA,GALAXY;SEYFERT,9275,3,*Seyfert*
TON1542,188.015029611,20.15813274366,1140.0,1740.0,o4n305010,1990.0,STIS/FUV-MAMA,GALAXY;SEYFERT,7295,3,*Seyfert*
NGC5548,214.4982083333,25.13675,1123.0,1710.0,o4ll010d0,2420.0,STIS/FUV-MAMA,GALAXY;SEYFERT,7572,3,*Seyfert*
AKN564,340.6639166667,29.72536111111,1150.0,1730.0,o5it12010,1201.0,STIS/FUV-MAMA,GALAXY;SEYFERT;BLR,8265,3,*Seyfert*
NGC3783,174.7570833333,-37.73861111111,1123.0,1710.0,o63m04010,2200.0,STIS/FUV-MAMA,GALAXY;SEYFERT,8606,3,*Seyfert*
NGC3227,155.8775,19.865,1150.0,1730.0,o5kp01030,2132.0,STIS/FUV-MAMA,GALAXY;SEYFERT,8479,3,*Seyfert*
AKN564,340.6639166667,29.72536111111,1150.0,1730.0,o5it26010,1201.0,STIS/FUV-MAMA,GALAXY;SEYFERT;BLR,8265,3,*Seyfert*
NGC-4593,189.9143958333,-5.344172222222,1150.0,1730.0,ocuw06010,1234.0,STIS/FUV-MAMA,GALAXY;ACCRETION DISK;BLR;SEYFERT,14121,3,*Seyfert*
MRK876,243.4881666667,65.71936111111,1123.0,1710.0,o8nn01020,3100.0,STIS/FUV-MAMA,GALAXY;SEYFERT,9754,3,*Seyfert*
IRAS13349+2438,204.328,24.38413888889,1150.0,1730.0,o8wp01020,2630.0,STIS/FUV-MAMA,GALAXY;SEYFERT,10088,3,*Seyfert*
IRAS13224-3809,201.3301023259,-38.41507182167,1150.0,1730.0,o56j01060,2760.0,STIS/FUV-MAMA,GALAXY;SEYFERT,7360,3,*Seyfert*
TON-1542,188.0150754066,20.15824912357,1140.0,1740.0,o4ec07010,2281.0,STIS/FUV-MAMA,GALAXY;SEYFERT,7345,3,*Seyfert*
NGC-4151,182.6357315521,39.40584885359,1150.0,1730.0,ofj708010,1213.0,STIS/FUV-MAMA,GALAXY;SEYFERT,17892,3,*Seyfert*
AT2020AFHD,48.39849341405,-2.151923442304,1150.0,1730.0,ofbk02030,540.01925,STIS/FUV-MAMA,GALAXY;ACCRETION DISK;NUCLEUS;SEYFERT,17609,3,*Seyfert*
NGC3516,166.6975,72.56861111111,1123.0,1710.0,o57b02030,2740.0,STIS/FUV-MAMA,GALAXY;SEYFERT,8029,3,*Seyfert*
AKN564,340.6639166667,29.72536111111,1150.0,1730.0,o5it07010,1201.0,STIS/FUV-MAMA,GALAXY;SEYFERT;BLR,8265,3,*Seyfert*
6DFGS-GJ011908.7-341131,19.786,-34.19179166667,1150.0,1730.0,ocm301020,2965.0,STIS/FUV-MAMA,GALAXY;BLR;NUCLEUS;SEYFERT,13815,3,*Seyfert*
NGC3783,174.7570833333,-37.73861111111,1123.0,1710.0,o63m02010,2200.0,STIS/FUV-MAMA,GALAXY;SEYFERT,8606,3,*Seyfert*
NGC4151,182.6355,39.40576666667,1123.0,1710.0,o6jb01020,2700.0,STIS/FUV-MAMA,GALAXY;SEYFERT,9272,3,*Seyfert*
NGC-4151,182.6357315514,39.40584885478,1150.0,1730.0,ofj709010,1213.0,STIS/FUV-MAMA,GALAXY;SEYFERT,17892,3,*Seyfert*
NGC3783,174.7570833333,-37.73861111111,1123.0,1710.0,o57b01020,2700.0,STIS/FUV-MAMA,GALAXY;SEYFERT,8029,3,*Seyfert*
6DFGS-GJ011908.7-341131,19.786,-34.19179722222,1150.0,1730.0,odrx01030,2948.0,STIS/FUV-MAMA,GALAXY;BLR;NUCLEUS;SEYFERT,15442,3,*Seyfert*
AKN564,340.6639166667,29.72536111111,1123.0,1710.0,o5it05010,2210.0,STIS/FUV-MAMA,GALAXY;SEYFERT;BLR,8265,3,*Seyfert*
ES438-G009,167.7000458967,-28.50104115995,1140.0,1740.0,o5ew06030,2923.0,STIS/FUV-MAMA,GALAXY;SEYFERT;LYMAN ALPHA CLOUD;HALO,8316,3,*Seyfert*
AKN564,340.6639166667,29.72536111111,1150.0,1730.0,o5it39010,1201.0,STIS/FUV-MAMA,GALAXY;SEYFERT;BLR,8265,3,*Seyfert*
MRK279,208.264,69.30830555556,1123.0,1710.0,o8k104010,2269.0,STIS/FUV-MAMA,GALAXY;SEYFERT,9688,3,*Seyfert*
MARK1044,37.52270833333,-8.998069444444,1140.0,1740.0,o8k401070,1294.0,STIS/FUV-MAMA,GALAXY;SEYFERT;NUCLEUS,9687,3,*Seyfert*
NGC-4593,189.9143958333,-5.344172222222,1150.0,1730.0,ocuw24010,1234.0,STIS/FUV-MAMA,GALAXY;ACCRETION DISK;BLR;SEYFERT,14121,3,*Seyfert*
NGC-7469,345.8153272418,8.873741209033,1150.0,1730.0,of9j01020,676.0,STIS/FUV-MAMA,GALAXY;ACCRETION DISK;BLR;SEYFERT,17523,3,*Seyfert*
6DFGS-GJ011908.7-341131,19.786,-34.19179166667,1150.0,1730.0,ocm301030,2965.0,STIS/FUV-MAMA,GALAXY;BLR;NUCLEUS;SEYFERT,13815,3,*Seyfert*
ZW229-015,286.3579332551,42.46110531097,1150.0,1730.0,oc1506060,1419.0,STIS/FUV-MAMA,GALAXY;BLR;SEYFERT,12922,3,*Seyfert*
AKN564,340.6639166667,29.72536111111,1150.0,1730.0,o5it05050,1434.0,STIS/FUV-MAMA,GALAXY;SEYFERT;BLR,8265,3,*Seyfert*
NGC3783,174.7570833333,-37.73861111111,1123.0,1710.0,o63m01020,2700.0,STIS/FUV-MAMA,GALAXY;SEYFERT,8606,3,*Seyfert*
NGC3783,174.7570833333,-37.73861111111,1123.0,1710.0,o63m07020,2700.0,STIS/FUV-MAMA,GALAXY;SEYFERT,8606,3,*Seyfert*
NGC3783,174.7570833333,-37.73861111111,1123.0,1710.0,o63m16010,2200.0,STIS/FUV-MAMA,GALAXY;SEYFERT,8606,3,*Seyfert*
MRK279,208.264,69.30830555556,1123.0,1710.0,o6jm01050,2731.0,STIS/FUV-MAMA,GALAXY;SEYFERT,9275,3,*Seyfert*
NGC1068-OFFSET,40.66954166667,-0.01343333333333,1150.0,1730.0,o4wk010e0,2432.0,STIS/FUV-MAMA,GALAXY;SEYFERT;NLR,7573,3,*Seyfert*
SDSSJ1335+0728,203.833065,7.468816666667,1150.0,1730.0,ofka02010,1926.187625,STIS/FUV-MAMA,GALAXY;SEYFERT,17933,3,*Seyfert*
AT2020AFHD,48.3986125,-2.151725,1150.0,1730.0,ofhz02010,1858.1565,STIS/FUV-MAMA,GALAXY;ACCRETION DISK;NUCLEUS;SEYFERT,17849,3,*Seyfert*
NGC-4151,182.63574,39.40573055556,1123.0,1710.0,obgu16010,2545.0,STIS/FUV-MAMA,GALAXY;SEYFERT,12212,3,*Seyfert*
MRK-493,239.7903125,35.02981666667,1150.0,1730.0,od5u03010,2425.0,STIS/FUV-MAMA,GALAXY;BLR;NLR;NUCLEUS;SEYFERT,14744,3,*Seyfert*
NGC5548,214.4982083333,25.13675,1123.0,1710.0,o6kw03050,2700.0,STIS/FUV-MAMA,GALAXY;SEYFERT,9511,3,*Seyfert*
MRK876,243.4881666667,65.71936111111,1123.0,1710.0,o8nn02030,3100.0,STIS/FUV-MAMA,GALAXY;SEYFERT,9754,3,*Seyfert*
NGC7469,345.8150833333,8.873777777778,1123.0,1710.0,o8n502030,2870.0,STIS/FUV-MAMA,GALAXY;SEYFERT,9802,3,*Seyfert*
MRK876,243.4881666667,65.71936111111,1123.0,1710.0,o8nn01040,3100.0,STIS/FUV-MAMA,GALAXY;SEYFERT,9754,3,*Seyfert*
AKN564,340.6639166667,29.72536111111,1150.0,1730.0,o5it44010,1201.0,STIS/FUV-MAMA,GALAXY;SEYFERT;BLR,8265,3,*Seyfert*
AT2020AFHD,48.3986125,-2.151725,1150.0,1730.0,ofhz02020,2597.1835,STIS/FUV-MAMA,GALAXY;ACCRETION DISK;NUCLEUS;SEYFERT,17849,3,*Seyfert*
MRK-509,311.0405845875,-10.7236492019,1150.0,1730.0,odjh01030,736.0,STIS/FUV-MAMA,GALAXY;ACCRETION DISK;BLR;NLR;NUCLEUS;SEYFERT,15124,3,*Seyfert*
AKN564,340.6639166667,29.72536111111,1150.0,1730.0,o5it13010,1201.0,STIS/FUV-MAMA,GALAXY;SEYFERT;BLR,8265,3,*Seyfert*
NGC3783,174.7570833333,-37.73861111111,1123.0,1710.0,o63m07010,2242.0,STIS/FUV-MAMA,GALAXY;SEYFERT,8606,3,*Seyfert*
NGC4303-SB,185.4780361557,4.473545235839,1150.0,1730.0,o62i03030,2900.0,STIS/FUV-MAMA,GALAXY;SPIRAL;SEYFERT;STARBURST,8665,3,*Seyfert*
NGC4303-CORE,185.4789327823,4.47376395412,1150.0,1730.0,o62i02030,2900.0,STIS/FUV-MAMA,GALAXY;SPIRAL;SEYFERT;STARBURST,8665,3,*Seyfert*
NGC-4593,189.9143958333,-5.344172222222,1150.0,1730.0,ocuw20010,1234.0,STIS/FUV-MAMA,GALAXY;ACCRETION DISK;BLR;SEYFERT,14121,3,*Seyfert*
MRK-509,311.0407004167,-10.72345833333,1150.0,1730.0,odjh01010,736.0,STIS/FUV-MAMA,GALAXY;ACCRETION DISK;BLR;NLR;NUCLEUS;SEYFERT,15124,3,*Seyfert*
AKN564,340.6639166667,29.72536111111,1150.0,1730.0,o5it29010,1201.0,STIS/FUV-MAMA,GALAXY;SEYFERT;BLR,8265,3,*Seyfert*
NGC-4151,182.635725,39.40573055556,1123.0,1710.0,ocem01010,2531.0,STIS/FUV-MAMA,GALAXY;NLR;SEYFERT;WIND,13508,3,*Seyfert*
NGC4303-CORE,185.478875,4.473694444444,1150.0,1730.0,o62i02020,2900.0,STIS/FUV-MAMA,GALAXY;SPIRAL;SEYFERT;STARBURST,8665,3,*Seyfert*
AKN564,340.6639166667,29.72536111111,1150.0,1730.0,o5it31010,1201.0,STIS/FUV-MAMA,GALAXY;SEYFERT;BLR,8265,3,*Seyfert*
NGC4395,186.4540833333,33.5475,1123.0,1710.0,o6ks01040,2674.0,STIS/FUV-MAMA,GALAXY;SEYFERT,9362,3,*Seyfert*
MRK876,243.4881666667,65.71936111111,1123.0,1710.0,o8nn02020,3100.0,STIS/FUV-MAMA,GALAXY;SEYFERT,9754,3,*Seyfert*
TON-1542,188.0150754066,20.15824912357,1140.0,1740.0,o4ec07040,2906.0,STIS/FUV-MAMA,GALAXY;SEYFERT,7345,3,*Seyfert*
NGC985,38.65716666667,-8.787694444444,1140.0,1740.0,o4ec11020,1424.0,STIS/FUV-MAMA,GALAXY;SEYFERT,7345,3,*Seyfert*
MRK509,311.0406666667,-10.72347222222,1123.0,1710.0,o6ap01030,2700.0,STIS/FUV-MAMA,GALAXY;SEYFERT,8877,3,*Seyfert*
F01004-2237,15.70848367409,-22.36568275782,1150.0,1730.0,oeuu02060,727.197375,STIS/FUV-MAMA,GALAXY;ACCRETION DISK;NUCLEUS;SEYFERT,16943,3,*Seyfert*
TONS180,14.33370833333,-22.38227777778,1150.0,1730.0,o58p01010,1260.0,STIS/FUV-MAMA,GALAXY;SEYFERT;NUCLEUS,8109,3,*Seyfert*
NGC4593,189.914,-5.344166666667,1123.0,1710.0,o5l501020,2287.0,STIS/FUV-MAMA,GALAXY;SEYFERT;BLR;SPIRAL,8481,3,*Seyfert*
NGC3783,174.7570833333,-37.73861111111,1123.0,1710.0,o63m17010,2242.0,STIS/FUV-MAMA,GALAXY;SEYFERT,8606,3,*Seyfert*
MARK1044,37.52270833333,-8.998069444444,1140.0,1740.0,o8k401050,1294.0,STIS/FUV-MAMA,GALAXY;SEYFERT;NUCLEUS,9687,3,*Seyfert*
NGC-4593,189.9143958333,-5.344172222222,1150.0,1730.0,ocuw01010,1234.0,STIS/FUV-MAMA,GALAXY;ACCRETION DISK;BLR;SEYFERT,14121,3,*Seyfert*
NGC985,38.65716666667,-8.787694444444,1140.0,1740.0,o4ec11010,2305.0,STIS/FUV-MAMA,GALAXY;SEYFERT,7345,3,*Seyfert*
MRK279,208.2643137644,69.3081970326,1150.0,1730.0,oeoe50010,449.0,STIS/FUV-MAMA,GALAXY;BLR;SEYFERT,16705,3,*Seyfert*
MRK279,208.264,69.30830555556,1123.0,1710.0,o6jm01010,2269.0,STIS/FUV-MAMA,GALAXY;SEYFERT,9275,3,*Seyfert*
NGC5548,214.4982083333,25.13675,1123.0,1710.0,o6kw04010,2239.0,STIS/FUV-MAMA,GALAXY;SEYFERT,9511,3,*Seyfert*
AKN564,340.6639166667,29.72536111111,1150.0,1730.0,o5it03010,1201.0,STIS/FUV-MAMA,GALAXY;SEYFERT;BLR,8265,3,*Seyfert*
MS10473+35,162.5452417633,35.03377612283,1140.0,1740.0,o5ew08020,2977.0,STIS/FUV-MAMA,GALAXY;SEYFERT;LYMAN ALPHA CLOUD;HALO,8316,3,*Seyfert*
NGC-4151,182.63574,39.40573055556,1123.0,1710.0,obgu16020,3049.0,STIS/FUV-MAMA,GALAXY;SEYFERT,12212,3,*Seyfert*
MRK-279,208.2643120869,69.30816931709,1150.0,1730.0,oehb01040,732.0,STIS/FUV-MAMA,GALAXY;ACCRETION DISK;BLR;NLR;NUCLEUS;SEYFERT,16433,3,*Seyfert*
NGC-4593,189.9143958333,-5.344172222222,1150.0,1730.0,ocuw16010,1234.0,STIS/FUV-MAMA,GALAXY;ACCRETION DISK;BLR;SEYFERT,14121,3,*Seyfert*
NGC-4593,189.9143958333,-5.344172222222,1150.0,1730.0,ocuw17010,1234.0,STIS/FUV-MAMA,GALAXY;ACCRETION DISK;BLR;SEYFERT,14121,3,*Seyfert*
MRK876,243.4881666667,65.71936111111,1123.0,1710.0,o8nn02010,2200.0,STIS/FUV-MAMA,GALAXY;SEYFERT,9754,3,*Seyfert*
NGC7469,345.8150833333,8.873777777778,1123.0,1710.0,o8n501040,2870.0,STIS/FUV-MAMA,GALAXY;SEYFERT,9802,3,*Seyfert*
NGC3516,166.698125,72.56858333333,1150.0,1730.0,o4st01060,5340.199375,STIS/FUV-MAMA,GALAXY;SEYFERT,7355,3,*Seyfert*
MRK279,208.264,69.30830555556,1123.0,1710.0,o8k104020,2731.0,STIS/FUV-MAMA,GALAXY;SEYFERT,9688,3,*Seyfert*
AT2020AFHD,48.3986125,-2.151725,1150.0,1730.0,ofbk02010,540.018375,STIS/FUV-MAMA,GALAXY;ACCRETION DISK;NUCLEUS;SEYFERT,17609,3,*Seyfert*
MRK279,208.264,69.30830555556,1123.0,1710.0,o8k105020,2731.0,STIS/FUV-MAMA,GALAXY;SEYFERT,9688,3,*Seyfert*
NGC3783,174.7570833333,-37.73861111111,1123.0,1710.0,o63m03020,2700.0,STIS/FUV-MAMA,GALAXY;SEYFERT,8606,3,*Seyfert*
AKN564,340.6639166667,29.72536111111,1123.0,1710.0,o5it05030,2700.0,STIS/FUV-MAMA,GALAXY;SEYFERT;BLR,8265,3,*Seyfert*
NGC3783,174.7570833333,-37.73861111111,1123.0,1710.0,o63m09020,2700.0,STIS/FUV-MAMA,GALAXY;SEYFERT,8606,3,*Seyfert*
NGC4593,189.914,-5.344166666667,1123.0,1710.0,o5l501050,2899.0,STIS/FUV-MAMA,GALAXY;SEYFERT;BLR;SPIRAL,8481,3,*Seyfert*
NGC-4593,189.9143958333,-5.344172222222,1150.0,1730.0,ocuw07010,1234.0,STIS/FUV-MAMA,GALAXY;ACCRETION DISK;BLR;SEYFERT,14121,3,*Seyfert*
ES438-G009,167.7000437817,-28.50103446887,1140.0,1740.0,o5ew06020,2923.0,STIS/FUV-MAMA,GALAXY;SEYFERT;LYMAN ALPHA CLOUD;HALO,8316,3,*Seyfert*
NGC-4151,182.6357315534,39.40584885037,1150.0,1730.0,ofj703010,1213.0,STIS/FUV-MAMA,GALAXY;SEYFERT,17892,3,*Seyfert*
NGC1068-OFFSET,40.66954166667,-0.01343333333333,1150.0,1730.0,o4wk010c0,360.0,STIS/FUV-MAMA,GALAXY;SEYFERT;NLR,7573,3,*Seyfert*
NGC5548,214.4982083333,25.13675,1123.0,1710.0,o6kw02030,2700.0,STIS/FUV-MAMA,GALAXY;SEYFERT,9511,3,*Seyfert*
NGC4051,180.79,44.53133333333,1123.0,1710.0,o5f001030,2700.0,STIS/FUV-MAMA,GALAXY;SEYFERT,8321,3,*Seyfert*
MRK3,93.90166666667,71.0375,1150.0,1730.0,o5ks01040,3238.0,STIS/FUV-MAMA,GALAXY;SEYFERT,8480,3,*Seyfert*
AKN564,340.6639166667,29.72536111111,1150.0,1730.0,o5it15010,1201.0,STIS/FUV-MAMA,GALAXY;SEYFERT;BLR,8265,3,*Seyfert*
MRK876,243.4881666667,65.71936111111,1123.0,1710.0,o8nn02040,3100.0,STIS/FUV-MAMA,GALAXY;SEYFERT,9754,3,*Seyfert*
NGC1068-OFFSET,40.66954166667,-0.01343333333333,1150.0,1730.0,o4wk010d0,2304.0,STIS/FUV-MAMA,GALAXY;SEYFERT;NLR,7573,3,*Seyfert*
NGC4051,180.79,44.53133333333,1123.0,1710.0,o5f001040,2700.0,STIS/FUV-MAMA,GALAXY;SEYFERT,8321,3,*Seyfert*
AKN564,340.6639166667,29.72536111111,1150.0,1730.0,o5it35010,1201.0,STIS/FUV-MAMA,GALAXY;SEYFERT;BLR,8265,3,*Seyfert*
AKN564,340.6639166667,29.72536111111,1150.0,1730.0,o5it38010,1201.0,STIS/FUV-MAMA,GALAXY;SEYFERT;BLR,8265,3,*Seyfert*
NGC4151,182.6355,39.40576666667,1123.0,1710.0,o6jb01010,2242.0,STIS/FUV-MAMA,GALAXY;SEYFERT,9272,3,*Seyfert*
NGC5548,214.4982083333,25.13675,1123.0,1710.0,o6kw01030,2700.0,STIS/FUV-MAMA,GALAXY;SEYFERT,9511,3,*Seyfert*
MRK-817,219.0920089069,58.79427487992,1150.0,1730.0,oede4f080,1500.0,STIS/FUV-MAMA,GALAXY;ACCRETION DISK;BLR;NUCLEUS;SEYFERT;WIND,16196,3,*Seyfert*
AKN564,340.6639166667,29.72536111111,1150.0,1730.0,o5it30010,1201.0,STIS/FUV-MAMA,GALAXY;SEYFERT;BLR,8265,3,*Seyfert*
NGC7469,345.8150833333,8.873777777778,1123.0,1710.0,o8n501050,2870.0,STIS/FUV-MAMA,GALAXY;SEYFERT,9802,3,*Seyfert*
IRAS13349+2438,204.328,24.38413888889,1150.0,1730.0,o8wp01010,2000.0,STIS/FUV-MAMA,GALAXY;SEYFERT,10088,3,*Seyfert*
AKN564,340.6639166667,29.72536111111,1150.0,1730.0,o5it04010,1201.0,STIS/FUV-MAMA,GALAXY;SEYFERT;BLR,8265,3,*Seyfert*
NGC-4151,182.635725,39.40573055556,1123.0,1710.0,ocem01020,3035.0,STIS/FUV-MAMA,GALAXY;NLR;SEYFERT;WIND,13508,3,*Seyfert*
NGC3783,174.7570833333,-37.73861111111,1123.0,1710.0,o63m14010,2200.0,STIS/FUV-MAMA,GALAXY;SEYFERT,8606,3,*Seyfert*
AKN564,340.6639166667,29.72536111111,1150.0,1730.0,o5it32010,1201.0,STIS/FUV-MAMA,GALAXY;SEYFERT;BLR,8265,3,*Seyfert*
NGC4151-NUC,182.6355,39.40576666667,1123.0,1710.0,o5kt54010,2242.0,STIS/FUV-MAMA,GALAXY;SEYFERT,8473,3,*Seyfert*
AKN564,340.6639166667,29.72536111111,1150.0,1730.0,o5it08010,1201.0,STIS/FUV-MAMA,GALAXY;SEYFERT;BLR,8265,3,*Seyfert*
AKN564,340.6639166667,29.72536111111,1150.0,1730.0,o5it46010,1201.0,STIS/FUV-MAMA,GALAXY;SEYFERT;BLR,8265,3,*Seyfert*
NGC4303-SB,185.4779473113,4.473562693889,1150.0,1730.0,o62i03040,2900.0,STIS/FUV-MAMA,GALAXY;SPIRAL;SEYFERT;STARBURST,8665,3,*Seyfert*
NGC5548,214.4982083333,25.13675,1123.0,1710.0,o6kw03040,2700.0,STIS/FUV-MAMA,GALAXY;SEYFERT,9511,3,*Seyfert*
MRK279,208.264,69.30830555556,1123.0,1710.0,o8k103020,2731.0,STIS/FUV-MAMA,GALAXY;SEYFERT,9688,3,*Seyfert*
MARK1044,37.52270833333,-8.998069444444,1140.0,1740.0,o8k401030,1294.0,STIS/FUV-MAMA,GALAXY;SEYFERT;NUCLEUS,9687,3,*Seyfert*
MRK-493,239.7902392352,35.02975882844,1150.0,1730.0,od5u03030,3017.0,STIS/FUV-MAMA,GALAXY;BLR;NLR;NUCLEUS;SEYFERT,14744,3,*Seyfert*
NGC3516,166.6975,72.56861111111,1123.0,1710.0,o57b02020,2748.0,STIS/FUV-MAMA,GALAXY;SEYFERT,8029,3,*Seyfert*
NGC4151,182.6355,39.40576666667,1123.0,1710.0,o57801030,2460.0,STIS/FUV-MAMA,GALAXY;SEYFERT;NLR;BLR,8019,3,*Seyfert*
NGC-6814,295.6690881141,-10.32371407099,1150.0,1730.0,oc1504070,1424.0,STIS/FUV-MAMA,GALAXY;BLR;SEYFERT,12922,3,*Seyfert*
AKN564,340.6639166667,29.72536111111,1150.0,1730.0,o5it33010,1201.0,STIS/FUV-MAMA,GALAXY;SEYFERT;BLR,8265,3,*Seyfert*
NGC5548,214.4982083333,25.13675,1123.0,1710.0,o6jd02020,2700.0,STIS/FUV-MAMA,GALAXY;SEYFERT,9279,3,*Seyfert*
NGC5548,214.4982083333,25.13675,1123.0,1710.0,o6kw01050,2700.0,STIS/FUV-MAMA,GALAXY;SEYFERT,9511,3,*Seyfert*
NGC7469,345.8150833333,8.873777777778,1123.0,1710.0,o8n501030,2290.0,STIS/FUV-MAMA,GALAXY;SEYFERT,9802,3,*Seyfert*
IRAS13224-3809,201.3303333333,-38.41486111111,1150.0,1730.0,o56j01050,2668.0,STIS/FUV-MAMA,GALAXY;SEYFERT,7360,3,*Seyfert*
NGC4151-NUC,182.6355,39.40576666667,1123.0,1710.0,o5kt53010,2200.0,STIS/FUV-MAMA,GALAXY;SEYFERT,8473,3,*Seyfert*
NGC4303-SB,185.478125,4.473527777778,1150.0,1730.0,o62i03010,1838.0,STIS/FUV-MAMA,GALAXY;SPIRAL;SEYFERT;STARBURST,8665,3,*Seyfert*
NGC4593,189.914,-5.344166666667,1123.0,1710.0,o5l501030,2899.0,STIS/FUV-MAMA,GALAXY;SEYFERT;BLR;SPIRAL,8481,3,*Seyfert*
NGC4303-CORE,185.4789905646,4.473833463792,1150.0,1730.0,o62i02040,2900.0,STIS/FUV-MAMA,GALAXY;SPIRAL;SEYFERT;STARBURST,8665,3,*Seyfert*
SDSSJ1335+0728,203.833065,7.468816666667,1150.0,1730.0,ofka02020,2602.192375,STIS/FUV-MAMA,GALAXY;SEYFERT,17933,3,*Seyfert*
NGC-3147,154.2235454167,73.40075,1150.0,1730.0,oe3p01040,1988.1725,STIS/FUV-MAMA,GALAXY;SEYFERT,15908,3,*Seyfert*
F01004-2237,15.70842683709,-22.36578582336,1150.0,1730.0,oeuu02050,727.183875,STIS/FUV-MAMA,GALAXY;ACCRETION DISK;NUCLEUS;SEYFERT,16943,3,*Seyfert*
NGC5548,214.4982083333,25.13675,1123.0,1710.0,o6kw02040,2700.0,STIS/FUV-MAMA,GALAXY;SEYFERT,9511,3,*Seyfert*
NGC4151,182.6355,39.40576666667,1123.0,1710.0,o6jb01030,2700.0,STIS/FUV-MAMA,GALAXY;SEYFERT,9272,3,*Seyfert*
AKN564,340.6639166667,29.72536111111,1150.0,1730.0,o5it37010,1201.0,STIS/FUV-MAMA,GALAXY;SEYFERT;BLR,8265,3,*Seyfert*
NGC-4593,189.9143958333,-5.344172222222,1150.0,1730.0,ocuw15010,1234.0,STIS/FUV-MAMA,GALAXY;ACCRETION DISK;BLR;SEYFERT,14121,3,*Seyfert*
NGC-4151,182.635731553,39.40584885135,1150.0,1730.0,ofj705010,1213.0,STIS/FUV-MAMA,GALAXY;SEYFERT,17892,3,*Seyfert*
NGC-4151,182.6357315532,39.40584885087,1150.0,1730.0,ofj704010,1213.0,STIS/FUV-MAMA,GALAXY;SEYFERT,17892,3,*Seyfert*
NGC-7469,345.8153461502,8.873793529176,1150.0,1730.0,of9j01030,676.0,STIS/FUV-MAMA,GALAXY;ACCRETION DISK;BLR;SEYFERT,17523,3,*Seyfert*
MARK110,141.3038333333,52.28653055556,1140.0,1740.0,o4n352010,2243.0,STIS/FUV-MAMA,GALAXY;SEYFERT,7295,3,*Seyfert*
NGC4051,180.79,44.53133333333,1123.0,1710.0,o5f001010,2218.0,STIS/FUV-MAMA,GALAXY;SEYFERT,8321,3,*Seyfert*
NGC7469,345.8150833333,8.873777777778,1123.0,1710.0,o8n502040,2870.0,STIS/FUV-MAMA,GALAXY;SEYFERT,9802,3,*Seyfert*
NGC7469,345.8150833333,8.873777777778,1123.0,1710.0,o6bn01050,2695.0,STIS/FUV-MAMA,GALAXY;SEYFERT,9095,3,*Seyfert*
NGC5548,214.4982083333,25.13675,1123.0,1710.0,o6kw02050,2700.0,STIS/FUV-MAMA,GALAXY;SEYFERT,9511,3,*Seyfert*
NGC4395,186.4540833333,33.5475,1123.0,1710.0,o6ks01030,2674.0,STIS/FUV-MAMA,GALAXY;SEYFERT,9362,3,*Seyfert*
NGC5548,214.4982083333,25.13675,1123.0,1710.0,o6jd02010,2239.0,STIS/FUV-MAMA,GALAXY;SEYFERT,9279,3,*Seyfert*
AKN564,340.6639166667,29.72536111111,1150.0,1730.0,o5it42010,1201.0,STIS/FUV-MAMA,GALAXY;SEYFERT;BLR,8265,3,*Seyfert*
ARP-151,171.400558195,54.3825111567,1150.0,1730.0,oc1501060,1267.0,STIS/FUV-MAMA,GALAXY;BLR;SEYFERT,12922,3,*Seyfert*
MRK335,1.581333333333,20.20286111111,1123.0,1710.0,o8n505020,2295.0,STIS/FUV-MAMA,GALAXY;SEYFERT,9802,3,*Seyfert*
NGC7469,345.8150833333,8.873777777778,1123.0,1710.0,o8n501020,2870.0,STIS/FUV-MAMA,GALAXY;SEYFERT,9802,3,*Seyfert*
NGC3783,174.7570833333,-37.73861111111,1123.0,1710.0,o63m02020,2700.0,STIS/FUV-MAMA,GALAXY;SEYFERT,8606,3,*Seyfert*
NGC-7469,345.8153083333,8.873688888889,1150.0,1730.0,of9j01010,676.0,STIS/FUV-MAMA,GALAXY;ACCRETION DISK;BLR;SEYFERT,17523,3,*Seyfert*
F01004-2237,15.70837,-22.36588888889,1150.0,1730.0,oeuu02010,527.998125,STIS/FUV-MAMA,GALAXY;ACCRETION DISK;NUCLEUS;SEYFERT,16943,3,*Seyfert*
AKN564,340.6639166667,29.72536111111,1150.0,1730.0,o5it16010,1201.0,STIS/FUV-MAMA,GALAXY;SEYFERT;BLR,8265,3,*Seyfert*
NGC4303-CORE,185.478875,4.473694444444,1150.0,1730.0,o62i02010,1842.0,STIS/FUV-MAMA,GALAXY;SPIRAL;SEYFERT;STARBURST,8665,3,*Seyfert*
NGC3783,174.7570833333,-37.73861111111,1123.0,1710.0,o63m14020,2700.0,STIS/FUV-MAMA,GALAXY;SEYFERT,8606,3,*Seyfert*
NGC5548,214.4982083333,25.13675,1123.0,1710.0,o6kw03010,2239.0,STIS/FUV-MAMA,GALAXY;SEYFERT,9511,3,*Seyfert*
NGC5548,214.4982083333,25.13675,1123.0,1710.0,o6kw04050,2700.0,STIS/FUV-MAMA,GALAXY;SEYFERT,9511,3,*Seyfert*
MRK-1310,180.3097958333,-3.678047222222,1150.0,1730.0,oc1503060,1312.0,STIS/FUV-MAMA,GALAXY;BLR;SEYFERT,12922,3,*Seyfert*
NGC4151,182.6355,39.40576666667,1150.0,1730.0,o42302090,2250.0,STIS/FUV-MAMA,GALAXY;SEYFERT;NLR;BLR,7569,3,*Seyfert*
NGC3783,174.7570833333,-37.73861111111,1123.0,1710.0,o63m16020,2700.0,STIS/FUV-MAMA,GALAXY;SEYFERT,8606,3,*Seyfert*
NGC985,38.65716666667,-8.787694444444,1140.0,1740.0,o4ec11030,928.0,STIS/FUV-MAMA,GALAXY;SEYFERT,7345,3,*Seyfert*
NGC3783,174.7570833333,-37.73861111111,1123.0,1710.0,o63m53020,2700.0,STIS/FUV-MAMA,GALAXY;SEYFERT,8606,3,*Seyfert*
NGC5548,214.4982083333,25.13675,1123.0,1710.0,o6kw04040,2700.0,STIS/FUV-MAMA,GALAXY;SEYFERT,9511,3,*Seyfert*
NGC4303-CORE,185.479048347,4.473902973459,1150.0,1730.0,o62i02050,2900.0,STIS/FUV-MAMA,GALAXY;SPIRAL;SEYFERT;STARBURST,8665,3,*Seyfert*
NGC3783,174.7570833333,-37.73861111111,1123.0,1710.0,o63m03010,2200.0,STIS/FUV-MAMA,GALAXY;SEYFERT,8606,3,*Seyfert*
NGC5548,214.4982083333,25.13675,1123.0,1710.0,o4ll010c0,2330.0,STIS/FUV-MAMA,GALAXY;SEYFERT,7572,3,*Seyfert*
1H0707-495,107.1728056073,-49.55188874161,1150.0,1730.0,o56j02060,1344.0,STIS/FUV-MAMA,GALAXY;SEYFERT,7360,3,*Seyfert*
AKN564,340.6639166667,29.72536111111,1150.0,1730.0,o5it01010,1201.0,STIS/FUV-MAMA,GALAXY;SEYFERT;BLR,8265,3,*Seyfert*
AKN564,340.6639166667,29.72536111111,1150.0,1730.0,o5it45010,1201.0,STIS/FUV-MAMA,GALAXY;SEYFERT;BLR,8265,3,*Seyfert*
NGC3783,174.7570833333,-37.73861111111,1123.0,1710.0,o63m53010,2242.0,STIS/FUV-MAMA,GALAXY;SEYFERT,8606,3,*Seyfert*
NGC3516,166.698125,72.56858333333,1150.0,1730.0,o4st01030,5340.197625,STIS/FUV-MAMA,GALAXY;SEYFERT,7355,3,*Seyfert*
NGC3516,166.698125,72.56858333333,1150.0,1730.0,o4st01010,4440.1975,STIS/FUV-MAMA,GALAXY;SEYFERT,7355,3,*Seyfert*
NGC-3147,154.2235454167,73.40075,1150.0,1730.0,oe3p01060,3195.17375,STIS/FUV-MAMA,GALAXY;SEYFERT,15908,3,*Seyfert*
MRK876,243.4881666667,65.71936111111,1123.0,1710.0,o8nn01030,3100.0,STIS/FUV-MAMA,GALAXY;SEYFERT,9754,3,*Seyfert*
MRK279,208.264,69.30830555556,1123.0,1710.0,o8k105030,2731.0,STIS/FUV-MAMA,GALAXY;SEYFERT,9688,3,*Seyfert*
NGC-4593,189.9143958333,-5.344172222222,1150.0,1730.0,ocuw18010,1234.0,STIS/FUV-MAMA,GALAXY;ACCRETION DISK;BLR;SEYFERT,14121,3,*Seyfert*
MRK509,311.0406666667,-10.72347222222,1123.0,1710.0,o6ap01010,2200.0,STIS/FUV-MAMA,GALAXY;SEYFERT,8877,3,*Seyfert*
NGC5548,214.4982083333,25.13675,1123.0,1710.0,o6jd02030,2700.0,STIS/FUV-MAMA,GALAXY;SEYFERT,9279,3,*Seyfert*
NGC4303-SB,185.477858467,4.473580151929,1150.0,1730.0,o62i03050,2900.0,STIS/FUV-MAMA,GALAXY;SPIRAL;SEYFERT;STARBURST,8665,3,*Seyfert*
1H0707-495,107.1727916667,-49.55161111111,1150.0,1730.0,o56j02050,1344.0,STIS/FUV-MAMA,GALAXY;SEYFERT,7360,3,*Seyfert*
NGC3783,174.7570833333,-37.73861111111,1123.0,1710.0,o57b01030,2700.0,STIS/FUV-MAMA,GALAXY;SEYFERT,8029,3,*Seyfert*
MRK-817,219.0920088931,58.79427489048,1150.0,1730.0,oede3o080,1500.0,STIS/FUV-MAMA,GALAXY;ACCRETION DISK;BLR;NUCLEUS;SEYFERT;WIND,16196,3,*Seyfert*
AKN564,340.6639166667,29.72536111111,1150.0,1730.0,o5it43010,1201.0,STIS/FUV-MAMA,GALAXY;SEYFERT;BLR,8265,3,*Seyfert*
AKN564,340.6639166667,29.72536111111,1150.0,1730.0,o5it34010,1201.0,STIS/FUV-MAMA,GALAXY;SEYFERT;BLR,8265,3,*Seyfert*
NGC4151,182.6360416667,39.40572222222,1123.0,1710.0,o61l01010,2080.0,STIS/FUV-MAMA,GALAXY;SEYFERT,8608,3,*Seyfert*
SBS1116+583A,169.7403786446,58.05663017795,1150.0,1730.0,oc1505050,1272.0,STIS/FUV-MAMA,GALAXY;BLR;SEYFERT,12922,3,*Seyfert*
MRK279,208.264,69.30830555556,1123.0,1710.0,o8k101010,2269.0,STIS/FUV-MAMA,GALAXY;SEYFERT,9688,3,*Seyfert*
IRAS13349+2438,204.328,24.38413888889,1150.0,1730.0,o8wp01030,2630.0,STIS/FUV-MAMA,GALAXY;SEYFERT,10088,3,*Seyfert*
NGC-4593,189.9143958333,-5.344172222222,1150.0,1730.0,ocuw05010,1234.0,STIS/FUV-MAMA,GALAXY;ACCRETION DISK;BLR;SEYFERT,14121,3,*Seyfert*
NGC3783,174.7570833333,-37.73861111111,1123.0,1710.0,o63m17020,2700.0,STIS/FUV-MAMA,GALAXY;SEYFERT,8606,3,*Seyfert*
NGC3783,174.7570833333,-37.73861111111,1123.0,1710.0,o63m12010,2200.0,STIS/FUV-MAMA,GALAXY;SEYFERT,8606,3,*Seyfert*
NGC4303-SB,185.478125,4.473527777778,1150.0,1730.0,o62i03020,2900.0,STIS/FUV-MAMA,GALAXY;SPIRAL;SEYFERT;STARBURST,8665,3,*Seyfert*
NGC-4593,189.9143958333,-5.344172222222,1150.0,1730.0,ocuw26010,1234.0,STIS/FUV-MAMA,GALAXY;ACCRETION DISK;BLR;SEYFERT,14121,3,*Seyfert*
MRK279,208.264,69.30830555556,1123.0,1710.0,o8k105010,2269.0,STIS/FUV-MAMA,GALAXY;SEYFERT,9688,3,*Seyfert*
MRK876,243.4881666667,65.71936111111,1123.0,1710.0,o8nn01050,3100.0,STIS/FUV-MAMA,GALAXY;SEYFERT,9754,3,*Seyfert*
MARK1044,37.52270833333,-8.998069444444,1150.0,1730.0,o8k401010,1200.0,STIS/FUV-MAMA,GALAXY;SEYFERT;NUCLEUS,9687,3,*Seyfert*
NGC-4151,182.6357315528,39.4058488519,1150.0,1730.0,ofj706010,1213.0,STIS/FUV-MAMA,GALAXY;SEYFERT,17892,3,*Seyfert*
NGC-4593,189.9143958333,-5.344172222222,1150.0,1730.0,ocuw10010,1234.0,STIS/FUV-MAMA,GALAXY;ACCRETION DISK;BLR;SEYFERT,14121,3,*Seyfert*
AKN564,340.6639166667,29.72536111111,1150.0,1730.0,o5it06010,1201.0,STIS/FUV-MAMA,GALAXY;SEYFERT;BLR,8265,3,*Seyfert*
AKN564,340.6639166667,29.72536111111,1150.0,1730.0,o5it11010,1201.0,STIS/FUV-MAMA,GALAXY;SEYFERT;BLR,8265,3,*Seyfert*
NGC4151,182.6360416667,39.40572222222,1123.0,1710.0,o61l01020,7365.0,STIS/FUV-MAMA,GALAXY;SEYFERT,8608,3,*Seyfert*
MRK279,208.2643138446,69.3081970449,1150.0,1730.0,oeoe25010,449.0,STIS/FUV-MAMA,GALAXY;BLR;SEYFERT,16705,3,*Seyfert*
NGC-4593,189.9143958333,-5.344172222222,1150.0,1730.0,ocuw13010,1234.0,STIS/FUV-MAMA,GALAXY;ACCRETION DISK;BLR;SEYFERT,14121,3,*Seyfert*
MRK279,208.264,69.30830555556,1123.0,1710.0,o8k103030,2731.0,STIS/FUV-MAMA,GALAXY;SEYFERT,9688,3,*Seyfert*
NGC5548,214.4982083333,25.13675,1123.0,1710.0,o6kw02010,2239.0,STIS/FUV-MAMA,GALAXY;SEYFERT,9511,3,*Seyfert*
TON-1542,188.0150754066,20.15824912357,1140.0,1740.0,o4ec07030,2906.0,STIS/FUV-MAMA,GALAXY;SEYFERT,7345,3,*Seyfert*
NGC985,38.65716666667,-8.787694444444,1140.0,1740.0,o4ec11040,2899.0,STIS/FUV-MAMA,GALAXY;SEYFERT,7345,3,*Seyfert*
IRAS13224-3809,201.3298713171,-38.41528253177,1150.0,1730.0,o56j01070,2760.0,STIS/FUV-MAMA,GALAXY;SEYFERT,7360,3,*Seyfert*
MS10473+35,162.54525,35.03377777778,1140.0,1740.0,o5ew08010,2347.0,STIS/FUV-MAMA,GALAXY;SEYFERT;LYMAN ALPHA CLOUD;HALO,8316,3,*Seyfert*
AKN564,340.6639166667,29.72536111111,1150.0,1730.0,o5it28010,1201.0,STIS/FUV-MAMA,GALAXY;SEYFERT;BLR,8265,3,*Seyfert*
MRK279,208.264,69.30830555556,1123.0,1710.0,o6jm01030,2731.0,STIS/FUV-MAMA,GALAXY;SEYFERT,9275,3,*Seyfert*
NGC5548,214.4982083333,25.13675,1123.0,1710.0,o6kw03030,2700.0,STIS/FUV-MAMA,GALAXY;SEYFERT,9511,3,*Seyfert*
NGC-4593,189.9143958333,-5.344172222222,1150.0,1730.0,ocuw23010,1234.0,STIS/FUV-MAMA,GALAXY;ACCRETION DISK;BLR;SEYFERT,14121,3,*Seyfert*
NGC-4593,189.9143958333,-5.344172222222,1150.0,1730.0,ocuw27010,1234.0,STIS/FUV-MAMA,GALAXY;ACCRETION DISK;BLR;SEYFERT,14121,3,*Seyfert*
NGC-4593,189.9143958333,-5.344172222222,1150.0,1730.0,ocuw03010,1234.0,STIS/FUV-MAMA,GALAXY;ACCRETION DISK;BLR;SEYFERT,14121,3,*Seyfert*
AT2020AFHD,48.39855295703,-2.151824221153,1150.0,1730.0,ofbk02020,540.018,STIS/FUV-MAMA,GALAXY;ACCRETION DISK;NUCLEUS;SEYFERT,17609,3,*Seyfert*
NGC3516,166.698125,72.56858333333,1150.0,1730.0,o4st01070,1680.199,STIS/FUV-MAMA,GALAXY;SEYFERT,7355,3,*Seyfert*
MRK-50,185.8505891667,2.679,1150.0,1730.0,oc1502060,1312.0,STIS/FUV-MAMA,GALAXY;BLR;SEYFERT,12922,3,*Seyfert*
NGC3783,174.7570833333,-37.73861111111,1123.0,1710.0,o63m15020,2700.0,STIS/FUV-MAMA,GALAXY;SEYFERT,8606,3,*Seyfert*
NGC3783,174.7570833333,-37.73861111111,1123.0,1710.0,o63m12020,2700.0,STIS/FUV-MAMA,GALAXY;SEYFERT,8606,3,*Seyfert*
NGC7469,345.8150833333,8.873777777778,1123.0,1710.0,o8n502010,1940.0,STIS/FUV-MAMA,GALAXY;SEYFERT,9802,3,*Seyfert*
MRK335,1.581333333333,20.20286111111,1123.0,1710.0,o8n505030,2875.0,STIS/FUV-MAMA,GALAXY;SEYFERT,9802,3,*Seyfert*
MRK279,208.264,69.30830555556,1123.0,1710.0,o8k101020,2731.0,STIS/FUV-MAMA,GALAXY;SEYFERT,9688,3,*Seyfert*
NGC7469,345.8150833333,8.873777777778,1123.0,1710.0,o6bn01010,2233.0,STIS/FUV-MAMA,GALAXY;SEYFERT,9095,3,*Seyfert*
NGC-3147,154.2235454167,73.40075,1150.0,1730.0,oe3p01050,3195.197375,STIS/FUV-MAMA,GALAXY;SEYFERT,15908,3,*Seyfert*
NGC-4593,189.9143958333,-5.344172222222,1150.0,1730.0,ocuw04010,1234.0,STIS/FUV-MAMA,GALAXY;ACCRETION DISK;BLR;SEYFERT,14121,3,*Seyfert*
NGC-4593,189.9143958333,-5.344172222222,1150.0,1730.0,ocuw22010,1234.0,STIS/FUV-MAMA,GALAXY;ACCRETION DISK;BLR;SEYFERT,14121,3,*Seyfert*
NGC3783,174.7570833333,-37.73861111111,1123.0,1710.0,o63m01010,2200.0,STIS/FUV-MAMA,GALAXY;SEYFERT,8606,3,*Seyfert*
NGC-4593,189.9143958333,-5.344172222222,1150.0,1730.0,ocuw14010,1234.0,STIS/FUV-MAMA,GALAXY;ACCRETION DISK;BLR;SEYFERT,14121,3,*Seyfert*
AKN564,340.6639166667,29.72536111111,1150.0,1730.0,o5it02010,1201.0,STIS/FUV-MAMA,GALAXY;SEYFERT;BLR,8265,3,*Seyfert*
NGC5548,214.4982083333,25.13675,1123.0,1710.0,o6kw02020,2700.0,STIS/FUV-MAMA,GALAXY;SEYFERT,9511,3,*Seyfert*
MRK279,208.264,69.30830555556,1123.0,1710.0,o8k103040,2731.0,STIS/FUV-MAMA,GALAXY;SEYFERT,9688,3,*Seyfert*
AKN564,340.6639166667,29.72536111111,1150.0,1730.0,o5it40010,1201.0,STIS/FUV-MAMA,GALAXY;SEYFERT;BLR,8265,3,*Seyfert*
MRK3,93.90166666667,71.0375,1150.0,1730.0,o5ks01050,3238.0,STIS/FUV-MAMA,GALAXY;SEYFERT,8480,3,*Seyfert*
MRK-1310,180.309756396,-3.678060904633,1150.0,1730.0,oc1503070,1312.0,STIS/FUV-MAMA,GALAXY;BLR;SEYFERT,12922,3,*Seyfert*
NGC3516,166.698125,72.56858333333,1150.0,1730.0,o4st01050,5340.19875,STIS/FUV-MAMA,GALAXY;SEYFERT,7355,3,*Seyfert*
NGC-4593,189.9143958333,-5.344172222222,1150.0,1730.0,ocuw11010,1234.0,STIS/FUV-MAMA,GALAXY;ACCRETION DISK;BLR;SEYFERT,14121,3,*Seyfert*
NGC-4593,189.9143958333,-5.344172222222,1150.0,1730.0,ocuw19010,1234.0,STIS/FUV-MAMA,GALAXY;ACCRETION DISK;BLR;SEYFERT,14121,3,*Seyfert*
NGC3783,174.7570833333,-37.73861111111,1123.0,1710.0,o63m11020,2700.0,STIS/FUV-MAMA,GALAXY;SEYFERT,8606,3,*Seyfert*
F01004-2237,15.70837,-22.36588888889,1150.0,1730.0,oeuu02040,727.182125,STIS/FUV-MAMA,GALAXY;ACCRETION DISK;NUCLEUS;SEYFERT,16943,3,*Seyfert*
MRK876,243.4881666667,65.71936111111,1123.0,1710.0,o8nn02050,3100.0,STIS/FUV-MAMA,GALAXY;SEYFERT,9754,3,*Seyfert*
MRK279,208.264,69.30830555556,1123.0,1710.0,o8k103010,2269.0,STIS/FUV-MAMA,GALAXY;SEYFERT,9688,3,*Seyfert*
NGC5548,214.4982083333,25.13675,1123.0,1710.0,o6kw01010,2239.0,STIS/FUV-MAMA,GALAXY;SEYFERT,9511,3,*Seyfert*
NGC1097,41.57879166667,-30.27465833333,1150.0,1730.0,o65306030,2947.0,STIS/FUV-MAMA,GALAXY;LINER;SEYFERT,8684,3,*Seyfert*
MRK279,208.2643138546,69.30819704643,1150.0,1730.0,oeoe01010,449.0,STIS/FUV-MAMA,GALAXY;BLR;SEYFERT,16705,3,*Seyfert*
AKN564,340.6639166667,29.72536111111,1150.0,1730.0,o5it41010,1201.0,STIS/FUV-MAMA,GALAXY;SEYFERT;BLR,8265,3,*Seyfert*
NGC7469,345.8150833333,8.873777777778,1123.0,1710.0,o8n501010,1940.0,STIS/FUV-MAMA,GALAXY;SEYFERT,9802,3,*Seyfert*
MRK279,208.264,69.30830555556,1123.0,1710.0,o8k104030,2731.0,STIS/FUV-MAMA,GALAXY;SEYFERT,9688,3,*Seyfert*
NGC5548,214.4982083333,25.13675,1123.0,1710.0,o6kw04020,2700.0,STIS/FUV-MAMA,GALAXY;SEYFERT,9511,3,*Seyfert*
NGC5548,214.4982083333,25.13675,1123.0,1710.0,o6jd01030,2700.0,STIS/FUV-MAMA,GALAXY;SEYFERT,9279,3,*Seyfert*
NGC-4151,182.6357315538,39.40584884877,1150.0,1730.0,ofj702010,1213.0,STIS/FUV-MAMA,GALAXY;SEYFERT,17892,3,*Seyfert*
NGC-4151,182.6357315526,39.40584885246,1150.0,1730.0,ofj707010,1213.0,STIS/FUV-MAMA,GALAXY;SEYFERT,17892,3,*Seyfert*
TON-1542,188.0150754066,20.15824912357,1140.0,1740.0,o4ec07020,2906.0,STIS/FUV-MAMA,GALAXY;SEYFERT,7345,3,*Seyfert*
NGC-4593,189.9143958333,-5.344172222222,1150.0,1730.0,ocuw12010,1234.0,STIS/FUV-MAMA,GALAXY;ACCRETION DISK;BLR;SEYFERT,14121,3,*Seyfert*
NGC-4593,189.9143958333,-5.344172222222,1150.0,1730.0,ocuw09010,1234.0,STIS/FUV-MAMA,GALAXY;ACCRETION DISK;BLR;SEYFERT,14121,3,*Seyfert*
NGC4593,189.914,-5.344166666667,1123.0,1710.0,o5l501040,2899.0,STIS/FUV-MAMA,GALAXY;SEYFERT;BLR;SPIRAL,8481,3,*Seyfert*
NGC-4593,189.9143958333,-5.344172222222,1150.0,1730.0,ocuw25010,1234.0,STIS/FUV-MAMA,GALAXY;ACCRETION DISK;BLR;SEYFERT,14121,3,*Seyfert*
MRK279,208.2643137637,69.30819703249,1150.0,1730.0,oeoe52010,449.0,STIS/FUV-MAMA,GALAXY;BLR;SEYFERT,16705,3,*Seyfert*
MRK-817,219.0920089035,58.79427488253,1150.0,1730.0,oede4b080,1500.0,STIS/FUV-MAMA,GALAXY;ACCRETION DISK;BLR;NUCLEUS;SEYFERT;WIND,16196,3,*Seyfert*
NGC7469,345.8150833333,8.873777777778,1123.0,1710.0,o6bn01020,2695.0,STIS/FUV-MAMA,GALAXY;SEYFERT,9095,3,*Seyfert*
1H0707-495,107.1728334891,-49.55244400262,1150.0,1730.0,o56j02080,1344.0,STIS/FUV-MAMA,GALAXY;SEYFERT,7360,3,*Seyfert*
MS0335.4-2618,54.391125,-26.15619444444,1140.0,1740.0,o8ei02020,2923.0,STIS/FUV-MAMA,GALAXY;SEYFERT,9378,3,*Seyfert*
AKN564,340.6639166667,29.72536111111,1150.0,1730.0,o5it14010,1201.0,STIS/FUV-MAMA,GALAXY;SEYFERT;BLR,8265,3,*Seyfert*
AKN564,340.6639166667,29.72536111111,1123.0,1710.0,o5it05040,2700.0,STIS/FUV-MAMA,GALAXY;SEYFERT;BLR,8265,3,*Seyfert*
NGC4151-OFFSET,182.6355075,39.40574055556,1150.0,1730.0,o42354040,2820.0,STIS/FUV-MAMA,GALAXY;SEYFERT;NLR,7569,3,*Seyfert*
6DFGS-GJ011908.7-341131,19.786,-34.19179722222,1150.0,1730.0,odrx01020,2948.0,STIS/FUV-MAMA,GALAXY;BLR;NUCLEUS;SEYFERT,15442,3,*Seyfert*
ARP-151,171.4007,54.3825,1150.0,1730.0,oc1501040,1266.0,STIS/FUV-MAMA,GALAXY;BLR;SEYFERT,12922,3,*Seyfert*
ARP-151,171.4006290975,54.38250557837,1150.0,1730.0,oc1501050,1268.0,STIS/FUV-MAMA,GALAXY;BLR;SEYFERT,12922,3,*Seyfert*
ES438-G009,167.7000416667,-28.50102777778,1140.0,1740.0,o5ew06010,2321.0,STIS/FUV-MAMA,GALAXY;SEYFERT;LYMAN ALPHA CLOUD;HALO,8316,3,*Seyfert*
ES438-G009,167.7000480117,-28.50104785104,1140.0,1740.0,o5ew06040,2923.0,STIS/FUV-MAMA,GALAXY;SEYFERT;LYMAN ALPHA CLOUD;HALO,8316,3,*Seyfert*
NGC4051,180.79,44.53133333333,1123.0,1710.0,o5f001020,2700.0,STIS/FUV-MAMA,GALAXY;SEYFERT,8321,3,*Seyfert*
MS0335.4-2618,54.391125,-26.15619444444,1140.0,1740.0,o8ei02010,1900.0,STIS/FUV-MAMA,GALAXY;SEYFERT,9378,3,*Seyfert*
NGC5548,214.4982083333,25.13675,1123.0,1710.0,o6kw03020,2700.0,STIS/FUV-MAMA,GALAXY;SEYFERT,9511,3,*Seyfert*
MRK279,208.264,69.30830555556,1123.0,1710.0,o8k102010,2269.0,STIS/FUV-MAMA,GALAXY;SEYFERT,9688,3,*Seyfert*
MRK279,208.264,69.30830555556,1123.0,1710.0,o8k102030,2731.0,STIS/FUV-MAMA,GALAXY;SEYFERT,9688,3,*Seyfert*
MRK279,208.264,69.30830555556,1123.0,1710.0,o8k101030,2731.0,STIS/FUV-MAMA,GALAXY;SEYFERT,9688,3,*Seyfert*
NGC4151-OFFSET,182.6355075,39.40574055556,1150.0,1730.0,o42354050,2935.0,STIS/FUV-MAMA,GALAXY;SEYFERT;NLR,7569,3,*Seyfert*
1H0707-495,107.1728195482,-49.55216637212,1150.0,1730.0,o56j02070,1344.0,STIS/FUV-MAMA,GALAXY;SEYFERT,7360,3,*Seyfert*
NGC5548,214.4982083333,25.13675,1123.0,1710.0,o6jd01010,2239.0,STIS/FUV-MAMA,GALAXY;SEYFERT,9279,3,*Seyfert*
NGC7469,345.8150833333,8.873777777778,1123.0,1710.0,o6bn01030,2695.0,STIS/FUV-MAMA,GALAXY;SEYFERT,9095,3,*Seyfert*
NGC3783,174.7570833333,-37.73861111111,1123.0,1710.0,o63m09010,2200.0,STIS/FUV-MAMA,GALAXY;SEYFERT,8606,3,*Seyfert*
MRK279,208.264,69.30830555556,1123.0,1710.0,o8k102020,2731.0,STIS/FUV-MAMA,GALAXY;SEYFERT,9688,3,*Seyfert*
87GB163624.4+713451,248.96675,71.48163055556,1150.0,1730.0,o6my65010,720.0,STIS/FUV-MAMA,GALAXY;SEYFERT,9506,3,*Seyfert*
NGC5548,214.4982083333,25.13675,1123.0,1710.0,o6kw04030,2700.0,STIS/FUV-MAMA,GALAXY;SEYFERT,9511,3,*Seyfert*
NGC5548,214.4982083333,25.13675,1123.0,1710.0,o6jd01020,2700.0,STIS/FUV-MAMA,GALAXY;SEYFERT,9279,3,*Seyfert*
NGC3516,166.698125,72.56858333333,1150.0,1730.0,o4st01020,5340.199375,STIS/FUV-MAMA,GALAXY;SEYFERT,7355,3,*Seyfert*
MRK509,311.0406666667,-10.72347222222,1123.0,1710.0,o6ap01020,2700.0,STIS/FUV-MAMA,GALAXY;SEYFERT,8877,3,*Seyfert*
NGC4151,182.6355,39.40576666667,1150.0,1730.0,o59702010,2220.0,STIS/FUV-MAMA,GALAXY;SEYFERT,8136,3,*Seyfert*
MRK-493,239.7902026028,35.02972990931,1150.0,1730.0,od5u03040,3017.0,STIS/FUV-MAMA,GALAXY;BLR;NLR;NUCLEUS;SEYFERT,14744,3,*Seyfert*
NGC-4593,189.9143958333,-5.344172222222,1150.0,1730.0,ocuw08010,1234.0,STIS/FUV-MAMA,GALAXY;ACCRETION DISK;BLR;SEYFERT,14121,3,*Seyfert*
AKN564,340.6639166667,29.72536111111,1150.0,1730.0,o5it36010,1201.0,STIS/FUV-MAMA,GALAXY;SEYFERT;BLR,8265,3,*Seyfert*
AKN564,340.6639166667,29.72536111111,1123.0,1710.0,o5it05020,2700.0,STIS/FUV-MAMA,GALAXY;SEYFERT;BLR,8265,3,*Seyfert*
MRK766,184.6105,29.81288888889,1150.0,1730.0,o5l502030,2925.0,STIS/FUV-MAMA,GALAXY;SEYFERT;BLR;SPIRAL,8481,3,*Seyfert*
NGC3783,174.7570833333,-37.73861111111,1123.0,1710.0,o63m08010,2200.0,STIS/FUV-MAMA,GALAXY;SEYFERT,8606,3,*Seyfert*
NGC1097,41.57879166667,-30.27465833333,1150.0,1730.0,o65306010,2408.0,STIS/FUV-MAMA,GALAXY;LINER;SEYFERT,8684,3,*Seyfert*
F01004-2237,15.70848367409,-22.36568275782,1150.0,1730.0,oeuu02030,528.01475,STIS/FUV-MAMA,GALAXY;ACCRETION DISK;NUCLEUS;SEYFERT,16943,3,*Seyfert*
MRK-493,239.7902758676,35.02978774756,1150.0,1730.0,od5u03020,3017.0,STIS/FUV-MAMA,GALAXY;BLR;NLR;NUCLEUS;SEYFERT,14744,3,*Seyfert*
NGC-6814,295.6690666667,-10.32375,1150.0,1730.0,oc1504060,1424.0,STIS/FUV-MAMA,GALAXY;BLR;SEYFERT,12922,3,*Seyfert*
NGC7469,345.8150833333,8.873777777778,1123.0,1710.0,o8n502020,2290.0,STIS/FUV-MAMA,GALAXY;SEYFERT,9802,3,*Seyfert*
NGC7469,345.8150833333,8.873777777778,1123.0,1710.0,o6bn01040,2695.0,STIS/FUV-MAMA,GALAXY;SEYFERT,9095,3,*Seyfert*
MS10473+35,162.5452335265,35.03377446787,1140.0,1740.0,o5ew08030,2977.0,STIS/FUV-MAMA,GALAXY;SEYFERT;LYMAN ALPHA CLOUD;HALO,8316,3,*Seyfert*
NGC5548,214.4982083333,25.13675,1123.0,1710.0,o6kw01020,2700.0,STIS/FUV-MAMA,GALAXY;SEYFERT,9511,3,*Seyfert*
MRK876,243.4881666667,65.71936111111,1123.0,1710.0,o8nn01010,2200.0,STIS/FUV-MAMA,GALAXY;SEYFERT,9754,3,*Seyfert*
MRK335,1.581333333333,20.20286111111,1123.0,1710.0,o8n505010,1945.0,STIS/FUV-MAMA,GALAXY;SEYFERT,9802,3,*Seyfert*
NGC4151,182.6355,39.40576666667,1123.0,1710.0,o5kt02010,2200.0,STIS/FUV-MAMA,GALAXY;SEYFERT,8473,3,*Seyfert*
SBS1116+583A,169.7404166667,58.05666666667,1150.0,1730.0,oc1505040,1170.0,STIS/FUV-MAMA,GALAXY;BLR;SEYFERT,12922,3,*Seyfert*
MRK279,208.264,69.30830555556,1123.0,1710.0,o6jm01020,2731.0,STIS/FUV-MAMA,GALAXY;SEYFERT,9275,3,*Seyfert*
AKN564,340.6639166667,29.72536111111,1150.0,1730.0,o5it27010,1201.0,STIS/FUV-MAMA,GALAXY;SEYFERT;BLR,8265,3,*Seyfert*
NGC3783,174.7570833333,-37.73861111111,1123.0,1710.0,o63m08020,2700.0,STIS/FUV-MAMA,GALAXY;SEYFERT,8606,3,*Seyfert*
F01004-2237,15.70842683709,-22.36578582336,1150.0,1730.0,oeuu02020,528.001875,STIS/FUV-MAMA,GALAXY;ACCRETION DISK;NUCLEUS;SEYFERT,16943,3,*Seyfert*
MRK-509,311.0406425021,-10.72355376762,1150.0,1730.0,odjh01020,736.0,STIS/FUV-MAMA,GALAXY;ACCRETION DISK;BLR;NLR;NUCLEUS;SEYFERT,15124,3,*Seyfert*
NGC-4593,189.9143958333,-5.344172222222,1150.0,1730.0,ocuw02010,1234.0,STIS/FUV-MAMA,GALAXY;ACCRETION DISK;BLR;SEYFERT,14121,3,*Seyfert*
ZW229-015,286.3580333333,42.46106666667,1150.0,1730.0,oc1506040,1464.0,STIS/FUV-MAMA,GALAXY;BLR;SEYFERT,12922,3,*Seyfert*
NGC5548,214.4982083333,25.13675,1123.0,1710.0,o6kw01040,2700.0,STIS/FUV-MAMA,GALAXY;SEYFERT,9511,3,*Seyfert*
MRK-50,185.850628163,2.67901478932,1150.0,1730.0,oc1502070,1312.0,STIS/FUV-MAMA,GALAXY;BLR;SEYFERT,12922,3,*Seyfert*
SBS1116+583A,169.7403406225,58.05659368922,1150.0,1730.0,oc1505060,1272.0,STIS/FUV-MAMA,GALAXY;BLR;SEYFERT,12922,3,*Seyfert*
ZW229-015,286.3579832942,42.46108598883,1150.0,1730.0,oc1506050,1419.0,STIS/FUV-MAMA,GALAXY;BLR;SEYFERT,12922,3,*Seyfert*
AKN564,340.6639166667,29.72536111111,1150.0,1730.0,o5it10010,1201.0,STIS/FUV-MAMA,GALAXY;SEYFERT;BLR,8265,3,*Seyfert*
MRK-493,239.7901659704,35.02970099016,1150.0,1730.0,od5u03050,3017.0,STIS/FUV-MAMA,GALAXY;BLR;NLR;NUCLEUS;SEYFERT,14744,3,*Seyfert*
MRK335,1.581333333333,20.20286111111,1123.0,1710.0,o8n505040,2875.0,STIS/FUV-MAMA,GALAXY;SEYFERT,9802,3,*Seyfert*
MRK279,208.2643137641,69.30819703254,1150.0,1730.0,oeoe51cdq,600.0,STIS/FUV-MAMA,GALAXY;BLR;SEYFERT,16705,2,*Seyfert*
MRK279,208.2643137625,69.30819703229,1150.0,1730.0,oeoe55nnq,600.0,STIS/FUV-MAMA,GALAXY;BLR;SEYFERT,16705,2,*Seyfert*
MRK279,208.2643137649,69.30819703267,1150.0,1730.0,oeoe49rtq,600.0,STIS/FUV-MAMA,GALAXY;BLR;SEYFERT,16705,2,*Seyfert*
MRK279,208.2643137633,69.30819703242,1150.0,1730.0,oeoe53eqq,600.0,STIS/FUV-MAMA,GALAXY;BLR;SEYFERT,16705,2,*Seyfert*
MRK279,208.2643137654,69.30819703274,1150.0,1730.0,oeoe48leq,600.0,STIS/FUV-MAMA,GALAXY;BLR;SEYFERT,16705,2,*Seyfert*
MRK279,208.2643137629,69.30819703236,1150.0,1730.0,oeoe54ibq,600.0,STIS/FUV-MAMA,GALAXY;BLR;SEYFERT,16705,2,*Seyfert*
MRK279,208.2643138355,69.3081970435,1150.0,1730.0,oeoe47gwq,380.0,STIS/FUV-MAMA,GALAXY;BLR;SEYFERT,16705,2,*Seyfert*
MRK279,208.264313762,69.30819703223,1150.0,1730.0,oeoe56siq,505.0,STIS/FUV-MAMA,GALAXY;BLR;SEYFERT,16705,2,*Seyfert*
MRK279,208.2643138362,69.30819704361,1150.0,1730.0,oeoe45y6q,570.0,STIS/FUV-MAMA,GALAXY;BLR;SEYFERT,16705,2,*Seyfert*
MRK279,208.2643138375,69.3081970438,1150.0,1730.0,oeoe42gyq,600.0,STIS/FUV-MAMA,GALAXY;BLR;SEYFERT,16705,2,*Seyfert*
MRK279,208.2643138367,69.30819704369,1150.0,1730.0,oeoe44s9q,600.0,STIS/FUV-MAMA,GALAXY;BLR;SEYFERT,16705,2,*Seyfert*
MRK279,208.2643138396,69.30819704413,1150.0,1730.0,oeoe37xuq,600.0,STIS/FUV-MAMA,GALAXY;BLR;SEYFERT,16705,2,*Seyfert*
MRK279,208.2643138384,69.30819704395,1150.0,1730.0,oeoe40t3q,600.0,STIS/FUV-MAMA,GALAXY;BLR;SEYFERT,16705,2,*Seyfert*
MRK279,208.2643138391,69.30819704406,1150.0,1730.0,oeoe38k1q,600.0,STIS/FUV-MAMA,GALAXY;BLR;SEYFERT,16705,2,*Seyfert*
MRK279,208.2643138378,69.30819704386,1150.0,1730.0,oeoe41cxq,600.0,STIS/FUV-MAMA,GALAXY;BLR;SEYFERT,16705,2,*Seyfert*
MRK279,208.2643138399,69.30819704418,1150.0,1730.0,oeoe36tyq,600.0,STIS/FUV-MAMA,GALAXY;BLR;SEYFERT,16705,2,*Seyfert*
MRK279,208.2643138404,69.30819704425,1150.0,1730.0,oeoe35leq,600.0,STIS/FUV-MAMA,GALAXY;BLR;SEYFERT,16705,2,*Seyfert*
MRK279,208.2643138412,69.30819704438,1150.0,1730.0,oeoe33ipq,600.0,STIS/FUV-MAMA,GALAXY;BLR;SEYFERT,16705,2,*Seyfert*
MRK279,208.2643138409,69.30819704433,1150.0,1730.0,oeoe34cfq,600.0,STIS/FUV-MAMA,GALAXY;BLR;SEYFERT,16705,2,*Seyfert*
MRK279,208.2643138426,69.30819704459,1150.0,1730.0,oeoe30qfq,600.0,STIS/FUV-MAMA,GALAXY;BLR;SEYFERT,16705,2,*Seyfert*
MRK279,208.2643138422,69.30819704453,1150.0,1730.0,oeoe31v7q,600.0,STIS/FUV-MAMA,GALAXY;BLR;SEYFERT,16705,2,*Seyfert*
MRK279,208.2643138429,69.30819704465,1150.0,1730.0,oeoe29m6q,600.0,STIS/FUV-MAMA,GALAXY;BLR;SEYFERT,16705,2,*Seyfert*
MRK279,208.2643138433,69.3081970447,1150.0,1730.0,oeoe28ieq,600.0,STIS/FUV-MAMA,GALAXY;BLR;SEYFERT,16705,2,*Seyfert*
MRK279,208.2643138417,69.30819704446,1150.0,1730.0,oeoe32bcq,600.0,STIS/FUV-MAMA,GALAXY;BLR;SEYFERT,16705,2,*Seyfert*
MRK279,208.2643138438,69.30819704478,1150.0,1730.0,oeoe27ceq,600.0,STIS/FUV-MAMA,GALAXY;BLR;SEYFERT,16705,2,*Seyfert*
MRK279,208.2643138442,69.30819704485,1150.0,1730.0,oeoe26ppq,600.0,STIS/FUV-MAMA,GALAXY;BLR;SEYFERT,16705,2,*Seyfert*
MRK279,208.2643138467,69.30819704522,1150.0,1730.0,oeoe20faq,600.0,STIS/FUV-MAMA,GALAXY;BLR;SEYFERT,16705,2,*Seyfert*
MRK279,208.264313845,69.30819704496,1150.0,1730.0,oeoe24d6q,600.0,STIS/FUV-MAMA,GALAXY;BLR;SEYFERT,16705,2,*Seyfert*
MRK279,208.2643138459,69.3081970451,1150.0,1730.0,oeoe22q1q,600.0,STIS/FUV-MAMA,GALAXY;BLR;SEYFERT,16705,2,*Seyfert*
MRK279,208.2643138455,69.30819704504,1150.0,1730.0,oeoe23wpq,600.0,STIS/FUV-MAMA,GALAXY;BLR;SEYFERT,16705,2,*Seyfert*
MRK279,208.2643138463,69.30819704517,1150.0,1730.0,oeoe21ihq,600.0,STIS/FUV-MAMA,GALAXY;BLR;SEYFERT,16705,2,*Seyfert*
MRK279,208.2643138475,69.30819704534,1150.0,1730.0,oeoe18mqq,600.0,STIS/FUV-MAMA,GALAXY;BLR;SEYFERT,16705,2,*Seyfert*
MRK279,208.264313848,69.30819704542,1150.0,1730.0,oeoe17fqq,600.0,STIS/FUV-MAMA,GALAXY;BLR;SEYFERT,16705,2,*Seyfert*
MRK279,208.2643138484,69.30819704548,1150.0,1730.0,oeoe16bzq,600.0,STIS/FUV-MAMA,GALAXY;BLR;SEYFERT,16705,2,*Seyfert*
MRK279,208.2643138492,69.30819704561,1150.0,1730.0,oeoe14ptq,600.0,STIS/FUV-MAMA,GALAXY;BLR;SEYFERT,16705,2,*Seyfert*
MRK279,208.2643138487,69.30819704553,1150.0,1730.0,oeoe15xkq,600.0,STIS/FUV-MAMA,GALAXY;BLR;SEYFERT,16705,2,*Seyfert*
MRK279,208.2643138495,69.30819704566,1150.0,1730.0,oeoe13l0q,600.0,STIS/FUV-MAMA,GALAXY;BLR;SEYFERT,16705,2,*Seyfert*
MRK279,208.26431385,69.30819704572,1150.0,1730.0,oeoe12b2q,600.0,STIS/FUV-MAMA,GALAXY;BLR;SEYFERT,16705,2,*Seyfert*
MRK279,208.2643138504,69.30819704579,1150.0,1730.0,oeoe11jaq,600.0,STIS/FUV-MAMA,GALAXY;BLR;SEYFERT,16705,2,*Seyfert*
MRK279,208.2643138509,69.30819704587,1150.0,1730.0,oeoe10zrq,600.0,STIS/FUV-MAMA,GALAXY;BLR;SEYFERT,16705,2,*Seyfert*
MRK279,208.2643138514,69.30819704594,1150.0,1730.0,oeoe09uiq,600.0,STIS/FUV-MAMA,GALAXY;BLR;SEYFERT,16705,2,*Seyfert*
MRK279,208.2643138517,69.30819704599,1150.0,1730.0,oeoe08qmq,600.0,STIS/FUV-MAMA,GALAXY;BLR;SEYFERT,16705,2,*Seyfert*
MRK279,208.2643138521,69.30819704605,1150.0,1730.0,oeoe07l7q,600.0,STIS/FUV-MAMA,GALAXY;BLR;SEYFERT,16705,2,*Seyfert*
MRK279,208.2643138538,69.30819704631,1150.0,1730.0,oeoe03pjq,600.0,STIS/FUV-MAMA,GALAXY;BLR;SEYFERT,16705,2,*Seyfert*
MRK279,208.2643138542,69.30819704638,1150.0,1730.0,oeoe02j0q,600.0,STIS/FUV-MAMA,GALAXY;BLR;SEYFERT,16705,2,*Seyfert*
MRK279,208.2643138525,69.30819704611,1150.0,1730.0,oeoe06gqq,600.0,STIS/FUV-MAMA,GALAXY;BLR;SEYFERT,16705,2,*Seyfert*
NGC1068-SLIT-START,40.67062674093,-0.01255415849128,1150.0,1730.0,ofex02030,2577.0,STIS/FUV-MAMA,GALAXY;NLR;NUCLEUS;SEYFERT,17749,3,*Seyfert*
NGC1068-SLIT-START,40.67066825427,-0.01259107793922,1150.0,1730.0,ofex02010,2113.0,STIS/FUV-MAMA,GALAXY;NLR;NUCLEUS;SEYFERT,17749,3,*Seyfert*
NGC1068-SLIT-START,40.67066825361,-0.0125910787894,1150.0,1730.0,ofex02020,2597.0,STIS/FUV-MAMA,GALAXY;NLR;NUCLEUS;SEYFERT,17749,3,*Seyfert*
NGC1068-SLIT-START,40.6706267402,-0.01255415943344,1150.0,1730.0,ofex02040,2597.0,STIS/FUV-MAMA,GALAXY;NLR;NUCLEUS;SEYFERT,17749,3,*Seyfert*
NGC1068-SLIT-START,40.67058521926,-0.01251724965267,1150.0,1730.0,ofex03010,0.0,STIS/FUV-MAMA,GALAXY;NLR;NUCLEUS;SEYFERT,17749,3,*Seyfert*
NGC1068-SLIT-START,40.67054370513,-0.01248033115779,1150.0,1730.0,ofex03040,2597.0,STIS/FUV-MAMA,GALAXY;NLR;NUCLEUS;SEYFERT,17749,3,*Seyfert*
NGC1068-SLIT-START,40.67058521859,-0.01251725050476,1150.0,1730.0,ofex03020,2597.0,STIS/FUV-MAMA,GALAXY;NLR;NUCLEUS;SEYFERT,17749,3,*Seyfert*
NGC1068-SLIT-START,40.67054370588,-0.01248033021115,1150.0,1730.0,ofex03030,2577.0,STIS/FUV-MAMA,GALAXY;NLR;NUCLEUS;SEYFERT,17749,3,*Seyfert*
NGC1068-SLIT-START,40.66813597967,-0.01033893911054,1150.0,1730.0,ofex16010,0.0,STIS/FUV-MAMA,GALAXY;NLR;NUCLEUS;SEYFERT,17749,3,*Seyfert*
NGC1068-SLIT-START,40.66809446539,-0.01030202065375,1150.0,1730.0,ofex16040,2597.0,STIS/FUV-MAMA,GALAXY;NLR;NUCLEUS;SEYFERT,17749,3,*Seyfert*
NGC1068-SLIT-START,40.66813597895,-0.01033893997509,1150.0,1730.0,ofex16020,2597.0,STIS/FUV-MAMA,GALAXY;NLR;NUCLEUS;SEYFERT,17749,3,*Seyfert*
NGC1068-SLIT-START,40.6680944662,-0.01030201969427,1150.0,1730.0,ofex16030,2577.0,STIS/FUV-MAMA,GALAXY;NLR;NUCLEUS;SEYFERT,17749,3,*Seyfert*
NGC1068-SLIT-START,40.67075125564,-0.01266494890866,1150.0,1730.0,ofex01010,0.0,STIS/FUV-MAMA,GALAXY;NLR;NUCLEUS;SEYFERT,17749,3,*Seyfert*
NGC1068-SLIT-START,40.67075125495,-0.01266494976623,1150.0,1730.0,ofex01020,2597.0,STIS/FUV-MAMA,GALAXY;NLR;NUCLEUS;SEYFERT,17749,3,*Seyfert*
NGC1068-SLIT-START,40.67070974146,-0.01262803042809,1150.0,1730.0,ofex01040,2597.0,STIS/FUV-MAMA,GALAXY;NLR;NUCLEUS;SEYFERT,17749,3,*Seyfert*
NGC1068-SLIT-START,40.67070974223,-0.01262802947707,1150.0,1730.0,ofex01030,2577.0,STIS/FUV-MAMA,GALAXY;NLR;NUCLEUS;SEYFERT,17749,3,*Seyfert*
NGC1068-SLIT-START,40.66817747703,-0.01037587762468,1150.0,1730.0,ofex15040,2597.0,STIS/FUV-MAMA,GALAXY;NLR;NUCLEUS;SEYFERT,17749,3,*Seyfert*
NGC1068-SLIT-START,40.66821899136,-0.01041279606974,1150.0,1730.0,ofex15010,2113.0,STIS/FUV-MAMA,GALAXY;NLR;NUCLEUS;SEYFERT,17749,3,*Seyfert*
NGC1068-SLIT-START,40.66821899063,-0.01041279693766,1150.0,1730.0,ofex15020,2597.0,STIS/FUV-MAMA,GALAXY;NLR;NUCLEUS;SEYFERT,17749,3,*Seyfert*
NGC1068-SLIT-START,40.66817747785,-0.01037587666113,1150.0,1730.0,ofex15030,2577.0,STIS/FUV-MAMA,GALAXY;NLR;NUCLEUS;SEYFERT,17749,3,*Seyfert*
NGC1068-SLIT-START,40.6689038852,-0.01102205706087,1150.0,1730.0,ofex18010,0.0,STIS/FUV-MAMA,GALAXY;NLR;NUCLEUS;SEYFERT,17749,3,*Seyfert*
NGC1068-SLIT-START,40.6689038844,-0.01102205793806,1150.0,1730.0,ofex18020,2597.0,STIS/FUV-MAMA,GALAXY;NLR;NUCLEUS;SEYFERT,17749,3,*Seyfert*
NGC1068-SLIT-START,40.67029447968,-0.01225897805256,1150.0,1730.0,ofex06040,0.0,STIS/FUV-MAMA,GALAXY;NLR;NUCLEUS;SEYFERT,17749,3,*Seyfert*
NGC1068-SLIT-START,40.67033599354,-0.01229589730875,1150.0,1730.0,ofex06020,2597.0,STIS/FUV-MAMA,GALAXY;NLR;NUCLEUS;SEYFERT,17749,3,*Seyfert*
NGC1068-SLIT-START,40.67029448064,-0.01225897706081,1150.0,1730.0,ofex06030,2577.0,STIS/FUV-MAMA,GALAXY;NLR;NUCLEUS;SEYFERT,17749,3,*Seyfert*
NGC1068-SLIT-START,40.6703359944,-0.01229589641692,1150.0,1730.0,ofex06010,2113.0,STIS/FUV-MAMA,GALAXY;NLR;NUCLEUS;SEYFERT,17749,3,*Seyfert*
NGC1068-SLIT-START,40.6705020536,-0.01244356947835,1150.0,1730.0,ofex04010,2113.0,STIS/FUV-MAMA,GALAXY;NLR;NUCLEUS;SEYFERT,17749,3,*Seyfert*
NGC1068-SLIT-START,40.67046053986,-0.01240665012011,1150.0,1730.0,ofex04030,2577.0,STIS/FUV-MAMA,GALAXY;NLR;NUCLEUS;SEYFERT,17749,3,*Seyfert*
NGC1068-SLIT-START,40.67050205275,-0.01244357037055,1150.0,1730.0,ofex04020,2597.0,STIS/FUV-MAMA,GALAXY;NLR;NUCLEUS;SEYFERT,17749,3,*Seyfert*
NGC1068-SLIT-START,40.67046053891,-0.01240665110939,1150.0,1730.0,ofex04040,2597.0,STIS/FUV-MAMA,GALAXY;NLR;NUCLEUS;SEYFERT,17749,3,*Seyfert*
NGC1068-SLIT-START,40.66863389695,-0.01078223178064,1150.0,1730.0,ofex10010,2113.0,STIS/FUV-MAMA,GALAXY;NLR;NUCLEUS;SEYFERT,17749,3,*Seyfert*
NGC1068-SLIT-START,40.66863389598,-0.01078223269431,1150.0,1730.0,ofex10020,2597.0,STIS/FUV-MAMA,GALAXY;NLR;NUCLEUS;SEYFERT,17749,3,*Seyfert*
NGC1068-SLIT-START,40.66859238296,-0.01074531246478,1150.0,1730.0,ofex10030,0.0,STIS/FUV-MAMA,GALAXY;NLR;NUCLEUS;SEYFERT,17749,3,*Seyfert*
NGC1068-SLIT-START,40.66859238189,-0.01074531347516,1150.0,1730.0,ofex10040,2597.0,STIS/FUV-MAMA,GALAXY;NLR;NUCLEUS;SEYFERT,17749,3,*Seyfert*
NGC1068-SLIT-START,40.66855084158,-0.01070841863854,1150.0,1730.0,ofex11020,0.0,STIS/FUV-MAMA,GALAXY;NLR;NUCLEUS;SEYFERT,17749,3,*Seyfert*
NGC1068-SLIT-START,40.66850932853,-0.01067149841303,1150.0,1730.0,ofex11030,2577.0,STIS/FUV-MAMA,GALAXY;NLR;NUCLEUS;SEYFERT,17749,3,*Seyfert*
NGC1068-SLIT-START,40.66855084257,-0.01070841772139,1150.0,1730.0,ofex11010,2113.0,STIS/FUV-MAMA,GALAXY;NLR;NUCLEUS;SEYFERT,17749,3,*Seyfert*
NGC1068-SLIT-START,40.66850932742,-0.01067149942725,1150.0,1730.0,ofex11040,2597.0,STIS/FUV-MAMA,GALAXY;NLR;NUCLEUS;SEYFERT,17749,3,*Seyfert*
NGC5548,214.4982083333,25.13675,1605.0,3110.0,o4ll010a0,1905.0,STIS/NUV-MAMA,GALAXY;SEYFERT,7572,3,*Seyfert*
NGC1068-SEQ2,40.66959258292,-0.0133126843926,1570.0,3180.0,o56503060,1412.0,STIS/NUV-MAMA,GALAXY;SPIRAL;SEYFERT;NLR;JET,7353,3,*Seyfert*
NGC1068-SEQ2,40.66972454188,-0.01341449113701,1570.0,3180.0,o56503030,1440.0,STIS/NUV-MAMA,GALAXY;SPIRAL;SEYFERT;NLR;JET,7353,3,*Seyfert*
NGC1068-SEQ2,40.66963656924,-0.01334661997409,1570.0,3180.0,o56503050,1440.0,STIS/NUV-MAMA,GALAXY;SPIRAL;SEYFERT;NLR;JET,7353,3,*Seyfert*
IRAS13224-3809,201.3301023259,-38.41507182167,1570.0,3180.0,o56j01020,632.7043,STIS/NUV-MAMA,GALAXY;SEYFERT,7360,3,*Seyfert*
NGC1068-SEQ2,40.66968055556,-0.01338055555555,1570.0,3180.0,o56503040,1297.0,STIS/NUV-MAMA,GALAXY;SPIRAL;SEYFERT;NLR;JET,7353,3,*Seyfert*
MARK290,233.96875,57.90266666667,1605.0,3110.0,o5dy01020,8670.0,STIS/NUV-MAMA,GALAXY;SEYFERT;;ISM;HIGH VELOCITY CLOUD;INTERMEDIATE VELOCITY CLOUD,8150,3,*Seyfert*
NGC3516,166.698125,72.56858333333,1570.0,3180.0,o5g032t8q,300.0,STIS/NUV-MAMA,GALAXY;SEYFERT,8144,2,*Seyfert*
MRK290,233.9680416667,57.90263888889,1570.0,3180.0,o5g070tmq,300.0,STIS/NUV-MAMA,GALAXY;SEYFERT,8144,2,*Seyfert*
MRK506,260.6664166667,30.88125,1570.0,3180.0,o5g076ufq,300.0,STIS/NUV-MAMA,GALAXY;SEYFERT,8144,2,*Seyfert*
MRK304,334.3010416667,14.23922222222,1570.0,3180.0,o5g082aoq,300.0,STIS/NUV-MAMA,GALAXY;SEYFERT,8144,2,*Seyfert*
MRK463,209.0115,18.37177777778,1570.0,3180.0,o5g056dgq,300.0,STIS/NUV-MAMA,GALAXY;SEYFERT,8144,2,*Seyfert*
NGC3783,174.7569166667,-37.73883333333,1570.0,3180.0,o5g039lcq,300.0,STIS/NUV-MAMA,GALAXY;SEYFERT,8144,2,*Seyfert*
AKN564,340.6639166667,29.72536111111,1570.0,3180.0,o5it18020,520.0,STIS/NUV-MAMA,GALAXY;SEYFERT;BLR,8265,3,*Seyfert*
AKN564,340.6639166667,29.72536111111,1570.0,3180.0,o5it23020,520.0,STIS/NUV-MAMA,GALAXY;SEYFERT;BLR,8265,3,*Seyfert*
AKN564,340.6639166667,29.72536111111,1570.0,3180.0,o5it24020,520.0,STIS/NUV-MAMA,GALAXY;SEYFERT;BLR,8265,3,*Seyfert*
AKN564,340.6639166667,29.72536111111,1570.0,3180.0,o5it45020,520.0,STIS/NUV-MAMA,GALAXY;SEYFERT;BLR,8265,3,*Seyfert*
AKN564,340.6639166667,29.72536111111,1570.0,3180.0,o5it25020,520.0,STIS/NUV-MAMA,GALAXY;SEYFERT;BLR,8265,3,*Seyfert*
AKN564,340.6639166667,29.72536111111,1570.0,3180.0,o5it21020,520.0,STIS/NUV-MAMA,GALAXY;SEYFERT;BLR,8265,3,*Seyfert*
AKN564,340.6639166667,29.72536111111,1570.0,3180.0,o5it22020,520.0,STIS/NUV-MAMA,GALAXY;SEYFERT;BLR,8265,3,*Seyfert*
AKN564,340.6639166667,29.72536111111,1570.0,3180.0,o5it19020,520.0,STIS/NUV-MAMA,GALAXY;SEYFERT;BLR,8265,3,*Seyfert*
AKN564,340.6639166667,29.72536111111,1570.0,3180.0,o5it20020,520.0,STIS/NUV-MAMA,GALAXY;SEYFERT;BLR,8265,3,*Seyfert*
AKN564,340.6639166667,29.72536111111,1570.0,3180.0,o5it17020,520.0,STIS/NUV-MAMA,GALAXY;SEYFERT;BLR,8265,3,*Seyfert*
MRK279,208.2643138529,69.30819704617,1570.0,3180.0,oeoe05ahq,0.0,STIS/NUV-MAMA,GALAXY;BLR;SEYFERT,16705,1,*Seyfert*
MRK279,208.2643138534,69.30819704625,1570.0,3180.0,oeoe04vxq,0.0,STIS/NUV-MAMA,GALAXY;BLR;SEYFERT,16705,1,*Seyfert*
MRK279,208.2643138472,69.30819704529,1570.0,3180.0,oeoe19ruq,200.0,STIS/NUV-MAMA,GALAXY;BLR;SEYFERT,16705,2,*Seyfert*
MRK279,208.2643138359,69.30819704357,1570.0,3180.0,oeoe46b8q,200.0,STIS/NUV-MAMA,GALAXY;BLR;SEYFERT,16705,2,*Seyfert*
MRK-817,219.0920088273,58.79427491995,1570.0,3180.0,of0j15010,0.0,STIS/NUV-MAMA,GALAXY;ACCRETION DISK;BLR;NUCLEUS;SEYFERT;WIND,17105,3,*Seyfert*
NGC1068-OFFSET,40.66954166667,-0.01343333333333,1570.0,3180.0,o4wk010f0,2280.0,STIS/NUV-MAMA,GALAXY;SEYFERT;NLR,7573,3,*Seyfert*
NGC4151,182.6355,39.40576666667,1605.0,3110.0,o57801010,2304.0,STIS/NUV-MAMA,GALAXY;SEYFERT;NLR;BLR,8019,3,*Seyfert*
MRK-110,141.30363,52.28625,1570.0,3180.0,odqz03010,400.0,STIS/NUV-MAMA,GALAXY;ACCRETION DISK;BLR;NLR;NUCLEUS;SEYFERT,15413,3,*Seyfert*
AT2020AFHD,48.3986125,-2.151725,1570.0,3180.0,ofbk01010,544.0195,STIS/NUV-MAMA,GALAXY;ACCRETION DISK;NUCLEUS;SEYFERT,17609,3,*Seyfert*
AKN564,340.6639166667,29.72536111111,1570.0,3180.0,o5it02020,520.0,STIS/NUV-MAMA,GALAXY;SEYFERT;BLR,8265,3,*Seyfert*
AT2020AFHD,48.39855295703,-2.151824221153,1570.0,3180.0,ofbk01020,544.01875,STIS/NUV-MAMA,GALAXY;ACCRETION DISK;NUCLEUS;SEYFERT,17609,3,*Seyfert*
1H0707-495,107.1727916667,-49.55161111111,1570.0,3180.0,o56j02010,522.0,STIS/NUV-MAMA,GALAXY;SEYFERT,7360,3,*Seyfert*
MARK290,233.96875,57.90266666667,1605.0,3110.0,o5dy01010,2175.0,STIS/NUV-MAMA,GALAXY;SEYFERT;;ISM;HIGH VELOCITY CLOUD;INTERMEDIATE VELOCITY CLOUD,8150,3,*Seyfert*
MRK-817,219.092008878,58.79427490205,1570.0,3180.0,oedea6080,320.0,STIS/NUV-MAMA,GALAXY;ACCRETION DISK;BLR;NUCLEUS;SEYFERT;WIND,16196,3,*Seyfert*
NGC4151,182.6355,39.40576666667,1605.0,3110.0,o6jb01040,2700.0,STIS/NUV-MAMA,GALAXY;SEYFERT,9272,3,*Seyfert*
MRK-817,219.0920088867,58.79427489537,1570.0,3180.0,oedea5080,320.0,STIS/NUV-MAMA,GALAXY;ACCRETION DISK;BLR;NUCLEUS;SEYFERT;WIND,16196,3,*Seyfert*
ARP-151,171.4007,54.3825,1570.0,3180.0,oc1501070,1320.0,STIS/NUV-MAMA,GALAXY;BLR;SEYFERT,12922,3,*Seyfert*
6DFGS-GJ011908.7-341131,19.786,-34.19179722222,1570.0,3180.0,odrx01010,2340.0,STIS/NUV-MAMA,GALAXY;BLR;NUCLEUS;SEYFERT,15442,3,*Seyfert*
SBS0948+532,147.88236,52.99333333333,1570.0,3180.0,obqn11020,3195.0,STIS/NUV-MAMA,GALAXY;DWARF COMPACT;EMISSION LINE NEBULA;SEYFERT;STAR FORMING REGION;STARBURST,12472,3,*Seyfert*
AKN564,340.6639166667,29.72536111111,1570.0,3180.0,o5it03020,520.0,STIS/NUV-MAMA,GALAXY;SEYFERT;BLR,8265,3,*Seyfert*
NGC1097,41.57879166667,-30.27465833333,1570.0,3180.0,o65307020,2947.0,STIS/NUV-MAMA,GALAXY;LINER;SEYFERT,8684,3,*Seyfert*
MARK290,233.96875,57.90266666667,1605.0,3110.0,o5dy03010,2175.0,STIS/NUV-MAMA,GALAXY;SEYFERT;;ISM;HIGH VELOCITY CLOUD;INTERMEDIATE VELOCITY CLOUD,8150,3,*Seyfert*
ZW229-015,286.3580333333,42.46106666667,1570.0,3180.0,oc1506070,1471.0,STIS/NUV-MAMA,GALAXY;BLR;SEYFERT,12922,3,*Seyfert*
SDSSJ1430+2303,217.566875,23.06233333333,1570.0,3180.0,oeu604030,2737.19975,STIS/NUV-MAMA,GALAXY;SEYFERT,16926,3,*Seyfert*
MRK-279,208.2643120869,69.30816931709,1570.0,3180.0,oehb01050,400.0,STIS/NUV-MAMA,GALAXY;ACCRETION DISK;BLR;NLR;NUCLEUS;SEYFERT,16433,3,*Seyfert*
MRK-110,141.3036592675,52.28635965923,1570.0,3180.0,odqz02020,400.0,STIS/NUV-MAMA,GALAXY;ACCRETION DISK;BLR;NLR;NUCLEUS;SEYFERT,15413,3,*Seyfert*
AKN564,340.6639166667,29.72536111111,1570.0,3180.0,o5it28020,520.0,STIS/NUV-MAMA,GALAXY;SEYFERT;BLR,8265,3,*Seyfert*
MRK-493,239.7902392352,35.02975882844,1570.0,3180.0,od5u02030,3017.0,STIS/NUV-MAMA,GALAXY;BLR;NLR;NUCLEUS;SEYFERT,14744,3,*Seyfert*
AKN564,340.6639166667,29.72536111111,1570.0,3180.0,o5it34020,520.0,STIS/NUV-MAMA,GALAXY;SEYFERT;BLR,8265,3,*Seyfert*
MRK-817,219.0920089069,58.79427487992,1570.0,3180.0,oede4f090,660.0,STIS/NUV-MAMA,GALAXY;ACCRETION DISK;BLR;NUCLEUS;SEYFERT;WIND,16196,3,*Seyfert*
MRK-493,239.7903125,35.02981666667,1570.0,3180.0,od5u02010,2425.0,STIS/NUV-MAMA,GALAXY;BLR;NLR;NUCLEUS;SEYFERT,14744,3,*Seyfert*
AKN564,340.6639166667,29.72536111111,1570.0,3180.0,o5it44020,520.0,STIS/NUV-MAMA,GALAXY;SEYFERT;BLR,8265,3,*Seyfert*
AKN564,340.6639166667,29.72536111111,1570.0,3180.0,o5it40020,520.0,STIS/NUV-MAMA,GALAXY;SEYFERT;BLR,8265,3,*Seyfert*
AKN564,340.6639166667,29.72536111111,1570.0,3180.0,o5it04020,520.0,STIS/NUV-MAMA,GALAXY;SEYFERT;BLR,8265,3,*Seyfert*
F01004-2237,15.70844136457,-22.36579386401,1570.0,3180.0,oeuu01050,727.199,STIS/NUV-MAMA,GALAXY;ACCRETION DISK;NUCLEUS;SEYFERT,16943,3,*Seyfert*
AKN564,340.6639166667,29.72536111111,1570.0,3180.0,o5it13020,520.0,STIS/NUV-MAMA,GALAXY;SEYFERT;BLR,8265,3,*Seyfert*
NGC1097,41.57879166667,-30.27465833333,1570.0,3180.0,o65307030,2947.0,STIS/NUV-MAMA,GALAXY;LINER;SEYFERT,8684,3,*Seyfert*
MRK-1310,180.3097958333,-3.678047222222,1570.0,3180.0,oc1503040,628.0,STIS/NUV-MAMA,GALAXY;BLR;SEYFERT,12922,3,*Seyfert*
MRK-110,141.30363,52.28625,1570.0,3180.0,odqz01010,400.0,STIS/NUV-MAMA,GALAXY;ACCRETION DISK;BLR;NLR;NUCLEUS;SEYFERT,15413,3,*Seyfert*
F01004-2237,15.70851272905,-22.3656988391,1570.0,3180.0,oeuu01030,528.019875,STIS/NUV-MAMA,GALAXY;ACCRETION DISK;NUCLEUS;SEYFERT,16943,3,*Seyfert*
MARK290,233.96875,57.90266666667,1605.0,3110.0,o5dy02010,2175.0,STIS/NUV-MAMA,GALAXY;SEYFERT;;ISM;HIGH VELOCITY CLOUD;INTERMEDIATE VELOCITY CLOUD,8150,3,*Seyfert*
NGC4151,182.6355,39.40576666667,1605.0,3110.0,o6jb01050,2700.0,STIS/NUV-MAMA,GALAXY;SEYFERT,9272,3,*Seyfert*
MRK-110,141.3036592675,52.28635965923,1570.0,3180.0,odqz03020,400.0,STIS/NUV-MAMA,GALAXY;ACCRETION DISK;BLR;NLR;NUCLEUS;SEYFERT,15413,3,*Seyfert*
SDSSJ1430+2303,217.5668415316,23.06230526442,1570.0,3180.0,oeu604040,2737.198,STIS/NUV-MAMA,GALAXY;SEYFERT,16926,3,*Seyfert*
MARK290,233.96875,57.90266666667,1605.0,3110.0,o5dy03020,8670.0,STIS/NUV-MAMA,GALAXY;SEYFERT;;ISM;HIGH VELOCITY CLOUD;INTERMEDIATE VELOCITY CLOUD,8150,3,*Seyfert*
ARP-151,171.4006290975,54.38250557837,1570.0,3180.0,oc1501080,1319.0,STIS/NUV-MAMA,GALAXY;BLR;SEYFERT,12922,3,*Seyfert*
NGC4395,186.4540833333,33.5475,1605.0,3110.0,o6ks01010,2182.0,STIS/NUV-MAMA,GALAXY;SEYFERT,9362,3,*Seyfert*
NGC-7469,345.8153083333,8.873688888889,1570.0,3180.0,of9j01040,308.0,STIS/NUV-MAMA,GALAXY;ACCRETION DISK;BLR;SEYFERT,17523,3,*Seyfert*
F01004-2237,15.70851272905,-22.3656988391,1570.0,3180.0,oeuu01060,727.199125,STIS/NUV-MAMA,GALAXY;ACCRETION DISK;NUCLEUS;SEYFERT,16943,3,*Seyfert*
6DFGS-GJ011908.7-341131,19.786,-34.19179166667,1570.0,3180.0,ocm301010,2357.0,STIS/NUV-MAMA,GALAXY;BLR;NUCLEUS;SEYFERT,13815,3,*Seyfert*
AKN564,340.6639166667,29.72536111111,1570.0,3180.0,o5it41020,520.0,STIS/NUV-MAMA,GALAXY;SEYFERT;BLR,8265,3,*Seyfert*
AKN564,340.6639166667,29.72536111111,1570.0,3180.0,o5it32020,520.0,STIS/NUV-MAMA,GALAXY;SEYFERT;BLR,8265,3,*Seyfert*
1H0707-495,107.1728056073,-49.55188874161,1570.0,3180.0,o56j02020,558.0,STIS/NUV-MAMA,GALAXY;SEYFERT,7360,3,*Seyfert*
AKN564,340.6639166667,29.72536111111,1570.0,3180.0,o5it01020,520.0,STIS/NUV-MAMA,GALAXY;SEYFERT;BLR,8265,3,*Seyfert*
MRK-817,219.0920088931,58.79427489048,1570.0,3180.0,oede3o090,660.0,STIS/NUV-MAMA,GALAXY;ACCRETION DISK;BLR;NUCLEUS;SEYFERT;WIND,16196,3,*Seyfert*
F01004-2237,15.70844136457,-22.36579386401,1570.0,3180.0,oeuu01080,727.199625,STIS/NUV-MAMA,GALAXY;ACCRETION DISK;NUCLEUS;SEYFERT,16943,3,*Seyfert*
F01004-2237,15.70837,-22.36588888889,1570.0,3180.0,oeuu01040,727.1995,STIS/NUV-MAMA,GALAXY;ACCRETION DISK;NUCLEUS;SEYFERT,16943,3,*Seyfert*
AKN564,340.6639166667,29.72536111111,1570.0,3180.0,o5it06020,520.0,STIS/NUV-MAMA,GALAXY;SEYFERT;BLR,8265,3,*Seyfert*
AKN564,340.6639166667,29.72536111111,1570.0,3180.0,o5it12020,520.0,STIS/NUV-MAMA,GALAXY;SEYFERT;BLR,8265,3,*Seyfert*
AKN564,340.6639166667,29.72536111111,1570.0,3180.0,o5it15020,520.0,STIS/NUV-MAMA,GALAXY;SEYFERT;BLR,8265,3,*Seyfert*
IRAS13349+2438,204.328,24.38413888889,1570.0,3180.0,o8wp01040,2630.0,STIS/NUV-MAMA,GALAXY;SEYFERT,10088,3,*Seyfert*
AT2020AFHD,48.39849341405,-2.151923442304,1570.0,3180.0,ofbk01030,544.019625,STIS/NUV-MAMA,GALAXY;ACCRETION DISK;NUCLEUS;SEYFERT,17609,3,*Seyfert*
1H0707-495,107.1728195482,-49.55216637212,1570.0,3180.0,o56j02030,558.0,STIS/NUV-MAMA,GALAXY;SEYFERT,7360,3,*Seyfert*
TONS180,14.33370833333,-22.38227777778,1570.0,3180.0,o58p01020,720.0,STIS/NUV-MAMA,GALAXY;SEYFERT;NUCLEUS,8109,3,*Seyfert*
MRK279,208.2643137637,69.30819703249,1570.0,3180.0,oeoe52020,49.0,STIS/NUV-MAMA,GALAXY;BLR;SEYFERT,16705,3,*Seyfert*
NGC-7469,345.8153272418,8.873741209033,1570.0,3180.0,of9j01050,308.0,STIS/NUV-MAMA,GALAXY;ACCRETION DISK;BLR;SEYFERT,17523,3,*Seyfert*
ZW229-015,286.3579832942,42.46108598883,1570.0,3180.0,oc1506080,1471.0,STIS/NUV-MAMA,GALAXY;BLR;SEYFERT,12922,3,*Seyfert*
MRK279,208.2643137644,69.3081970326,1570.0,3180.0,oeoe50020,49.0,STIS/NUV-MAMA,GALAXY;BLR;SEYFERT,16705,3,*Seyfert*
NGC5548,214.4982083333,25.13675,1605.0,3110.0,o4ll010b0,2295.0,STIS/NUV-MAMA,GALAXY;SEYFERT,7572,3,*Seyfert*
AKN564,340.6639166667,29.72536111111,1570.0,3180.0,o5it09020,520.0,STIS/NUV-MAMA,GALAXY;SEYFERT;BLR,8265,3,*Seyfert*
NGC1097,41.57879166667,-30.27465833333,1570.0,3180.0,o65307010,2408.0,STIS/NUV-MAMA,GALAXY;LINER;SEYFERT,8684,3,*Seyfert*
MRK-1310,180.309756396,-3.678060904633,1570.0,3180.0,oc1503050,627.0,STIS/NUV-MAMA,GALAXY;BLR;SEYFERT,12922,3,*Seyfert*
MARK290,233.96875,57.90266666667,1605.0,3110.0,o5dy02020,8670.0,STIS/NUV-MAMA,GALAXY;SEYFERT;;ISM;HIGH VELOCITY CLOUD;INTERMEDIATE VELOCITY CLOUD,8150,3,*Seyfert*
MRK-493,239.7901659704,35.02970099016,1570.0,3180.0,od5u02050,3017.0,STIS/NUV-MAMA,GALAXY;BLR;NLR;NUCLEUS;SEYFERT,14744,3,*Seyfert*
AKN564,340.6639166667,29.72536111111,1570.0,3180.0,o5it35020,520.0,STIS/NUV-MAMA,GALAXY;SEYFERT;BLR,8265,3,*Seyfert*
IRAS13224-3809,201.3303333333,-38.41486111111,1570.0,3180.0,o56j01010,1155.0,STIS/NUV-MAMA,GALAXY;SEYFERT,7360,3,*Seyfert*
F01004-2237,15.70851272905,-22.3656988391,1570.0,3180.0,oeuu01090,727.1985,STIS/NUV-MAMA,GALAXY;ACCRETION DISK;NUCLEUS;SEYFERT,16943,3,*Seyfert*
F01004-2237,15.70837,-22.36588888889,1570.0,3180.0,oeuu01070,727.199125,STIS/NUV-MAMA,GALAXY;ACCRETION DISK;NUCLEUS;SEYFERT,16943,3,*Seyfert*
IRAS13224-3809,201.3296403069,-38.41549324142,1570.0,3180.0,o56j01040,1386.0,STIS/NUV-MAMA,GALAXY;SEYFERT,7360,3,*Seyfert*
AKN564,340.6639166667,29.72536111111,1570.0,3180.0,o5it07020,520.0,STIS/NUV-MAMA,GALAXY;SEYFERT;BLR,8265,3,*Seyfert*
AKN564,340.6639166667,29.72536111111,1570.0,3180.0,o5it10020,520.0,STIS/NUV-MAMA,GALAXY;SEYFERT;BLR,8265,3,*Seyfert*
MRK-50,185.8505891667,2.679,1570.0,3180.0,oc1502040,628.0,STIS/NUV-MAMA,GALAXY;BLR;SEYFERT,12922,3,*Seyfert*
SBS1116+583A,169.7404166667,58.05666666667,1570.0,3180.0,oc1505070,1324.0,STIS/NUV-MAMA,GALAXY;BLR;SEYFERT,12922,3,*Seyfert*
MRK-110,141.30363,52.28625,1570.0,3180.0,odqz02010,400.0,STIS/NUV-MAMA,GALAXY;ACCRETION DISK;BLR;NLR;NUCLEUS;SEYFERT,15413,3,*Seyfert*
MRK-493,239.7902758676,35.02978774756,1570.0,3180.0,od5u02020,3017.0,STIS/NUV-MAMA,GALAXY;BLR;NLR;NUCLEUS;SEYFERT,14744,3,*Seyfert*
AKN564,340.6639166667,29.72536111111,1570.0,3180.0,o5it39020,520.0,STIS/NUV-MAMA,GALAXY;SEYFERT;BLR,8265,3,*Seyfert*
NGC3516,166.6975,72.56861111111,1605.0,3110.0,o57b02010,2220.0,STIS/NUV-MAMA,GALAXY;SEYFERT,8029,3,*Seyfert*
NGC4151,182.6355,39.40576666667,1605.0,3110.0,o57801020,2632.0,STIS/NUV-MAMA,GALAXY;SEYFERT;NLR;BLR,8019,3,*Seyfert*
AKN564,340.6639166667,29.72536111111,1570.0,3180.0,o5it43020,520.0,STIS/NUV-MAMA,GALAXY;SEYFERT;BLR,8265,3,*Seyfert*
AKN564,340.6639166667,29.72536111111,1570.0,3180.0,o5it30020,520.0,STIS/NUV-MAMA,GALAXY;SEYFERT;BLR,8265,3,*Seyfert*
AKN564,340.6639166667,29.72536111111,1570.0,3180.0,o5it26020,520.0,STIS/NUV-MAMA,GALAXY;SEYFERT;BLR,8265,3,*Seyfert*
MRK-509,311.0406425021,-10.72355376762,1570.0,3180.0,odjh01050,575.0,STIS/NUV-MAMA,GALAXY;ACCRETION DISK;BLR;NLR;NUCLEUS;SEYFERT,15124,3,*Seyfert*
MRK279,208.2643138546,69.30819704643,1570.0,3180.0,oeoe01020,49.0,STIS/NUV-MAMA,GALAXY;BLR;SEYFERT,16705,3,*Seyfert*
NGC5548,214.4982083333,25.13675,1605.0,3110.0,o6jd02040,2700.0,STIS/NUV-MAMA,GALAXY;SEYFERT,9279,3,*Seyfert*
SDSSJ1430+2303,217.5668080631,23.0622771955,1570.0,3180.0,oeu604050,2737.1995,STIS/NUV-MAMA,GALAXY;SEYFERT,16926,3,*Seyfert*
MRK3,93.90166666667,71.0375,1570.0,3180.0,o5ks01060,3238.0,STIS/NUV-MAMA,GALAXY;SEYFERT,8480,3,*Seyfert*
AKN564,340.6639166667,29.72536111111,1570.0,3180.0,o5it11020,520.0,STIS/NUV-MAMA,GALAXY;SEYFERT;BLR,8265,3,*Seyfert*
AKN564,340.6639166667,29.72536111111,1570.0,3180.0,o5it33020,520.0,STIS/NUV-MAMA,GALAXY;SEYFERT;BLR,8265,3,*Seyfert*
AKN564,340.6639166667,29.72536111111,1570.0,3180.0,o5it08020,520.0,STIS/NUV-MAMA,GALAXY;SEYFERT;BLR,8265,3,*Seyfert*
NGC3227,155.8775,19.865,1570.0,3180.0,o5kp01010,1612.0,STIS/NUV-MAMA,GALAXY;SEYFERT,8479,3,*Seyfert*
NGC4151,182.6360416667,39.40572222222,1605.0,3110.0,o61l01030,2560.0,STIS/NUV-MAMA,GALAXY;SEYFERT,8608,3,*Seyfert*
NGC4303,185.478875,4.473694444444,1570.0,3180.0,o6lc02010,2250.0,STIS/NUV-MAMA,GALAXY;SPIRAL;SEYFERT;STARBURST,9469,3,*Seyfert*
1H0707-495,107.1728334891,-49.55244400262,1570.0,3180.0,o56j02040,558.0,STIS/NUV-MAMA,GALAXY;SEYFERT,7360,3,*Seyfert*
AKN564,340.6639166667,29.72536111111,1570.0,3180.0,o5it36020,520.0,STIS/NUV-MAMA,GALAXY;SEYFERT;BLR,8265,3,*Seyfert*
MRK-817,219.0920088789,58.7942749013,1570.0,3180.0,oedean080,320.0,STIS/NUV-MAMA,GALAXY;ACCRETION DISK;BLR;NUCLEUS;SEYFERT;WIND,16196,3,*Seyfert*
MRK-50,185.850628163,2.67901478932,1570.0,3180.0,oc1502050,627.0,STIS/NUV-MAMA,GALAXY;BLR;SEYFERT,12922,3,*Seyfert*
MRK509,311.0406666667,-10.72347222222,1605.0,3110.0,o6ap01040,2700.0,STIS/NUV-MAMA,GALAXY;SEYFERT,8877,3,*Seyfert*
IRAS13224-3809,201.3298713171,-38.41528253177,1570.0,3180.0,o56j01030,1283.0,STIS/NUV-MAMA,GALAXY;SEYFERT,7360,3,*Seyfert*
NGC-7469,345.8153461502,8.873793529176,1570.0,3180.0,of9j01060,308.0,STIS/NUV-MAMA,GALAXY;ACCRETION DISK;BLR;SEYFERT,17523,3,*Seyfert*
AKN564,340.6639166667,29.72536111111,1570.0,3180.0,o5it46020,520.0,STIS/NUV-MAMA,GALAXY;SEYFERT;BLR,8265,3,*Seyfert*
MRK766,184.6105,29.81288888889,1570.0,3180.0,o5l502020,2298.0,STIS/NUV-MAMA,GALAXY;SEYFERT;BLR;SPIRAL,8481,3,*Seyfert*
F01004-2237,15.70837,-22.36588888889,1570.0,3180.0,oeuu01010,528.01975,STIS/NUV-MAMA,GALAXY;ACCRETION DISK;NUCLEUS;SEYFERT,16943,3,*Seyfert*
MRK-817,219.0920089035,58.79427488253,1570.0,3180.0,oede4b090,660.0,STIS/NUV-MAMA,GALAXY;ACCRETION DISK;BLR;NUCLEUS;SEYFERT;WIND,16196,3,*Seyfert*
MRK-110,141.3036592675,52.28635965923,1570.0,3180.0,odqz01020,400.0,STIS/NUV-MAMA,GALAXY;ACCRETION DISK;BLR;NLR;NUCLEUS;SEYFERT,15413,3,*Seyfert*
AKN564,340.6639166667,29.72536111111,1570.0,3180.0,o5it37020,520.0,STIS/NUV-MAMA,GALAXY;SEYFERT;BLR,8265,3,*Seyfert*
AKN564,340.6639166667,29.72536111111,1570.0,3180.0,o5it42020,520.0,STIS/NUV-MAMA,GALAXY;SEYFERT;BLR,8265,3,*Seyfert*
AKN564,340.6639166667,29.72536111111,1570.0,3180.0,o5it14020,520.0,STIS/NUV-MAMA,GALAXY;SEYFERT;BLR,8265,3,*Seyfert*
NGC5548,214.4982083333,25.13675,1605.0,3110.0,o6jd01040,2700.0,STIS/NUV-MAMA,GALAXY;SEYFERT,9279,3,*Seyfert*
MRK279,208.2643138446,69.3081970449,1570.0,3180.0,oeoe25020,49.0,STIS/NUV-MAMA,GALAXY;BLR;SEYFERT,16705,3,*Seyfert*
NGC-6814,295.6690666667,-10.32375,1570.0,3180.0,oc1504040,650.0,STIS/NUV-MAMA,GALAXY;BLR;SEYFERT,12922,3,*Seyfert*
AT2020AFHD,48.3986125,-2.151725,1570.0,3180.0,ofhz01010,1858.198875,STIS/NUV-MAMA,GALAXY;ACCRETION DISK;NUCLEUS;SEYFERT,17849,3,*Seyfert*
SDSSJ1335+0728,203.833065,7.468816666667,1570.0,3180.0,ofka01020,2602.19875,STIS/NUV-MAMA,GALAXY;SEYFERT,17933,3,*Seyfert*
SDSSJ1335+0728,203.833065,7.468816666667,1570.0,3180.0,ofka01010,1926.19975,STIS/NUV-MAMA,GALAXY;SEYFERT,17933,3,*Seyfert*
AKN564,340.6639166667,29.72536111111,1570.0,3180.0,o5it31020,520.0,STIS/NUV-MAMA,GALAXY;SEYFERT;BLR,8265,3,*Seyfert*
AKN564,340.6639166667,29.72536111111,1570.0,3180.0,o5it16020,520.0,STIS/NUV-MAMA,GALAXY;SEYFERT;BLR,8265,3,*Seyfert*
AKN564,340.6639166667,29.72536111111,1570.0,3180.0,o5it27020,520.0,STIS/NUV-MAMA,GALAXY;SEYFERT;BLR,8265,3,*Seyfert*
NGC3783,174.7570833333,-37.73861111111,1605.0,3110.0,o57b01010,2191.0,STIS/NUV-MAMA,GALAXY;SEYFERT,8029,3,*Seyfert*
MRK-493,239.7902026028,35.02972990931,1570.0,3180.0,od5u02040,3017.0,STIS/NUV-MAMA,GALAXY;BLR;NLR;NUCLEUS;SEYFERT,14744,3,*Seyfert*
AKN564,340.6639166667,29.72536111111,1570.0,3180.0,o5it29020,520.0,STIS/NUV-MAMA,GALAXY;SEYFERT;BLR,8265,3,*Seyfert*
MRK-509,311.0407004167,-10.72345833333,1570.0,3180.0,odjh01040,575.0,STIS/NUV-MAMA,GALAXY;ACCRETION DISK;BLR;NLR;NUCLEUS;SEYFERT,15124,3,*Seyfert*
SBS1116+583A,169.7403786446,58.05663017795,1570.0,3180.0,oc1505080,1324.0,STIS/NUV-MAMA,GALAXY;BLR;SEYFERT,12922,3,*Seyfert*
AKN564,340.6639166667,29.72536111111,1570.0,3180.0,o5it38020,520.0,STIS/NUV-MAMA,GALAXY;SEYFERT;BLR,8265,3,*Seyfert*
NGC-6814,295.6690881141,-10.32371407099,1570.0,3180.0,oc1504050,649.0,STIS/NUV-MAMA,GALAXY;BLR;SEYFERT,12922,3,*Seyfert*
AT2020AFHD,48.3986125,-2.151725,1570.0,3180.0,ofhz01020,2597.1945,STIS/NUV-MAMA,GALAXY;ACCRETION DISK;NUCLEUS;SEYFERT,17849,3,*Seyfert*
F01004-2237,15.70844136457,-22.36579386401,1570.0,3180.0,oeuu01020,528.019875,STIS/NUV-MAMA,GALAXY;ACCRETION DISK;NUCLEUS;SEYFERT,16943,3,*Seyfert*
SBS0948+532,147.88236,52.99333333333,1570.0,3180.0,obqn11030,3195.0,STIS/NUV-MAMA,GALAXY;DWARF COMPACT;EMISSION LINE NEBULA;SEYFERT;STAR FORMING REGION;STARBURST,12472,3,*Seyfert*
AKN564,340.6639166667,29.72536111111,1570.0,3180.0,o5it05060,816.0,STIS/NUV-MAMA,GALAXY;SEYFERT;BLR,8265,3,*Seyfert*
SBS0948+532,147.88236,52.99333333333,1570.0,3180.0,obqn11010,2160.0,STIS/NUV-MAMA,GALAXY;DWARF COMPACT;EMISSION LINE NEBULA;SEYFERT;STAR FORMING REGION;STARBURST,12472,3,*Seyfert*
MRK279,208.2643137641,69.30819703254,1570.0,3180.0,oeoe51cgq,200.0,STIS/NUV-MAMA,GALAXY;BLR;SEYFERT,16705,2,*Seyfert*
MRK279,208.2643137654,69.30819703274,1570.0,3180.0,oeoe48lhq,200.0,STIS/NUV-MAMA,GALAXY;BLR;SEYFERT,16705,2,*Seyfert*
MRK279,208.2643138355,69.3081970435,1570.0,3180.0,oeoe47gzq,200.0,STIS/NUV-MAMA,GALAXY;BLR;SEYFERT,16705,2,*Seyfert*
MRK279,208.2643137625,69.30819703229,1570.0,3180.0,oeoe55nqq,200.0,STIS/NUV-MAMA,GALAXY;BLR;SEYFERT,16705,2,*Seyfert*
MRK279,208.2643137633,69.30819703242,1570.0,3180.0,oeoe53etq,200.0,STIS/NUV-MAMA,GALAXY;BLR;SEYFERT,16705,2,*Seyfert*
MRK279,208.2643137649,69.30819703267,1570.0,3180.0,oeoe49rwq,200.0,STIS/NUV-MAMA,GALAXY;BLR;SEYFERT,16705,2,*Seyfert*
MRK279,208.2643137629,69.30819703236,1570.0,3180.0,oeoe54ieq,200.0,STIS/NUV-MAMA,GALAXY;BLR;SEYFERT,16705,2,*Seyfert*
MRK279,208.264313762,69.30819703223,1570.0,3180.0,oeoe56slq,200.0,STIS/NUV-MAMA,GALAXY;BLR;SEYFERT,16705,2,*Seyfert*
MRK279,208.2643138362,69.30819704361,1570.0,3180.0,oeoe45y9q,200.0,STIS/NUV-MAMA,GALAXY;BLR;SEYFERT,16705,2,*Seyfert*
MRK279,208.2643138367,69.30819704369,1570.0,3180.0,oeoe44scq,200.0,STIS/NUV-MAMA,GALAXY;BLR;SEYFERT,16705,2,*Seyfert*
MRK279,208.2643138399,69.30819704418,1570.0,3180.0,oeoe36u1q,200.0,STIS/NUV-MAMA,GALAXY;BLR;SEYFERT,16705,2,*Seyfert*
MRK279,208.2643138378,69.30819704386,1570.0,3180.0,oeoe41d0q,200.0,STIS/NUV-MAMA,GALAXY;BLR;SEYFERT,16705,2,*Seyfert*
MRK279,208.2643138374,69.3081970438,1570.0,3180.0,oeoe42h1q,200.0,STIS/NUV-MAMA,GALAXY;BLR;SEYFERT,16705,2,*Seyfert*
MRK279,208.2643138396,69.30819704413,1570.0,3180.0,oeoe37xxq,200.0,STIS/NUV-MAMA,GALAXY;BLR;SEYFERT,16705,2,*Seyfert*
MRK279,208.2643138391,69.30819704406,1570.0,3180.0,oeoe38k4q,200.0,STIS/NUV-MAMA,GALAXY;BLR;SEYFERT,16705,2,*Seyfert*
MRK279,208.2643138384,69.30819704395,1570.0,3180.0,oeoe40t6q,200.0,STIS/NUV-MAMA,GALAXY;BLR;SEYFERT,16705,2,*Seyfert*
MRK279,208.2643138404,69.30819704425,1570.0,3180.0,oeoe35lhq,200.0,STIS/NUV-MAMA,GALAXY;BLR;SEYFERT,16705,2,*Seyfert*
MRK279,208.2643138409,69.30819704433,1570.0,3180.0,oeoe34ciq,200.0,STIS/NUV-MAMA,GALAXY;BLR;SEYFERT,16705,2,*Seyfert*
MRK279,208.2643138412,69.30819704438,1570.0,3180.0,oeoe33isq,200.0,STIS/NUV-MAMA,GALAXY;BLR;SEYFERT,16705,2,*Seyfert*
MRK279,208.2643138429,69.30819704465,1570.0,3180.0,oeoe29m9q,200.0,STIS/NUV-MAMA,GALAXY;BLR;SEYFERT,16705,2,*Seyfert*
MRK279,208.2643138422,69.30819704453,1570.0,3180.0,oeoe31vaq,200.0,STIS/NUV-MAMA,GALAXY;BLR;SEYFERT,16705,2,*Seyfert*
MRK279,208.2643138417,69.30819704446,1570.0,3180.0,oeoe32bfq,200.0,STIS/NUV-MAMA,GALAXY;BLR;SEYFERT,16705,2,*Seyfert*
MRK279,208.2643138426,69.30819704459,1570.0,3180.0,oeoe30qiq,200.0,STIS/NUV-MAMA,GALAXY;BLR;SEYFERT,16705,2,*Seyfert*
MRK279,208.2643138433,69.3081970447,1570.0,3180.0,oeoe28ihq,200.0,STIS/NUV-MAMA,GALAXY;BLR;SEYFERT,16705,2,*Seyfert*
MRK279,208.2643138438,69.30819704478,1570.0,3180.0,oeoe27chq,200.0,STIS/NUV-MAMA,GALAXY;BLR;SEYFERT,16705,2,*Seyfert*
MRK279,208.2643138442,69.30819704485,1570.0,3180.0,oeoe26psq,200.0,STIS/NUV-MAMA,GALAXY;BLR;SEYFERT,16705,2,*Seyfert*
MRK279,208.264313845,69.30819704496,1570.0,3180.0,oeoe24d9q,200.0,STIS/NUV-MAMA,GALAXY;BLR;SEYFERT,16705,2,*Seyfert*
MRK279,208.2643138467,69.30819704522,1570.0,3180.0,oeoe20fdq,200.0,STIS/NUV-MAMA,GALAXY;BLR;SEYFERT,16705,2,*Seyfert*
MRK279,208.2643138459,69.3081970451,1570.0,3180.0,oeoe22q4q,200.0,STIS/NUV-MAMA,GALAXY;BLR;SEYFERT,16705,2,*Seyfert*
MRK279,208.2643138455,69.30819704504,1570.0,3180.0,oeoe23wsq,200.0,STIS/NUV-MAMA,GALAXY;BLR;SEYFERT,16705,2,*Seyfert*
MRK279,208.2643138463,69.30819704517,1570.0,3180.0,oeoe21ikq,200.0,STIS/NUV-MAMA,GALAXY;BLR;SEYFERT,16705,2,*Seyfert*
MRK279,208.2643138475,69.30819704534,1570.0,3180.0,oeoe18mtq,200.0,STIS/NUV-MAMA,GALAXY;BLR;SEYFERT,16705,2,*Seyfert*
MRK279,208.264313848,69.30819704542,1570.0,3180.0,oeoe17ftq,200.0,STIS/NUV-MAMA,GALAXY;BLR;SEYFERT,16705,2,*Seyfert*
MRK279,208.2643138484,69.30819704548,1570.0,3180.0,oeoe16c2q,200.0,STIS/NUV-MAMA,GALAXY;BLR;SEYFERT,16705,2,*Seyfert*
MRK279,208.2643138487,69.30819704553,1570.0,3180.0,oeoe15xnq,200.0,STIS/NUV-MAMA,GALAXY;BLR;SEYFERT,16705,2,*Seyfert*
MRK279,208.2643138492,69.30819704561,1570.0,3180.0,oeoe14pwq,200.0,STIS/NUV-MAMA,GALAXY;BLR;SEYFERT,16705,2,*Seyfert*
MRK279,208.2643138499,69.30819704572,1570.0,3180.0,oeoe12b5q,200.0,STIS/NUV-MAMA,GALAXY;BLR;SEYFERT,16705,2,*Seyfert*
MRK279,208.2643138504,69.30819704579,1570.0,3180.0,oeoe11jdq,200.0,STIS/NUV-MAMA,GALAXY;BLR;SEYFERT,16705,2,*Seyfert*
MRK279,208.2643138495,69.30819704566,1570.0,3180.0,oeoe13l3q,200.0,STIS/NUV-MAMA,GALAXY;BLR;SEYFERT,16705,2,*Seyfert*
MRK279,208.2643138509,69.30819704587,1570.0,3180.0,oeoe10zuq,200.0,STIS/NUV-MAMA,GALAXY;BLR;SEYFERT,16705,2,*Seyfert*
MRK279,208.2643138514,69.30819704594,1570.0,3180.0,oeoe09ulq,200.0,STIS/NUV-MAMA,GALAXY;BLR;SEYFERT,16705,2,*Seyfert*
MRK279,208.2643138517,69.30819704599,1570.0,3180.0,oeoe08qpq,200.0,STIS/NUV-MAMA,GALAXY;BLR;SEYFERT,16705,2,*Seyfert*
MRK279,208.2643138521,69.30819704605,1570.0,3180.0,oeoe07laq,200.0,STIS/NUV-MAMA,GALAXY;BLR;SEYFERT,16705,2,*Seyfert*
MRK279,208.2643138538,69.30819704631,1570.0,3180.0,oeoe03pmq,200.0,STIS/NUV-MAMA,GALAXY;BLR;SEYFERT,16705,2,*Seyfert*
MRK279,208.2643138525,69.30819704611,1570.0,3180.0,oeoe06gtq,200.0,STIS/NUV-MAMA,GALAXY;BLR;SEYFERT,16705,2,*Seyfert*
MRK279,208.2643138542,69.30819704638,1570.0,3180.0,oeoe02j3q,200.0,STIS/NUV-MAMA,GALAXY;BLR;SEYFERT,16705,2,*Seyfert*
3C279,194.0465416667,-5.789311111111,1680.0,3060.0,o6cz27010,1200.0,STIS/CCD,GALAXY;BL LAC,9139,3,*BL Lac*
3C279,194.0465416667,-5.789311111111,1680.0,3060.0,o6cz26010,1200.0,STIS/CCD,GALAXY;BL LAC,9139,3,*BL Lac*
3C279,194.0465416667,-5.789311111111,1680.0,3060.0,o6cz29010,1200.0,STIS/CCD,GALAXY;BL LAC,9139,3,*BL Lac*
3C279,194.0465416667,-5.789311111111,1680.0,3060.0,o6cz28010,1200.0,STIS/CCD,GALAXY;BL LAC,9139,3,*BL Lac*
3C279,194.0465416667,-5.789311111111,1680.0,3060.0,o6cz25010,1200.0,STIS/CCD,GALAXY;BL LAC,9139,3,*BL Lac*
3C279,194.0465416667,-5.789311111111,1680.0,3060.0,o6cz20010,1200.0,STIS/CCD,GALAXY;BL LAC,9139,3,*BL Lac*
3C279,194.0465416667,-5.789311111111,1680.0,3060.0,o6cz21010,1200.0,STIS/CCD,GALAXY;BL LAC,9139,3,*BL Lac*
3C279,194.0465416667,-5.789311111111,1680.0,3060.0,o6cz23010,1200.0,STIS/CCD,GALAXY;BL LAC,9139,3,*BL Lac*
3C279,194.0465416667,-5.789311111111,1680.0,3060.0,o6cz22010,1200.0,STIS/CCD,GALAXY;BL LAC,9139,3,*BL Lac*
3C279,194.0465416667,-5.789311111111,1680.0,3060.0,o6cz24010,1200.0,STIS/CCD,GALAXY;BL LAC,9139,3,*BL Lac*
0502+675,76.98439166667,67.623425,2900.0,5700.0,o5a801030,3000.0,STIS/CCD,GALAXY;BL LAC,8135,3,*BL Lac*
AO0235+164,39.66221083333,16.61667638889,2900.0,5700.0,o4ln01010,2874.0,STIS/CCD,GALAXY;BL LAC;;EXT-MEDIUM;DAMPED LYMAN ALPHA CLOUD;ABSORPTION LINE SYSTEM,7294,3,*BL Lac*
0502+675,76.98439166667,67.623425,5240.0,10270.0,o5a801010,2304.0,STIS/CCD,GALAXY;BL LAC,8135,3,*BL Lac*
1440+122,220.7014625,12.01125,5240.0,10270.0,o5a802010,2016.0,STIS/CCD,GALAXY;BL LAC;INTERACTING GALAXY;GRAVITATIONAL LENS,8135,3,*BL Lac*
AO0235+164,39.66221083333,16.61667638889,5240.0,10270.0,o4ln01020,2160.0,STIS/CCD,GALAXY;BL LAC;;EXT-MEDIUM;DAMPED LYMAN ALPHA CLOUD;ABSORPTION LINE SYSTEM,7294,3,*BL Lac*
1440+122,220.7014625,12.01125,2900.0,5700.0,o5a802030,2791.0,STIS/CCD,GALAXY;BL LAC;INTERACTING GALAXY;GRAVITATIONAL LENS,8135,3,*BL Lac*
PKS2005-489,302.35625,-48.83176111111,1140.0,1740.0,o4ec09030,3054.0,STIS/FUV-MAMA,GALAXY;BL LAC,7345,3,*BL Lac*
PKS2005-489,302.35625,-48.83176111111,1140.0,1740.0,o4ec09020,3054.0,STIS/FUV-MAMA,GALAXY;BL LAC,7345,3,*BL Lac*
PKS2155-304,329.716625,-30.22561111111,1123.0,1710.0,o5by01020,11780.0,STIS/FUV-MAMA,GALAXY;BL LAC,8125,3,*BL Lac*
MRK-421,166.1138083764,38.20883343555,1140.0,1700.0,of7203020,2629.190125,STIS/FUV-MAMA,GALAXY;BL LAC,17532,3,*BL Lac*
PKS2155-304,329.716625,-30.22561111111,1123.0,1710.0,o5by02010,2464.0,STIS/FUV-MAMA,GALAXY;BL LAC,8125,3,*BL Lac*
PMNJ1103-2329,165.90675,-23.49199722222,1150.0,1730.0,o6my39010,2093.9,STIS/FUV-MAMA,GALAXY;BL LAC,9506,3,*BL Lac*
MRK-421,166.1138083762,38.20883343561,1140.0,1700.0,of7202010,2128.193375,STIS/FUV-MAMA,GALAXY;BL LAC,17532,3,*BL Lac*
MRK-421,166.1138083764,38.20883343556,1123.0,1710.0,of7204020,2629.195,STIS/FUV-MAMA,GALAXY;BL LAC,17532,3,*BL Lac*
PKS2155-304,329.716625,-30.22561111111,1123.0,1710.0,o5by01010,2464.0,STIS/FUV-MAMA,GALAXY;BL LAC,8125,3,*BL Lac*
MRK-421,166.1138083762,38.20883343562,1140.0,1700.0,of7202020,2629.1835,STIS/FUV-MAMA,GALAXY;BL LAC,17532,3,*BL Lac*
PKS2005-489,302.35625,-48.83176111111,1140.0,1740.0,o4ec09010,2437.0,STIS/FUV-MAMA,GALAXY;BL LAC,7345,3,*BL Lac*
MRK-421,166.1138083764,38.20883343555,1140.0,1700.0,of7203010,2128.18425,STIS/FUV-MAMA,GALAXY;BL LAC,17532,3,*BL Lac*
PKS2005-489,302.35625,-48.83176111111,1140.0,1740.0,o4ec09040,3054.0,STIS/FUV-MAMA,GALAXY;BL LAC,7345,3,*BL Lac*
MRK-421,166.1138083764,38.20883343556,1123.0,1710.0,of7204010,2178.193875,STIS/FUV-MAMA,GALAXY;BL LAC,17532,3,*BL Lac*
PKS2155-304,329.716625,-30.22561111111,1123.0,1710.0,o5by02020,11780.0,STIS/FUV-MAMA,GALAXY;BL LAC,8125,3,*BL Lac*
3C279,194.0465416667,-5.789311111111,1570.0,3180.0,o6cz05l2q,1200.0,STIS/NUV-MAMA,GALAXY;BL LAC,9139,2,*BL Lac*
3C279,194.0465416667,-5.789311111111,1570.0,3180.0,o6cz10cbq,1200.0,STIS/NUV-MAMA,GALAXY;BL LAC,9139,2,*BL Lac*
PG1424+240,216.7516325,23.80001388889,1605.0,3110.0,oc8201050,2958.0,STIS/NUV-MAMA,GALAXY;BL LAC,13288,3,*BL Lac*
AO0235+164,39.66221083333,16.61667638889,1570.0,3180.0,o4ln02050,2632.0,STIS/NUV-MAMA,GALAXY;BL LAC;;EXT-MEDIUM;DAMPED LYMAN ALPHA CLOUD;ABSORPTION LINE SYSTEM,7294,3,*BL Lac*
AO0235+164,39.66221083333,16.61667638889,1570.0,3180.0,o4ln02040,2632.0,STIS/NUV-MAMA,GALAXY;BL LAC;;EXT-MEDIUM;DAMPED LYMAN ALPHA CLOUD;ABSORPTION LINE SYSTEM,7294,3,*BL Lac*
AO0235+164,39.66221083333,16.61667638889,1570.0,3180.0,o4ln02020,2655.0,STIS/NUV-MAMA,GALAXY;BL LAC;;EXT-MEDIUM;DAMPED LYMAN ALPHA CLOUD;ABSORPTION LINE SYSTEM,7294,3,*BL Lac*
AO0235+164,39.66221083333,16.61667638889,1570.0,3180.0,o4ln02030,2632.0,STIS/NUV-MAMA,GALAXY;BL LAC;;EXT-MEDIUM;DAMPED LYMAN ALPHA CLOUD;ABSORPTION LINE SYSTEM,7294,3,*BL Lac*
AO0235+164,39.66221083333,16.61667638889,1570.0,3180.0,o4ln02010,2282.0,STIS/NUV-MAMA,GALAXY;BL LAC;;EXT-MEDIUM;DAMPED LYMAN ALPHA CLOUD;ABSORPTION LINE SYSTEM,7294,3,*BL Lac*
PG1424+240,216.7516325,23.80001388889,1605.0,3110.0,oc8201020,2958.0,STIS/NUV-MAMA,GALAXY;BL LAC,13288,3,*BL Lac*
PG1424+240,216.7516325,23.80001388889,1605.0,3110.0,oc8201040,2958.0,STIS/NUV-MAMA,GALAXY;BL LAC,13288,3,*BL Lac*
PG1424+240,216.7516325,23.80001388889,1605.0,3110.0,oc8201010,2026.0,STIS/NUV-MAMA,GALAXY;BL LAC,13288,3,*BL Lac*
PG1424+240,216.7516325,23.80001388889,1605.0,3110.0,oc8201030,2958.0,STIS/NUV-MAMA,GALAXY;BL LAC,13288,3,*BL Lac*
HD 7113,17.303901571428568,-73.1939482857143,1140.0,10266.000000000002,hst_hsla_hd7113--4214,9239.0,STIS,UAT=Emission line stars; TIER1=Star; TIER2=Emission line star; TIER3=Emission line star,MULTI,3,*Emission*
HD 37903,85.40995459417,-2.2590221252,1140.0,2396.0,hst_hsla_hd37903--4152,8490.0,STIS,UAT=Emission line stars; TIER1=Star; TIER2=Emission line star; TIER3=Emission line star,MULTI,3,*Emission*
LHA 115-S 4,11.263761259660004,-72.69929084052,1140.0,3184.0,hst_hsla_lha115-s4--4232,1800.0,STIS,UAT=Emission line stars; TIER1=Star; TIER2=Emission line star; TIER3=Emission line star,8198,3,*Emission*
HD 14434,35.46838398367999,56.90500889691,1140.0,2396.0,hst_hsla_hd14434--4448,9860.0,STIS,UAT=Emission line stars; TIER1=Star; TIER2=Emission line star; TIER3=Emission line star,MULTI,3,*Emission*
HD 269810,83.80790739464,-67.55765068035,1140.0,5700.0,hst_hsla_hd269810--4953,3565.0,STIS,UAT=Emission line stars; TIER1=Star; TIER2=Emission line star; TIER3=Emission line star,MULTI,3,*Emission*
HD 51285,103.92850173763,-24.678830892320004,1170.0,1372.0000000000002,hst_hsla_hd51285--5454,600.0,STIS,UAT=Emission line stars; TIER1=Star; TIER2=Emission line star; TIER3=Emission line star,12192,3,*Emission*
UCAC4 111-009678,85.80146649006,-67.84820594526,1140.0,3184.0,hst_hsla_ucac4111-009678--5184,2103.0,STIS,UAT=Emission line stars; TIER1=Star; TIER2=Emission line star; TIER3=Emission line star,9827,3,*Emission*
HD 239745,325.85193493359,57.02315453262,2900.0,10266.000000000002,hst_hsla_hd239745--5819,180.0,STIS,UAT=Emission line stars; TIER1=Star; TIER2=Emission line star; TIER3=Emission line star,13760,3,*Emission*
HD 157857,261.57221569867,-10.9929959743,1170.0,1372.0000000000002,hst_hsla_hd157857--5468,600.0,STIS,UAT=Emission line stars; TIER1=Star; TIER2=Emission line star; TIER3=Emission line star,12192,3,*Emission*
LHA 120-S 35,81.82432991555,-66.36823155351,1140.0,1735.0,hst_hsla_lha120-s35--5958,4320.195625,STIS,UAT=Emission line stars; TIER1=Star; TIER2=Emission line star; TIER3=Emission line star,14712,3,*Emission*
HD 4768,12.616337817100002,59.67175127456,1242.0,1444.0,hst_hsla_hd4768--5994,4250.0,STIS,UAT=Emission line stars; TIER1=Star; TIER2=Emission line star; TIER3=Emission line star,15104,3,*Emission*
HD 334041,304.4646031775699,30.96056410916,1242.0,1444.0,hst_hsla_hd334041--5998,7706.0,STIS,UAT=Emission line stars; TIER1=Star; TIER2=Emission line star; TIER3=Emission line star,15104,3,*Emission*
[FS95b] L109-1,23.4359813258,30.74352110824,1140.0,3184.0,hst_hsla_bfs95bbl109-1--6021,5083.0,STIS,UAT=Emission line stars; TIER1=Star; TIER2=Emission line star; TIER3=Emission line star,15268,3,*Emission*
AzV 258,15.18550054653,-72.49731562056,1140.0,1735.0,hst_hsla_azv258--6141,2767.0,STIS,UAT=Emission line stars; TIER1=Star; TIER2=Emission line star; TIER3=Emission line star,15629,3,*Emission*
LAMOST J042910.88-041921.4,67.29533333333333,-4.322611111111111,1140.0,1735.0,hst_hsla_lamostj042910d88-041921d4--6489,4536.398875,STIS,UAT=Emission line stars; TIER1=Star; TIER2=Emission line star; TIER3=Emission line star,17112,3,*Emission*
LHA 120-S 6,73.27708779421,-68.05633237018,1140.0,1735.0,hst_hsla_lha120-s6--6439,7288.597250000001,STIS,UAT=Emission line stars; TIER1=Star; TIER2=Emission line star; TIER3=Emission line star,16820,3,*Emission*
LS I +60 49,358.18795132542,61.164612436110005,1150.0,10266.000000000002,hst_hsla_lsip6049--6603,466.19999800000005,STIS,UAT=Emission line stars; TIER1=Star; TIER2=Emission line star; TIER3=Emission line star,17516,3,*Emission*
HD 34656,80.17950500748,37.43866529613,1170.0,2296.0,hst_hsla_hd34656--7147,3683.0,STIS,UAT=Emission line stars; TIER1=Star; TIER2=Emission line star; TIER3=Emission line star,17703,3,*Emission*
LMC-SN1987A,83.86751869114,-69.26979609099,5450.0,10140.0,o4fx04070,515.0,STIS/CCD,EXT-STAR;SUPERNOVA TYPE II;;EXT-MEDIUM;SNR;SHOCK FRONT;EMISSIONLINE NEBULA,7587,3,*Emission*
LMC-SN1987A,83.86782905138,-69.26988107031,5450.0,10140.0,o4fx04080,515.0,STIS/CCD,EXT-STAR;SUPERNOVA TYPE II;;EXT-MEDIUM;SNR;SHOCK FRONT;EMISSIONLINE NEBULA,7587,3,*Emission*
LMC-SN1987A,83.86813941405,-69.26996604908,5450.0,10140.0,o4fx04090,515.0,STIS/CCD,EXT-STAR;SUPERNOVA TYPE II;;EXT-MEDIUM;SNR;SHOCK FRONT;EMISSIONLINE NEBULA,7587,3,*Emission*
LMC-SN1987A-HOTSPOT1,83.86735038496,-69.2696816666,5450.0,10140.0,o4fx56020,750.0,STIS/CCD,EXT-STAR;SUPERNOVA TYPE II;;EXT-MEDIUM;SNR;SHOCK FRONT;EMISSIONLINE NEBULA;HOTSPOT,7587,3,*Emission*
LMC-SN1987A,83.86813941405,-69.26996604908,5450.0,10140.0,o4fx04050,515.0,STIS/CCD,EXT-STAR;SUPERNOVA TYPE II;;EXT-MEDIUM;SNR;SHOCK FRONT;EMISSIONLINE NEBULA,7587,3,*Emission*
LMC-SN1987A,83.86782905138,-69.26988107031,5450.0,10140.0,o4fx04040,515.0,STIS/CCD,EXT-STAR;SUPERNOVA TYPE II;;EXT-MEDIUM;SNR;SHOCK FRONT;EMISSIONLINE NEBULA,7587,3,*Emission*
LMC-SN1987A-EASTSHOCK,83.86825335185,-69.26971934733,5240.0,10270.0,o4fx03060,700.0,STIS/CCD,EXT-MEDIUM;SNR;EMISSION LINE NEBULA;SHOCK FRONT,7587,3,*Emission*
LMC-SN1987A-EASTSHOCK,83.86854837287,-69.26981091638,5240.0,10270.0,o4fx03070,700.0,STIS/CCD,EXT-MEDIUM;SNR;EMISSION LINE NEBULA;SHOCK FRONT,7587,3,*Emission*
LMC-SN1987A-SHOCK-B,83.86636284037,-69.27018146164,5240.0,10270.0,o4fx050a0,1425.0,STIS/CCD,EXT-STAR;SUPERNOVA TYPE II;;EXT-MEDIUM;SNR;SHOCK FRONT;EMISSIONLINE NEBULA,7587,3,*Emission*
LMC-SN1987A-SHOCK-B,83.86653254988,-69.27005623537,5240.0,10270.0,o4fx05090,1425.0,STIS/CCD,EXT-STAR;SUPERNOVA TYPE II;;EXT-MEDIUM;SNR;SHOCK FRONT;EMISSIONLINE NEBULA,7587,3,*Emission*
LMC-SN1987A,83.86844977916,-69.27005102729,3020.0,5610.0,o4fx040j0,560.0,STIS/CCD,EXT-STAR;SUPERNOVA TYPE II;;EXT-MEDIUM;SNR;SHOCK FRONT;EMISSIONLINE NEBULA,7587,3,*Emission*
LMC-SN1987A,83.86813941405,-69.26996604908,3020.0,5610.0,o4fx040n0,550.0,STIS/CCD,EXT-STAR;SUPERNOVA TYPE II;;EXT-MEDIUM;SNR;SHOCK FRONT;EMISSIONLINE NEBULA,7587,3,*Emission*
LMC-SN1987A,83.86751869114,-69.26979609099,3020.0,5610.0,o4fx040g0,560.0,STIS/CCD,EXT-STAR;SUPERNOVA TYPE II;;EXT-MEDIUM;SNR;SHOCK FRONT;EMISSIONLINE NEBULA,7587,3,*Emission*
LMC-SN1987A,83.86782905138,-69.26988107031,3020.0,5610.0,o4fx040m0,550.0,STIS/CCD,EXT-STAR;SUPERNOVA TYPE II;;EXT-MEDIUM;SNR;SHOCK FRONT;EMISSIONLINE NEBULA,7587,3,*Emission*
LMC-SN1987A,83.86782905138,-69.26988107031,3020.0,5610.0,o4fx040c0,515.0,STIS/CCD,EXT-STAR;SUPERNOVA TYPE II;;EXT-MEDIUM;SNR;SHOCK FRONT;EMISSIONLINE NEBULA,7587,3,*Emission*
LMC-SN1987A,83.86813941405,-69.26996604908,3020.0,5610.0,o4fx040d0,515.0,STIS/CCD,EXT-STAR;SUPERNOVA TYPE II;;EXT-MEDIUM;SNR;SHOCK FRONT;EMISSIONLINE NEBULA,7587,3,*Emission*
LMC-SN1987A-SHOCK-B,83.86755076582,-69.26930487425,5240.0,10270.0,o4fx05030,975.0,STIS/CCD,EXT-STAR;SUPERNOVA TYPE II;;EXT-MEDIUM;SNR;SHOCK FRONT;EMISSIONLINE NEBULA,7587,3,*Emission*
LMC-SN1987A-EASTSHOCK,83.86795833333,-69.26962777778,5240.0,10270.0,o4fx03050,700.0,STIS/CCD,EXT-MEDIUM;SNR;EMISSION LINE NEBULA;SHOCK FRONT,7587,3,*Emission*
LMC-SN1987A-SHOCK-B,83.86704166667,-69.26968055556,5240.0,10270.0,o4fx05060,1425.0,STIS/CCD,EXT-STAR;SUPERNOVA TYPE II;;EXT-MEDIUM;SNR;SHOCK FRONT;EMISSIONLINE NEBULA,7587,3,*Emission*
LMC-SN1987A,83.86751869114,-69.26979609099,3020.0,5610.0,o4fx040l0,550.0,STIS/CCD,EXT-STAR;SUPERNOVA TYPE II;;EXT-MEDIUM;SNR;SHOCK FRONT;EMISSIONLINE NEBULA,7587,3,*Emission*
LMC-SN1987A-SHOCK-B,83.86738106806,-69.26943010152,5240.0,10270.0,o4fx05040,975.0,STIS/CCD,EXT-STAR;SUPERNOVA TYPE II;;EXT-MEDIUM;SNR;SHOCK FRONT;EMISSIONLINE NEBULA,7587,3,*Emission*
LMC-SN1987A,83.86844977916,-69.27005102729,3020.0,5610.0,o4fx040e0,515.0,STIS/CCD,EXT-STAR;SUPERNOVA TYPE II;;EXT-MEDIUM;SNR;SHOCK FRONT;EMISSIONLINE NEBULA,7587,3,*Emission*
LMC-SN1987A-SHOCK-B,83.86670225744,-69.26993100893,5240.0,10270.0,o4fx05080,1425.0,STIS/CCD,EXT-STAR;SUPERNOVA TYPE II;;EXT-MEDIUM;SNR;SHOCK FRONT;EMISSIONLINE NEBULA,7587,3,*Emission*
LMC-SN1987A,83.86782905138,-69.26988107031,3020.0,5610.0,o4fx040h0,560.0,STIS/CCD,EXT-STAR;SUPERNOVA TYPE II;;EXT-MEDIUM;SNR;SHOCK FRONT;EMISSIONLINE NEBULA,7587,3,*Emission*
LMC-SN1987A,83.86813941405,-69.26996604908,3020.0,5610.0,o4fx040i0,560.0,STIS/CCD,EXT-STAR;SUPERNOVA TYPE II;;EXT-MEDIUM;SNR;SHOCK FRONT;EMISSIONLINE NEBULA,7587,3,*Emission*
LMC-SN1987A-HOTSPOT,83.86735416667,-69.26953888889,5450.0,10140.0,o4fx06030,950.0,STIS/CCD,EXT-STAR;SUPERNOVA TYPE II;;EXT-MEDIUM;SNR;SHOCK FRONT;EMISSIONLINE NEBULA;HOTSPOT,7587,3,*Emission*
LMC-SN1987A-HOTSPOT,83.86850173089,-69.26963167205,5450.0,10140.0,o4fx06060,950.0,STIS/CCD,EXT-STAR;SUPERNOVA TYPE II;;EXT-MEDIUM;SNR;SHOCK FRONT;EMISSIONLINE NEBULA;HOTSPOT,7587,3,*Emission*
LMC-SN1987A-HOTSPOT,83.86735416667,-69.26953888889,3020.0,5610.0,o4fx060i0,1400.0,STIS/CCD,EXT-STAR;SUPERNOVA TYPE II;;EXT-MEDIUM;SNR;SHOCK FRONT;EMISSIONLINE NEBULA;HOTSPOT,7587,3,*Emission*
LMC-SN1987A-HOTSPOT,83.86773668698,-69.26956981746,5450.0,10140.0,o4fx06040,950.0,STIS/CCD,EXT-STAR;SUPERNOVA TYPE II;;EXT-MEDIUM;SNR;SHOCK FRONT;EMISSIONLINE NEBULA;HOTSPOT,7587,3,*Emission*
LMC-SN1987A-HOTSPOT,83.86811920839,-69.26960074518,5450.0,10140.0,o4fx060a0,1050.0,STIS/CCD,EXT-STAR;SUPERNOVA TYPE II;;EXT-MEDIUM;SNR;SHOCK FRONT;EMISSIONLINE NEBULA;HOTSPOT,7587,3,*Emission*
LMC-SN1987A-HOTSPOT,83.86811920839,-69.26960074518,5450.0,10140.0,o4fx06050,950.0,STIS/CCD,EXT-STAR;SUPERNOVA TYPE II;;EXT-MEDIUM;SNR;SHOCK FRONT;EMISSIONLINE NEBULA;HOTSPOT,7587,3,*Emission*
LMC-SN1987A-HOTSPOT,83.86850173089,-69.26963167205,3020.0,5610.0,o4fx060g0,1150.0,STIS/CCD,EXT-STAR;SUPERNOVA TYPE II;;EXT-MEDIUM;SNR;SHOCK FRONT;EMISSIONLINE NEBULA;HOTSPOT,7587,3,*Emission*
LMC-SN1987A-HOTSPOT,83.86811920839,-69.26960074518,3020.0,5610.0,o4fx060k0,1400.0,STIS/CCD,EXT-STAR;SUPERNOVA TYPE II;;EXT-MEDIUM;SNR;SHOCK FRONT;EMISSIONLINE NEBULA;HOTSPOT,7587,3,*Emission*
LMC-SN1987A-HOTSPOT,83.86850173089,-69.26963167205,5450.0,10140.0,o4fx060b0,1050.0,STIS/CCD,EXT-STAR;SUPERNOVA TYPE II;;EXT-MEDIUM;SNR;SHOCK FRONT;EMISSIONLINE NEBULA;HOTSPOT,7587,3,*Emission*
LMC-SN1987A-HOTSPOT,83.86850173089,-69.26963167205,3020.0,5610.0,o4fx060l0,1400.0,STIS/CCD,EXT-STAR;SUPERNOVA TYPE II;;EXT-MEDIUM;SNR;SHOCK FRONT;EMISSIONLINE NEBULA;HOTSPOT,7587,3,*Emission*
LMC-SN1987A-HOTSPOT,83.86888425447,-69.26966259808,5450.0,10140.0,o4fx060c0,1050.0,STIS/CCD,EXT-STAR;SUPERNOVA TYPE II;;EXT-MEDIUM;SNR;SHOCK FRONT;EMISSIONLINE NEBULA;HOTSPOT,7587,3,*Emission*
LMC-SN1987A-HOTSPOT,83.86888425447,-69.26966259808,3020.0,5610.0,o4fx060m0,1400.0,STIS/CCD,EXT-STAR;SUPERNOVA TYPE II;;EXT-MEDIUM;SNR;SHOCK FRONT;EMISSIONLINE NEBULA;HOTSPOT,7587,3,*Emission*
LMC-SN1987A-HOTSPOT,83.86773668698,-69.26956981746,3020.0,5610.0,o4fx060j0,1400.0,STIS/CCD,EXT-STAR;SUPERNOVA TYPE II;;EXT-MEDIUM;SNR;SHOCK FRONT;EMISSIONLINE NEBULA;HOTSPOT,7587,3,*Emission*
LMC-SN1987A-HOTSPOT,83.86773668698,-69.26956981746,5450.0,10140.0,o4fx06090,1050.0,STIS/CCD,EXT-STAR;SUPERNOVA TYPE II;;EXT-MEDIUM;SNR;SHOCK FRONT;EMISSIONLINE NEBULA;HOTSPOT,7587,3,*Emission*
LMC-SN1987A-HOTSPOT,83.86811920839,-69.26960074518,3020.0,5610.0,o4fx060f0,1150.0,STIS/CCD,EXT-STAR;SUPERNOVA TYPE II;;EXT-MEDIUM;SNR;SHOCK FRONT;EMISSIONLINE NEBULA;HOTSPOT,7587,3,*Emission*
LMC-SN1987A-HOTSPOT,83.86735416667,-69.26953888889,3020.0,5610.0,o4fx060d0,1150.0,STIS/CCD,EXT-STAR;SUPERNOVA TYPE II;;EXT-MEDIUM;SNR;SHOCK FRONT;EMISSIONLINE NEBULA;HOTSPOT,7587,3,*Emission*
LMC-SN1987A-HOTSPOT,83.86735416667,-69.26953888889,5450.0,10140.0,o4fx06080,1050.0,STIS/CCD,EXT-STAR;SUPERNOVA TYPE II;;EXT-MEDIUM;SNR;SHOCK FRONT;EMISSIONLINE NEBULA;HOTSPOT,7587,3,*Emission*
LMC-SN1987A-HOTSPOT,83.86888425447,-69.26966259808,3020.0,5610.0,o4fx060h0,1150.0,STIS/CCD,EXT-STAR;SUPERNOVA TYPE II;;EXT-MEDIUM;SNR;SHOCK FRONT;EMISSIONLINE NEBULA;HOTSPOT,7587,3,*Emission*
LMC-SN1987A-HOTSPOT,83.86773668698,-69.26956981746,3020.0,5610.0,o4fx060e0,1150.0,STIS/CCD,EXT-STAR;SUPERNOVA TYPE II;;EXT-MEDIUM;SNR;SHOCK FRONT;EMISSIONLINE NEBULA;HOTSPOT,7587,3,*Emission*
LMC-SN1987A-HOTSPOT,83.86735416667,-69.26953888889,3020.0,5610.0,o4fx060n0,1400.0,STIS/CCD,EXT-STAR;SUPERNOVA TYPE II;;EXT-MEDIUM;SNR;SHOCK FRONT;EMISSIONLINE NEBULA;HOTSPOT,7587,3,*Emission*
LMC-SN1987A-HOTSPOT,83.86850173089,-69.26963167205,3020.0,5610.0,o4fx060q0,1400.0,STIS/CCD,EXT-STAR;SUPERNOVA TYPE II;;EXT-MEDIUM;SNR;SHOCK FRONT;EMISSIONLINE NEBULA;HOTSPOT,7587,3,*Emission*
LMC-SN1987A-HOTSPOT,83.86773668698,-69.26956981746,3020.0,5610.0,o4fx060o0,1400.0,STIS/CCD,EXT-STAR;SUPERNOVA TYPE II;;EXT-MEDIUM;SNR;SHOCK FRONT;EMISSIONLINE NEBULA;HOTSPOT,7587,3,*Emission*
LMC-SN1987A-HOTSPOT,83.86888425447,-69.26966259808,3020.0,5610.0,o4fx060r0,1400.0,STIS/CCD,EXT-STAR;SUPERNOVA TYPE II;;EXT-MEDIUM;SNR;SHOCK FRONT;EMISSIONLINE NEBULA;HOTSPOT,7587,3,*Emission*
LMC-SN1987A-HOTSPOT1,83.86735076992,-69.26982055542,5450.0,10140.0,o4fx56070,800.0,STIS/CCD,EXT-STAR;SUPERNOVA TYPE II;;EXT-MEDIUM;SNR;SHOCK FRONT;EMISSIONLINE NEBULA;HOTSPOT,7587,3,*Emission*
LMC-SN1987A-HOTSPOT1,83.86735038496,-69.2696816666,5450.0,10140.0,o4fx56060,800.0,STIS/CCD,EXT-STAR;SUPERNOVA TYPE II;;EXT-MEDIUM;SNR;SHOCK FRONT;EMISSIONLINE NEBULA;HOTSPOT,7587,3,*Emission*
LMC-SN1987A-HOTSPOT1,83.86735115489,-69.26995944425,5450.0,10140.0,o4fx56040,750.0,STIS/CCD,EXT-STAR;SUPERNOVA TYPE II;;EXT-MEDIUM;SNR;SHOCK FRONT;EMISSIONLINE NEBULA;HOTSPOT,7587,3,*Emission*
LMC-SN1987A-HOTSPOT1,83.86735,-69.26954277778,3020.0,5610.0,o4fx56090,1000.0,STIS/CCD,EXT-STAR;SUPERNOVA TYPE II;;EXT-MEDIUM;SNR;SHOCK FRONT;EMISSIONLINE NEBULA;HOTSPOT,7587,3,*Emission*
LMC-SN1987A-HOTSPOT1,83.86735115489,-69.26995944425,3020.0,5610.0,o4fx560c0,1000.0,STIS/CCD,EXT-STAR;SUPERNOVA TYPE II;;EXT-MEDIUM;SNR;SHOCK FRONT;EMISSIONLINE NEBULA;HOTSPOT,7587,3,*Emission*
LMC-SN1987A-HOTSPOT1,83.86735076992,-69.26982055542,3020.0,5610.0,o4fx560b0,1000.0,STIS/CCD,EXT-STAR;SUPERNOVA TYPE II;;EXT-MEDIUM;SNR;SHOCK FRONT;EMISSIONLINE NEBULA;HOTSPOT,7587,3,*Emission*
LMC-SN1987A-HOTSPOT1,83.86735,-69.26954277778,3020.0,5610.0,o4fx560e0,1400.0,STIS/CCD,EXT-STAR;SUPERNOVA TYPE II;;EXT-MEDIUM;SNR;SHOCK FRONT;EMISSIONLINE NEBULA;HOTSPOT,7587,3,*Emission*
LMC-SN1987A-HOTSPOT1,83.86735076992,-69.26982055542,3020.0,5610.0,o4fx560g0,1400.0,STIS/CCD,EXT-STAR;SUPERNOVA TYPE II;;EXT-MEDIUM;SNR;SHOCK FRONT;EMISSIONLINE NEBULA;HOTSPOT,7587,3,*Emission*
LMC-SN1987A-HOTSPOT1,83.86735038496,-69.2696816666,3020.0,5610.0,o4fx560k0,1210.0,STIS/CCD,EXT-STAR;SUPERNOVA TYPE II;;EXT-MEDIUM;SNR;SHOCK FRONT;EMISSIONLINE NEBULA;HOTSPOT,7587,3,*Emission*
LMC-SN1987A-HOTSPOT1,83.86735115489,-69.26995944425,3020.0,5610.0,o4fx560h0,1400.0,STIS/CCD,EXT-STAR;SUPERNOVA TYPE II;;EXT-MEDIUM;SNR;SHOCK FRONT;EMISSIONLINE NEBULA;HOTSPOT,7587,3,*Emission*
LMC-SN1987A-HOTSPOT1,83.86735038496,-69.2696816666,3020.0,5610.0,o4fx560a0,1000.0,STIS/CCD,EXT-STAR;SUPERNOVA TYPE II;;EXT-MEDIUM;SNR;SHOCK FRONT;EMISSIONLINE NEBULA;HOTSPOT,7587,3,*Emission*
LMC-SN1987A-HOTSPOT1,83.86735,-69.26954277778,3020.0,5610.0,o4fx560j0,1210.0,STIS/CCD,EXT-STAR;SUPERNOVA TYPE II;;EXT-MEDIUM;SNR;SHOCK FRONT;EMISSIONLINE NEBULA;HOTSPOT,7587,3,*Emission*
LMC-SN1987A-HOTSPOT1,83.86735153987,-69.27009833307,3020.0,5610.0,o4fx560i0,1400.0,STIS/CCD,EXT-STAR;SUPERNOVA TYPE II;;EXT-MEDIUM;SNR;SHOCK FRONT;EMISSIONLINE NEBULA;HOTSPOT,7587,3,*Emission*
LMC-SN1987A-HOTSPOT1,83.86735153987,-69.27009833307,3020.0,5610.0,o4fx560d0,1000.0,STIS/CCD,EXT-STAR;SUPERNOVA TYPE II;;EXT-MEDIUM;SNR;SHOCK FRONT;EMISSIONLINE NEBULA;HOTSPOT,7587,3,*Emission*
LMC-SN1987A-HOTSPOT1,83.86735038496,-69.2696816666,3020.0,5610.0,o4fx560f0,1400.0,STIS/CCD,EXT-STAR;SUPERNOVA TYPE II;;EXT-MEDIUM;SNR;SHOCK FRONT;EMISSIONLINE NEBULA;HOTSPOT,7587,3,*Emission*
LMC-SN1987A-HOTSPOT1,83.86735076992,-69.26982055542,3020.0,5610.0,o4fx560l0,1210.0,STIS/CCD,EXT-STAR;SUPERNOVA TYPE II;;EXT-MEDIUM;SNR;SHOCK FRONT;EMISSIONLINE NEBULA;HOTSPOT,7587,3,*Emission*
LMC-SN1987A-HOTSPOT1,83.86735038496,-69.2696816666,3020.0,5610.0,o4fx560p0,1050.0,STIS/CCD,EXT-STAR;SUPERNOVA TYPE II;;EXT-MEDIUM;SNR;SHOCK FRONT;EMISSIONLINE NEBULA;HOTSPOT,7587,3,*Emission*
LMC-SN1987A-HOTSPOT1,83.86735153987,-69.27009833307,3020.0,5610.0,o4fx560n0,1210.0,STIS/CCD,EXT-STAR;SUPERNOVA TYPE II;;EXT-MEDIUM;SNR;SHOCK FRONT;EMISSIONLINE NEBULA;HOTSPOT,7587,3,*Emission*
LMC-SN1987A-HOTSPOT1,83.86735153987,-69.27009833307,3020.0,5610.0,o4fx560s0,1050.0,STIS/CCD,EXT-STAR;SUPERNOVA TYPE II;;EXT-MEDIUM;SNR;SHOCK FRONT;EMISSIONLINE NEBULA;HOTSPOT,7587,3,*Emission*
LMC-SN1987A-HOTSPOT1,83.86735076992,-69.26982055542,3020.0,5610.0,o4fx560q0,1050.0,STIS/CCD,EXT-STAR;SUPERNOVA TYPE II;;EXT-MEDIUM;SNR;SHOCK FRONT;EMISSIONLINE NEBULA;HOTSPOT,7587,3,*Emission*
LMC-SN1987A-HOTSPOT1,83.86735,-69.26954277778,3020.0,5610.0,o4fx560o0,1050.0,STIS/CCD,EXT-STAR;SUPERNOVA TYPE II;;EXT-MEDIUM;SNR;SHOCK FRONT;EMISSIONLINE NEBULA;HOTSPOT,7587,3,*Emission*
LMC-SN1987A-HOTSPOT1,83.86735115489,-69.26995944425,3020.0,5610.0,o4fx560m0,1210.0,STIS/CCD,EXT-STAR;SUPERNOVA TYPE II;;EXT-MEDIUM;SNR;SHOCK FRONT;EMISSIONLINE NEBULA;HOTSPOT,7587,3,*Emission*
LMC-SN1987A-HOTSPOT1,83.86735115489,-69.26995944425,3020.0,5610.0,o4fx560r0,1050.0,STIS/CCD,EXT-STAR;SUPERNOVA TYPE II;;EXT-MEDIUM;SNR;SHOCK FRONT;EMISSIONLINE NEBULA;HOTSPOT,7587,3,*Emission*
LMC-SN1987A-HOTSPOT1,83.86735076992,-69.26982055542,5450.0,10140.0,o4fx56030,750.0,STIS/CCD,EXT-STAR;SUPERNOVA TYPE II;;EXT-MEDIUM;SNR;SHOCK FRONT;EMISSIONLINE NEBULA;HOTSPOT,7587,3,*Emission*
LMC-SN1987A-HOTSPOT1,83.86735115489,-69.26995944425,5450.0,10140.0,o4fx56080,800.0,STIS/CCD,EXT-STAR;SUPERNOVA TYPE II;;EXT-MEDIUM;SNR;SHOCK FRONT;EMISSIONLINE NEBULA;HOTSPOT,7587,3,*Emission*
LMC-SN1987A-SHOCK-B,83.86687196303,-69.26980578233,5240.0,10270.0,o4fx05070,1425.0,STIS/CCD,EXT-STAR;SUPERNOVA TYPE II;;EXT-MEDIUM;SNR;SHOCK FRONT;EMISSIONLINE NEBULA,7587,3,*Emission*
LMC-SN1987A-HOTSPOT,83.86811920839,-69.26960074518,3020.0,5610.0,o4fx060p0,1400.0,STIS/CCD,EXT-STAR;SUPERNOVA TYPE II;;EXT-MEDIUM;SNR;SHOCK FRONT;EMISSIONLINE NEBULA;HOTSPOT,7587,3,*Emission*
LMC-SN1987A,83.86751869114,-69.26979609099,5450.0,10140.0,o4fx04030,515.0,STIS/CCD,EXT-STAR;SUPERNOVA TYPE II;;EXT-MEDIUM;SNR;SHOCK FRONT;EMISSIONLINE NEBULA,7587,3,*Emission*
LMC-SN1987A-EASTSHOCK,83.86884339638,-69.26990248492,5240.0,10270.0,o4fx03080,700.0,STIS/CCD,EXT-MEDIUM;SNR;EMISSION LINE NEBULA;SHOCK FRONT,7587,3,*Emission*
LMC-SN1987A,83.86751869114,-69.26979609099,3020.0,5610.0,o4fx040b0,515.0,STIS/CCD,EXT-STAR;SUPERNOVA TYPE II;;EXT-MEDIUM;SNR;SHOCK FRONT;EMISSIONLINE NEBULA,7587,3,*Emission*
LMC-SN1987A-SHOCK-B,83.86721136835,-69.26955532862,5240.0,10270.0,o4fx05050,1425.0,STIS/CCD,EXT-STAR;SUPERNOVA TYPE II;;EXT-MEDIUM;SNR;SHOCK FRONT;EMISSIONLINE NEBULA,7587,3,*Emission*
LMC-SN1987A-HOTSPOT,83.86888425447,-69.26966259808,5450.0,10140.0,o4fx06070,950.0,STIS/CCD,EXT-STAR;SUPERNOVA TYPE II;;EXT-MEDIUM;SNR;SHOCK FRONT;EMISSIONLINE NEBULA;HOTSPOT,7587,3,*Emission*
HD44179,94.99267016447,-10.63753591047,5450.0,10140.0,o4p901030,1349.0,STIS/CCD,STAR;POST-AGB STAR;;ISM;BIPOLAR OUTFLOW;REFLECTION NEBULA;COMETARY NEBULA;EMISSION LINE NEBULA,7593,3,*Emission*
HD44179,94.9926701642,-10.63753591202,5450.0,10140.0,o4p901050,420.0,STIS/CCD,STAR;POST-AGB STAR;;ISM;BIPOLAR OUTFLOW;REFLECTION NEBULA;COMETARY NEBULA;EMISSION LINE NEBULA,7593,3,*Emission*
HD44179,94.99267016415,-10.63753591226,5450.0,10140.0,o4p901060,1620.0,STIS/CCD,STAR;POST-AGB STAR;;ISM;BIPOLAR OUTFLOW;REFLECTION NEBULA;COMETARY NEBULA;EMISSION LINE NEBULA,7593,3,*Emission*
HD44179,94.99267016379,-10.63753591431,5450.0,10140.0,o4p901090,2029.0,STIS/CCD,STAR;POST-AGB STAR;;ISM;BIPOLAR OUTFLOW;REFLECTION NEBULA;COMETARY NEBULA;EMISSION LINE NEBULA,7593,3,*Emission*
HEN1357,259.0872916667,-59.48980555556,1640.0,3190.0,o4nh02040,2863.0,STIS/CCD,CALIBRATION;EMISSION LINE NEBULA,7652,3,*Emission*
HD5980,14.86054166667,-72.16508333333,5450.0,10140.0,o55q03040,210.0,STIS/CCD,EXT-STAR;WOLF RAYET - WN;LUMINOUS BLUE VARIABLE;INTERACTING BINARY;EMISSION LINE STAR,7480,3,*Emission*
GK-PERSEUS-KNOT-1,52.786875,43.91166666667,5240.0,10270.0,o55c02030,2586.0,STIS/CCD,ISM;EMISSION LINE NEBULA;EJECTA;KNOT;SHELL,7768,3,*Emission*
GK-PERSEUS-KNOT-1,52.786875,43.91166666667,2900.0,5700.0,o55c02020,4886.0,STIS/CCD,ISM;EMISSION LINE NEBULA;EJECTA;KNOT;SHELL,7768,3,*Emission*
LMC-SMP-100,95.7315,-72.12813888889,5450.0,10140.0,o5bm21030,240.0,STIS/CCD,EXT-MEDIUM;PLANETARY NEBULA;EMISSION LINE NEBULA,8271,3,*Emission*
LMC-SMP-94,88.54466666667,-73.04658333333,5450.0,10140.0,o5bm20020,250.0,STIS/CCD,EXT-MEDIUM;PLANETARY NEBULA;EMISSION LINE NEBULA,8271,3,*Emission*
LMC-SMP-81,83.83729166667,-73.92505555556,5450.0,10140.0,o5bm18e9q,13.0,STIS/CCD,EXT-MEDIUM;PLANETARY NEBULA;EMISSION LINE NEBULA,8271,2,*Emission*
LMC-SMP-10,72.78741666667,-68.81816666667,5450.0,10140.0,o5bm24d2q,45.0,STIS/CCD,EXT-MEDIUM;PLANETARY NEBULA;EMISSION LINE NEBULA,8271,2,*Emission*
LMC-SMP-28,76.98995833333,-68.86327777778,5450.0,10140.0,o5bm31lcq,70.0,STIS/CCD,EXT-MEDIUM;PLANETARY NEBULA;EMISSION LINE NEBULA,8271,2,*Emission*
LMC-SMP-10,72.78741666667,-68.81816666667,3020.0,5610.0,o5bm24030,360.0,STIS/CCD,EXT-MEDIUM;PLANETARY NEBULA;EMISSION LINE NEBULA,8271,3,*Emission*
LMC-SMP-18,75.92754166667,-70.11275,5450.0,10140.0,o5bm29020,580.0,STIS/CCD,EXT-MEDIUM;PLANETARY NEBULA;EMISSION LINE NEBULA,8271,3,*Emission*
LMC-SMP-9,72.60295833333,-68.22130555556,5450.0,10140.0,o5bm23020,550.0,STIS/CCD,EXT-MEDIUM;PLANETARY NEBULA;EMISSION LINE NEBULA,8271,3,*Emission*
LMC-SMP-16,75.50791666667,-69.81505555556,5450.0,10140.0,o5bm27020,1500.0,STIS/CCD,EXT-MEDIUM;PLANETARY NEBULA;EMISSION LINE NEBULA,8271,3,*Emission*
LMC-SMP-10,72.78741666667,-68.81816666667,5450.0,10140.0,o5bm24020,360.0,STIS/CCD,EXT-MEDIUM;PLANETARY NEBULA;EMISSION LINE NEBULA,8271,3,*Emission*
LMC-SMP-31,77.33416666667,-67.79038888889,5450.0,10140.0,o5bm33020,210.0,STIS/CCD,EXT-MEDIUM;PLANETARY NEBULA;EMISSION LINE NEBULA,8271,3,*Emission*
LMC-J-41,81.53908333333,-69.01602777778,5450.0,10140.0,o5bm50020,1780.0,STIS/CCD,EXT-MEDIUM;PLANETARY NEBULA;EMISSION LINE NEBULA,8271,3,*Emission*
LMC-SMP-93,87.41145833333,-69.16716666667,5450.0,10140.0,o5bm45020,580.0,STIS/CCD,EXT-MEDIUM;PLANETARY NEBULA;EMISSION LINE NEBULA,8271,3,*Emission*
LMC-SMP-65,81.93270833333,-71.43227777778,3020.0,5610.0,o5bm40030,420.0,STIS/CCD,EXT-MEDIUM;PLANETARY NEBULA;EMISSION LINE NEBULA,8271,3,*Emission*
LMC-SMP-95,90.43845833333,-67.93536111111,5450.0,10140.0,o5bm46020,680.0,STIS/CCD,EXT-MEDIUM;PLANETARY NEBULA;EMISSION LINE NEBULA,8271,3,*Emission*
LMC-SMP-46,79.87445833333,-68.85238888889,5450.0,10140.0,o5bm36020,1000.0,STIS/CCD,EXT-MEDIUM;PLANETARY NEBULA;EMISSION LINE NEBULA,8271,3,*Emission*
LMC-SMP-102,97.387375,-68.05927777778,5450.0,10140.0,o5bm47020,420.0,STIS/CCD,EXT-MEDIUM;PLANETARY NEBULA;EMISSION LINE NEBULA,8271,3,*Emission*
LMC-SMP-30,77.294125,-66.89391666667,3020.0,5610.0,o5bm32030,500.0,STIS/CCD,EXT-MEDIUM;PLANETARY NEBULA;EMISSION LINE NEBULA,8271,3,*Emission*
LMC-SMP-28,76.98995833333,-68.86327777778,3020.0,5610.0,o5bm31030,280.0,STIS/CCD,EXT-MEDIUM;PLANETARY NEBULA;EMISSION LINE NEBULA,8271,3,*Emission*
LMC-SMP-95,90.43845833333,-67.93536111111,3020.0,5610.0,o5bm46030,300.0,STIS/CCD,EXT-MEDIUM;PLANETARY NEBULA;EMISSION LINE NEBULA,8271,3,*Emission*
LMC-SMP-80,83.66195833333,-70.33208333333,5450.0,10140.0,o5bm42020,360.0,STIS/CCD,EXT-MEDIUM;PLANETARY NEBULA;EMISSION LINE NEBULA,8271,3,*Emission*
LMC-SMP-30,77.294125,-66.89391666667,5450.0,10140.0,o5bm32020,700.0,STIS/CCD,EXT-MEDIUM;PLANETARY NEBULA;EMISSION LINE NEBULA,8271,3,*Emission*
LMC-SMP-80,83.66195833333,-70.33208333333,3020.0,5610.0,o5bm42030,280.0,STIS/CCD,EXT-MEDIUM;PLANETARY NEBULA;EMISSION LINE NEBULA,8271,3,*Emission*
LMC-SMP-102,97.387375,-68.05927777778,3020.0,5610.0,o5bm47030,240.0,STIS/CCD,EXT-MEDIUM;PLANETARY NEBULA;EMISSION LINE NEBULA,8271,3,*Emission*
LMC-SMP-93,87.41145833333,-69.16716666667,3020.0,5610.0,o5bm45030,530.0,STIS/CCD,EXT-MEDIUM;PLANETARY NEBULA;EMISSION LINE NEBULA,8271,3,*Emission*
LMC-SMP-46,79.87445833333,-68.85238888889,3020.0,5610.0,o5bm36030,300.0,STIS/CCD,EXT-MEDIUM;PLANETARY NEBULA;EMISSION LINE NEBULA,8271,3,*Emission*
LMC-SMP-102,97.387375,-68.05927777778,5450.0,10140.0,o5bm47g1q,52.0,STIS/CCD,EXT-MEDIUM;PLANETARY NEBULA;EMISSION LINE NEBULA,8271,2,*Emission*
LMC-SMP-65,81.93270833333,-71.43227777778,5450.0,10140.0,o5bm40020,520.0,STIS/CCD,EXT-MEDIUM;PLANETARY NEBULA;EMISSION LINE NEBULA,8271,3,*Emission*
LMC-SMP-31,77.33416666667,-67.79038888889,3020.0,5610.0,o5bm33030,1120.0,STIS/CCD,EXT-MEDIUM;PLANETARY NEBULA;EMISSION LINE NEBULA,8271,3,*Emission*
LMC-SMP-16,75.50791666667,-69.81505555556,3020.0,5610.0,o5bm27030,600.0,STIS/CCD,EXT-MEDIUM;PLANETARY NEBULA;EMISSION LINE NEBULA,8271,3,*Emission*
LMC-SMP-59,81.11441666667,-70.37336111111,5450.0,10140.0,o5bm39020,880.0,STIS/CCD,EXT-MEDIUM;PLANETARY NEBULA;EMISSION LINE NEBULA,8271,3,*Emission*
LMC-SMP-59,81.11441666667,-70.37336111111,3020.0,5610.0,o5bm39030,480.0,STIS/CCD,EXT-MEDIUM;PLANETARY NEBULA;EMISSION LINE NEBULA,8271,3,*Emission*
LMC-SMP-27,76.97895833333,-66.96247222222,5450.0,10140.0,o5bm30020,630.0,STIS/CCD,EXT-MEDIUM;PLANETARY NEBULA;EMISSION LINE NEBULA,8271,3,*Emission*
LMC-SMP-27,76.97895833333,-66.96247222222,3020.0,5610.0,o5bm30030,360.0,STIS/CCD,EXT-MEDIUM;PLANETARY NEBULA;EMISSION LINE NEBULA,8271,3,*Emission*
LMC-SMP-18,75.92754166667,-70.11275,3020.0,5610.0,o5bm29030,340.0,STIS/CCD,EXT-MEDIUM;PLANETARY NEBULA;EMISSION LINE NEBULA,8271,3,*Emission*
LMC-SMP-28,76.98995833333,-68.86327777778,5450.0,10140.0,o5bm31020,560.0,STIS/CCD,EXT-MEDIUM;PLANETARY NEBULA;EMISSION LINE NEBULA,8271,3,*Emission*
LMC-SMP-4,70.84145833333,-71.50261111111,3020.0,5610.0,o5bm22030,280.0,STIS/CCD,EXT-MEDIUM;PLANETARY NEBULA;EMISSION LINE NEBULA,8271,3,*Emission*
LMC-SMP-58,81.08741666667,-70.08361111111,5450.0,10140.0,o5bm12ceq,10.0,STIS/CCD,EXT-MEDIUM;PLANETARY NEBULA;EMISSION LINE NEBULA,8271,2,*Emission*
LMC-SMP-53,80.387125,-67.00141944444,5450.0,10140.0,o5bm11zdq,13.0,STIS/CCD,EXT-MEDIUM;PLANETARY NEBULA;EMISSION LINE NEBULA,8271,2,*Emission*
LMC-SMP-19,75.92204166667,-70.2315,5450.0,10140.0,o5bm05qrq,17.0,STIS/CCD,EXT-MEDIUM;PLANETARY NEBULA;EMISSION LINE NEBULA,8271,2,*Emission*
LMC-SMP-58,81.08741666667,-70.08361111111,5450.0,10140.0,o5bm12020,76.0,STIS/CCD,EXT-MEDIUM;PLANETARY NEBULA;EMISSION LINE NEBULA,8271,3,*Emission*
LMC-SMP-53,80.387125,-67.00141944444,5450.0,10140.0,o5bm11020,106.0,STIS/CCD,EXT-MEDIUM;PLANETARY NEBULA;EMISSION LINE NEBULA,8271,3,*Emission*
LMC-SMP-79,83.53645833333,-74.33522222222,5450.0,10140.0,o5bm17020,108.0,STIS/CCD,EXT-MEDIUM;PLANETARY NEBULA;EMISSION LINE NEBULA,8271,3,*Emission*
LMC-SMP-4,70.84145833333,-71.50261111111,5450.0,10140.0,o5bm22020,730.0,STIS/CCD,EXT-MEDIUM;PLANETARY NEBULA;EMISSION LINE NEBULA,8271,3,*Emission*
LMC-SMP-81,83.83729166667,-73.92505555556,5450.0,10140.0,o5bm18020,103.0,STIS/CCD,EXT-MEDIUM;PLANETARY NEBULA;EMISSION LINE NEBULA,8271,3,*Emission*
LMC-SMP-19,75.92204166667,-70.2315,5450.0,10140.0,o5bm05020,136.0,STIS/CCD,EXT-MEDIUM;PLANETARY NEBULA;EMISSION LINE NEBULA,8271,3,*Emission*
LMC-SMP-78,83.58858333333,-68.97361111111,5450.0,10140.0,o5bm16020,96.0,STIS/CCD,EXT-MEDIUM;PLANETARY NEBULA;EMISSION LINE NEBULA,8271,3,*Emission*
LMC-SMP-25,76.59958333333,-69.05538888889,5450.0,10140.0,o5bm06020,60.0,STIS/CCD,EXT-MEDIUM;PLANETARY NEBULA;EMISSION LINE NEBULA,8271,3,*Emission*
LMC-SMP-71,82.6385,-70.74397222222,3020.0,5610.0,o5bm13030,70.0,STIS/CCD,EXT-MEDIUM;PLANETARY NEBULA;EMISSION LINE NEBULA,8271,3,*Emission*
LMC-SMP-71,82.6385,-70.74397222222,5450.0,10140.0,o5bm13020,180.0,STIS/CCD,EXT-MEDIUM;PLANETARY NEBULA;EMISSION LINE NEBULA,8271,3,*Emission*
LMC-SMP-100,95.7315,-72.12813888889,5450.0,10140.0,o5bm21020,42.0,STIS/CCD,EXT-MEDIUM;PLANETARY NEBULA;EMISSION LINE NEBULA,8271,3,*Emission*
LMC-SMP-34,77.57158333333,-68.80636111111,3020.0,5610.0,o5bm08030,170.0,STIS/CCD,EXT-MEDIUM;PLANETARY NEBULA;EMISSION LINE NEBULA,8271,3,*Emission*
LMC-SMP-25,76.59958333333,-69.05538888889,5450.0,10140.0,o5bm06030,300.0,STIS/CCD,EXT-MEDIUM;PLANETARY NEBULA;EMISSION LINE NEBULA,8271,3,*Emission*
LMC-SMP-19,75.92204166667,-70.2315,3020.0,5610.0,o5bm05030,56.0,STIS/CCD,EXT-MEDIUM;PLANETARY NEBULA;EMISSION LINE NEBULA,8271,3,*Emission*
LMC-SMP-25,76.59958333333,-69.05538888889,3020.0,5610.0,o5bm06040,34.0,STIS/CCD,EXT-MEDIUM;PLANETARY NEBULA;EMISSION LINE NEBULA,8271,3,*Emission*
LMC-SMP-78,83.58858333333,-68.97361111111,3020.0,5610.0,o5bm16040,90.0,STIS/CCD,EXT-MEDIUM;PLANETARY NEBULA;EMISSION LINE NEBULA,8271,3,*Emission*
LMC-SMP-78,83.58858333333,-68.97361111111,5450.0,10140.0,o5bm16fmq,12.0,STIS/CCD,EXT-MEDIUM;PLANETARY NEBULA;EMISSION LINE NEBULA,8271,2,*Emission*
LMC-SMP-53,80.387125,-67.00141944444,3020.0,5610.0,o5bm11030,38.0,STIS/CCD,EXT-MEDIUM;PLANETARY NEBULA;EMISSION LINE NEBULA,8271,3,*Emission*
LMC-SMP-13,75.000625,-70.46144444444,5450.0,10140.0,o5bm04020,170.0,STIS/CCD,EXT-MEDIUM;PLANETARY NEBULA;EMISSION LINE NEBULA,8271,3,*Emission*
LMC-SMP-13,75.000625,-70.46144444444,3020.0,5610.0,o5bm04030,74.0,STIS/CCD,EXT-MEDIUM;PLANETARY NEBULA;EMISSION LINE NEBULA,8271,3,*Emission*
LMC-SMP-13,75.000625,-70.46144444444,5450.0,10140.0,o5bm04bfq,20.0,STIS/CCD,EXT-MEDIUM;PLANETARY NEBULA;EMISSION LINE NEBULA,8271,2,*Emission*
LMC-SMP-34,77.57158333333,-68.80636111111,5450.0,10140.0,o5bm08020,200.0,STIS/CCD,EXT-MEDIUM;PLANETARY NEBULA;EMISSION LINE NEBULA,8271,3,*Emission*
LMC-SMP-34,77.57158333333,-68.80636111111,5450.0,10140.0,o5bm08cbq,25.0,STIS/CCD,EXT-MEDIUM;PLANETARY NEBULA;EMISSION LINE NEBULA,8271,2,*Emission*
LMC-SMP-25,76.59958333333,-69.05538888889,3020.0,5610.0,o5bm06050,170.0,STIS/CCD,EXT-MEDIUM;PLANETARY NEBULA;EMISSION LINE NEBULA,8271,3,*Emission*
LMC-SMP-58,81.08741666667,-70.08361111111,3020.0,5610.0,o5bm12040,150.0,STIS/CCD,EXT-MEDIUM;PLANETARY NEBULA;EMISSION LINE NEBULA,8271,3,*Emission*
LMC-SMP-58,81.08741666667,-70.08361111111,5450.0,10140.0,o5bm12030,380.0,STIS/CCD,EXT-MEDIUM;PLANETARY NEBULA;EMISSION LINE NEBULA,8271,3,*Emission*
LMC-SMP-25,76.59958333333,-69.05538888889,5450.0,10140.0,o5bm06fzq,8.0,STIS/CCD,EXT-MEDIUM;PLANETARY NEBULA;EMISSION LINE NEBULA,8271,2,*Emission*
LMC-SMP-71,82.6385,-70.74397222222,5450.0,10140.0,o5bm13gcq,22.0,STIS/CCD,EXT-MEDIUM;PLANETARY NEBULA;EMISSION LINE NEBULA,8271,2,*Emission*
LMC-SMP-78,83.58858333333,-68.97361111111,5450.0,10140.0,o5bm16030,480.0,STIS/CCD,EXT-MEDIUM;PLANETARY NEBULA;EMISSION LINE NEBULA,8271,3,*Emission*
LMC-SMP-79,83.53645833333,-74.33522222222,3020.0,5610.0,o5bm17030,120.0,STIS/CCD,EXT-MEDIUM;PLANETARY NEBULA;EMISSION LINE NEBULA,8271,3,*Emission*
LMC-SMP-81,83.83729166667,-73.92505555556,3020.0,5610.0,o5bm18030,33.0,STIS/CCD,EXT-MEDIUM;PLANETARY NEBULA;EMISSION LINE NEBULA,8271,3,*Emission*
LMC-SMP-94,88.54466666667,-73.04658333333,3020.0,5610.0,o5bm20040,480.0,STIS/CCD,EXT-MEDIUM;PLANETARY NEBULA;EMISSION LINE NEBULA,8271,3,*Emission*
LMC-SMP-100,95.7315,-72.12813888889,3020.0,5610.0,o5bm21040,150.0,STIS/CCD,EXT-MEDIUM;PLANETARY NEBULA;EMISSION LINE NEBULA,8271,3,*Emission*
LMC-SMP-79,83.53645833333,-74.33522222222,5450.0,10140.0,o5bm17g9q,13.0,STIS/CCD,EXT-MEDIUM;PLANETARY NEBULA;EMISSION LINE NEBULA,8271,2,*Emission*
LMC-SMP-9,72.60295833333,-68.22130555556,5450.0,10140.0,o5bm23lrq,70.0,STIS/CCD,EXT-MEDIUM;PLANETARY NEBULA;EMISSION LINE NEBULA,8271,2,*Emission*
LMC-SMP-9,72.60295833333,-68.22130555556,3020.0,5610.0,o5bm23030,300.0,STIS/CCD,EXT-MEDIUM;PLANETARY NEBULA;EMISSION LINE NEBULA,8271,3,*Emission*
LMC-SMP-94,88.54466666667,-73.04658333333,5450.0,10140.0,o5bm20raq,31.0,STIS/CCD,EXT-MEDIUM;PLANETARY NEBULA;EMISSION LINE NEBULA,8271,2,*Emission*
LMC-SMP-94,88.54466666667,-73.04658333333,3020.0,5610.0,o5bm20030,90.0,STIS/CCD,EXT-MEDIUM;PLANETARY NEBULA;EMISSION LINE NEBULA,8271,3,*Emission*
LMC-SMP-4,70.84145833333,-71.50261111111,5450.0,10140.0,o5bm22qhq,90.0,STIS/CCD,EXT-MEDIUM;PLANETARY NEBULA;EMISSION LINE NEBULA,8271,2,*Emission*
LMC-SMP-27,76.97895833333,-66.96247222222,5450.0,10140.0,o5bm30diq,80.0,STIS/CCD,EXT-MEDIUM;PLANETARY NEBULA;EMISSION LINE NEBULA,8271,2,*Emission*
LMC-SMP-100,95.7315,-72.12813888889,5450.0,10140.0,o5bm21xwq,5.0,STIS/CCD,EXT-MEDIUM;PLANETARY NEBULA;EMISSION LINE NEBULA,8271,2,*Emission*
LMC-SMP-30,77.294125,-66.89391666667,5450.0,10140.0,o5bm32haq,90.0,STIS/CCD,EXT-MEDIUM;PLANETARY NEBULA;EMISSION LINE NEBULA,8271,2,*Emission*
LMC-SMP-18,75.92754166667,-70.11275,5450.0,10140.0,o5bm29dzq,72.0,STIS/CCD,EXT-MEDIUM;PLANETARY NEBULA;EMISSION LINE NEBULA,8271,2,*Emission*
LMC-SMP-95,90.43845833333,-67.93536111111,5450.0,10140.0,o5bm46qrq,85.0,STIS/CCD,EXT-MEDIUM;PLANETARY NEBULA;EMISSION LINE NEBULA,8271,2,*Emission*
LMC-SMP-93,87.41145833333,-69.16716666667,5450.0,10140.0,o5bm45lfq,72.0,STIS/CCD,EXT-MEDIUM;PLANETARY NEBULA;EMISSION LINE NEBULA,8271,2,*Emission*
LMC-SMP-65,81.93270833333,-71.43227777778,5450.0,10140.0,o5bm40eoq,65.0,STIS/CCD,EXT-MEDIUM;PLANETARY NEBULA;EMISSION LINE NEBULA,8271,2,*Emission*
LMC-SMP-31,77.33416666667,-67.79038888889,5450.0,10140.0,o5bm33q9q,26.0,STIS/CCD,EXT-MEDIUM;PLANETARY NEBULA;EMISSION LINE NEBULA,8271,2,*Emission*
LMC-SMP-80,83.66195833333,-70.33208333333,5450.0,10140.0,o5bm42ktq,45.0,STIS/CCD,EXT-MEDIUM;PLANETARY NEBULA;EMISSION LINE NEBULA,8271,2,*Emission*
HD100546,173.3559763585,-70.19477596857,3020.0,5610.0,o5c901vrq,0.1,STIS/CCD,STAR;B6-B9.5 V-IV;EMISSION LINE STAR,8300,1,*Emission*
HD100546,173.3559763585,-70.1947759687,3020.0,5610.0,o5c901vqq,0.1,STIS/CCD,STAR;B6-B9.5 V-IV;EMISSION LINE STAR,8300,1,*Emission*
HD60414,113.449909128,-14.52386969098,1680.0,3060.0,o5dn03kgq,2.0,STIS/CCD,STAR;COMPOSITE SPECTRAL TYPE;M III-I;EMISSION LINE STAR,8257,1,*Emission*
HD60414,113.449909128,-14.52386969098,1680.0,3060.0,o5dn03khq,2.0,STIS/CCD,STAR;COMPOSITE SPECTRAL TYPE;M III-I;EMISSION LINE STAR,8257,1,*Emission*
HD208816,329.1630209472,63.62556440705,2900.0,5700.0,o5dn01o3q,0.2,STIS/CCD,STAR;COMPOSITE SPECTRAL TYPE;M III-I;EMISSION LINE STAR,8257,1,*Emission*
HD208816,329.1630209936,63.62556349905,2900.0,5700.0,o5dn02plq,0.2,STIS/CCD,STAR;COMPOSITE SPECTRAL TYPE;M III-I;EMISSION LINE STAR,8257,1,*Emission*
HD208816,329.1630209936,63.62556349906,2900.0,5700.0,o5dn02pkq,0.2,STIS/CCD,STAR;COMPOSITE SPECTRAL TYPE;M III-I;EMISSION LINE STAR,8257,1,*Emission*
HD203338,319.8153048688,58.6235422611,1680.0,3060.0,o5dn04slq,2.0,STIS/CCD,STAR;COMPOSITE SPECTRAL TYPE;M III-I;EMISSION LINE STAR,8257,1,*Emission*
HD203338,319.8153048688,58.62354226111,1680.0,3060.0,o5dn04skq,2.0,STIS/CCD,STAR;COMPOSITE SPECTRAL TYPE;M III-I;EMISSION LINE STAR,8257,1,*Emission*
HD208816,329.1630209472,63.62556440706,2900.0,5700.0,o5dn01o2q,0.2,STIS/CCD,STAR;COMPOSITE SPECTRAL TYPE;M III-I;EMISSION LINE STAR,8257,1,*Emission*
SMC-SP-34,18.045,-71.4475,3020.0,5610.0,o65s55030,1000.0,STIS/CCD,EXT-MEDIUM;PLANETARY NEBULA;EMISSION LINE NEBULA,8663,3,*Emission*
SMC-SP-34,18.045,-71.4475,5450.0,10140.0,o65s55020,500.0,STIS/CCD,EXT-MEDIUM;PLANETARY NEBULA;EMISSION LINE NEBULA,8663,3,*Emission*
SMC-SMP-27,20.29625,-73.2425,3020.0,5610.0,o65s53040,160.0,STIS/CCD,EXT-MEDIUM;PLANETARY NEBULA;EMISSION LINE NEBULA,8663,3,*Emission*
SMC-SMP-27,20.29625,-73.2425,5450.0,10140.0,o65s53030,360.0,STIS/CCD,EXT-MEDIUM;PLANETARY NEBULA;EMISSION LINE NEBULA,8663,3,*Emission*
SMC-SMP-26,16.07458333333,-73.36391666667,3020.0,5610.0,o65s52030,1200.0,STIS/CCD,EXT-MEDIUM;PLANETARY NEBULA;EMISSION LINE NEBULA,8663,3,*Emission*
SMC-SMP-27,20.29625,-73.2425,5450.0,10140.0,o65s53020,80.0,STIS/CCD,EXT-MEDIUM;PLANETARY NEBULA;EMISSION LINE NEBULA,8663,3,*Emission*
SMC-SMP-24,14.81916666667,-72.03355555556,5450.0,10140.0,o65s50020,150.0,STIS/CCD,EXT-MEDIUM;PLANETARY NEBULA;EMISSION LINE NEBULA,8663,3,*Emission*
SMC-SMP-26,16.07458333333,-73.36391666667,5450.0,10140.0,o65s52020,900.0,STIS/CCD,EXT-MEDIUM;PLANETARY NEBULA;EMISSION LINE NEBULA,8663,3,*Emission*
SMC-SMP-25,14.91916666667,-71.63775,3020.0,5610.0,o65s51030,920.0,STIS/CCD,EXT-MEDIUM;PLANETARY NEBULA;EMISSION LINE NEBULA,8663,3,*Emission*
SMC-SMP-25,14.91916666667,-71.63775,5450.0,10140.0,o65s51020,460.0,STIS/CCD,EXT-MEDIUM;PLANETARY NEBULA;EMISSION LINE NEBULA,8663,3,*Emission*
SMC-SMP-22,14.65583333333,-71.59694444444,5450.0,10140.0,o65s49020,200.0,STIS/CCD,EXT-MEDIUM;PLANETARY NEBULA;EMISSION LINE NEBULA,8663,3,*Emission*
SMC-SMP-22,14.65583333333,-71.59694444444,3020.0,5610.0,o65s49030,840.0,STIS/CCD,EXT-MEDIUM;PLANETARY NEBULA;EMISSION LINE NEBULA,8663,3,*Emission*
SMC-SMP-24,14.81916666667,-72.03355555556,3020.0,5610.0,o65s50030,500.0,STIS/CCD,EXT-MEDIUM;PLANETARY NEBULA;EMISSION LINE NEBULA,8663,3,*Emission*
SMC-SMP-20,14.02041666667,-70.32155555556,3020.0,5610.0,o65s48040,160.0,STIS/CCD,EXT-MEDIUM;PLANETARY NEBULA;EMISSION LINE NEBULA,8663,3,*Emission*
SMC-SMP-20,14.02041666667,-70.32155555556,5450.0,10140.0,o65s48030,320.0,STIS/CCD,EXT-MEDIUM;PLANETARY NEBULA;EMISSION LINE NEBULA,8663,3,*Emission*
SMC-SMP-20,14.02041666667,-70.32155555556,5450.0,10140.0,o65s48020,80.0,STIS/CCD,EXT-MEDIUM;PLANETARY NEBULA;EMISSION LINE NEBULA,8663,3,*Emission*
SMC-SMP-17,12.98541666667,-71.4125,3020.0,5610.0,o65s47040,160.0,STIS/CCD,EXT-MEDIUM;PLANETARY NEBULA;EMISSION LINE NEBULA,8663,3,*Emission*
SMC-SMP-17,12.98541666667,-71.4125,5450.0,10140.0,o65s47030,100.0,STIS/CCD,EXT-MEDIUM;PLANETARY NEBULA;EMISSION LINE NEBULA,8663,3,*Emission*
SMC-SMP-14,12.64458333333,-73.716,3020.0,5610.0,o65s45030,540.0,STIS/CCD,EXT-MEDIUM;PLANETARY NEBULA;EMISSION LINE NEBULA,8663,3,*Emission*
SMC-SMP-17,12.98541666667,-71.4125,5450.0,10140.0,o65s47020,100.0,STIS/CCD,EXT-MEDIUM;PLANETARY NEBULA;EMISSION LINE NEBULA,8663,3,*Emission*
SMC-SMP-12,12.33666666667,-73.88305555556,3020.0,5610.0,o65s44030,650.0,STIS/CCD,EXT-MEDIUM;PLANETARY NEBULA;EMISSION LINE NEBULA,8663,3,*Emission*
SMC-SMP-12,12.33666666667,-73.88305555556,5450.0,10140.0,o65s44020,810.0,STIS/CCD,EXT-MEDIUM;PLANETARY NEBULA;EMISSION LINE NEBULA,8663,3,*Emission*
SMC-SMP-8,10.85625,-72.63836111111,3020.0,5610.0,o65s43030,320.0,STIS/CCD,EXT-MEDIUM;PLANETARY NEBULA;EMISSION LINE NEBULA,8663,3,*Emission*
SMC-SMP-14,12.64458333333,-73.716,5450.0,10140.0,o65s45020,290.0,STIS/CCD,EXT-MEDIUM;PLANETARY NEBULA;EMISSION LINE NEBULA,8663,3,*Emission*
SMC-SMP-8,10.85625,-72.63836111111,5450.0,10140.0,o65s43020,160.0,STIS/CCD,EXT-MEDIUM;PLANETARY NEBULA;EMISSION LINE NEBULA,8663,3,*Emission*
SMC-SMP-6,10.36583333333,-73.78497222222,3020.0,5610.0,o65s42030,280.0,STIS/CCD,EXT-MEDIUM;PLANETARY NEBULA;EMISSION LINE NEBULA,8663,3,*Emission*
SMC-SMP-4,10.17725,-75.27961111111,3020.0,5610.0,o65s41030,460.0,STIS/CCD,EXT-MEDIUM;PLANETARY NEBULA;EMISSION LINE NEBULA,8663,3,*Emission*
SMC-SMP-6,10.36583333333,-73.78497222222,5450.0,10140.0,o65s42020,190.0,STIS/CCD,EXT-MEDIUM;PLANETARY NEBULA;EMISSION LINE NEBULA,8663,3,*Emission*
SMC-SMP-1,5.995416666667,-73.63447222222,3020.0,5610.0,o65s40030,360.0,STIS/CCD,EXT-MEDIUM;PLANETARY NEBULA;EMISSION LINE NEBULA,8663,3,*Emission*
SMC-SMP-4,10.17725,-75.27961111111,5450.0,10140.0,o65s41020,230.0,STIS/CCD,EXT-MEDIUM;PLANETARY NEBULA;EMISSION LINE NEBULA,8663,3,*Emission*
SMC-SMP-1,5.995416666667,-73.63447222222,5450.0,10140.0,o65s40020,170.0,STIS/CCD,EXT-MEDIUM;PLANETARY NEBULA;EMISSION LINE NEBULA,8663,3,*Emission*
SMC-MG-13,25.79375,-72.95075,5450.0,10140.0,o65s39020,2100.0,STIS/CCD,EXT-MEDIUM;PLANETARY NEBULA;EMISSION LINE NEBULA,8663,3,*Emission*
SMC-MG-8,14.08208333333,-72.11663888889,3020.0,5610.0,o65s34030,1200.0,STIS/CCD,EXT-MEDIUM;PLANETARY NEBULA;EMISSION LINE NEBULA,8663,3,*Emission*
SMC-MG-2,7.042083333333,-72.97908333333,5450.0,10140.0,o65s28020,1300.0,STIS/CCD,EXT-MEDIUM;PLANETARY NEBULA;EMISSION LINE NEBULA,8663,3,*Emission*
SMC-MG-8,14.08208333333,-72.11663888889,5450.0,10140.0,o65s34020,620.0,STIS/CCD,EXT-MEDIUM;PLANETARY NEBULA;EMISSION LINE NEBULA,8663,3,*Emission*
SMC-MA-1796,18.69791666667,-73.33694444444,3020.0,5610.0,o65s26040,200.0,STIS/CCD,EXT-MEDIUM;PLANETARY NEBULA;EMISSION LINE NEBULA,8663,3,*Emission*
SMC-MG-2,7.042083333333,-72.97908333333,3020.0,5610.0,o65s28030,800.0,STIS/CCD,EXT-MEDIUM;PLANETARY NEBULA;EMISSION LINE NEBULA,8663,3,*Emission*
SMC-MA-1796,18.69791666667,-73.33694444444,5450.0,10140.0,o65s26020,100.0,STIS/CCD,EXT-MEDIUM;PLANETARY NEBULA;EMISSION LINE NEBULA,8663,3,*Emission*
SMC-MA-1796,18.69791666667,-73.33694444444,5450.0,10140.0,o65s26030,400.0,STIS/CCD,EXT-MEDIUM;PLANETARY NEBULA;EMISSION LINE NEBULA,8663,3,*Emission*
SMC-MA-1682,17.26666666667,-72.48583333333,5450.0,10140.0,o65s24020,2100.0,STIS/CCD,EXT-MEDIUM;PLANETARY NEBULA;EMISSION LINE NEBULA,8663,3,*Emission*
SMC-J-26,14.67666666667,-72.94972222222,5450.0,10140.0,o65s15020,380.0,STIS/CCD,EXT-MEDIUM;PLANETARY NEBULA;EMISSION LINE NEBULA,8663,3,*Emission*
SMC-J-27,14.93220833333,-72.95544444444,5450.0,10140.0,o65s16020,2100.0,STIS/CCD,EXT-MEDIUM;PLANETARY NEBULA;EMISSION LINE NEBULA,8663,3,*Emission*
SMC-MA-1762,18.16916666667,-72.89611111111,5450.0,10140.0,o65s25020,2100.0,STIS/CCD,EXT-MEDIUM;PLANETARY NEBULA;EMISSION LINE NEBULA,8663,3,*Emission*
SMC-J-26,14.67666666667,-72.94972222222,3020.0,5610.0,o65s15030,230.0,STIS/CCD,EXT-MEDIUM;PLANETARY NEBULA;EMISSION LINE NEBULA,8663,3,*Emission*
SMC-J-11,12.465,-73.73972222222,3020.0,5610.0,o65s06040,52.0,STIS/CCD,EXT-MEDIUM;PLANETARY NEBULA;EMISSION LINE NEBULA,8663,3,*Emission*
HD208816,329.1630812972,63.62554564012,2900.0,5700.0,o65p01osq,0.2,STIS/CCD,STAR;COMPOSITE SPECTRAL TYPE;M III-I;EMISSION LINE STAR,8779,1,*Emission*
HD208816,329.1630812973,63.62554564013,2900.0,5700.0,o65p01orq,0.2,STIS/CCD,STAR;COMPOSITE SPECTRAL TYPE;M III-I;EMISSION LINE STAR,8779,1,*Emission*
PK321+03D1,224.972625,-54.30225,3020.0,5610.0,o65204010,1120.0,STIS/CCD,ISM;PLANETARY NEBULA;EMISSION LINE NEBULA,8711,3,*Emission*
HD208816,329.1630812996,63.62554495232,2900.0,5700.0,o65p02kjq,0.2,STIS/CCD,STAR;COMPOSITE SPECTRAL TYPE;M III-I;EMISSION LINE STAR,8779,1,*Emission*
HD208816,329.1630812996,63.62554495233,2900.0,5700.0,o65p02kiq,0.2,STIS/CCD,STAR;COMPOSITE SPECTRAL TYPE;M III-I;EMISSION LINE STAR,8779,1,*Emission*
SMC-J-8,12.15208333333,-72.96666666667,5450.0,10140.0,o65s05020,60.0,STIS/CCD,EXT-MEDIUM;PLANETARY NEBULA;EMISSION LINE NEBULA,8663,3,*Emission*
SMC-J-3,11.33583333333,-73.40277777778,3020.0,5610.0,o65s02030,1100.0,STIS/CCD,EXT-MEDIUM;PLANETARY NEBULA;EMISSION LINE NEBULA,8663,3,*Emission*
SMC-J-3,11.33583333333,-73.40277777778,5450.0,10140.0,o65s02020,790.0,STIS/CCD,EXT-MEDIUM;PLANETARY NEBULA;EMISSION LINE NEBULA,8663,3,*Emission*
SMC-J-4,11.36375,-73.70388888889,5450.0,10140.0,o65s03020,890.0,STIS/CCD,EXT-MEDIUM;PLANETARY NEBULA;EMISSION LINE NEBULA,8663,3,*Emission*
SMC-J-4,11.36375,-73.70388888889,3020.0,5610.0,o65s03030,840.0,STIS/CCD,EXT-MEDIUM;PLANETARY NEBULA;EMISSION LINE NEBULA,8663,3,*Emission*
SMC-J-8,12.15208333333,-72.96666666667,5450.0,10140.0,o65s05030,300.0,STIS/CCD,EXT-MEDIUM;PLANETARY NEBULA;EMISSION LINE NEBULA,8663,3,*Emission*
SMC-J-11,12.465,-73.73972222222,5450.0,10140.0,o65s06020,36.0,STIS/CCD,EXT-MEDIUM;PLANETARY NEBULA;EMISSION LINE NEBULA,8663,3,*Emission*
SMC-J-8,12.15208333333,-72.96666666667,3020.0,5610.0,o65s05040,200.0,STIS/CCD,EXT-MEDIUM;PLANETARY NEBULA;EMISSION LINE NEBULA,8663,3,*Emission*
SMC-J-11,12.465,-73.73972222222,5450.0,10140.0,o65s06030,180.0,STIS/CCD,EXT-MEDIUM;PLANETARY NEBULA;EMISSION LINE NEBULA,8663,3,*Emission*
SMC-J-18,12.9325,-73.01505555556,5450.0,10140.0,o65s08020,2100.0,STIS/CCD,EXT-MEDIUM;PLANETARY NEBULA;EMISSION LINE NEBULA,8663,3,*Emission*
SMC-J-19,12.99208333333,-73.34236111111,5450.0,10140.0,o65s09020,42.0,STIS/CCD,EXT-MEDIUM;PLANETARY NEBULA;EMISSION LINE NEBULA,8663,3,*Emission*
SMC-J-20,13.29666666667,-72.75194444444,3020.0,5610.0,o65s10030,330.0,STIS/CCD,EXT-MEDIUM;PLANETARY NEBULA;EMISSION LINE NEBULA,8663,3,*Emission*
SMC-J-19,12.99208333333,-73.34236111111,5450.0,10140.0,o65s09030,210.0,STIS/CCD,EXT-MEDIUM;PLANETARY NEBULA;EMISSION LINE NEBULA,8663,3,*Emission*
SMC-J-20,13.29666666667,-72.75194444444,5450.0,10140.0,o65s10020,260.0,STIS/CCD,EXT-MEDIUM;PLANETARY NEBULA;EMISSION LINE NEBULA,8663,3,*Emission*
SMC-J-19,12.99208333333,-73.34236111111,3020.0,5610.0,o65s09040,160.0,STIS/CCD,EXT-MEDIUM;PLANETARY NEBULA;EMISSION LINE NEBULA,8663,3,*Emission*
SMC-J-23,13.8775,-72.83888888889,5450.0,10140.0,o65s12020,2100.0,STIS/CCD,EXT-MEDIUM;PLANETARY NEBULA;EMISSION LINE NEBULA,8663,3,*Emission*
HH30,67.90634342299,18.20686843916,5450.0,10140.0,o65x03040,2786.0,STIS/CCD,ISM;HERBIG-HARO OBJECT;JET;SHOCK FRONT;STAR FORMING REGION;EMISSION LINE NEBULA,8653,3,*Emission*
HH30,67.90634342299,18.20686843916,5450.0,10140.0,o65x02040,2786.0,STIS/CCD,ISM;HERBIG-HARO OBJECT;JET;SHOCK FRONT;STAR FORMING REGION;EMISSION LINE NEBULA,8653,3,*Emission*
HH30,67.90633493557,18.20688196921,5450.0,10140.0,o65x02030,2786.0,STIS/CCD,ISM;HERBIG-HARO OBJECT;JET;SHOCK FRONT;STAR FORMING REGION;EMISSION LINE NEBULA,8653,3,*Emission*
HH30,67.90633493557,18.20688196921,5240.0,10270.0,o65x01030,2650.0,STIS/CCD,ISM;HERBIG-HARO OBJECT;JET;SHOCK FRONT;STAR FORMING REGION;EMISSION LINE NEBULA,8653,3,*Emission*
HH30,67.90633317965,18.20686630792,5240.0,10270.0,o65x01020,2786.0,STIS/CCD,ISM;HERBIG-HARO OBJECT;JET;SHOCK FRONT;STAR FORMING REGION;EMISSION LINE NEBULA,8653,3,*Emission*
HH30,67.90633317965,18.20686630792,5450.0,10140.0,o65x02020,2786.0,STIS/CCD,ISM;HERBIG-HARO OBJECT;JET;SHOCK FRONT;STAR FORMING REGION;EMISSION LINE NEBULA,8653,3,*Emission*
HH30,67.90634342299,18.20686843916,5240.0,10270.0,o65x01040,2667.0,STIS/CCD,ISM;HERBIG-HARO OBJECT;JET;SHOCK FRONT;STAR FORMING REGION;EMISSION LINE NEBULA,8653,3,*Emission*
HH30,67.90633493557,18.20688196921,5450.0,10140.0,o65x03030,2786.0,STIS/CCD,ISM;HERBIG-HARO OBJECT;JET;SHOCK FRONT;STAR FORMING REGION;EMISSION LINE NEBULA,8653,3,*Emission*
HH30,67.90633317965,18.20686630792,5450.0,10140.0,o65x03020,2786.0,STIS/CCD,ISM;HERBIG-HARO OBJECT;JET;SHOCK FRONT;STAR FORMING REGION;EMISSION LINE NEBULA,8653,3,*Emission*
HH30,67.90633493557,18.20688196921,2900.0,5700.0,o65x04030,2786.0,STIS/CCD,ISM;HERBIG-HARO OBJECT;JET;SHOCK FRONT;STAR FORMING REGION;EMISSION LINE NEBULA,8653,3,*Emission*
HH30,67.90633317965,18.20686630792,2900.0,5700.0,o65x04020,2786.0,STIS/CCD,ISM;HERBIG-HARO OBJECT;JET;SHOCK FRONT;STAR FORMING REGION;EMISSION LINE NEBULA,8653,3,*Emission*
HH30,67.90633317965,18.20686630792,5450.0,10140.0,o65x11020,2786.0,STIS/CCD,ISM;HERBIG-HARO OBJECT;JET;SHOCK FRONT;STAR FORMING REGION;EMISSION LINE NEBULA,8653,3,*Emission*
HH30,67.90633493557,18.20688196921,5450.0,10140.0,o65x11030,2786.0,STIS/CCD,ISM;HERBIG-HARO OBJECT;JET;SHOCK FRONT;STAR FORMING REGION;EMISSION LINE NEBULA,8653,3,*Emission*
HH30,67.90634342299,18.20686843916,5450.0,10140.0,o65x12040,2786.0,STIS/CCD,ISM;HERBIG-HARO OBJECT;JET;SHOCK FRONT;STAR FORMING REGION;EMISSION LINE NEBULA,8653,3,*Emission*
HH30,67.90634342299,18.20686843916,5450.0,10140.0,o65x11040,2786.0,STIS/CCD,ISM;HERBIG-HARO OBJECT;JET;SHOCK FRONT;STAR FORMING REGION;EMISSION LINE NEBULA,8653,3,*Emission*
HH30,67.90633317965,18.20686630792,2900.0,5700.0,o65x14020,2786.0,STIS/CCD,ISM;HERBIG-HARO OBJECT;JET;SHOCK FRONT;STAR FORMING REGION;EMISSION LINE NEBULA,8653,3,*Emission*
HH30,67.90634342299,18.20686843916,2900.0,5700.0,o65x14040,2786.0,STIS/CCD,ISM;HERBIG-HARO OBJECT;JET;SHOCK FRONT;STAR FORMING REGION;EMISSION LINE NEBULA,8653,3,*Emission*
HH30,67.90634342299,18.20686843916,2900.0,5700.0,o65x04040,2786.0,STIS/CCD,ISM;HERBIG-HARO OBJECT;JET;SHOCK FRONT;STAR FORMING REGION;EMISSION LINE NEBULA,8653,3,*Emission*
HH30,67.90633317965,18.20686630792,5450.0,10140.0,o65x12020,2786.0,STIS/CCD,ISM;HERBIG-HARO OBJECT;JET;SHOCK FRONT;STAR FORMING REGION;EMISSION LINE NEBULA,8653,3,*Emission*
HH30,67.90633493557,18.20688196921,2900.0,5700.0,o65x14030,2786.0,STIS/CCD,ISM;HERBIG-HARO OBJECT;JET;SHOCK FRONT;STAR FORMING REGION;EMISSION LINE NEBULA,8653,3,*Emission*
HH30,67.90633493557,18.20688196921,5450.0,10140.0,o65x12030,2786.0,STIS/CCD,ISM;HERBIG-HARO OBJECT;JET;SHOCK FRONT;STAR FORMING REGION;EMISSION LINE NEBULA,8653,3,*Emission*
LMC-SN1987A-HOTSPOTS-52X2,83.86715928819,-69.26992959332,5240.0,10270.0,o6am02030,1042.0,STIS/CCD,EXT-MEDIUM;SNR;HOTSPOT;EMISSION LINE NEBULA,8872,3,*Emission*
LMC-SN1987A-HOTSPOTS-52X2,83.86748818286,-69.26942466069,2900.0,5700.0,o6am020d0,920.0,STIS/CCD,EXT-MEDIUM;SNR;HOTSPOT;EMISSION LINE NEBULA,8872,3,*Emission*
LMC-SN1987A-HOTSPOTS-52X2,83.86755676756,-69.26992273606,2900.0,5700.0,o6am020g0,920.0,STIS/CCD,EXT-MEDIUM;SNR;HOTSPOT;EMISSION LINE NEBULA,8872,3,*Emission*
LMC-SMP-48,80.040375,-69.89397222222,5450.0,10140.0,o6cn15020,68.0,STIS/CCD,EXT-MEDIUM;PLANETARY NEBULA;EMISSION LINE NEBULA,9120,3,*Emission*
HD208816,329.1630809039,63.62554353809,2900.0,5700.0,o6c302f1q,0.2,STIS/CCD,STAR;COMPOSITE SPECTRAL TYPE;M III-I;EMISSION LINE STAR,9231,1,*Emission*
HD208816,329.1630809039,63.62554353808,2900.0,5700.0,o6c302f2q,0.2,STIS/CCD,STAR;COMPOSITE SPECTRAL TYPE;M III-I;EMISSION LINE STAR,9231,1,*Emission*
HD208816,329.1630806015,63.62554239097,1680.0,3060.0,o6c312010,20.0,STIS/CCD,STAR;COMPOSITE SPECTRAL TYPE;M III-I;EMISSION LINE STAR,9231,3,*Emission*
HD208816,329.1630806015,63.62554239096,2900.0,5700.0,o6c312020,0.4,STIS/CCD,STAR;COMPOSITE SPECTRAL TYPE;M III-I;EMISSION LINE STAR,9231,3,*Emission*
HD208816,329.1630812221,63.62554467542,2900.0,5700.0,o6c301nyq,0.2,STIS/CCD,STAR;COMPOSITE SPECTRAL TYPE;M III-I;EMISSION LINE STAR,9231,1,*Emission*
HD208816,329.1630812221,63.62554467543,2900.0,5700.0,o6c301nxq,0.2,STIS/CCD,STAR;COMPOSITE SPECTRAL TYPE;M III-I;EMISSION LINE STAR,9231,1,*Emission*
LMC-SN1987A-HOTSPOTS-52X2,83.86669324208,-69.26943837398,5240.0,10270.0,o6am02060,717.0,STIS/CCD,EXT-MEDIUM;SNR;HOTSPOT;EMISSION LINE NEBULA,8872,3,*Emission*
LMC-SN1987A-HOTSPOTS-52X2,83.86755676756,-69.26992273606,5240.0,10270.0,o6am02080,717.0,STIS/CCD,EXT-MEDIUM;SNR;HOTSPOT;EMISSION LINE NEBULA,8872,3,*Emission*
LMC-SN1987A-HOTSPOTS-52X2,83.8670907126,-69.26943151779,5240.0,10270.0,o6am02040,979.0,STIS/CCD,EXT-MEDIUM;SNR;HOTSPOT;EMISSION LINE NEBULA,8872,3,*Emission*
LMC-SN1987A-HOTSPOTS-52X2,83.8670907126,-69.26943151779,2900.0,5700.0,o6am020c0,981.0,STIS/CCD,EXT-MEDIUM;SNR;HOTSPOT;EMISSION LINE NEBULA,8872,3,*Emission*
LMC-SN1987A-HOTSPOTS-52X2,83.86676180857,-69.26993644967,5240.0,10270.0,o6am02070,717.0,STIS/CCD,EXT-MEDIUM;SNR;HOTSPOT;EMISSION LINE NEBULA,8872,3,*Emission*
LMC-SN1987A-HOTSPOTS-52X2,83.86748818286,-69.26942466069,5240.0,10270.0,o6am02090,658.0,STIS/CCD,EXT-MEDIUM;SNR;HOTSPOT;EMISSION LINE NEBULA,8872,3,*Emission*
LMC-SN1987A-HOTSPOTS-52X2,83.86715928819,-69.26992959332,2900.0,5700.0,o6am020f0,981.0,STIS/CCD,EXT-MEDIUM;SNR;HOTSPOT;EMISSION LINE NEBULA,8872,3,*Emission*
LMC-SN1987A-HOTSPOTS-52X2,83.86669324208,-69.26943837398,2900.0,5700.0,o6am020b0,981.0,STIS/CCD,EXT-MEDIUM;SNR;HOTSPOT;EMISSION LINE NEBULA,8872,3,*Emission*
HD208816,329.1630806015,63.62554239095,2900.0,5700.0,o6c312030,4.0,STIS/CCD,STAR;COMPOSITE SPECTRAL TYPE;M III-I;EMISSION LINE STAR,9231,3,*Emission*
HD208816,329.1630806015,63.62554239093,2900.0,5700.0,o6c312alq,0.2,STIS/CCD,STAR;COMPOSITE SPECTRAL TYPE;M III-I;EMISSION LINE STAR,9231,1,*Emission*
HD208816,329.1630806015,63.62554239093,2900.0,5700.0,o6c312akq,0.2,STIS/CCD,STAR;COMPOSITE SPECTRAL TYPE;M III-I;EMISSION LINE STAR,9231,1,*Emission*
LMC-SMP-48,80.040375,-69.89397222222,3020.0,5610.0,o6cn15030,132.0,STIS/CCD,EXT-MEDIUM;PLANETARY NEBULA;EMISSION LINE NEBULA,9120,3,*Emission*
LMC-SMP-11,72.90758333333,-67.08797222222,5450.0,10140.0,o6el52020,450.0,STIS/CCD,EXT-MEDIUM;PLANETARY NEBULA;EMISSION LINE NEBULA,9077,3,*Emission*
LMC-SMP-11,72.90758333333,-67.08797222222,3020.0,5610.0,o6el52030,900.0,STIS/CCD,EXT-MEDIUM;PLANETARY NEBULA;EMISSION LINE NEBULA,9077,3,*Emission*
LMC-SMP-14,75.08675,-70.98080555556,5450.0,10140.0,o6el54020,1500.0,STIS/CCD,EXT-MEDIUM;PLANETARY NEBULA;EMISSION LINE NEBULA,9077,3,*Emission*
LMC-SMP-29,77.01466666667,-68.67119444444,5450.0,10140.0,o6el5a020,150.0,STIS/CCD,EXT-MEDIUM;PLANETARY NEBULA;EMISSION LINE NEBULA,9077,3,*Emission*
LMC-SMP-14,75.08675,-70.98080555556,3020.0,5610.0,o6el54030,600.0,STIS/CCD,EXT-MEDIUM;PLANETARY NEBULA;EMISSION LINE NEBULA,9077,3,*Emission*
LMC-SMP-39,77.92608333333,-68.58347222222,5450.0,10140.0,o6el5d020,480.0,STIS/CCD,EXT-MEDIUM;PLANETARY NEBULA;EMISSION LINE NEBULA,9077,3,*Emission*
LMC-SMP-36,77.665625,-68.60125,5450.0,10140.0,o6el5b020,1.536024,STIS/CCD,EXT-MEDIUM;PLANETARY NEBULA;EMISSION LINE NEBULA,9077,3,*Emission*
LMC-SMP-36,77.665625,-68.60125,3020.0,5610.0,o6el5b030,1.536024,STIS/CCD,EXT-MEDIUM;PLANETARY NEBULA;EMISSION LINE NEBULA,9077,3,*Emission*
LMC-SMP-43,79.26195833333,-69.12122222222,5450.0,10140.0,o6el5e020,300.0,STIS/CCD,EXT-MEDIUM;PLANETARY NEBULA;EMISSION LINE NEBULA,9077,3,*Emission*
LMC-SMP-45,79.836375,-66.96875,5450.0,10140.0,o6el5g020,980.0,STIS/CCD,EXT-MEDIUM;PLANETARY NEBULA;EMISSION LINE NEBULA,9077,3,*Emission*
LMC-SMP-43,79.26195833333,-69.12122222222,3020.0,5610.0,o6el5e030,450.0,STIS/CCD,EXT-MEDIUM;PLANETARY NEBULA;EMISSION LINE NEBULA,9077,3,*Emission*
LMC-SMP-51,80.21895833333,-70.15972222222,5450.0,10140.0,o6el5i020,300.0,STIS/CCD,EXT-MEDIUM;PLANETARY NEBULA;EMISSION LINE NEBULA,9077,3,*Emission*
LMC-SMP-37,77.76204166667,-67.79966666667,5450.0,10140.0,o6el5c020,180.0,STIS/CCD,EXT-MEDIUM;PLANETARY NEBULA;EMISSION LINE NEBULA,9077,3,*Emission*
LMC-SMP-49,80.039,-70.42708333333,5450.0,10140.0,o6el5h020,700.0,STIS/CCD,EXT-MEDIUM;PLANETARY NEBULA;EMISSION LINE NEBULA,9077,3,*Emission*
LMC-SMP-37,77.76204166667,-67.79966666667,3020.0,5610.0,o6el5c030,260.0,STIS/CCD,EXT-MEDIUM;PLANETARY NEBULA;EMISSION LINE NEBULA,9077,3,*Emission*
LMC-SMP-51,80.21895833333,-70.15972222222,3020.0,5610.0,o6el5i030,440.0,STIS/CCD,EXT-MEDIUM;PLANETARY NEBULA;EMISSION LINE NEBULA,9077,3,*Emission*
LMC-SMP-49,80.039,-70.42708333333,3020.0,5610.0,o6el5h030,200.0,STIS/CCD,EXT-MEDIUM;PLANETARY NEBULA;EMISSION LINE NEBULA,9077,3,*Emission*
LMC-SMP-54,80.428875,-69.65688888889,5450.0,10140.0,o6el5j030,240.0,STIS/CCD,EXT-MEDIUM;PLANETARY NEBULA;EMISSION LINE NEBULA,9077,3,*Emission*
LMC-SMP-54,80.428875,-69.65688888889,3020.0,5610.0,o6el5j040,110.0,STIS/CCD,EXT-MEDIUM;PLANETARY NEBULA;EMISSION LINE NEBULA,9077,3,*Emission*
LMC-SMP-57,80.95270833333,-69.20594444444,5450.0,10140.0,o6el5k020,800.0,STIS/CCD,EXT-MEDIUM;PLANETARY NEBULA;EMISSION LINE NEBULA,9077,3,*Emission*
LMC-SMP-61,81.15008333333,-73.67761111111,5450.0,10140.0,o6el5m020,80.0,STIS/CCD,EXT-MEDIUM;PLANETARY NEBULA;EMISSION LINE NEBULA,9077,3,*Emission*
LMC-SMP-98,94.39833333333,-73.20947222222,5450.0,10140.0,o6el67020,120.0,STIS/CCD,EXT-MEDIUM;PLANETARY NEBULA;EMISSION LINE NEBULA,9077,3,*Emission*
LMC-SMP-98,94.39833333333,-73.20947222222,3020.0,5610.0,o6el67040,110.0,STIS/CCD,EXT-MEDIUM;PLANETARY NEBULA;EMISSION LINE NEBULA,9077,3,*Emission*
LMC-SMP-89,85.65416666667,-70.15863888889,5450.0,10140.0,o6el63020,45.0,STIS/CCD,EXT-MEDIUM;PLANETARY NEBULA;EMISSION LINE NEBULA,9077,3,*Emission*
LMC-SMP-84,84.22070833333,-71.89394444444,5450.0,10140.0,o6el5z020,150.0,STIS/CCD,EXT-MEDIUM;PLANETARY NEBULA;EMISSION LINE NEBULA,9077,3,*Emission*
LMC-SMP-92,86.7695,-69.45925,5450.0,10140.0,o6el66020,74.0,STIS/CCD,EXT-MEDIUM;PLANETARY NEBULA;EMISSION LINE NEBULA,9077,3,*Emission*
LMC-SMP-89,85.65416666667,-70.15863888889,3020.0,5610.0,o6el63040,72.0,STIS/CCD,EXT-MEDIUM;PLANETARY NEBULA;EMISSION LINE NEBULA,9077,3,*Emission*
LMC-SMP-82,83.99008333333,-69.97127777778,3020.0,5610.0,o6el5x030,440.0,STIS/CCD,EXT-MEDIUM;PLANETARY NEBULA;EMISSION LINE NEBULA,9077,3,*Emission*
LMC-SMP-82,83.99008333333,-69.97127777778,5450.0,10140.0,o6el5x020,900.0,STIS/CCD,EXT-MEDIUM;PLANETARY NEBULA;EMISSION LINE NEBULA,9077,3,*Emission*
LMC-SMP-73,82.841875,-70.67925,5450.0,10140.0,o6el5u020,80.0,STIS/CCD,EXT-MEDIUM;PLANETARY NEBULA;EMISSION LINE NEBULA,9077,3,*Emission*
LMC-SMP-73,82.841875,-70.67925,3020.0,5610.0,o6el5u040,150.0,STIS/CCD,EXT-MEDIUM;PLANETARY NEBULA;EMISSION LINE NEBULA,9077,3,*Emission*
LMC-SMP-39,77.92608333333,-68.58347222222,3020.0,5610.0,o6el5d030,200.0,STIS/CCD,EXT-MEDIUM;PLANETARY NEBULA;EMISSION LINE NEBULA,9077,3,*Emission*
LMC-SMP-57,80.95270833333,-69.20594444444,3020.0,5610.0,o6el5k030,460.0,STIS/CCD,EXT-MEDIUM;PLANETARY NEBULA;EMISSION LINE NEBULA,9077,3,*Emission*
LMC-SMP-45,79.836375,-66.96875,3020.0,5610.0,o6el5g030,320.0,STIS/CCD,EXT-MEDIUM;PLANETARY NEBULA;EMISSION LINE NEBULA,9077,3,*Emission*
LMC-SMP-73,82.841875,-70.67925,5450.0,10140.0,o6el5u030,360.0,STIS/CCD,EXT-MEDIUM;PLANETARY NEBULA;EMISSION LINE NEBULA,9077,3,*Emission*
LMC-SMP-67,82.31529166667,-67.54630555556,3020.0,5610.0,o6el5p030,250.0,STIS/CCD,EXT-MEDIUM;PLANETARY NEBULA;EMISSION LINE NEBULA,9077,3,*Emission*
LMC-SMP-69,82.34716666667,-67.22269444444,5450.0,10140.0,o6el5r020,450.0,STIS/CCD,EXT-MEDIUM;PLANETARY NEBULA;EMISSION LINE NEBULA,9077,3,*Emission*
LMC-SMP-64,81.89916666667,-69.14897222222,5450.0,10140.0,o6el5o020,120.0,STIS/CCD,EXT-MEDIUM;PLANETARY NEBULA;EMISSION LINE NEBULA,9077,3,*Emission*
LMC-SMP-54,80.428875,-69.65688888889,5450.0,10140.0,o6el5j020,50.0,STIS/CCD,EXT-MEDIUM;PLANETARY NEBULA;EMISSION LINE NEBULA,9077,3,*Emission*
LMC-SMP-29,77.01466666667,-68.67119444444,3020.0,5610.0,o6el5a030,210.0,STIS/CCD,EXT-MEDIUM;PLANETARY NEBULA;EMISSION LINE NEBULA,9077,3,*Emission*
LMC-SMP-101,95.91804166667,-69.17716666667,3020.0,5610.0,o6el68030,270.0,STIS/CCD,EXT-MEDIUM;PLANETARY NEBULA;EMISSION LINE NEBULA,9077,3,*Emission*
LMC-SMP-98,94.39833333333,-73.20947222222,5450.0,10140.0,o6el67030,600.0,STIS/CCD,EXT-MEDIUM;PLANETARY NEBULA;EMISSION LINE NEBULA,9077,3,*Emission*
LMC-SMP-92,86.7695,-69.45925,5450.0,10140.0,o6el66030,360.0,STIS/CCD,EXT-MEDIUM;PLANETARY NEBULA;EMISSION LINE NEBULA,9077,3,*Emission*
LMC-SMP-91,86.27483333333,-68.11383333333,5450.0,10140.0,o6el65020,1100.0,STIS/CCD,EXT-MEDIUM;PLANETARY NEBULA;EMISSION LINE NEBULA,9077,3,*Emission*
LMC-SMP-83,84.08670833333,-67.30208333333,3020.0,5610.0,o6el5y040,90.0,STIS/CCD,EXT-MEDIUM;PLANETARY NEBULA;EMISSION LINE NEBULA,9077,3,*Emission*
LMC-SMP-88,85.63879166667,-70.49,5450.0,10140.0,o6el62020,320.0,STIS/CCD,EXT-MEDIUM;PLANETARY NEBULA;EMISSION LINE NEBULA,9077,3,*Emission*
LMC-SMP-92,86.7695,-69.45925,3020.0,5610.0,o6el66040,160.0,STIS/CCD,EXT-MEDIUM;PLANETARY NEBULA;EMISSION LINE NEBULA,9077,3,*Emission*
LMC-SMP-101,95.91804166667,-69.17716666667,5450.0,10140.0,o6el68020,200.0,STIS/CCD,EXT-MEDIUM;PLANETARY NEBULA;EMISSION LINE NEBULA,9077,3,*Emission*
LMC-SMP-91,86.27483333333,-68.11383333333,3020.0,5610.0,o6el65030,600.0,STIS/CCD,EXT-MEDIUM;PLANETARY NEBULA;EMISSION LINE NEBULA,9077,3,*Emission*
LMC-SMP-84,84.22070833333,-71.89394444444,3020.0,5610.0,o6el5z030,270.0,STIS/CCD,EXT-MEDIUM;PLANETARY NEBULA;EMISSION LINE NEBULA,9077,3,*Emission*
LMC-SMP-83,84.08670833333,-67.30208333333,5450.0,10140.0,o6el5y020,50.0,STIS/CCD,EXT-MEDIUM;PLANETARY NEBULA;EMISSION LINE NEBULA,9077,3,*Emission*
LMC-SMP-75,83.44583333333,-68.61227777778,3020.0,5610.0,o6el5w030,150.0,STIS/CCD,EXT-MEDIUM;PLANETARY NEBULA;EMISSION LINE NEBULA,9077,3,*Emission*
LMC-SMP-74,83.37416666667,-71.87455555556,3020.0,5610.0,o6el5v030,150.0,STIS/CCD,EXT-MEDIUM;PLANETARY NEBULA;EMISSION LINE NEBULA,9077,3,*Emission*
LMC-SMP-75,83.44583333333,-68.61227777778,5450.0,10140.0,o6el5w020,300.0,STIS/CCD,EXT-MEDIUM;PLANETARY NEBULA;EMISSION LINE NEBULA,9077,3,*Emission*
LMC-SMP-74,83.37416666667,-71.87455555556,5450.0,10140.0,o6el5vonq,360.0,STIS/CCD,EXT-MEDIUM;PLANETARY NEBULA;EMISSION LINE NEBULA,9077,2,*Emission*
LMC-SMP-74,83.37416666667,-71.87455555556,5450.0,10140.0,o6el5v020,90.0,STIS/CCD,EXT-MEDIUM;PLANETARY NEBULA;EMISSION LINE NEBULA,9077,3,*Emission*
LMC-SMP-69,82.34716666667,-67.22269444444,3020.0,5610.0,o6el5r030,360.0,STIS/CCD,EXT-MEDIUM;PLANETARY NEBULA;EMISSION LINE NEBULA,9077,3,*Emission*
LMC-SMP-68,82.261875,-70.32355555556,3020.0,5610.0,o6el5q030,300.0,STIS/CCD,EXT-MEDIUM;PLANETARY NEBULA;EMISSION LINE NEBULA,9077,3,*Emission*
LMC-SMP-67,82.31529166667,-67.54630555556,5450.0,10140.0,o6el5p020,180.0,STIS/CCD,EXT-MEDIUM;PLANETARY NEBULA;EMISSION LINE NEBULA,9077,3,*Emission*
LMC-SMP-64,81.89916666667,-69.14897222222,3020.0,5610.0,o6el5o040,300.0,STIS/CCD,EXT-MEDIUM;PLANETARY NEBULA;EMISSION LINE NEBULA,9077,3,*Emission*
LMC-SMP-68,82.261875,-70.32355555556,5450.0,10140.0,o6el5q020,600.0,STIS/CCD,EXT-MEDIUM;PLANETARY NEBULA;EMISSION LINE NEBULA,9077,3,*Emission*
LMC-SMP-62,81.22933333333,-71.54872222222,3020.0,5610.0,o6el5n040,70.0,STIS/CCD,EXT-MEDIUM;PLANETARY NEBULA;EMISSION LINE NEBULA,9077,3,*Emission*
LMC-SMP-62,81.22933333333,-71.54872222222,5450.0,10140.0,o6el5n030,300.0,STIS/CCD,EXT-MEDIUM;PLANETARY NEBULA;EMISSION LINE NEBULA,9077,3,*Emission*
LMC-SMP-61,81.15008333333,-73.67761111111,3020.0,5610.0,o6el5m040,150.0,STIS/CCD,EXT-MEDIUM;PLANETARY NEBULA;EMISSION LINE NEBULA,9077,3,*Emission*
LMC-SMP-64,81.89916666667,-69.14897222222,5450.0,10140.0,o6el5o030,480.0,STIS/CCD,EXT-MEDIUM;PLANETARY NEBULA;EMISSION LINE NEBULA,9077,3,*Emission*
LMC-SMP-61,81.15008333333,-73.67761111111,5450.0,10140.0,o6el5m030,360.0,STIS/CCD,EXT-MEDIUM;PLANETARY NEBULA;EMISSION LINE NEBULA,9077,3,*Emission*
LMC-SMP-62,81.22933333333,-71.54872222222,5450.0,10140.0,o6el5n020,60.0,STIS/CCD,EXT-MEDIUM;PLANETARY NEBULA;EMISSION LINE NEBULA,9077,3,*Emission*
LMC-SMP-89,85.65416666667,-70.15863888889,5450.0,10140.0,o6el63030,180.0,STIS/CCD,EXT-MEDIUM;PLANETARY NEBULA;EMISSION LINE NEBULA,9077,3,*Emission*
LMC-SMP-83,84.08670833333,-67.30208333333,5450.0,10140.0,o6el5y030,240.0,STIS/CCD,EXT-MEDIUM;PLANETARY NEBULA;EMISSION LINE NEBULA,9077,3,*Emission*
LMC-SMP-88,85.63879166667,-70.49,3020.0,5610.0,o6el62030,540.0,STIS/CCD,EXT-MEDIUM;PLANETARY NEBULA;EMISSION LINE NEBULA,9077,3,*Emission*
LMC-MG-29,78.42645833333,-68.25455555556,5450.0,10140.0,o6el1h020,1500.0,STIS/CCD,EXT-MEDIUM;PLANETARY NEBULA;EMISSION LINE NEBULA,9077,3,*Emission*
LMC-J-5,77.9505,-69.39530555556,3020.0,5610.0,o6el02030,660.0,STIS/CCD,EXT-MEDIUM;PLANETARY NEBULA;EMISSION LINE NEBULA,9077,3,*Emission*
LMC-J-5,77.9505,-69.39530555556,5450.0,10140.0,o6el02020,330.0,STIS/CCD,EXT-MEDIUM;PLANETARY NEBULA;EMISSION LINE NEBULA,9077,3,*Emission*
LMC-J-25,79.97670833333,-69.51869444444,5450.0,10140.0,o6el0g030,330.0,STIS/CCD,EXT-MEDIUM;PLANETARY NEBULA;EMISSION LINE NEBULA,9077,3,*Emission*
LMC-J-25,79.97670833333,-69.51869444444,3020.0,5610.0,o6el0g040,90.0,STIS/CCD,EXT-MEDIUM;PLANETARY NEBULA;EMISSION LINE NEBULA,9077,3,*Emission*
LMC-J-25,79.97670833333,-69.51869444444,5450.0,10140.0,o6el0g020,70.0,STIS/CCD,EXT-MEDIUM;PLANETARY NEBULA;EMISSION LINE NEBULA,9077,3,*Emission*
LMC-J-27,80.03820833333,-69.89483333333,5450.0,10140.0,o6el0i020,30.0,STIS/CCD,EXT-MEDIUM;PLANETARY NEBULA;EMISSION LINE NEBULA,9077,3,*Emission*
LMC-J-27,80.03820833333,-69.89483333333,5450.0,10140.0,o6el0i030,150.0,STIS/CCD,EXT-MEDIUM;PLANETARY NEBULA;EMISSION LINE NEBULA,9077,3,*Emission*
LMC-J-27,80.03820833333,-69.89483333333,5450.0,10140.0,o6el0i040,600.0,STIS/CCD,EXT-MEDIUM;PLANETARY NEBULA;EMISSION LINE NEBULA,9077,3,*Emission*
LMC-J-33,80.323125,-69.71694444444,3020.0,5610.0,o6el0l030,600.0,STIS/CCD,EXT-MEDIUM;PLANETARY NEBULA;EMISSION LINE NEBULA,9077,3,*Emission*
LMC-J-34,80.348875,-68.59336111111,5450.0,10140.0,o6el0m020,36.0,STIS/CCD,EXT-MEDIUM;PLANETARY NEBULA;EMISSION LINE NEBULA,9077,3,*Emission*
LMC-J-34,80.348875,-68.59336111111,5450.0,10140.0,o6el0m030,180.0,STIS/CCD,EXT-MEDIUM;PLANETARY NEBULA;EMISSION LINE NEBULA,9077,3,*Emission*
LMC-J-27,80.03820833333,-69.89483333333,3020.0,5610.0,o6el0i050,48.0,STIS/CCD,EXT-MEDIUM;PLANETARY NEBULA;EMISSION LINE NEBULA,9077,3,*Emission*
LMC-J-33,80.323125,-69.71694444444,5450.0,10140.0,o6el0l020,1500.0,STIS/CCD,EXT-MEDIUM;PLANETARY NEBULA;EMISSION LINE NEBULA,9077,3,*Emission*
LMC-J-39,81.35816666667,-68.93227777778,5450.0,10140.0,o6el0o030,180.0,STIS/CCD,EXT-MEDIUM;PLANETARY NEBULA;EMISSION LINE NEBULA,9077,3,*Emission*
LMC-J-39,81.35816666667,-68.93227777778,3020.0,5610.0,o6el0o040,60.0,STIS/CCD,EXT-MEDIUM;PLANETARY NEBULA;EMISSION LINE NEBULA,9077,3,*Emission*
LMC-J-34,80.348875,-68.59336111111,3020.0,5610.0,o6el0m040,60.0,STIS/CCD,EXT-MEDIUM;PLANETARY NEBULA;EMISSION LINE NEBULA,9077,3,*Emission*
LMC-J-39,81.35816666667,-68.93227777778,5450.0,10140.0,o6el0o020,34.0,STIS/CCD,EXT-MEDIUM;PLANETARY NEBULA;EMISSION LINE NEBULA,9077,3,*Emission*
LMC-MG-4,73.1885,-70.29697222222,5450.0,10140.0,o6el0s020,300.0,STIS/CCD,EXT-MEDIUM;PLANETARY NEBULA;EMISSION LINE NEBULA,9077,3,*Emission*
LMC-MG-14,76.11541666667,-68.96983333333,5450.0,10140.0,o6el12020,480.0,STIS/CCD,EXT-MEDIUM;PLANETARY NEBULA;EMISSION LINE NEBULA,9077,3,*Emission*
LMC-MG-14,76.11541666667,-68.96983333333,3020.0,5610.0,o6el12030,600.0,STIS/CCD,EXT-MEDIUM;PLANETARY NEBULA;EMISSION LINE NEBULA,9077,3,*Emission*
LMC-MG-4,73.1885,-70.29697222222,3020.0,5610.0,o6el0s040,900.0,STIS/CCD,EXT-MEDIUM;PLANETARY NEBULA;EMISSION LINE NEBULA,9077,3,*Emission*
LMC-MG-4,73.1885,-70.29697222222,5450.0,10140.0,o6el0s030,1200.0,STIS/CCD,EXT-MEDIUM;PLANETARY NEBULA;EMISSION LINE NEBULA,9077,3,*Emission*
LMC-MG-40,80.64691666667,-68.40702777778,5450.0,10140.0,o6el1s020,180.0,STIS/CCD,EXT-MEDIUM;PLANETARY NEBULA;EMISSION LINE NEBULA,9077,3,*Emission*
LMC-MG-16,76.52158333333,-64.81366666667,3020.0,5610.0,o6el14040,600.0,STIS/CCD,EXT-MEDIUM;PLANETARY NEBULA;EMISSION LINE NEBULA,9077,3,*Emission*
LMC-MG-29,78.42645833333,-68.25455555556,3020.0,5610.0,o6el1h030,600.0,STIS/CCD,EXT-MEDIUM;PLANETARY NEBULA;EMISSION LINE NEBULA,9077,3,*Emission*
LMC-MG-16,76.52158333333,-64.81366666667,5450.0,10140.0,o6el14030,1200.0,STIS/CCD,EXT-MEDIUM;PLANETARY NEBULA;EMISSION LINE NEBULA,9077,3,*Emission*
LMC-MG-40,80.64691666667,-68.40702777778,3020.0,5610.0,o6el1s030,1000.0,STIS/CCD,EXT-MEDIUM;PLANETARY NEBULA;EMISSION LINE NEBULA,9077,3,*Emission*
LMC-MG-45,81.52704166667,-63.61725,5450.0,10140.0,o6el1x020,300.0,STIS/CCD,EXT-MEDIUM;PLANETARY NEBULA;EMISSION LINE NEBULA,9077,3,*Emission*
LMC-MG-16,76.52158333333,-64.81366666667,5450.0,10140.0,o6el14020,300.0,STIS/CCD,EXT-MEDIUM;PLANETARY NEBULA;EMISSION LINE NEBULA,9077,3,*Emission*
LMC-MG-51,82.143375,-70.55044444444,3020.0,5610.0,o6el23040,600.0,STIS/CCD,EXT-MEDIUM;PLANETARY NEBULA;EMISSION LINE NEBULA,9077,3,*Emission*
LMC-SMP-7,72.12366666667,-69.13683333333,3020.0,5610.0,o6el51030,1.535838,STIS/CCD,EXT-MEDIUM;PLANETARY NEBULA;EMISSION LINE NEBULA,9077,3,*Emission*
LMC-SA-107,76.682125,-69.2605,5450.0,10140.0,o6el4p020,640.0,STIS/CCD,EXT-MEDIUM;PLANETARY NEBULA;EMISSION LINE NEBULA,9077,3,*Emission*
LMC-MG-51,82.143375,-70.55044444444,5450.0,10140.0,o6el23020,300.0,STIS/CCD,EXT-MEDIUM;PLANETARY NEBULA;EMISSION LINE NEBULA,9077,3,*Emission*
LMC-MG-45,81.52704166667,-63.61725,3020.0,5610.0,o6el1x040,600.0,STIS/CCD,EXT-MEDIUM;PLANETARY NEBULA;EMISSION LINE NEBULA,9077,3,*Emission*
LMC-MO-33,83.03866666667,-70.41152777778,3020.0,5610.0,o6el3z030,480.0,STIS/CCD,EXT-MEDIUM;PLANETARY NEBULA;EMISSION LINE NEBULA,9077,3,*Emission*
LMC-MO-7,72.33275,-64.37658333333,5450.0,10140.0,o6el39020,300.0,STIS/CCD,EXT-MEDIUM;PLANETARY NEBULA;EMISSION LINE NEBULA,9077,3,*Emission*
LMC-MG-70,84.55108333333,-75.00608333333,5450.0,10140.0,o6el2m020,300.0,STIS/CCD,EXT-MEDIUM;PLANETARY NEBULA;EMISSION LINE NEBULA,9077,3,*Emission*
LMC-MO-36,84.72316666667,-69.96547222222,5450.0,10140.0,o6el42030,1200.0,STIS/CCD,EXT-MEDIUM;PLANETARY NEBULA;EMISSION LINE NEBULA,9077,3,*Emission*
LMC-MO-7,72.33275,-64.37658333333,5450.0,10140.0,o6el39030,1200.0,STIS/CCD,EXT-MEDIUM;PLANETARY NEBULA;EMISSION LINE NEBULA,9077,3,*Emission*
LMC-MG-45,81.52704166667,-63.61725,5450.0,10140.0,o6el1x030,1200.0,STIS/CCD,EXT-MEDIUM;PLANETARY NEBULA;EMISSION LINE NEBULA,9077,3,*Emission*
LMC-MO-36,84.72316666667,-69.96547222222,3020.0,5610.0,o6el42040,600.0,STIS/CCD,EXT-MEDIUM;PLANETARY NEBULA;EMISSION LINE NEBULA,9077,3,*Emission*
LMC-MG-70,84.55108333333,-75.00608333333,3020.0,5610.0,o6el2m040,600.0,STIS/CCD,EXT-MEDIUM;PLANETARY NEBULA;EMISSION LINE NEBULA,9077,3,*Emission*
LMC-MG-51,82.143375,-70.55044444444,5450.0,10140.0,o6el23030,1200.0,STIS/CCD,EXT-MEDIUM;PLANETARY NEBULA;EMISSION LINE NEBULA,9077,3,*Emission*
LMC-MO-33,83.03866666667,-70.41152777778,5450.0,10140.0,o6el3z020,1620.0,STIS/CCD,EXT-MEDIUM;PLANETARY NEBULA;EMISSION LINE NEBULA,9077,3,*Emission*
LMC-MO-7,72.33275,-64.37658333333,3020.0,5610.0,o6el39040,600.0,STIS/CCD,EXT-MEDIUM;PLANETARY NEBULA;EMISSION LINE NEBULA,9077,3,*Emission*
LMC-MO-36,84.72316666667,-69.96547222222,5450.0,10140.0,o6el42020,300.0,STIS/CCD,EXT-MEDIUM;PLANETARY NEBULA;EMISSION LINE NEBULA,9077,3,*Emission*
LMC-MO-47,93.26408333333,-65.91925,5450.0,10140.0,o6el4d020,300.0,STIS/CCD,EXT-MEDIUM;PLANETARY NEBULA;EMISSION LINE NEBULA,9077,3,*Emission*
LMC-MG-70,84.55108333333,-75.00608333333,5450.0,10140.0,o6el2m030,1200.0,STIS/CCD,EXT-MEDIUM;PLANETARY NEBULA;EMISSION LINE NEBULA,9077,3,*Emission*
LMC-MO-47,93.26408333333,-65.91925,3020.0,5610.0,o6el4d040,600.0,STIS/CCD,EXT-MEDIUM;PLANETARY NEBULA;EMISSION LINE NEBULA,9077,3,*Emission*
LMC-MO-47,93.26408333333,-65.91925,5450.0,10140.0,o6el4d030,1200.0,STIS/CCD,EXT-MEDIUM;PLANETARY NEBULA;EMISSION LINE NEBULA,9077,3,*Emission*
LMC-SA-104A,66.38291666667,-66.78833333333,5450.0,10140.0,o6el4m020,300.0,STIS/CCD,EXT-MEDIUM;PLANETARY NEBULA;EMISSION LINE NEBULA,9077,3,*Emission*
LMC-SA-104A,66.38291666667,-66.78833333333,5450.0,10140.0,o6el4m030,1200.0,STIS/CCD,EXT-MEDIUM;PLANETARY NEBULA;EMISSION LINE NEBULA,9077,3,*Emission*
LMC-SA-104A,66.38291666667,-66.78833333333,3020.0,5610.0,o6el4m040,600.0,STIS/CCD,EXT-MEDIUM;PLANETARY NEBULA;EMISSION LINE NEBULA,9077,3,*Emission*
LMC-SMP-3,70.59995833333,-66.21708333333,5450.0,10140.0,o6el4y030,70.0,STIS/CCD,EXT-MEDIUM;PLANETARY NEBULA;EMISSION LINE NEBULA,9077,3,*Emission*
LMC-SA-107,76.682125,-69.2605,3020.0,5610.0,o6el4p030,340.0,STIS/CCD,EXT-MEDIUM;PLANETARY NEBULA;EMISSION LINE NEBULA,9077,3,*Emission*
LMC-SA-117,81.23641666667,-69.25866666667,3020.0,5610.0,o6el4r030,640.0,STIS/CCD,EXT-MEDIUM;PLANETARY NEBULA;EMISSION LINE NEBULA,9077,3,*Emission*
LMC-SA-121,82.60945833333,-71.23,3020.0,5610.0,o6el4t030,600.0,STIS/CCD,EXT-MEDIUM;PLANETARY NEBULA;EMISSION LINE NEBULA,9077,3,*Emission*
LMC-SMP-6,71.91304166667,-72.4725,5450.0,10140.0,o6el50xcq,1.4,STIS/CCD,EXT-MEDIUM;PLANETARY NEBULA;EMISSION LINE NEBULA,9077,2,*Emission*
LMC-SMP-6,71.91304166667,-72.4725,5450.0,10140.0,o6el50xdq,7.0,STIS/CCD,EXT-MEDIUM;PLANETARY NEBULA;EMISSION LINE NEBULA,9077,2,*Emission*
LMC-SMP-3,70.59995833333,-66.21708333333,5450.0,10140.0,o6el4y020,14.0,STIS/CCD,EXT-MEDIUM;PLANETARY NEBULA;EMISSION LINE NEBULA,9077,3,*Emission*
LMC-SMP-7,72.12366666667,-69.13683333333,5450.0,10140.0,o6el51020,1.503839,STIS/CCD,EXT-MEDIUM;PLANETARY NEBULA;EMISSION LINE NEBULA,9077,3,*Emission*
LMC-SMP-5,72.03604166667,-67.43541666667,5450.0,10140.0,o6el4zojq,600.0,STIS/CCD,EXT-MEDIUM;PLANETARY NEBULA;EMISSION LINE NEBULA,9077,2,*Emission*
LMC-SMP-6,71.91304166667,-72.4725,3020.0,5610.0,o6el50xgq,2.0,STIS/CCD,EXT-MEDIUM;PLANETARY NEBULA;EMISSION LINE NEBULA,9077,2,*Emission*
LMC-SMP-3,70.59995833333,-66.21708333333,5450.0,10140.0,o6el4y040,280.0,STIS/CCD,EXT-MEDIUM;PLANETARY NEBULA;EMISSION LINE NEBULA,9077,3,*Emission*
LMC-SMP-5,72.03604166667,-67.43541666667,5450.0,10140.0,o6el4z020,120.0,STIS/CCD,EXT-MEDIUM;PLANETARY NEBULA;EMISSION LINE NEBULA,9077,3,*Emission*
LMC-SA-117,81.23641666667,-69.25866666667,5450.0,10140.0,o6el4r020,820.0,STIS/CCD,EXT-MEDIUM;PLANETARY NEBULA;EMISSION LINE NEBULA,9077,3,*Emission*
LMC-SMP-5,72.03604166667,-67.43541666667,3020.0,5610.0,o6el4z030,300.0,STIS/CCD,EXT-MEDIUM;PLANETARY NEBULA;EMISSION LINE NEBULA,9077,3,*Emission*
LMC-SMP-3,70.59995833333,-66.21708333333,3020.0,5610.0,o6el4y050,60.0,STIS/CCD,EXT-MEDIUM;PLANETARY NEBULA;EMISSION LINE NEBULA,9077,3,*Emission*
LMC-SA-121,82.60945833333,-71.23,5450.0,10140.0,o6el4t020,1500.0,STIS/CCD,EXT-MEDIUM;PLANETARY NEBULA;EMISSION LINE NEBULA,9077,3,*Emission*
LMC-SMP-6,71.91304166667,-72.4725,5450.0,10140.0,o6el50020,30.0,STIS/CCD,EXT-MEDIUM;PLANETARY NEBULA;EMISSION LINE NEBULA,9077,3,*Emission*
LMC-SN1987A-HOTSPOTS-52X2,83.8665041161,-69.26986415484,5240.0,10270.0,o6kq02090,717.0,STIS/CCD,EXT-MEDIUM;SNR;HOTSPOT;EMISSION LINE NEBULA,9328,3,*Emission*
LMC-SN1987A-HOTSPOTS-52X2,83.8665041161,-69.26986415484,2900.0,5700.0,o6kq020d0,981.0,STIS/CCD,EXT-MEDIUM;SNR;HOTSPOT;EMISSION LINE NEBULA,9328,3,*Emission*
LMC-SN1987A-HOTSPOTS-52X2,83.8668764739,-69.26991385439,5240.0,10270.0,o6kq02040,1051.0,STIS/CCD,EXT-MEDIUM;SNR;HOTSPOT;EMISSION LINE NEBULA,9328,3,*Emission*
LMC-SN1987A-HOTSPOTS-52X2,83.86673123678,-69.26993072015,5450.0,10140.0,o6kq01090,793.0,STIS/CCD,EXT-MEDIUM;SNR;HOTSPOT;EMISSION LINE NEBULA,9328,3,*Emission*
LMC-SN1987A-HOTSPOTS-52X2,83.86700116983,-69.26939755789,2900.0,5700.0,o6kq020g0,981.0,STIS/CCD,EXT-MEDIUM;SNR;HOTSPOT;EMISSION LINE NEBULA,9328,3,*Emission*
LMC-SN1987A-HOTSPOTS-52X2,83.86700116983,-69.26939755789,5240.0,10270.0,o6kq02080,717.0,STIS/CCD,EXT-MEDIUM;SNR;HOTSPOT;EMISSION LINE NEBULA,9328,3,*Emission*
LMC-SN1987A-HOTSPOTS-52X2,83.86751875413,-69.26943039007,5450.0,10140.0,o6kq01030,662.0,STIS/CCD,EXT-MEDIUM;SNR;HOTSPOT;EMISSION LINE NEBULA,9328,3,*Emission*
LMC-SN1987A-HOTSPOTS-52X2,83.86712081905,-69.26943122662,5450.0,10140.0,o6kq01040,661.0,STIS/CCD,EXT-MEDIUM;SNR;HOTSPOT;EMISSION LINE NEBULA,9328,3,*Emission*
LMC-SN1987A-HOTSPOTS-52X2,83.86672288393,-69.26943206225,5450.0,10140.0,o6kq01050,661.0,STIS/CCD,EXT-MEDIUM;SNR;HOTSPOT;EMISSION LINE NEBULA,9328,3,*Emission*
LMC-SN1987A-HOTSPOTS-52X2,83.86652387713,-69.2694324798,5450.0,10140.0,o6kq01060,397.0,STIS/CCD,EXT-MEDIUM;SNR;HOTSPOT;EMISSION LINE NEBULA,9328,3,*Emission*
LMC-SN1987A-HOTSPOTS-52X2,83.86752712528,-69.26992904794,5450.0,10140.0,o6kq01070,793.0,STIS/CCD,EXT-MEDIUM;SNR;HOTSPOT;EMISSION LINE NEBULA,9328,3,*Emission*
LMC-SN1987A-HOTSPOTS-52X2,83.86712918105,-69.2699298845,5450.0,10140.0,o6kq01080,793.0,STIS/CCD,EXT-MEDIUM;SNR;HOTSPOT;EMISSION LINE NEBULA,9328,3,*Emission*
LMC-SN1987A-HOTSPOTS-52X2,83.86737352075,-69.26944725637,5240.0,10270.0,o6kq02030,1051.0,STIS/CCD,EXT-MEDIUM;SNR;HOTSPOT;EMISSION LINE NEBULA,9328,3,*Emission*
LMC-SN1987A-HOTSPOTS-52X2,83.8672488334,-69.26996355314,5240.0,10270.0,o6kq02060,717.0,STIS/CCD,EXT-MEDIUM;SNR;HOTSPOT;EMISSION LINE NEBULA,9328,3,*Emission*
LMC-SN1987A-HOTSPOTS-52X2,83.86774587339,-69.26949695406,5240.0,10270.0,o6kq02070,717.0,STIS/CCD,EXT-MEDIUM;SNR;HOTSPOT;EMISSION LINE NEBULA,9328,3,*Emission*
LMC-SN1987A-HOTSPOTS-52X2,83.86774587339,-69.26949695406,2900.0,5700.0,o6kq020e0,983.0,STIS/CCD,EXT-MEDIUM;SNR;HOTSPOT;EMISSION LINE NEBULA,9328,3,*Emission*
LMC-SN1987A-HOTSPOTS-52X2,83.86737352075,-69.26944725637,2900.0,5700.0,o6kq020f0,981.0,STIS/CCD,EXT-MEDIUM;SNR;HOTSPOT;EMISSION LINE NEBULA,9328,3,*Emission*
LMC-SN1987A-HOTSPOTS-52X2,83.86756864257,-69.26992003188,5450.0,10140.0,o6mi30050,661.0,STIS/CCD,EXT-MEDIUM;SNR;HOTSPOT;EMISSION LINE NEBULA,9428,3,*Emission*
LMC-SN1987A-HOTSPOTS-52X2,83.86677448082,-69.26993865435,5450.0,10140.0,o6mi30030,661.0,STIS/CCD,EXT-MEDIUM;SNR;HOTSPOT;EMISSION LINE NEBULA,9428,3,*Emission*
PK166-06D1-JET,70.72285041667,36.11461305556,5240.0,10270.0,o6ms06010,650.0,STIS/CCD,ISM;PLANETARY NEBULA;JET;EMISSION LINE NEBULA,9430,3,*Emission*
PK166-06D1-JET,70.72285041667,36.11461305556,2900.0,5700.0,o6ms06060,800.0,STIS/CCD,ISM;PLANETARY NEBULA;JET;EMISSION LINE NEBULA,9430,3,*Emission*
PK166-06D1-JET,70.72275593605,36.11461617463,2900.0,5700.0,o6ms06070,780.0,STIS/CCD,ISM;PLANETARY NEBULA;JET;EMISSION LINE NEBULA,9430,3,*Emission*
LMC-SN1987A-HOTSPOTS-52X2,83.86776722194,-69.26991537477,5450.0,10140.0,o6mi30060,400.0,STIS/CCD,EXT-MEDIUM;SNR;HOTSPOT;EMISSION LINE NEBULA,9428,3,*Emission*
LMC-SN1987A-HOTSPOTS-52X2,83.86717156186,-69.26992934357,5450.0,10140.0,o6mi30040,661.0,STIS/CCD,EXT-MEDIUM;SNR;HOTSPOT;EMISSION LINE NEBULA,9428,3,*Emission*
LMC-SN1987A-HOTSPOTS-52X2,83.8670784392,-69.26943176754,5450.0,10140.0,o6mi30080,790.0,STIS/CCD,EXT-MEDIUM;SNR;HOTSPOT;EMISSION LINE NEBULA,9428,3,*Emission*
LMC-SN1987A-HOTSPOTS-52X2,83.86668136723,-69.2694410781,5450.0,10140.0,o6mi30070,793.0,STIS/CCD,EXT-MEDIUM;SNR;HOTSPOT;EMISSION LINE NEBULA,9428,3,*Emission*
LMC-SN1987A-HOTSPOTS-52X2,83.86717156186,-69.26992934357,5240.0,10270.0,o6mi35030,1040.0,STIS/CCD,EXT-MEDIUM;SNR;HOTSPOT;EMISSION LINE NEBULA,9428,3,*Emission*
LMC-SN1987A-HOTSPOTS-52X2,83.86747551083,-69.26942245606,5240.0,10270.0,o6mi35080,592.0,STIS/CCD,EXT-MEDIUM;SNR;HOTSPOT;EMISSION LINE NEBULA,9428,3,*Emission*
LMC-SN1987A-HOTSPOTS-52X2,83.86756864257,-69.26992003188,5240.0,10270.0,o6mi35070,720.0,STIS/CCD,EXT-MEDIUM;SNR;HOTSPOT;EMISSION LINE NEBULA,9428,3,*Emission*
LMC-SN1987A-HOTSPOTS-52X2,83.86677448082,-69.26993865435,5240.0,10270.0,o6mi35060,720.0,STIS/CCD,EXT-MEDIUM;SNR;HOTSPOT;EMISSION LINE NEBULA,9428,3,*Emission*
LMC-SN1987A-HOTSPOTS-52X2,83.86668136723,-69.2694410781,5240.0,10270.0,o6mi35050,720.0,STIS/CCD,EXT-MEDIUM;SNR;HOTSPOT;EMISSION LINE NEBULA,9428,3,*Emission*
LMC-SN1987A-HOTSPOTS-52X2,83.86747551083,-69.26942245606,5450.0,10140.0,o6mi30090,600.0,STIS/CCD,EXT-MEDIUM;SNR;HOTSPOT;EMISSION LINE NEBULA,9428,3,*Emission*
LMC-SN1987A-HOTSPOTS-52X2,83.8670784392,-69.26943176754,5240.0,10270.0,o6mi35040,1040.0,STIS/CCD,EXT-MEDIUM;SNR;HOTSPOT;EMISSION LINE NEBULA,9428,3,*Emission*
LMC-SN1987A-HOTSPOTS-52X2,83.86668136723,-69.2694410781,2900.0,5700.0,o6mi350a0,985.0,STIS/CCD,EXT-MEDIUM;SNR;HOTSPOT;EMISSION LINE NEBULA,9428,3,*Emission*
LMC-SN1987A-HOTSPOTS-52X2,83.8670784392,-69.26943176754,2900.0,5700.0,o6mi350b0,980.0,STIS/CCD,EXT-MEDIUM;SNR;HOTSPOT;EMISSION LINE NEBULA,9428,3,*Emission*
LMC-SN1987A-HOTSPOTS-52X2,83.86747551083,-69.26942245606,2900.0,5700.0,o6mi350c0,980.0,STIS/CCD,EXT-MEDIUM;SNR;HOTSPOT;EMISSION LINE NEBULA,9428,3,*Emission*
LMC-SN1987A-HOTSPOTS-52X2,83.86756864257,-69.26992003188,2900.0,5700.0,o6mi350f0,980.0,STIS/CCD,EXT-MEDIUM;SNR;HOTSPOT;EMISSION LINE NEBULA,9428,3,*Emission*
LMC-SN1987A-HOTSPOTS-52X2,83.86707843957,-69.26943176753,5450.0,10140.0,o6mi38040,630.0,STIS/CCD,EXT-MEDIUM;SNR;HOTSPOT;EMISSION LINE NEBULA,9428,3,*Emission*
LMC-SN1987A-HOTSPOTS-52X2,83.86747551122,-69.26942245612,5450.0,10140.0,o6mi38030,661.0,STIS/CCD,EXT-MEDIUM;SNR;HOTSPOT;EMISSION LINE NEBULA,9428,3,*Emission*
LMC-SN1987A-HOTSPOTS-52X2,83.86717156186,-69.26992934357,2900.0,5700.0,o6mi350e0,980.0,STIS/CCD,EXT-MEDIUM;SNR;HOTSPOT;EMISSION LINE NEBULA,9428,3,*Emission*
LMC-SN1987A-HOTSPOTS-52X2,83.86648279231,-69.26944573384,5450.0,10140.0,o6mi38060,400.0,STIS/CCD,EXT-MEDIUM;SNR;HOTSPOT;EMISSION LINE NEBULA,9428,3,*Emission*
LMC-SN1987A-HOTSPOTS-52X2,83.86668136759,-69.26944107802,5450.0,10140.0,o6mi38050,630.0,STIS/CCD,EXT-MEDIUM;SNR;HOTSPOT;EMISSION LINE NEBULA,9428,3,*Emission*
LMC-SN1987A-HOTSPOTS-52X2,83.86677448044,-69.26993865429,5450.0,10140.0,o6mi38090,600.0,STIS/CCD,EXT-MEDIUM;SNR;HOTSPOT;EMISSION LINE NEBULA,9428,3,*Emission*
LMC-SN1987A-HOTSPOTS-52X2,83.8671715615,-69.26992934358,5450.0,10140.0,o6mi38080,790.0,STIS/CCD,EXT-MEDIUM;SNR;HOTSPOT;EMISSION LINE NEBULA,9428,3,*Emission*
LMC-SN1987A-HOTSPOTS-52X2,83.86756864221,-69.26992003196,5450.0,10140.0,o6mi38070,793.0,STIS/CCD,EXT-MEDIUM;SNR;HOTSPOT;EMISSION LINE NEBULA,9428,3,*Emission*
LMC-SN1987A-HOTSPOTS-52X2,83.86677448082,-69.26993865435,2900.0,5700.0,o6mi350d0,980.0,STIS/CCD,EXT-MEDIUM;SNR;HOTSPOT;EMISSION LINE NEBULA,9428,3,*Emission*
PK166-06D1-JET,70.72283786479,36.11436492933,5240.0,10270.0,o6ms06030,604.0,STIS/CCD,ISM;PLANETARY NEBULA;JET;EMISSION LINE NEBULA,9430,3,*Emission*
PK166-06D1-JET,70.72283786479,36.11436492933,2900.0,5700.0,o6ms06080,800.0,STIS/CCD,ISM;PLANETARY NEBULA;JET;EMISSION LINE NEBULA,9430,3,*Emission*
PK166-06D1-JET,70.72274338447,36.11436804839,5450.0,10140.0,o6ms060d0,900.0,STIS/CCD,ISM;PLANETARY NEBULA;JET;EMISSION LINE NEBULA,9430,3,*Emission*
PK166-06D1-JET,70.72285041667,36.11461305556,5450.0,10140.0,o6ms060a0,854.0,STIS/CCD,ISM;PLANETARY NEBULA;JET;EMISSION LINE NEBULA,9430,3,*Emission*
PK166-06D1-JET,70.72283786479,36.11436492933,5450.0,10140.0,o6ms060c0,900.0,STIS/CCD,ISM;PLANETARY NEBULA;JET;EMISSION LINE NEBULA,9430,3,*Emission*
PK166-06D1-JET,70.72274338447,36.11436804839,2900.0,5700.0,o6ms06090,800.0,STIS/CCD,ISM;PLANETARY NEBULA;JET;EMISSION LINE NEBULA,9430,3,*Emission*
PK166-06D1-JET,70.72275593605,36.11461617463,5240.0,10270.0,o6ms06020,650.0,STIS/CCD,ISM;PLANETARY NEBULA;JET;EMISSION LINE NEBULA,9430,3,*Emission*
PK166-06D1-JET,70.72275593605,36.11461617463,5450.0,10140.0,o6ms060b0,825.0,STIS/CCD,ISM;PLANETARY NEBULA;JET;EMISSION LINE NEBULA,9430,3,*Emission*
PK166-06D1-JET,70.72274338447,36.11436804839,5240.0,10270.0,o6ms06040,650.0,STIS/CCD,ISM;PLANETARY NEBULA;JET;EMISSION LINE NEBULA,9430,3,*Emission*
P197-427,83.83191666667,-5.407394444444,5450.0,10140.0,o8t503010,130.0,STIS/CCD,STAR;EMISSION LINE STAR;M V-IV,9866,3,*Emission*
LMC-SN1987A-HOTSPOTS-52X2,83.8672488334,-69.26996355314,2900.0,5700.0,o6kq020b0,983.0,STIS/CCD,EXT-MEDIUM;SNR;HOTSPOT;EMISSION LINE NEBULA,9328,3,*Emission*
LMC-SN1987A-HOTSPOTS-52X2,83.8668764739,-69.26991385439,2900.0,5700.0,o6kq020c0,981.0,STIS/CCD,EXT-MEDIUM;SNR;HOTSPOT;EMISSION LINE NEBULA,9328,3,*Emission*
SN1987A-STIS,83.86755753758,-69.26973520273,5240.0,10270.0,o91o75020,1168.0,STIS/CCD,EXT-MEDIUM;SNR;HOTSPOT;EMISSION LINE NEBULA,10263,3,*Emission*
SN1987A-STIS,83.86669432566,-69.26973701647,5240.0,10270.0,o91o74020,1218.0,STIS/CCD,EXT-MEDIUM;SNR;HOTSPOT;EMISSION LINE NEBULA,10263,3,*Emission*
SN1987A-STIS,83.86696619032,-69.2695697761,5240.0,10270.0,o91o72050,1546.0,STIS/CCD,EXT-MEDIUM;SNR;HOTSPOT;EMISSION LINE NEBULA,10263,3,*Emission*
SN1987A-STIS,83.86755473936,-69.269568539,5240.0,10270.0,o91o75050,1473.0,STIS/CCD,EXT-MEDIUM;SNR;HOTSPOT;EMISSION LINE NEBULA,10263,3,*Emission*
SN1987A-STIS,83.86696898402,-69.26973643984,5240.0,10270.0,o91o72020,1238.0,STIS/CCD,EXT-MEDIUM;SNR;HOTSPOT;EMISSION LINE NEBULA,10263,3,*Emission*
SN1987A-STIS,83.86728194722,-69.26968022572,5240.0,10270.0,o91o73010,1238.0,STIS/CCD,EXT-MEDIUM;SNR;HOTSPOT;EMISSION LINE NEBULA,10263,3,*Emission*
SN1987A-STIS,83.86712313674,-69.26956944641,5240.0,10270.0,o91o71050,1546.0,STIS/CCD,EXT-MEDIUM;SNR;HOTSPOT;EMISSION LINE NEBULA,10263,3,*Emission*
SN1987A-STIS,83.86728287926,-69.26973578029,5240.0,10270.0,o91o73020,1238.0,STIS/CCD,EXT-MEDIUM;SNR;HOTSPOT;EMISSION LINE NEBULA,10263,3,*Emission*
SN1987A-STIS,83.86669339513,-69.26968146189,5240.0,10270.0,o91o74010,1168.0,STIS/CCD,EXT-MEDIUM;SNR;HOTSPOT;EMISSION LINE NEBULA,10263,3,*Emission*
SN1987A-STIS,83.8666924646,-69.26962590731,5240.0,10270.0,o91o74040,1423.0,STIS/CCD,EXT-MEDIUM;SNR;HOTSPOT;EMISSION LINE NEBULA,10263,3,*Emission*
SN1987A-STIS,83.86755660483,-69.26967964815,5240.0,10270.0,o91o75010,1218.0,STIS/CCD,EXT-MEDIUM;SNR;HOTSPOT;EMISSION LINE NEBULA,10263,3,*Emission*
SN1987A-STIS,83.86696712155,-69.26962533068,5240.0,10270.0,o91o72040,1446.0,STIS/CCD,EXT-MEDIUM;SNR;HOTSPOT;EMISSION LINE NEBULA,10263,3,*Emission*
SN1987A-STIS,83.86712593164,-69.26973611014,5240.0,10270.0,o91o71020,1238.0,STIS/CCD,EXT-MEDIUM;SNR;HOTSPOT;EMISSION LINE NEBULA,10263,3,*Emission*
SN1987A-STIS,83.86696805278,-69.26968088526,5240.0,10270.0,o91o72010,1238.0,STIS/CCD,EXT-MEDIUM;SNR;HOTSPOT;EMISSION LINE NEBULA,10263,3,*Emission*
SN1987A-STIS,83.86755567209,-69.26962409358,5240.0,10270.0,o91o75040,1423.0,STIS/CCD,EXT-MEDIUM;SNR;HOTSPOT;EMISSION LINE NEBULA,10263,3,*Emission*
SN1987A-STIS,83.86728008315,-69.26956911657,5240.0,10270.0,o91o73050,1546.0,STIS/CCD,EXT-MEDIUM;SNR;HOTSPOT;EMISSION LINE NEBULA,10263,3,*Emission*
SN1987A-STIS,83.86728101518,-69.26962467114,5240.0,10270.0,o91o73040,1446.0,STIS/CCD,EXT-MEDIUM;SNR;HOTSPOT;EMISSION LINE NEBULA,10263,3,*Emission*
SN1987A-STIS,83.86712406837,-69.26962500098,5240.0,10270.0,o91o71040,1446.0,STIS/CCD,EXT-MEDIUM;SNR;HOTSPOT;EMISSION LINE NEBULA,10263,3,*Emission*
SN1987A-STIS,83.86669153408,-69.26957035273,5240.0,10270.0,o91o74050,1473.0,STIS/CCD,EXT-MEDIUM;SNR;HOTSPOT;EMISSION LINE NEBULA,10263,3,*Emission*
LMC-SN1987A-HOTSPOTS-52X2,83.86676180857,-69.26993644967,2900.0,5700.0,o6am020e0,981.0,STIS/CCD,EXT-MEDIUM;SNR;HOTSPOT;EMISSION LINE NEBULA,8872,3,*Emission*
LMC-MO-21,79.76708333333,-64.74391666667,5450.0,10140.0,o6el3n030,1200.0,STIS/CCD,EXT-MEDIUM;PLANETARY NEBULA;EMISSION LINE NEBULA,9077,3,*Emission*
LMC-MO-21,79.76708333333,-64.74391666667,3020.0,5610.0,o6el3n040,600.0,STIS/CCD,EXT-MEDIUM;PLANETARY NEBULA;EMISSION LINE NEBULA,9077,3,*Emission*
LMC-MO-21,79.76708333333,-64.74391666667,5450.0,10140.0,o6el3n020,300.0,STIS/CCD,EXT-MEDIUM;PLANETARY NEBULA;EMISSION LINE NEBULA,9077,3,*Emission*
HD32304,75.63107059097,7.423980303148,3020.0,5610.0,ob3u53cpq,0.5,STIS/CCD,STAR;G V-IV;EMISSION LINE STAR,11569,1,*Emission*
NGC4203,183.7708507795,33.19742349992,5450.0,10140.0,ob3i010d0,966.0,STIS/CCD,GALAXY;NUCLEUS;LINER;LENTICULAR;EMISSION LINE NEBULA;NLR,11571,3,*Emission*
HD32304,75.63107059079,7.423980303103,3020.0,5610.0,ob3u53cqq,0.5,STIS/CCD,STAR;G V-IV;EMISSION LINE STAR,11569,1,*Emission*
NGC4203,183.7709598179,33.19748216717,5450.0,10140.0,ob3i01080,815.0,STIS/CCD,GALAXY;NUCLEUS;LINER;LENTICULAR;EMISSION LINE NEBULA;NLR,11571,3,*Emission*
NGC4203,183.7708939306,33.19748900044,5450.0,10140.0,ob3i01060,331.0,STIS/CCD,GALAXY;NUCLEUS;LINER;LENTICULAR;EMISSION LINE NEBULA;NLR,11571,3,*Emission*
NGC4203,183.7709700255,33.19755108431,5450.0,10140.0,ob3i01090,815.0,STIS/CCD,GALAXY;NUCLEUS;LINER;LENTICULAR;EMISSION LINE NEBULA;NLR,11571,3,*Emission*
NGC4203,183.770860987,33.19749241706,5450.0,10140.0,ob3i010e0,966.0,STIS/CCD,GALAXY;NUCLEUS;LINER;LENTICULAR;EMISSION LINE NEBULA;NLR,11571,3,*Emission*
NGC4203,183.7710029692,33.19754766766,5450.0,10140.0,ob3i010c0,966.0,STIS/CCD,GALAXY;NUCLEUS;LINER;LENTICULAR;EMISSION LINE NEBULA;NLR,11571,3,*Emission*
NGC4203,183.7709825539,33.19740983339,5450.0,10140.0,ob3i010a0,966.0,STIS/CCD,GALAXY;NUCLEUS;LINER;LENTICULAR;EMISSION LINE NEBULA;NLR,11571,3,*Emission*
NGC4203,183.7709268743,33.19748558381,5450.0,10140.0,ob3i01020,860.0,STIS/CCD,GALAXY;NUCLEUS;LINER;LENTICULAR;EMISSION LINE NEBULA;NLR,11571,3,*Emission*
NGC4203,183.7708735155,33.19735116615,5450.0,10140.0,ob3i01040,1059.0,STIS/CCD,GALAXY;NUCLEUS;LINER;LENTICULAR;EMISSION LINE NEBULA;NLR,11571,3,*Emission*
NGC4203,183.7708837231,33.1974200833,5450.0,10140.0,ob3i01050,1059.0,STIS/CCD,GALAXY;NUCLEUS;LINER;LENTICULAR;EMISSION LINE NEBULA;NLR,11571,3,*Emission*
NGC4203,183.7709927616,33.19747875052,5450.0,10140.0,ob3i010b0,966.0,STIS/CCD,GALAXY;NUCLEUS;LINER;LENTICULAR;EMISSION LINE NEBULA;NLR,11571,3,*Emission*
NGC4203,183.7709064591,33.19734774953,5450.0,10140.0,ob3i01030,728.0,STIS/CCD,GALAXY;NUCLEUS;LINER;LENTICULAR;EMISSION LINE NEBULA;NLR,11571,3,*Emission*
NGC4203,183.7708711945,33.19756133421,5450.0,10140.0,ob3i010f0,966.0,STIS/CCD,GALAXY;NUCLEUS;LINER;LENTICULAR;EMISSION LINE NEBULA;NLR,11571,3,*Emission*
HD32304,75.63107547263,7.423982856545,3020.0,5610.0,ob3u03ikq,0.5,STIS/CCD,STAR;G V-IV;EMISSION LINE STAR,11569,1,*Emission*
HD32304,75.63107547266,7.423982856617,3020.0,5610.0,ob3u03ijq,0.5,STIS/CCD,STAR;G V-IV;EMISSION LINE STAR,11569,1,*Emission*
M82-A2,148.9735874734,69.68066534131,2900.0,5700.0,ob4k03030,710.0,STIS/CCD,EXT-CLUSTER;YOUNG ASSOCIATION;EMISSION LINE NEBULA;STAR FORMINGREGION,11641,3,*Emission*
M82-A2,148.9730042101,69.68046032078,2900.0,5700.0,ob4k03040,775.0,STIS/CCD,EXT-CLUSTER;YOUNG ASSOCIATION;EMISSION LINE NEBULA;STAR FORMINGREGION,11641,3,*Emission*
M82-A2,148.9730042101,69.68046032078,2900.0,5700.0,ob4k020b0,775.0,STIS/CCD,EXT-CLUSTER;YOUNG ASSOCIATION;EMISSION LINE NEBULA;STAR FORMINGREGION,11641,3,*Emission*
M82-A2,148.9734708198,69.68062433736,2900.0,5700.0,ob4k020d0,775.0,STIS/CCD,EXT-CLUSTER;YOUNG ASSOCIATION;EMISSION LINE NEBULA;STAR FORMINGREGION,11641,3,*Emission*
M82-A2,148.9730042101,69.68046032078,2900.0,5700.0,ob4k030b0,775.0,STIS/CCD,EXT-CLUSTER;YOUNG ASSOCIATION;EMISSION LINE NEBULA;STAR FORMINGREGION,11641,3,*Emission*
M82-A2,148.9734708198,69.68062433736,2900.0,5700.0,ob4k010d0,775.0,STIS/CCD,EXT-CLUSTER;YOUNG ASSOCIATION;EMISSION LINE NEBULA;STAR FORMINGREGION,11641,3,*Emission*
SBW1,160.0809663236,-59.81941085516,5450.0,10140.0,ob4i02020,2070.0,STIS/CCD,STAR;B0-B2 III-I;BE;CIRCUMSTELLAR MATTER;EMISSION LINE NEBULA;RING,11637,3,*Emission*
SBW1,160.0807003434,-59.81931136692,5450.0,10140.0,ob4i02010,2070.0,STIS/CCD,STAR;B0-B2 III-I;BE;CIRCUMSTELLAR MATTER;EMISSION LINE NEBULA;RING,11637,3,*Emission*
SN-1987A-HOTSPOTS-52X2,83.86668077715,-69.2694412152,5450.0,10140.0,ob7i200d0,389.0,STIS/CCD,EXT-MEDIUM;EMISSION LINE NEBULA;SNR,11653,3,*Emission*
NGC4203,183.7709496103,33.19741325003,5450.0,10140.0,ob3i01070,815.0,STIS/CCD,GALAXY;NUCLEUS;LINER;LENTICULAR;EMISSION LINE NEBULA;NLR,11571,3,*Emission*
M82-A2,148.9731208618,69.68050132504,5450.0,10140.0,ob4k04010,685.0,STIS/CCD,EXT-CLUSTER;YOUNG ASSOCIATION;EMISSION LINE NEBULA;STAR FORMINGREGION,11641,3,*Emission*
M82-A2,148.9733541667,69.68058333333,5450.0,10140.0,ob4k04020,685.0,STIS/CCD,EXT-CLUSTER;YOUNG ASSOCIATION;EMISSION LINE NEBULA;STAR FORMINGREGION,11641,3,*Emission*
3C-048,24.42207539176,33.15969782251,5450.0,10140.0,ob6i03010,1064.0,STIS/CCD,GALAXY;EJECTA;EMISSION LINE NEBULA;WIND,11574,3,*Emission*
3C-048,24.4221477067,33.159414203,5450.0,10140.0,ob6i03060,1458.0,STIS/CCD,GALAXY;EJECTA;EMISSION LINE NEBULA;WIND,11574,3,*Emission*
3C-048,24.42204849053,33.15942095914,5450.0,10140.0,ob6i03020,1064.0,STIS/CCD,GALAXY;EJECTA;EMISSION LINE NEBULA;WIND,11574,3,*Emission*
3C-048,24.42217460824,33.15969106635,5450.0,10140.0,ob6i03050,1458.0,STIS/CCD,GALAXY;EJECTA;EMISSION LINE NEBULA;WIND,11574,3,*Emission*
3C-048,24.42202158948,33.15914409576,5450.0,10140.0,ob6i03030,1458.0,STIS/CCD,GALAXY;EJECTA;EMISSION LINE NEBULA;WIND,11574,3,*Emission*
3C-048,24.4219946886,33.15886723238,5450.0,10140.0,ob6i03040,1458.0,STIS/CCD,GALAXY;EJECTA;EMISSION LINE NEBULA;WIND,11574,3,*Emission*
3C-048,24.42209390415,33.15886047628,5450.0,10140.0,ob6i03080,1456.0,STIS/CCD,GALAXY;EJECTA;EMISSION LINE NEBULA;WIND,11574,3,*Emission*
3C-048,24.42212080534,33.15913733964,5450.0,10140.0,ob6i03070,1456.0,STIS/CCD,GALAXY;EJECTA;EMISSION LINE NEBULA;WIND,11574,3,*Emission*
ETA-CAR-A,161.2650690572,-59.68450576652,3020.0,5610.0,ob60640l0,10.0,STIS/CCD,STAR;ETA CARINAE STAR;EMISSION LINE STAR;LUMINOUS BLUE VARIABLE;CIRCUMSTELLAR MATTER;EJECTA,11612,3,*Emission*
ETA-CAR-A,161.2649625,-59.68447222222,3020.0,5610.0,ob60640k0,60.0,STIS/CCD,STAR;ETA CARINAE STAR;EMISSION LINE STAR;LUMINOUS BLUE VARIABLE;CIRCUMSTELLAR MATTER;EJECTA,11612,3,*Emission*
ETA-CAR-A,161.2649625,-59.68447222222,3020.0,5610.0,ob60640x0,20.0,STIS/CCD,STAR;ETA CARINAE STAR;EMISSION LINE STAR;LUMINOUS BLUE VARIABLE;CIRCUMSTELLAR MATTER;EJECTA,11612,3,*Emission*
ETA-CAR-A,161.2649625,-59.68447222222,3020.0,5610.0,ob60640z0,20.0,STIS/CCD,STAR;ETA CARINAE STAR;EMISSION LINE STAR;LUMINOUS BLUE VARIABLE;CIRCUMSTELLAR MATTER;EJECTA,11612,3,*Emission*
ETA-CAR-A,161.2649625,-59.68447222222,3020.0,5610.0,ob60640w0,15.0,STIS/CCD,STAR;ETA CARINAE STAR;EMISSION LINE STAR;LUMINOUS BLUE VARIABLE;CIRCUMSTELLAR MATTER;EJECTA,11612,3,*Emission*
ETA-CAR-A,161.2649625,-59.68447222222,3020.0,5610.0,ob60640s0,6.0,STIS/CCD,STAR;ETA CARINAE STAR;EMISSION LINE STAR;LUMINOUS BLUE VARIABLE;CIRCUMSTELLAR MATTER;EJECTA,11612,3,*Emission*
ETA-CAR-A,161.2649625,-59.68447222222,3020.0,5610.0,ob60640y0,20.0,STIS/CCD,STAR;ETA CARINAE STAR;EMISSION LINE STAR;LUMINOUS BLUE VARIABLE;CIRCUMSTELLAR MATTER;EJECTA,11612,3,*Emission*
ETA-CAR-A,161.2650690572,-59.68450576652,3020.0,5610.0,ob60640u0,6.0,STIS/CCD,STAR;ETA CARINAE STAR;EMISSION LINE STAR;LUMINOUS BLUE VARIABLE;CIRCUMSTELLAR MATTER;EJECTA,11612,3,*Emission*
ETA-CAR-A,161.2650690572,-59.68450576652,3020.0,5610.0,ob60640m0,60.0,STIS/CCD,STAR;ETA CARINAE STAR;EMISSION LINE STAR;LUMINOUS BLUE VARIABLE;CIRCUMSTELLAR MATTER;EJECTA,11612,3,*Emission*
ETA-CAR-NNE,161.2649995833,-59.68443972222,3020.0,5610.0,ob60640q0,72.0,STIS/CCD,UNIDENTIFIED;EJECTA;EMISSION LINE NEBULA;KNOT,11612,3,*Emission*
ETA-CAR-NNE,161.2651061404,-59.68447326652,3020.0,5610.0,ob60640r0,72.0,STIS/CCD,UNIDENTIFIED;EJECTA;EMISSION LINE NEBULA;KNOT,11612,3,*Emission*
ETA-CAR-A,161.2649625,-59.68447222222,3020.0,5610.0,ob6064110,20.0,STIS/CCD,STAR;ETA CARINAE STAR;EMISSION LINE STAR;LUMINOUS BLUE VARIABLE;CIRCUMSTELLAR MATTER;EJECTA,11612,3,*Emission*
ETA-CAR-A,161.2649625,-59.68447222222,3020.0,5610.0,ob60640t0,54.0,STIS/CCD,STAR;ETA CARINAE STAR;EMISSION LINE STAR;LUMINOUS BLUE VARIABLE;CIRCUMSTELLAR MATTER;EJECTA,11612,3,*Emission*
ETA-CAR-SSW,161.2649254167,-59.68450472222,3020.0,5610.0,ob60640n0,90.0,STIS/CCD,UNIDENTIFIED;EJECTA;EMISSION LINE NEBULA;KNOT,11612,3,*Emission*
ETA-CAR-A,161.2650690572,-59.68450576652,3020.0,5610.0,ob6064120,0.8,STIS/CCD,STAR;ETA CARINAE STAR;EMISSION LINE STAR;LUMINOUS BLUE VARIABLE;CIRCUMSTELLAR MATTER;EJECTA,11612,3,*Emission*
ETA-CAR-NNE2,161.2650366667,-59.68440722222,3020.0,5610.0,ob60640p0,60.0,STIS/CCD,UNIDENTIFIED;EJECTA;EMISSION LINE NEBULA,11612,3,*Emission*
ETA-CAR-NNE2,161.2650366667,-59.68440722222,3020.0,5610.0,ob60640o0,180.0,STIS/CCD,UNIDENTIFIED;EJECTA;EMISSION LINE NEBULA,11612,3,*Emission*
ETA-CAR-A,161.2649625,-59.68447222222,1640.0,3190.0,ob6064180,100.0,STIS/CCD,STAR;ETA CARINAE STAR;EMISSION LINE STAR;LUMINOUS BLUE VARIABLE;CIRCUMSTELLAR MATTER;EJECTA,11612,3,*Emission*
ETA-CAR-A,161.2649625,-59.68447222222,3020.0,5610.0,ob6064100,0.8,STIS/CCD,STAR;ETA CARINAE STAR;EMISSION LINE STAR;LUMINOUS BLUE VARIABLE;CIRCUMSTELLAR MATTER;EJECTA,11612,3,*Emission*
ETA-CAR-A,161.2649625,-59.68447222222,1640.0,3190.0,ob6064170,100.0,STIS/CCD,STAR;ETA CARINAE STAR;EMISSION LINE STAR;LUMINOUS BLUE VARIABLE;CIRCUMSTELLAR MATTER;EJECTA,11612,3,*Emission*
ETA-CAR-A,161.2650690572,-59.68450576652,3020.0,5610.0,ob6064130,20.0,STIS/CCD,STAR;ETA CARINAE STAR;EMISSION LINE STAR;LUMINOUS BLUE VARIABLE;CIRCUMSTELLAR MATTER;EJECTA,11612,3,*Emission*
ETA-CAR-A,161.2650690572,-59.68450576652,1640.0,3190.0,ob6064160,200.0,STIS/CCD,STAR;ETA CARINAE STAR;EMISSION LINE STAR;LUMINOUS BLUE VARIABLE;CIRCUMSTELLAR MATTER;EJECTA,11612,3,*Emission*
ETA-CAR-A,161.2649625,-59.68447222222,1640.0,3190.0,ob6064150,200.0,STIS/CCD,STAR;ETA CARINAE STAR;EMISSION LINE STAR;LUMINOUS BLUE VARIABLE;CIRCUMSTELLAR MATTER;EJECTA,11612,3,*Emission*
ETA-CAR-A,161.2650690572,-59.68450576652,3020.0,5610.0,ob60640v0,54.0,STIS/CCD,STAR;ETA CARINAE STAR;EMISSION LINE STAR;LUMINOUS BLUE VARIABLE;CIRCUMSTELLAR MATTER;EJECTA,11612,3,*Emission*
ETA-CAR-A,161.2649625,-59.68447222222,1640.0,3190.0,ob6064190,80.0,STIS/CCD,STAR;ETA CARINAE STAR;EMISSION LINE STAR;LUMINOUS BLUE VARIABLE;CIRCUMSTELLAR MATTER;EJECTA,11612,3,*Emission*
ETA-CAR-NNE,161.2649995833,-59.68443972222,1640.0,3190.0,ob6064140,240.0,STIS/CCD,UNIDENTIFIED;EJECTA;EMISSION LINE NEBULA;KNOT,11612,3,*Emission*
ETA-CAR-A,161.2650690572,-59.68450576652,5450.0,10140.0,ob60641c0,3.0,STIS/CCD,STAR;ETA CARINAE STAR;EMISSION LINE STAR;LUMINOUS BLUE VARIABLE;CIRCUMSTELLAR MATTER;EJECTA,11612,3,*Emission*
ETA-CAR-NNE,161.2649995833,-59.68443972222,5450.0,10140.0,ob60641f0,30.0,STIS/CCD,UNIDENTIFIED;EJECTA;EMISSION LINE NEBULA;KNOT,11612,3,*Emission*
ETA-CAR-NNE,161.2649995833,-59.68443972222,5450.0,10140.0,ob60641e0,6.0,STIS/CCD,UNIDENTIFIED;EJECTA;EMISSION LINE NEBULA;KNOT,11612,3,*Emission*
ETA-CAR-A,161.2649625,-59.68447222222,5450.0,10140.0,ob60641a0,3.0,STIS/CCD,STAR;ETA CARINAE STAR;EMISSION LINE STAR;LUMINOUS BLUE VARIABLE;CIRCUMSTELLAR MATTER;EJECTA,11612,3,*Emission*
ETA-CAR-A,161.2649625,-59.68447222222,5450.0,10140.0,ob60641b0,21.0,STIS/CCD,STAR;ETA CARINAE STAR;EMISSION LINE STAR;LUMINOUS BLUE VARIABLE;CIRCUMSTELLAR MATTER;EJECTA,11612,3,*Emission*
ETA-CAR-A,161.2650690572,-59.68450576652,5450.0,10140.0,ob60641d0,21.0,STIS/CCD,STAR;ETA CARINAE STAR;EMISSION LINE STAR;LUMINOUS BLUE VARIABLE;CIRCUMSTELLAR MATTER;EJECTA,11612,3,*Emission*
ETA-CAR-A,161.2649625,-59.68447222222,5450.0,10140.0,ob6064qpq,0.5,STIS/CCD,STAR;ETA CARINAE STAR;EMISSION LINE STAR;LUMINOUS BLUE VARIABLE;CIRCUMSTELLAR MATTER;EJECTA,11612,1,*Emission*
ETA-CAR-A,161.2649625,-59.68447222222,5450.0,10140.0,ob6067010,0.2,STIS/CCD,STAR;ETA CARINAE STAR;EMISSION LINE STAR;LUMINOUS BLUE VARIABLE;CIRCUMSTELLAR MATTER;EJECTA,11612,3,*Emission*
ETA-CAR-NNE,161.2651061404,-59.68447326652,5450.0,10140.0,ob60641h0,30.0,STIS/CCD,UNIDENTIFIED;EJECTA;EMISSION LINE NEBULA;KNOT,11612,3,*Emission*
ETA-CAR-NNE,161.2651061404,-59.68447326652,5450.0,10140.0,ob60641g0,6.0,STIS/CCD,UNIDENTIFIED;EJECTA;EMISSION LINE NEBULA;KNOT,11612,3,*Emission*
ETA-CAR-SSW,161.2649254167,-59.68450472222,5450.0,10140.0,ob60641i0,42.0,STIS/CCD,UNIDENTIFIED;EJECTA;EMISSION LINE NEBULA;KNOT,11612,3,*Emission*
ETA-CAR-NNE,161.2649995833,-59.68443972222,3020.0,5610.0,ob6067060,120.0,STIS/CCD,UNIDENTIFIED;EJECTA;EMISSION LINE NEBULA;KNOT,11612,3,*Emission*
ETA-CAR-A,161.2649625,-59.68447222222,3020.0,5610.0,ob6067070,8.0,STIS/CCD,STAR;ETA CARINAE STAR;EMISSION LINE STAR;LUMINOUS BLUE VARIABLE;CIRCUMSTELLAR MATTER;EJECTA,11612,3,*Emission*
ETA-CAR-NNE2,161.2650366667,-59.68440722222,5450.0,10140.0,ob60641j0,60.0,STIS/CCD,UNIDENTIFIED;EJECTA;EMISSION LINE NEBULA,11612,3,*Emission*
ETA-CAR-NNE,161.2649995833,-59.68443972222,5450.0,10140.0,ob6067040,30.0,STIS/CCD,UNIDENTIFIED;EJECTA;EMISSION LINE NEBULA;KNOT,11612,3,*Emission*
ETA-CAR-A,161.2649625,-59.68447222222,3020.0,5610.0,ob6067090,6.0,STIS/CCD,STAR;ETA CARINAE STAR;EMISSION LINE STAR;LUMINOUS BLUE VARIABLE;CIRCUMSTELLAR MATTER;EJECTA,11612,3,*Emission*
ETA-CAR-NNE,161.2649995833,-59.68443972222,5450.0,10140.0,ob6067030,3.0,STIS/CCD,UNIDENTIFIED;EJECTA;EMISSION LINE NEBULA;KNOT,11612,3,*Emission*
ETA-CAR-A,161.2649625,-59.68447222222,3020.0,5610.0,ob6067080,45.0,STIS/CCD,STAR;ETA CARINAE STAR;EMISSION LINE STAR;LUMINOUS BLUE VARIABLE;CIRCUMSTELLAR MATTER;EJECTA,11612,3,*Emission*
ETA-CAR-A,161.2649625,-59.68447222222,3020.0,5610.0,ob60670a0,48.0,STIS/CCD,STAR;ETA CARINAE STAR;EMISSION LINE STAR;LUMINOUS BLUE VARIABLE;CIRCUMSTELLAR MATTER;EJECTA,11612,3,*Emission*
ETA-CAR-NNE,161.2649995833,-59.68443972222,3020.0,5610.0,ob60670b0,120.0,STIS/CCD,UNIDENTIFIED;EJECTA;EMISSION LINE NEBULA;KNOT,11612,3,*Emission*
ETA-CAR-NNE,161.2649995833,-59.68443972222,3020.0,5610.0,ob6067050,45.0,STIS/CCD,UNIDENTIFIED;EJECTA;EMISSION LINE NEBULA;KNOT,11612,3,*Emission*
ETA-CAR-A,161.2649625,-59.68447222222,5450.0,10140.0,ob6067020,3.0,STIS/CCD,STAR;ETA CARINAE STAR;EMISSION LINE STAR;LUMINOUS BLUE VARIABLE;CIRCUMSTELLAR MATTER;EJECTA,11612,3,*Emission*
ETA-CAR-NNE,161.2649995833,-59.68443972222,3020.0,5610.0,ob60670d0,3.0,STIS/CCD,UNIDENTIFIED;EJECTA;EMISSION LINE NEBULA;KNOT,11612,3,*Emission*
ETA-CAR-NNE,161.2649995833,-59.68443972222,3020.0,5610.0,ob60670f0,10.0,STIS/CCD,UNIDENTIFIED;EJECTA;EMISSION LINE NEBULA;KNOT,11612,3,*Emission*
ETA-CAR-NNE,161.2649995833,-59.68443972222,3020.0,5610.0,ob60670e0,16.0,STIS/CCD,UNIDENTIFIED;EJECTA;EMISSION LINE NEBULA;KNOT,11612,3,*Emission*
ETA-CAR-NNE,161.2649995833,-59.68443972222,3020.0,5610.0,ob60670c0,72.0,STIS/CCD,UNIDENTIFIED;EJECTA;EMISSION LINE NEBULA;KNOT,11612,3,*Emission*
ETA-CAR-A,161.2649625,-59.68447222222,1680.0,3060.0,ob60670g0,12.0,STIS/CCD,STAR;ETA CARINAE STAR;EMISSION LINE STAR;LUMINOUS BLUE VARIABLE;CIRCUMSTELLAR MATTER;EJECTA,11612,3,*Emission*
ETA-CAR-A,161.2649625,-59.68447222222,1680.0,3060.0,ob60670h0,120.0,STIS/CCD,STAR;ETA CARINAE STAR;EMISSION LINE STAR;LUMINOUS BLUE VARIABLE;CIRCUMSTELLAR MATTER;EJECTA,11612,3,*Emission*
ETA-CAR-A,161.2649625,-59.68447222222,5450.0,10140.0,ob6067y5q,0.5,STIS/CCD,STAR;ETA CARINAE STAR;EMISSION LINE STAR;LUMINOUS BLUE VARIABLE;CIRCUMSTELLAR MATTER;EJECTA,11612,1,*Emission*
ETA-CAR-A,161.2649625,-59.68447222222,5450.0,10140.0,ob60670p0,5.0,STIS/CCD,STAR;ETA CARINAE STAR;EMISSION LINE STAR;LUMINOUS BLUE VARIABLE;CIRCUMSTELLAR MATTER;EJECTA,11612,3,*Emission*
ETA-CAR-NNE,161.2649995833,-59.68443972222,5450.0,10140.0,ob60670r0,16.0,STIS/CCD,UNIDENTIFIED;EJECTA;EMISSION LINE NEBULA;KNOT,11612,3,*Emission*
ETA-CAR-NNE,161.2649995833,-59.68443972222,5450.0,10140.0,ob60670s0,60.0,STIS/CCD,UNIDENTIFIED;EJECTA;EMISSION LINE NEBULA;KNOT,11612,3,*Emission*
ETA-CAR-A,161.2649625,-59.68447222222,1640.0,3190.0,ob60670o0,40.0,STIS/CCD,STAR;ETA CARINAE STAR;EMISSION LINE STAR;LUMINOUS BLUE VARIABLE;CIRCUMSTELLAR MATTER;EJECTA,11612,3,*Emission*
ETA-CAR-A,161.2649625,-59.68447222222,5450.0,10140.0,ob60670q0,60.0,STIS/CCD,STAR;ETA CARINAE STAR;EMISSION LINE STAR;LUMINOUS BLUE VARIABLE;CIRCUMSTELLAR MATTER;EJECTA,11612,3,*Emission*
ETA-CAR-NNE,161.2649995833,-59.68443972222,1640.0,3190.0,ob60670n0,320.0,STIS/CCD,UNIDENTIFIED;EJECTA;EMISSION LINE NEBULA;KNOT,11612,3,*Emission*
ETA-CAR-A,161.2649625,-59.68447222222,1640.0,3190.0,ob60670m0,60.0,STIS/CCD,STAR;ETA CARINAE STAR;EMISSION LINE STAR;LUMINOUS BLUE VARIABLE;CIRCUMSTELLAR MATTER;EJECTA,11612,3,*Emission*
ETA-CAR-A,161.2649625,-59.68447222222,1640.0,3190.0,ob60670l0,90.0,STIS/CCD,STAR;ETA CARINAE STAR;EMISSION LINE STAR;LUMINOUS BLUE VARIABLE;CIRCUMSTELLAR MATTER;EJECTA,11612,3,*Emission*
ETA-CAR-A,161.2649625,-59.68447222222,1640.0,3190.0,ob60670k0,60.0,STIS/CCD,STAR;ETA CARINAE STAR;EMISSION LINE STAR;LUMINOUS BLUE VARIABLE;CIRCUMSTELLAR MATTER;EJECTA,11612,3,*Emission*
ETA-CAR-A,161.2649625,-59.68447222222,3020.0,5610.0,ob60670j0,16.0,STIS/CCD,STAR;ETA CARINAE STAR;EMISSION LINE STAR;LUMINOUS BLUE VARIABLE;CIRCUMSTELLAR MATTER;EJECTA,11612,3,*Emission*
ETA-CAR-A,161.2649625,-59.68447222222,3020.0,5610.0,ob60640j0,10.0,STIS/CCD,STAR;ETA CARINAE STAR;EMISSION LINE STAR;LUMINOUS BLUE VARIABLE;CIRCUMSTELLAR MATTER;EJECTA,11612,3,*Emission*
ETA-CAR-A,161.2649625,-59.68447222222,3020.0,5610.0,ob60670i0,16.0,STIS/CCD,STAR;ETA CARINAE STAR;EMISSION LINE STAR;LUMINOUS BLUE VARIABLE;CIRCUMSTELLAR MATTER;EJECTA,11612,3,*Emission*
ETA-CAR-NNE,161.2651061404,-59.68447326652,3020.0,5610.0,ob60640i0,60.0,STIS/CCD,UNIDENTIFIED;EJECTA;EMISSION LINE NEBULA;KNOT,11612,3,*Emission*
ETA-CAR-NNE,161.2649995833,-59.68443972222,3020.0,5610.0,ob60640g0,60.0,STIS/CCD,UNIDENTIFIED;EJECTA;EMISSION LINE NEBULA;KNOT,11612,3,*Emission*
ETA-CAR-NNE,161.2651061404,-59.68447326652,3020.0,5610.0,ob60640h0,20.0,STIS/CCD,UNIDENTIFIED;EJECTA;EMISSION LINE NEBULA;KNOT,11612,3,*Emission*
ETA-CAR-NNE,161.2649995833,-59.68443972222,3020.0,5610.0,ob60640f0,20.0,STIS/CCD,UNIDENTIFIED;EJECTA;EMISSION LINE NEBULA;KNOT,11612,3,*Emission*
IRAS08005-2356,120.6698528266,-24.07884163988,5450.0,10140.0,ob4o08060,164.0,STIS/CCD,STAR;POST-AGB STAR;CIRCUMSTELLAR MATTER;EMISSION LINE NEBULA;EJECTA,11634,3,*Emission*
IRAS08005-2356,120.6699180966,-24.07878338689,5450.0,10140.0,ob4o08040,164.0,STIS/CCD,STAR;POST-AGB STAR;CIRCUMSTELLAR MATTER;EMISSION LINE NEBULA;EJECTA,11634,3,*Emission*
IRAS08005-2356,120.6698310699,-24.07886105754,5450.0,10140.0,ob4o08050,164.0,STIS/CCD,STAR;POST-AGB STAR;CIRCUMSTELLAR MATTER;EMISSION LINE NEBULA;EJECTA,11634,3,*Emission*
IRAS08005-2356,120.66989634,-24.07880280456,5450.0,10140.0,ob4o08030,164.0,STIS/CCD,STAR;POST-AGB STAR;CIRCUMSTELLAR MATTER;EMISSION LINE NEBULA;EJECTA,11634,3,*Emission*
IRAS19343,294.0788957468,29.54731633004,5450.0,10140.0,ob4o07050,215.0,STIS/CCD,STAR;CIRCUMSTELLAR MATTER;EJECTA;EMISSION LINE NEBULA;POST-AGB STAR,11634,3,*Emission*
IRAS19343,294.0788524775,29.54727547058,5450.0,10140.0,ob4o07060,218.0,STIS/CCD,STAR;CIRCUMSTELLAR MATTER;EJECTA;EMISSION LINE NEBULA;POST-AGB STAR,11634,3,*Emission*
IRAS19343,294.0787226699,29.54715289212,5450.0,10140.0,ob4o07040,212.0,STIS/CCD,STAR;CIRCUMSTELLAR MATTER;EJECTA;EMISSION LINE NEBULA;POST-AGB STAR,11634,3,*Emission*
IRAS19343,294.0787659391,29.54719375162,5450.0,10140.0,ob4o07030,218.0,STIS/CCD,STAR;CIRCUMSTELLAR MATTER;EJECTA;EMISSION LINE NEBULA;POST-AGB STAR,11634,3,*Emission*
ETA-CAR-A,161.2649625,-59.68447222222,5450.0,10140.0,ob6062010,0.4,STIS/CCD,STAR;ETA CARINAE STAR;EMISSION LINE STAR;LUMINOUS BLUE VARIABLE;CIRCUMSTELLAR MATTER;EJECTA,11612,3,*Emission*
ETA-CAR-A,161.2649625,-59.68447222222,5450.0,10140.0,ob6062020,5.0,STIS/CCD,STAR;ETA CARINAE STAR;EMISSION LINE STAR;LUMINOUS BLUE VARIABLE;CIRCUMSTELLAR MATTER;EJECTA,11612,3,*Emission*
ETA-CAR-A,161.2649625,-59.68447222222,1640.0,3190.0,ob6062090,150.0,STIS/CCD,STAR;ETA CARINAE STAR;EMISSION LINE STAR;LUMINOUS BLUE VARIABLE;CIRCUMSTELLAR MATTER;EJECTA,11612,3,*Emission*
ETA-CAR-A,161.2649625,-59.68447222222,1640.0,3190.0,ob6062070,300.0,STIS/CCD,STAR;ETA CARINAE STAR;EMISSION LINE STAR;LUMINOUS BLUE VARIABLE;CIRCUMSTELLAR MATTER;EJECTA,11612,3,*Emission*
ETA-CAR-NNE,161.2649995833,-59.68443972222,5450.0,10140.0,ob6062030,2.0,STIS/CCD,UNIDENTIFIED;EJECTA;EMISSION LINE NEBULA;KNOT,11612,3,*Emission*
ETA-CAR-A,161.2649625,-59.68447222222,1640.0,3190.0,ob6062080,100.0,STIS/CCD,STAR;ETA CARINAE STAR;EMISSION LINE STAR;LUMINOUS BLUE VARIABLE;CIRCUMSTELLAR MATTER;EJECTA,11612,3,*Emission*
ETA-CAR-A,161.2649625,-59.68447222222,3020.0,5610.0,ob60620d0,30.0,STIS/CCD,STAR;ETA CARINAE STAR;EMISSION LINE STAR;LUMINOUS BLUE VARIABLE;CIRCUMSTELLAR MATTER;EJECTA,11612,3,*Emission*
ETA-CAR-A,161.2649625,-59.68447222222,3020.0,5610.0,ob60620c0,30.0,STIS/CCD,STAR;ETA CARINAE STAR;EMISSION LINE STAR;LUMINOUS BLUE VARIABLE;CIRCUMSTELLAR MATTER;EJECTA,11612,3,*Emission*
ETA-CAR-SSW,161.2649254167,-59.68450472222,5450.0,10140.0,ob6062050,30.0,STIS/CCD,UNIDENTIFIED;EJECTA;EMISSION LINE NEBULA;KNOT,11612,3,*Emission*
ETA-CAR-A,161.2649625,-59.68447222222,5450.0,10140.0,ob6062060,30.0,STIS/CCD,STAR;ETA CARINAE STAR;EMISSION LINE STAR;LUMINOUS BLUE VARIABLE;CIRCUMSTELLAR MATTER;EJECTA,11612,3,*Emission*
ETA-CAR-NNE,161.2649995833,-59.68443972222,5450.0,10140.0,ob6062040,30.0,STIS/CCD,UNIDENTIFIED;EJECTA;EMISSION LINE NEBULA;KNOT,11612,3,*Emission*
ETA-CAR-A,161.2649625,-59.68447222222,3020.0,5610.0,ob60620e0,30.0,STIS/CCD,STAR;ETA CARINAE STAR;EMISSION LINE STAR;LUMINOUS BLUE VARIABLE;CIRCUMSTELLAR MATTER;EJECTA,11612,3,*Emission*
ETA-CAR-A,161.2649625,-59.68447222222,1640.0,3190.0,ob60620a0,390.0,STIS/CCD,STAR;ETA CARINAE STAR;EMISSION LINE STAR;LUMINOUS BLUE VARIABLE;CIRCUMSTELLAR MATTER;EJECTA,11612,3,*Emission*
ETA-CAR-A,161.2649625,-59.68447222222,3020.0,5610.0,ob60620f0,30.0,STIS/CCD,STAR;ETA CARINAE STAR;EMISSION LINE STAR;LUMINOUS BLUE VARIABLE;CIRCUMSTELLAR MATTER;EJECTA,11612,3,*Emission*
ETA-CAR-A,161.2649625,-59.68447222222,3020.0,5610.0,ob60620b0,45.0,STIS/CCD,STAR;ETA CARINAE STAR;EMISSION LINE STAR;LUMINOUS BLUE VARIABLE;CIRCUMSTELLAR MATTER;EJECTA,11612,3,*Emission*
ETA-CAR-A,161.2649625,-59.68447222222,3020.0,5610.0,ob60620h0,60.0,STIS/CCD,STAR;ETA CARINAE STAR;EMISSION LINE STAR;LUMINOUS BLUE VARIABLE;CIRCUMSTELLAR MATTER;EJECTA,11612,3,*Emission*
ETA-CAR-A,161.2649625,-59.68447222222,5450.0,10140.0,ob60620o0,0.4,STIS/CCD,STAR;ETA CARINAE STAR;EMISSION LINE STAR;LUMINOUS BLUE VARIABLE;CIRCUMSTELLAR MATTER;EJECTA,11612,3,*Emission*
ETA-CAR-A,161.2649625,-59.68447222222,3020.0,5610.0,ob60620i0,12.0,STIS/CCD,STAR;ETA CARINAE STAR;EMISSION LINE STAR;LUMINOUS BLUE VARIABLE;CIRCUMSTELLAR MATTER;EJECTA,11612,3,*Emission*
ETA-CAR-A,161.2649625,-59.68447222222,3020.0,5610.0,ob60620n0,30.0,STIS/CCD,STAR;ETA CARINAE STAR;EMISSION LINE STAR;LUMINOUS BLUE VARIABLE;CIRCUMSTELLAR MATTER;EJECTA,11612,3,*Emission*
ETA-CAR-NNE,161.2649995833,-59.68443972222,3020.0,5610.0,ob60620k0,72.0,STIS/CCD,UNIDENTIFIED;EJECTA;EMISSION LINE NEBULA;KNOT,11612,3,*Emission*
ETA-CAR-NNE,161.2649995833,-59.68443972222,3020.0,5610.0,ob60620l0,72.0,STIS/CCD,UNIDENTIFIED;EJECTA;EMISSION LINE NEBULA;KNOT,11612,3,*Emission*
ETA-CAR-NNE,161.2649995833,-59.68443972222,3020.0,5610.0,ob60620m0,360.0,STIS/CCD,UNIDENTIFIED;EJECTA;EMISSION LINE NEBULA;KNOT,11612,3,*Emission*
ETA-CAR-A,161.2649625,-59.68447222222,5450.0,10140.0,ob60620p0,5.0,STIS/CCD,STAR;ETA CARINAE STAR;EMISSION LINE STAR;LUMINOUS BLUE VARIABLE;CIRCUMSTELLAR MATTER;EJECTA,11612,3,*Emission*
ETA-CAR-A,161.2649625,-59.68447222222,3020.0,5610.0,ob60620j0,90.0,STIS/CCD,STAR;ETA CARINAE STAR;EMISSION LINE STAR;LUMINOUS BLUE VARIABLE;CIRCUMSTELLAR MATTER;EJECTA,11612,3,*Emission*
ETA-CAR-A,161.2649625,-59.68447222222,5450.0,10140.0,ob60620q0,6.0,STIS/CCD,STAR;ETA CARINAE STAR;EMISSION LINE STAR;LUMINOUS BLUE VARIABLE;CIRCUMSTELLAR MATTER;EJECTA,11612,3,*Emission*
ETA-CAR-A,161.2649625,-59.68447222222,5450.0,10140.0,ob60620r0,30.0,STIS/CCD,STAR;ETA CARINAE STAR;EMISSION LINE STAR;LUMINOUS BLUE VARIABLE;CIRCUMSTELLAR MATTER;EJECTA,11612,3,*Emission*
ETA-CAR-SSW,161.2649254167,-59.68450472222,5450.0,10140.0,ob60620s0,21.0,STIS/CCD,UNIDENTIFIED;EJECTA;EMISSION LINE NEBULA;KNOT,11612,3,*Emission*
ETA-CAR-A,161.2649625,-59.68447222222,5450.0,10140.0,ob6062qgq,0.5,STIS/CCD,STAR;ETA CARINAE STAR;EMISSION LINE STAR;LUMINOUS BLUE VARIABLE;CIRCUMSTELLAR MATTER;EJECTA,11612,1,*Emission*
ETA-CAR-A,161.2649625,-59.68447222222,3020.0,5610.0,ob6062s3q,4.0,STIS/CCD,STAR;ETA CARINAE STAR;EMISSION LINE STAR;LUMINOUS BLUE VARIABLE;CIRCUMSTELLAR MATTER;EJECTA,11612,2,*Emission*
ETA-CAR-NNE,161.2649995833,-59.68443972222,5450.0,10140.0,ob60620t0,8.0,STIS/CCD,UNIDENTIFIED;EJECTA;EMISSION LINE NEBULA;KNOT,11612,3,*Emission*
ETA-CAR-NNE,161.2649995833,-59.68443972222,5450.0,10140.0,ob60620u0,120.0,STIS/CCD,UNIDENTIFIED;EJECTA;EMISSION LINE NEBULA;KNOT,11612,3,*Emission*
ETA-CAR-A,161.2649625,-59.68447222222,5450.0,10140.0,ob6064010,0.2,STIS/CCD,STAR;ETA CARINAE STAR;EMISSION LINE STAR;LUMINOUS BLUE VARIABLE;CIRCUMSTELLAR MATTER;EJECTA,11612,3,*Emission*
ETA-CAR-A,161.2650690572,-59.68450576652,5450.0,10140.0,ob6064050,2.0,STIS/CCD,STAR;ETA CARINAE STAR;EMISSION LINE STAR;LUMINOUS BLUE VARIABLE;CIRCUMSTELLAR MATTER;EJECTA,11612,3,*Emission*
ETA-CAR-A,161.2649625,-59.68447222222,5450.0,10140.0,ob6064030,16.0,STIS/CCD,STAR;ETA CARINAE STAR;EMISSION LINE STAR;LUMINOUS BLUE VARIABLE;CIRCUMSTELLAR MATTER;EJECTA,11612,3,*Emission*
ETA-CAR-A,161.2650690572,-59.68450576652,5450.0,10140.0,ob6064040,0.2,STIS/CCD,STAR;ETA CARINAE STAR;EMISSION LINE STAR;LUMINOUS BLUE VARIABLE;CIRCUMSTELLAR MATTER;EJECTA,11612,3,*Emission*
ETA-CAR-NNE2,161.2650366667,-59.68440722222,3020.0,5610.0,ob60640d0,200.0,STIS/CCD,UNIDENTIFIED;EJECTA;EMISSION LINE NEBULA,11612,3,*Emission*
ETA-CAR-SSW,161.2649254167,-59.68450472222,3020.0,5610.0,ob60640c0,80.0,STIS/CCD,UNIDENTIFIED;EJECTA;EMISSION LINE NEBULA;KNOT,11612,3,*Emission*
ETA-CAR-NNE,161.2649995833,-59.68443972222,5450.0,10140.0,ob6064080,20.0,STIS/CCD,UNIDENTIFIED;EJECTA;EMISSION LINE NEBULA;KNOT,11612,3,*Emission*
ETA-CAR-A,161.2650690572,-59.68450576652,5450.0,10140.0,ob6064060,16.0,STIS/CCD,STAR;ETA CARINAE STAR;EMISSION LINE STAR;LUMINOUS BLUE VARIABLE;CIRCUMSTELLAR MATTER;EJECTA,11612,3,*Emission*
ETA-CAR-SSW,161.2649254167,-59.68450472222,3020.0,5610.0,ob60640b0,20.0,STIS/CCD,UNIDENTIFIED;EJECTA;EMISSION LINE NEBULA;KNOT,11612,3,*Emission*
ETA-CAR-A,161.2649625,-59.68447222222,5450.0,10140.0,ob6064020,2.0,STIS/CCD,STAR;ETA CARINAE STAR;EMISSION LINE STAR;LUMINOUS BLUE VARIABLE;CIRCUMSTELLAR MATTER;EJECTA,11612,3,*Emission*
ETA-CAR-SSW,161.2649254167,-59.68450472222,5450.0,10140.0,ob60640a0,15.0,STIS/CCD,UNIDENTIFIED;EJECTA;EMISSION LINE NEBULA;KNOT,11612,3,*Emission*
ETA-CAR-SSW,161.2649254167,-59.68450472222,5450.0,10140.0,ob6064090,3.0,STIS/CCD,UNIDENTIFIED;EJECTA;EMISSION LINE NEBULA;KNOT,11612,3,*Emission*
ETA-CAR-NNE,161.2649995833,-59.68443972222,5450.0,10140.0,ob6064070,3.0,STIS/CCD,UNIDENTIFIED;EJECTA;EMISSION LINE NEBULA;KNOT,11612,3,*Emission*
ETA-CAR-NNE2,161.2650366667,-59.68440722222,3020.0,5610.0,ob60640e0,120.0,STIS/CCD,UNIDENTIFIED;EJECTA;EMISSION LINE NEBULA,11612,3,*Emission*
SN-1987A-HOTSPOTS-52X2,83.86668077715,-69.2694412152,5450.0,10140.0,ob7i200c0,389.0,STIS/CCD,EXT-MEDIUM;EMISSION LINE NEBULA;SNR,11653,3,*Emission*
SN-1987A-HOTSPOTS-52X2,83.86747487455,-69.26942234791,5450.0,10140.0,ob7i20090,389.0,STIS/CCD,EXT-MEDIUM;EMISSION LINE NEBULA;SNR,11653,3,*Emission*
SN-1987A-HOTSPOTS-52X2,83.86707782602,-69.26943178201,5450.0,10140.0,ob7i200a0,389.0,STIS/CCD,EXT-MEDIUM;EMISSION LINE NEBULA;SNR,11653,3,*Emission*
SN-1987A-HOTSPOTS-52X2,83.86756923266,-69.26991989478,5450.0,10140.0,ob7i20060,343.0,STIS/CCD,EXT-MEDIUM;EMISSION LINE NEBULA;SNR,11653,3,*Emission*
SN-1987A-HOTSPOTS-52X2,83.86756923266,-69.26991989478,5450.0,10140.0,ob7i20070,366.0,STIS/CCD,EXT-MEDIUM;EMISSION LINE NEBULA;SNR,11653,3,*Emission*
SN-1987A-HOTSPOTS-52X2,83.86677511712,-69.2699387625,5450.0,10140.0,ob7i20030,343.0,STIS/CCD,EXT-MEDIUM;EMISSION LINE NEBULA;SNR,11653,3,*Emission*
SN-1987A-HOTSPOTS-52X2,83.86717217506,-69.2699293291,5450.0,10140.0,ob7i20040,343.0,STIS/CCD,EXT-MEDIUM;EMISSION LINE NEBULA;SNR,11653,3,*Emission*
SN-1987A-HOTSPOTS-52X2,83.86677511712,-69.2699387625,5450.0,10140.0,ob7i20020,378.0,STIS/CCD,EXT-MEDIUM;EMISSION LINE NEBULA;SNR,11653,3,*Emission*
IRAS10197,155.3907023815,-58.09661139975,5450.0,10140.0,ob4o05010,740.1,STIS/CCD,STAR;CIRCUMSTELLAR MATTER;EJECTA;EMISSION LINE NEBULA;POST-AGB STAR,11634,3,*Emission*
IRAS22036,331.3763373116,53.35909179318,5450.0,10140.0,ob4o04040,1756.0,STIS/CCD,STAR;CIRCUMSTELLAR MATTER;EJECTA;EMISSION LINE NEBULA;POST-AGB STAR,11634,3,*Emission*
IRAS10197,155.3907833157,-58.09664685268,5450.0,10140.0,ob4o05020,740.1,STIS/CCD,STAR;CIRCUMSTELLAR MATTER;EJECTA;EMISSION LINE NEBULA;POST-AGB STAR,11634,3,*Emission*
IRAS10197,155.3909451845,-58.09671775839,5450.0,10140.0,ob4o05040,740.1,STIS/CCD,STAR;CIRCUMSTELLAR MATTER;EJECTA;EMISSION LINE NEBULA;POST-AGB STAR,11634,3,*Emission*
IRAS22036,331.3763771648,53.35904158635,5450.0,10140.0,ob4o04050,1745.0,STIS/CCD,STAR;CIRCUMSTELLAR MATTER;EJECTA;EMISSION LINE NEBULA;POST-AGB STAR,11634,3,*Emission*
IRAS10197,155.3910261192,-58.09675321117,5450.0,10140.0,ob4o05050,740.1,STIS/CCD,STAR;CIRCUMSTELLAR MATTER;EJECTA;EMISSION LINE NEBULA;POST-AGB STAR,11634,3,*Emission*
IRAS21282+5050,322.4937727521,51.06665081717,5450.0,10140.0,ob4o03030,932.0,STIS/CCD,STAR;CIRCUMSTELLAR MATTER;EJECTA;EMISSION LINE NEBULA;POST-AGB STAR,11634,3,*Emission*
IRAS10197,155.39086425,-58.09668230556,5450.0,10140.0,ob4o05030,740.1,STIS/CCD,STAR;CIRCUMSTELLAR MATTER;EJECTA;EMISSION LINE NEBULA;POST-AGB STAR,11634,3,*Emission*
IRAS22036,331.3762177514,53.3592424136,5450.0,10140.0,ob4o04010,1440.0,STIS/CCD,STAR;CIRCUMSTELLAR MATTER;EJECTA;EMISSION LINE NEBULA;POST-AGB STAR,11634,3,*Emission*
IRAS22036,331.3762974583,53.359142,5450.0,10140.0,ob4o04030,1800.0,STIS/CCD,STAR;CIRCUMSTELLAR MATTER;EJECTA;EMISSION LINE NEBULA;POST-AGB STAR,11634,3,*Emission*
IRAS22036,331.3762576049,53.35919220681,5450.0,10140.0,ob4o04020,1497.0,STIS/CCD,STAR;CIRCUMSTELLAR MATTER;EJECTA;EMISSION LINE NEBULA;POST-AGB STAR,11634,3,*Emission*
IRAS19306+1407,293.2294747604,14.22695215136,5450.0,10140.0,ob4o02060,875.0,STIS/CCD,STAR;CIRCUMSTELLAR MATTER;EJECTA;EMISSION LINE NEBULA;POST-AGB STAR,11634,3,*Emission*
IRAS19306+1407,293.229586073,14.2269256264,5450.0,10140.0,ob4o02030,980.0,STIS/CCD,STAR;CIRCUMSTELLAR MATTER;EJECTA;EMISSION LINE NEBULA;POST-AGB STAR,11634,3,*Emission*
IRAS19306+1407,293.2296417292,14.2269123639,5450.0,10140.0,ob4o02040,874.0,STIS/CCD,STAR;CIRCUMSTELLAR MATTER;EJECTA;EMISSION LINE NEBULA;POST-AGB STAR,11634,3,*Emission*
IRAS19306+1407,293.2294191041,14.22696541382,5450.0,10140.0,ob4o02050,874.0,STIS/CCD,STAR;CIRCUMSTELLAR MATTER;EJECTA;EMISSION LINE NEBULA;POST-AGB STAR,11634,3,*Emission*
IRAS16594-4656,255.7916169365,-47.00743472887,5450.0,10140.0,ob4o01060,328.0,STIS/CCD,STAR;POST-AGB STAR;CIRCUMSTELLAR MATTER;EMISSION LINE NEBULA;EJECTA,11634,3,*Emission*
IRAS16594-4656,255.7917098772,-47.00758887556,5450.0,10140.0,ob4o01040,328.0,STIS/CCD,STAR;POST-AGB STAR;CIRCUMSTELLAR MATTER;EMISSION LINE NEBULA;EJECTA,11634,3,*Emission*
IRAS16594-4656,255.7915859564,-47.00738334663,5450.0,10140.0,ob4o01050,328.0,STIS/CCD,STAR;POST-AGB STAR;CIRCUMSTELLAR MATTER;EMISSION LINE NEBULA;EJECTA,11634,3,*Emission*
IRAS16594-4656,255.7916788969,-47.00753749334,5450.0,10140.0,ob4o01030,328.0,STIS/CCD,STAR;POST-AGB STAR;CIRCUMSTELLAR MATTER;EMISSION LINE NEBULA;EJECTA,11634,3,*Emission*
M82-A2,148.9734708198,69.68062433736,5450.0,10140.0,ob4k040d0,775.0,STIS/CCD,EXT-CLUSTER;YOUNG ASSOCIATION;EMISSION LINE NEBULA;STAR FORMINGREGION,11641,3,*Emission*
M82-A2,148.973237514,69.68054232922,5450.0,10140.0,ob4k040c0,775.0,STIS/CCD,EXT-CLUSTER;YOUNG ASSOCIATION;EMISSION LINE NEBULA;STAR FORMINGREGION,11641,3,*Emission*
IRAS20462+3416,312.069210442,34.45677374235,5450.0,10140.0,ob4o06030,200.0,STIS/CCD,STAR;POST-AGB STAR;CIRCUMSTELLAR MATTER;EJECTA;EMISSION LINE NEBULA,11634,3,*Emission*
IRAS20462+3416,312.0692870581,34.45686514652,5450.0,10140.0,ob4o06060,200.0,STIS/CCD,STAR;POST-AGB STAR;CIRCUMSTELLAR MATTER;EJECTA;EMISSION LINE NEBULA,11634,3,*Emission*
IRAS20462+3416,312.069172134,34.45672804024,5450.0,10140.0,ob4o06040,200.0,STIS/CCD,STAR;POST-AGB STAR;CIRCUMSTELLAR MATTER;EJECTA;EMISSION LINE NEBULA,11634,3,*Emission*
M82-A2,148.9735874734,69.68066534131,5450.0,10140.0,ob4k04030,685.0,STIS/CCD,EXT-CLUSTER;YOUNG ASSOCIATION;EMISSION LINE NEBULA;STAR FORMINGREGION,11641,3,*Emission*
M82-A2,148.9730042101,69.68046032078,5450.0,10140.0,ob4k04040,775.0,STIS/CCD,EXT-CLUSTER;YOUNG ASSOCIATION;EMISSION LINE NEBULA;STAR FORMINGREGION,11641,3,*Emission*
IRAS20462+3416,312.0693253662,34.45691084859,5450.0,10140.0,ob4o06050,200.0,STIS/CCD,STAR;POST-AGB STAR;CIRCUMSTELLAR MATTER;EJECTA;EMISSION LINE NEBULA,11634,3,*Emission*
SN-1987A-HOTSPOTS-52X2,83.86677511712,-69.2699387625,5240.0,10270.0,ob7i10020,310.0,STIS/CCD,EXT-MEDIUM;EMISSION LINE NEBULA;SNR,11653,3,*Emission*
SN-1987A-HOTSPOTS-52X2,83.86747487455,-69.26942234791,5240.0,10270.0,ob7i10050,310.0,STIS/CCD,EXT-MEDIUM;EMISSION LINE NEBULA;SNR,11653,3,*Emission*
SN-1987A-HOTSPOTS-52X2,83.86668077715,-69.2694412152,5240.0,10270.0,ob7i10070,310.0,STIS/CCD,EXT-MEDIUM;EMISSION LINE NEBULA;SNR,11653,3,*Emission*
SN-1987A-HOTSPOTS-52X2,83.86707782602,-69.26943178201,5240.0,10270.0,ob7i10060,310.0,STIS/CCD,EXT-MEDIUM;EMISSION LINE NEBULA;SNR,11653,3,*Emission*
SN-1987A-HOTSPOTS-52X2,83.86707782602,-69.26943178201,2900.0,5700.0,ob7i10090,426.0,STIS/CCD,EXT-MEDIUM;EMISSION LINE NEBULA;SNR,11653,3,*Emission*
SN-1987A-HOTSPOTS-52X2,83.86747487455,-69.26942234791,2900.0,5700.0,ob7i10080,426.0,STIS/CCD,EXT-MEDIUM;EMISSION LINE NEBULA;SNR,11653,3,*Emission*
SN-1987A-HOTSPOTS-52X2,83.86668077715,-69.2694412152,2900.0,5700.0,ob7i100a0,426.0,STIS/CCD,EXT-MEDIUM;EMISSION LINE NEBULA;SNR,11653,3,*Emission*
SN-1987A-HOTSPOTS-52X2,83.86717217506,-69.2699293291,5450.0,10140.0,ob7i20050,343.0,STIS/CCD,EXT-MEDIUM;EMISSION LINE NEBULA;SNR,11653,3,*Emission*
SN-1987A-HOTSPOTS-52X2,83.86717217506,-69.2699293291,2900.0,5700.0,ob7i100c0,426.0,STIS/CCD,EXT-MEDIUM;EMISSION LINE NEBULA;SNR,11653,3,*Emission*
SN-1987A-HOTSPOTS-52X2,83.86677511712,-69.2699387625,2900.0,5700.0,ob7i100b0,426.0,STIS/CCD,EXT-MEDIUM;EMISSION LINE NEBULA;SNR,11653,3,*Emission*
SN-1987A-HOTSPOTS-52X2,83.86717217506,-69.2699293291,5240.0,10270.0,ob7i10030,310.0,STIS/CCD,EXT-MEDIUM;EMISSION LINE NEBULA;SNR,11653,3,*Emission*
SN-1987A-HOTSPOTS-52X2,83.86707782602,-69.26943178201,5450.0,10140.0,ob7i200b0,389.0,STIS/CCD,EXT-MEDIUM;EMISSION LINE NEBULA;SNR,11653,3,*Emission*
SN-1987A-HOTSPOTS-52X2,83.86747487455,-69.26942234791,5450.0,10140.0,ob7i20080,389.0,STIS/CCD,EXT-MEDIUM;EMISSION LINE NEBULA;SNR,11653,3,*Emission*
SN-1987A-HOTSPOTS-52X2,83.86756923266,-69.26991989478,5240.0,10270.0,ob7i10040,310.0,STIS/CCD,EXT-MEDIUM;EMISSION LINE NEBULA;SNR,11653,3,*Emission*
SN-1987A-HOTSPOTS-52X2,83.86756923266,-69.26991989478,2900.0,5700.0,ob7i100d0,426.0,STIS/CCD,EXT-MEDIUM;EMISSION LINE NEBULA;SNR,11653,3,*Emission*
HD108,1.51410875,63.67965555556,3020.0,5610.0,obil05zmq,1.0,STIS/CCD,STAR;CIRCUMSTELLAR MATTER;DISK;EMISSION LINE STAR;OF;WIND,12179,1,*Emission*
HD108,1.51410875,63.67965555556,3020.0,5610.0,obil05zkq,0.2,STIS/CCD,STAR;CIRCUMSTELLAR MATTER;DISK;EMISSION LINE STAR;OF;WIND,12179,1,*Emission*
HD108,1.51410875,63.67965555556,3020.0,5610.0,obil05zlq,0.2,STIS/CCD,STAR;CIRCUMSTELLAR MATTER;DISK;EMISSION LINE STAR;OF;WIND,12179,1,*Emission*
SN-1987A-HOTSPOTS-52X2,83.86429847665,-69.2694977952,5450.0,10140.0,obkf20010,375.0,STIS/CCD,EXT-MEDIUM;EMISSION LINE NEBULA;SNR,12241,3,*Emission*
SN-1987A-HOTSPOTS-52X2,83.8650925782,-69.26947893884,5450.0,10140.0,obkf20020,375.0,STIS/CCD,EXT-MEDIUM;EMISSION LINE NEBULA;SNR,12241,3,*Emission*
SN-1987A-HOTSPOTS-52X2,83.86707782602,-69.26943178201,5450.0,10140.0,obkf20040,375.0,STIS/CCD,EXT-MEDIUM;EMISSION LINE NEBULA;SNR,12241,3,*Emission*
SN-1987A-HOTSPOTS-52X2,83.86608516404,-69.2694553642,5450.0,10140.0,obkf20030,375.0,STIS/CCD,EXT-MEDIUM;EMISSION LINE NEBULA;SNR,12241,3,*Emission*
SN-1987A-HOTSPOTS-52X2,83.86895897068,-69.26988686657,5450.0,10140.0,obkf20080,395.0,STIS/CCD,EXT-MEDIUM;EMISSION LINE NEBULA;SNR,12241,3,*Emission*
SN-1987A-HOTSPOTS-52X2,83.86906306521,-69.2693846024,5450.0,10140.0,obkf20050,375.0,STIS/CCD,EXT-MEDIUM;EMISSION LINE NEBULA;SNR,12241,3,*Emission*
SN-1987A-HOTSPOTS-52X2,83.87104829576,-69.26933740003,5450.0,10140.0,obkf20060,390.0,STIS/CCD,EXT-MEDIUM;EMISSION LINE NEBULA;SNR,12241,3,*Emission*
SN-1987A-HOTSPOTS-52X2,83.86717217506,-69.2699293291,5450.0,10140.0,obkf20090,395.0,STIS/CCD,EXT-MEDIUM;EMISSION LINE NEBULA;SNR,12241,3,*Emission*
SN-1987A-HOTSPOTS-52X2,83.87054719278,-69.26984910745,5450.0,10140.0,obkf20070,395.0,STIS/CCD,EXT-MEDIUM;EMISSION LINE NEBULA;SNR,12241,3,*Emission*
SN-1987A-HOTSPOTS-52X2,83.86558394121,-69.26996705725,5450.0,10140.0,obkf200a0,395.0,STIS/CCD,EXT-MEDIUM;EMISSION LINE NEBULA;SNR,12241,3,*Emission*
SN-1987A-HOTSPOTS-52X2,83.86399570184,-69.27000477083,5450.0,10140.0,obkf200b0,395.0,STIS/CCD,EXT-MEDIUM;EMISSION LINE NEBULA;SNR,12241,3,*Emission*
SBS0926+606A,142.5268166667,60.44817222222,5240.0,10270.0,obqn19040,300.0,STIS/CCD,GALAXY;DWARF COMPACT;EMISSION LINE NEBULA;MULTIPLE NUCLEI;STAR FORMING REGION;STARBURST,12472,3,*Emission*
SBS0926+606A,142.5268166667,60.44817222222,2900.0,5700.0,obqn19030,600.0,STIS/CCD,GALAXY;DWARF COMPACT;EMISSION LINE NEBULA;MULTIPLE NUCLEI;STAR FORMING REGION;STARBURST,12472,3,*Emission*
IIIZW107,352.5408333333,25.53055555556,5240.0,10270.0,obqn18030,150.0,STIS/CCD,GALAXY;AMORPHOUS IRREGULAR;EMISSION LINE NEBULA;INTERACTING GALAXY;STAR FORMING REGION;STARBURST,12472,3,*Emission*
IIIZW107,352.5408333333,25.53055555556,2900.0,5700.0,obqn18020,300.0,STIS/CCD,GALAXY;AMORPHOUS IRREGULAR;EMISSION LINE NEBULA;INTERACTING GALAXY;STAR FORMING REGION;STARBURST,12472,3,*Emission*
TOL1457-262A,225.1207916667,-26.447,2900.0,5700.0,obqn17020,300.0,STIS/CCD,GALAXY;AMORPHOUS IRREGULAR;EMISSION LINE NEBULA;STAR FORMING REGION;STARBURST,12472,3,*Emission*
TOL1457-262A,225.1207916667,-26.447,5240.0,10270.0,obqn17030,150.0,STIS/CCD,GALAXY;AMORPHOUS IRREGULAR;EMISSION LINE NEBULA;STAR FORMING REGION;STARBURST,12472,3,*Emission*
SBS1415+437,214.2558666667,43.50151944444,2900.0,5700.0,obqn16030,500.0,STIS/CCD,GALAXY;AMORPHOUS IRREGULAR;DWARF COMPACT;EMISSION LINE NEBULA;STAR FORMING REGION;STARBURST,12472,3,*Emission*
SBS1415+437,214.2558666667,43.50151944444,5240.0,10270.0,obqn16040,250.0,STIS/CCD,GALAXY;AMORPHOUS IRREGULAR;DWARF COMPACT;EMISSION LINE NEBULA;STAR FORMING REGION;STARBURST,12472,3,*Emission*
POX4,177.7983333333,-20.59916666667,5240.0,10270.0,obqn14030,150.0,STIS/CCD,GALAXY;EMISSION LINE NEBULA;STAR FORMING REGION;STARBURST,12472,3,*Emission*
SBS1319+579,200.3440416667,57.69152222222,5240.0,10270.0,obqn15050,912.0,STIS/CCD,GALAXY;AMORPHOUS IRREGULAR;DWARF COMPACT;EMISSION LINE NEBULA;STAR FORMING REGION;STARBURST,12472,3,*Emission*
POX4,177.7983333333,-20.59916666667,2900.0,5700.0,obqn14020,300.0,STIS/CCD,GALAXY;EMISSION LINE NEBULA;STAR FORMING REGION;STARBURST,12472,3,*Emission*
SBS1054+365,164.4458333333,36.26075,2900.0,5700.0,obqn13030,500.0,STIS/CCD,GALAXY;AMORPHOUS IRREGULAR;DWARF COMPACT;EMISSION LINE NEBULA;STAR FORMING REGION;STARBURST,12472,3,*Emission*
SBS1054+365,164.4458333333,36.26075,5240.0,10270.0,obqn13040,250.0,STIS/CCD,GALAXY;AMORPHOUS IRREGULAR;DWARF COMPACT;EMISSION LINE NEBULA;STAR FORMING REGION;STARBURST,12472,3,*Emission*
TOL9,158.6614583333,-28.58330555556,2900.0,5700.0,obqn12030,500.0,STIS/CCD,GALAXY;EMISSION LINE NEBULA;STAR FORMING REGION;STARBURST,12472,3,*Emission*
TOL9,158.6614583333,-28.58330555556,5240.0,10270.0,obqn12040,250.0,STIS/CCD,GALAXY;EMISSION LINE NEBULA;STAR FORMING REGION;STARBURST,12472,3,*Emission*
ARP252,146.24875,-19.71277777778,2900.0,5700.0,obqn10020,300.0,STIS/CCD,GALAXY;EMISSION LINE NEBULA;INTERACTING GALAXY;SPIRAL;STAR FORMING REGION;STARBURST,12472,3,*Emission*
ARP252,146.24875,-19.71277777778,5240.0,10270.0,obqn10030,150.0,STIS/CCD,GALAXY;EMISSION LINE NEBULA;INTERACTING GALAXY;SPIRAL;STAR FORMING REGION;STARBURST,12472,3,*Emission*
MRK960,12.147625,-12.71660277778,5240.0,10270.0,obqn01030,150.0,STIS/CCD,GALAXY;EMISSION LINE NEBULA;SPIRAL;STAR FORMING REGION;STARBURST,12472,3,*Emission*
MRK960,12.147625,-12.71660277778,2900.0,5700.0,obqn01020,300.0,STIS/CCD,GALAXY;EMISSION LINE NEBULA;SPIRAL;STAR FORMING REGION;STARBURST,12472,3,*Emission*
SBS0926+606A,142.5268166667,60.44817222222,5240.0,10270.0,obqn09040,1.5362,STIS/CCD,GALAXY;DWARF COMPACT;EMISSION LINE NEBULA;MULTIPLE NUCLEI;STAR FORMING REGION;STARBURST,12472,3,*Emission*
SBS0926+606A,142.5268166667,60.44817222222,2900.0,5700.0,obqn09030,1.5362,STIS/CCD,GALAXY;DWARF COMPACT;EMISSION LINE NEBULA;MULTIPLE NUCLEI;STAR FORMING REGION;STARBURST,12472,3,*Emission*
SBS0218+003,35.22729166667,0.5563888888889,5240.0,10270.0,obqn02040,250.0,STIS/CCD,GALAXY;DWARF COMPACT;EMISSION LINE NEBULA;STAR FORMING REGION;STARBURST,12472,3,*Emission*
NGC1741,75.40604166667,-4.25875,5240.0,10270.0,obqn04030,150.0,STIS/CCD,GALAXY;EMISSION LINE NEBULA;INTERACTING GALAXY;STAR FORMING REGION;STARBURST,12472,3,*Emission*
MRK5,100.564595,75.625,2900.0,5700.0,obqn05020,300.0,STIS/CCD,GALAXY;EMISSION LINE NEBULA;STAR FORMING REGION;STARBURST,12472,3,*Emission*
MRK5,100.564595,75.625,5240.0,10270.0,obqn05030,150.0,STIS/CCD,GALAXY;EMISSION LINE NEBULA;STAR FORMING REGION;STARBURST,12472,3,*Emission*
MRK1199,110.9310916667,33.44200555556,5240.0,10270.0,obqn06030,150.0,STIS/CCD,GALAXY;EMISSION LINE NEBULA;SPIRAL;STAR FORMING REGION;STARBURST,12472,3,*Emission*
IRAS08208+2816,125.9789583333,28.106,2900.0,5700.0,obqn07020,300.0,STIS/CCD,GALAXY;AMORPHOUS IRREGULAR;EMISSION LINE NEBULA;STAR FORMING REGION;STARBURST,12472,3,*Emission*
IRAS08208+2816,125.9789583333,28.106,5240.0,10270.0,obqn07030,150.0,STIS/CCD,GALAXY;AMORPHOUS IRREGULAR;EMISSION LINE NEBULA;STAR FORMING REGION;STARBURST,12472,3,*Emission*
MRK1087,72.43525,3.334075,2900.0,5700.0,obqn03020,300.0,STIS/CCD,GALAXY;EMISSION LINE NEBULA;SPIRAL;STAR FORMING REGION;STARBURST,12472,3,*Emission*
SBS0218+003,35.22729166667,0.5563888888889,2900.0,5700.0,obqn02030,500.0,STIS/CCD,GALAXY;DWARF COMPACT;EMISSION LINE NEBULA;STAR FORMING REGION;STARBURST,12472,3,*Emission*
NGC1741,75.40604166667,-4.25875,2900.0,5700.0,obqn04020,300.0,STIS/CCD,GALAXY;EMISSION LINE NEBULA;INTERACTING GALAXY;STAR FORMING REGION;STARBURST,12472,3,*Emission*
NGC-6778-NEBOFFSET,289.6039125,-1.596502777778,5240.0,10270.0,obrz19040,363.0,STIS/CCD,ISM;EJECTA;EMISSION LINE NEBULA;PLANETARY NEBULA,12600,3,*Emission*
NGC-6778-NEBOFFSET,289.6039125,-1.596502777778,2900.0,5700.0,obrz19010,363.0,STIS/CCD,ISM;EJECTA;EMISSION LINE NEBULA;PLANETARY NEBULA,12600,3,*Emission*
NGC-6778-NEBOFFSET,289.6039125,-1.596502777778,5450.0,10140.0,obrz19030,183.0,STIS/CCD,ISM;EJECTA;EMISSION LINE NEBULA;PLANETARY NEBULA,12600,3,*Emission*
NGC-6778-NEBOFFSET,289.6039125,-1.596502777778,3020.0,5610.0,obrz19020,183.0,STIS/CCD,ISM;EJECTA;EMISSION LINE NEBULA;PLANETARY NEBULA,12600,3,*Emission*
IC-2165-NEBOFFSET,95.42822916667,-12.98693333333,5240.0,10270.0,obrz13040,360.0,STIS/CCD,ISM;EJECTA;EMISSION LINE NEBULA;PLANETARY NEBULA,12600,3,*Emission*
IC-2165-NEBOFFSET,95.42822916667,-12.98693333333,3020.0,5610.0,obrz13020,210.0,STIS/CCD,ISM;EJECTA;EMISSION LINE NEBULA;PLANETARY NEBULA,12600,3,*Emission*
IC-2165-NEBOFFSET,95.42822916667,-12.98693333333,2900.0,5700.0,obrz13010,360.0,STIS/CCD,ISM;EJECTA;EMISSION LINE NEBULA;PLANETARY NEBULA,12600,3,*Emission*
IC-2165-NEBOFFSET,95.42822916667,-12.98693333333,5450.0,10140.0,obrz13030,165.0,STIS/CCD,ISM;EJECTA;EMISSION LINE NEBULA;PLANETARY NEBULA,12600,3,*Emission*
NGC-5882-NEBOFFSET,229.20807375,-45.64921944444,5240.0,10270.0,obrz10040,360.0,STIS/CCD,ISM;EJECTA;EMISSION LINE NEBULA;PLANETARY NEBULA,12600,3,*Emission*
NGC-5882-NEBOFFSET,229.20807375,-45.64921944444,3020.0,5610.0,obrz10020,210.0,STIS/CCD,ISM;EJECTA;EMISSION LINE NEBULA;PLANETARY NEBULA,12600,3,*Emission*
NGC-7662-NEBOFFSET,351.4733333333,42.53347222222,5450.0,10140.0,obrz07030,204.0,STIS/CCD,ISM;EJECTA;EMISSION LINE NEBULA;PLANETARY NEBULA,12600,3,*Emission*
NGC-7662-NEBOFFSET,351.4733333333,42.53347222222,5240.0,10270.0,obrz07040,324.0,STIS/CCD,ISM;EJECTA;EMISSION LINE NEBULA;PLANETARY NEBULA,12600,3,*Emission*
NGC-7662-NEBOFFSET,351.4733333333,42.53347222222,3020.0,5610.0,obrz07020,204.0,STIS/CCD,ISM;EJECTA;EMISSION LINE NEBULA;PLANETARY NEBULA,12600,3,*Emission*
NGC-3242-NEBOFFSET,156.1921125,-18.64365,5240.0,10270.0,obrz04040,330.0,STIS/CCD,ISM;EJECTA;EMISSION LINE NEBULA;PLANETARY NEBULA,12600,3,*Emission*
NGC-3242-NEBOFFSET,156.1921125,-18.64365,3020.0,5610.0,obrz04020,189.0,STIS/CCD,ISM;EJECTA;EMISSION LINE NEBULA;PLANETARY NEBULA,12600,3,*Emission*
NGC-3242-NEBOFFSET,156.1921125,-18.64365,2900.0,5700.0,obrz04010,360.0,STIS/CCD,ISM;EJECTA;EMISSION LINE NEBULA;PLANETARY NEBULA,12600,3,*Emission*
IC-3568-NEBOFFSET,188.2805833333,82.564,3020.0,5610.0,obrz01020,276.0,STIS/CCD,ISM;EJECTA;EMISSION LINE NEBULA;PLANETARY NEBULA,12600,3,*Emission*
IC-3568-NEBOFFSET,188.2805833333,82.564,5450.0,10140.0,obrz01030,276.0,STIS/CCD,ISM;EJECTA;EMISSION LINE NEBULA;PLANETARY NEBULA,12600,3,*Emission*
IC-3568-NEBOFFSET,188.2805833333,82.564,5240.0,10270.0,obrz01040,426.0,STIS/CCD,ISM;EJECTA;EMISSION LINE NEBULA;PLANETARY NEBULA,12600,3,*Emission*
ESO-213-7-PB6-NEBULA,153.3166208333,-50.33309166667,3020.0,5610.0,obrz22030,123.0,STIS/CCD,ISM;EJECTA;EMISSION LINE NEBULA;PLANETARY NEBULA,12600,3,*Emission*
ESO-213-7-PB6-NEBULA,153.3166208333,-50.33309166667,5450.0,10140.0,obrz22040,63.0,STIS/CCD,ISM;EJECTA;EMISSION LINE NEBULA;PLANETARY NEBULA,12600,3,*Emission*
NGC-2440-NEBOFFSET,115.4786458333,-18.20825,3020.0,5610.0,obrz26020,171.0,STIS/CCD,ISM;EJECTA;EMISSION LINE NEBULA;PLANETARY NEBULA,12600,3,*Emission*
NGC-2440-NEBOFFSET,115.4786458333,-18.20825,5240.0,10270.0,obrz26040,351.0,STIS/CCD,ISM;EJECTA;EMISSION LINE NEBULA;PLANETARY NEBULA,12600,3,*Emission*
NGC-6537-NEBOFFSET,271.3047041667,-19.84295,2900.0,5700.0,obrz30010,363.0,STIS/CCD,ISM;EJECTA;EMISSION LINE NEBULA;PLANETARY NEBULA,12600,3,*Emission*
NGC-6537-NEBOFFSET,271.3047041667,-19.84295,3020.0,5610.0,obrz30020,213.0,STIS/CCD,ISM;EJECTA;EMISSION LINE NEBULA;PLANETARY NEBULA,12600,3,*Emission*
RXJ1532+3021,233.2240541667,30.34984166667,5450.0,10140.0,ocap05010,2054.0,STIS/CCD,CLUSTER OF GALAXIES;COOLING FLOW;EMISSION LINE NEBULA;NUCLEUS;RICH CLUSTER;STAR FORMING REGION,13367,3,*Emission*
SN1987A-STIS1,83.86697058695,-69.26963889134,5240.0,10270.0,ocd601050,760.0,STIS/CCD,EXT-MEDIUM;EJECTA;EMISSION LINE NEBULA;SNR,13401,3,*Emission*
SN1987A-STIS5,83.86665392227,-69.26963889134,5240.0,10270.0,ocd605050,760.0,STIS/CCD,EXT-MEDIUM;EJECTA;EMISSION LINE NEBULA;SNR,13401,3,*Emission*
SN1987A-STIS4,83.86673425249,-69.26970833456,5240.0,10270.0,ocd604080,760.0,STIS/CCD,EXT-MEDIUM;EJECTA;EMISSION LINE NEBULA;SNR,13401,3,*Emission*
SN1987A-STIS3,83.86681691171,-69.26991666422,5240.0,10270.0,ocd6030b0,770.0,STIS/CCD,EXT-MEDIUM;EJECTA;EMISSION LINE NEBULA;SNR,13401,3,*Emission*
SN1987A-STIS3,83.86681574752,-69.269847221,5240.0,10270.0,ocd6030a0,770.0,STIS/CCD,EXT-MEDIUM;EJECTA;EMISSION LINE NEBULA;SNR,13401,3,*Emission*
SN1987A-STIS3,83.86681225498,-69.26963889134,5240.0,10270.0,ocd603050,760.0,STIS/CCD,EXT-MEDIUM;EJECTA;EMISSION LINE NEBULA;SNR,13401,3,*Emission*
SN1987A-STIS2,83.86689607912,-69.26991666422,5240.0,10270.0,ocd6020b0,770.0,STIS/CCD,EXT-MEDIUM;EJECTA;EMISSION LINE NEBULA;SNR,13401,3,*Emission*
SN1987A-STIS2,83.86689142091,-69.26963889134,5240.0,10270.0,ocd602060,760.0,STIS/CCD,EXT-MEDIUM;EJECTA;EMISSION LINE NEBULA;SNR,13401,3,*Emission*
SN1987A-STIS2,83.86689258545,-69.26970833456,5240.0,10270.0,ocd602080,760.0,STIS/CCD,EXT-MEDIUM;EJECTA;EMISSION LINE NEBULA;SNR,13401,3,*Emission*
SN1987A-STIS1,83.86697524642,-69.26991666422,5240.0,10270.0,ocd6010c0,720.0,STIS/CCD,EXT-MEDIUM;EJECTA;EMISSION LINE NEBULA;SNR,13401,3,*Emission*
SN1987A-STIS4,83.86673658086,-69.269847221,5240.0,10270.0,ocd604090,770.0,STIS/CCD,EXT-MEDIUM;EJECTA;EMISSION LINE NEBULA;SNR,13401,3,*Emission*
SN1987A-STIS5,83.86665392227,-69.26963889134,5240.0,10270.0,ocd605060,760.0,STIS/CCD,EXT-MEDIUM;EJECTA;EMISSION LINE NEBULA;SNR,13401,3,*Emission*
SN1987A-STIS1,83.86697175181,-69.26970833456,5240.0,10270.0,ocd601080,760.0,STIS/CCD,EXT-MEDIUM;EJECTA;EMISSION LINE NEBULA;SNR,13401,3,*Emission*
SN1987A-STIS3,83.86681691171,-69.26991666422,5240.0,10270.0,ocd6030c0,720.0,STIS/CCD,EXT-MEDIUM;EJECTA;EMISSION LINE NEBULA;SNR,13401,3,*Emission*
SN1987A-STIS5,83.86665857776,-69.26991666422,5240.0,10270.0,ocd6050c0,720.0,STIS/CCD,EXT-MEDIUM;EJECTA;EMISSION LINE NEBULA;SNR,13401,3,*Emission*
SN1987A-STIS5,83.86665857776,-69.26991666422,5240.0,10270.0,ocd6050b0,770.0,STIS/CCD,EXT-MEDIUM;EJECTA;EMISSION LINE NEBULA;SNR,13401,3,*Emission*
SN1987A-STIS5,83.86665508613,-69.26970833456,5240.0,10270.0,ocd605080,760.0,STIS/CCD,EXT-MEDIUM;EJECTA;EMISSION LINE NEBULA;SNR,13401,3,*Emission*
SN1987A-STIS5,83.86665741388,-69.269847221,5240.0,10270.0,ocd6050a0,770.0,STIS/CCD,EXT-MEDIUM;EJECTA;EMISSION LINE NEBULA;SNR,13401,3,*Emission*
SN1987A-STIS5,83.86665741388,-69.269847221,5240.0,10270.0,ocd605090,770.0,STIS/CCD,EXT-MEDIUM;EJECTA;EMISSION LINE NEBULA;SNR,13401,3,*Emission*
SN1987A-STIS5,83.86665508613,-69.26970833456,5240.0,10270.0,ocd605070,760.0,STIS/CCD,EXT-MEDIUM;EJECTA;EMISSION LINE NEBULA;SNR,13401,3,*Emission*
SN1987A-STIS2,83.86689142091,-69.26963889134,5240.0,10270.0,ocd602050,760.0,STIS/CCD,EXT-MEDIUM;EJECTA;EMISSION LINE NEBULA;SNR,13401,3,*Emission*
SN1987A-STIS1,83.86697524642,-69.26991666422,5240.0,10270.0,ocd6010b0,770.0,STIS/CCD,EXT-MEDIUM;EJECTA;EMISSION LINE NEBULA;SNR,13401,3,*Emission*
SN1987A-STIS1,83.86697408154,-69.269847221,5240.0,10270.0,ocd6010a0,770.0,STIS/CCD,EXT-MEDIUM;EJECTA;EMISSION LINE NEBULA;SNR,13401,3,*Emission*
SN1987A-STIS1,83.86697058695,-69.26963889134,5240.0,10270.0,ocd601060,760.0,STIS/CCD,EXT-MEDIUM;EJECTA;EMISSION LINE NEBULA;SNR,13401,3,*Emission*
SN1987A-STIS3,83.86681574752,-69.269847221,5240.0,10270.0,ocd603090,770.0,STIS/CCD,EXT-MEDIUM;EJECTA;EMISSION LINE NEBULA;SNR,13401,3,*Emission*
SN1987A-STIS2,83.86689491455,-69.269847221,5240.0,10270.0,ocd6020a0,770.0,STIS/CCD,EXT-MEDIUM;EJECTA;EMISSION LINE NEBULA;SNR,13401,3,*Emission*
SN1987A-STIS3,83.86681341915,-69.26970833456,5240.0,10270.0,ocd603080,760.0,STIS/CCD,EXT-MEDIUM;EJECTA;EMISSION LINE NEBULA;SNR,13401,3,*Emission*
SN1987A-STIS1,83.86697175181,-69.26970833456,5240.0,10270.0,ocd601070,760.0,STIS/CCD,EXT-MEDIUM;EJECTA;EMISSION LINE NEBULA;SNR,13401,3,*Emission*
SN1987A-STIS2,83.86689607912,-69.26991666422,5240.0,10270.0,ocd6020c0,720.0,STIS/CCD,EXT-MEDIUM;EJECTA;EMISSION LINE NEBULA;SNR,13401,3,*Emission*
SN1987A-STIS3,83.86681225498,-69.26963889134,5240.0,10270.0,ocd603060,760.0,STIS/CCD,EXT-MEDIUM;EJECTA;EMISSION LINE NEBULA;SNR,13401,3,*Emission*
SN1987A-STIS2,83.86689258545,-69.26970833456,5240.0,10270.0,ocd602070,760.0,STIS/CCD,EXT-MEDIUM;EJECTA;EMISSION LINE NEBULA;SNR,13401,3,*Emission*
SN1987A-STIS3,83.86681341915,-69.26970833456,5240.0,10270.0,ocd603070,760.0,STIS/CCD,EXT-MEDIUM;EJECTA;EMISSION LINE NEBULA;SNR,13401,3,*Emission*
SN1987A-STIS1,83.86697408154,-69.269847221,5240.0,10270.0,ocd601090,770.0,STIS/CCD,EXT-MEDIUM;EJECTA;EMISSION LINE NEBULA;SNR,13401,3,*Emission*
SN1987A-STIS2,83.86689491455,-69.269847221,5240.0,10270.0,ocd602090,770.0,STIS/CCD,EXT-MEDIUM;EJECTA;EMISSION LINE NEBULA;SNR,13401,3,*Emission*
SN1987A-STIS4,83.86673308832,-69.26963889134,5240.0,10270.0,ocd604050,760.0,STIS/CCD,EXT-MEDIUM;EJECTA;EMISSION LINE NEBULA;SNR,13401,3,*Emission*
SN1987A-STIS4,83.86673425249,-69.26970833456,5240.0,10270.0,ocd604070,760.0,STIS/CCD,EXT-MEDIUM;EJECTA;EMISSION LINE NEBULA;SNR,13401,3,*Emission*
SN1987A-STIS4,83.86673774505,-69.26991666422,5240.0,10270.0,ocd6040c0,720.0,STIS/CCD,EXT-MEDIUM;EJECTA;EMISSION LINE NEBULA;SNR,13401,3,*Emission*
SN1987A-STIS4,83.86673308832,-69.26963889134,5240.0,10270.0,ocd604060,760.0,STIS/CCD,EXT-MEDIUM;EJECTA;EMISSION LINE NEBULA;SNR,13401,3,*Emission*
SN1987A-STIS4,83.86673658086,-69.269847221,5240.0,10270.0,ocd6040a0,770.0,STIS/CCD,EXT-MEDIUM;EJECTA;EMISSION LINE NEBULA;SNR,13401,3,*Emission*
SN1987A-STIS4,83.86673774505,-69.26991666422,5240.0,10270.0,ocd6040b0,770.0,STIS/CCD,EXT-MEDIUM;EJECTA;EMISSION LINE NEBULA;SNR,13401,3,*Emission*
SN1987A-STIS4,83.86673634802,-69.26983333236,5240.0,10270.0,odad040a0,790.0,STIS/CCD,EXT-MEDIUM;EJECTA;EMISSION LINE NEBULA;SNR,14753,3,*Emission*
SN1987A-STIS2,83.8668942158,-69.26980555507,2900.0,5700.0,odad03020,800.0,STIS/CCD,EXT-MEDIUM;EJECTA;EMISSION LINE NEBULA;SNR,14753,3,*Emission*
SN1987A-STIS2,83.8668946816,-69.26983333236,2900.0,5700.0,odad03030,800.0,STIS/CCD,EXT-MEDIUM;EJECTA;EMISSION LINE NEBULA;SNR,14753,3,*Emission*
SN1987A-STIS4,83.86673634802,-69.26983333236,2900.0,5700.0,odad03040,896.0,STIS/CCD,EXT-MEDIUM;EJECTA;EMISSION LINE NEBULA;SNR,14753,3,*Emission*
SN1987A-STIS4,83.86673634802,-69.26983333236,2900.0,5700.0,odad030a0,796.0,STIS/CCD,EXT-MEDIUM;EJECTA;EMISSION LINE NEBULA;SNR,14753,3,*Emission*
SN1987A-STIS4,83.86673541667,-69.26977777778,2900.0,5700.0,odad03060,796.0,STIS/CCD,EXT-MEDIUM;EJECTA;EMISSION LINE NEBULA;SNR,14753,3,*Emission*
SN1987A-STIS4,83.86673588234,-69.26980555507,2900.0,5700.0,odad03050,896.0,STIS/CCD,EXT-MEDIUM;EJECTA;EMISSION LINE NEBULA;SNR,14753,3,*Emission*
SN1987A-STIS3,83.866815049,-69.26980555507,2900.0,5700.0,odad03090,896.0,STIS/CCD,EXT-MEDIUM;EJECTA;EMISSION LINE NEBULA;SNR,14753,3,*Emission*
SN1987A-STIS2,83.8668946816,-69.26983333236,5240.0,10270.0,odad04030,796.0,STIS/CCD,EXT-MEDIUM;EJECTA;EMISSION LINE NEBULA;SNR,14753,3,*Emission*
SN1987A-STIS2,83.86689375,-69.26977777778,5240.0,10270.0,odad04010,796.0,STIS/CCD,EXT-MEDIUM;EJECTA;EMISSION LINE NEBULA;SNR,14753,3,*Emission*
SN1987A-STIS2,83.8668942158,-69.26980555507,5240.0,10270.0,odad04020,796.0,STIS/CCD,EXT-MEDIUM;EJECTA;EMISSION LINE NEBULA;SNR,14753,3,*Emission*
SN1987A-STIS4,83.86673634802,-69.26983333236,5240.0,10270.0,odad04040,890.0,STIS/CCD,EXT-MEDIUM;EJECTA;EMISSION LINE NEBULA;SNR,14753,3,*Emission*
SN1987A-STIS4,83.86673588234,-69.26980555507,5240.0,10270.0,odad04050,890.0,STIS/CCD,EXT-MEDIUM;EJECTA;EMISSION LINE NEBULA;SNR,14753,3,*Emission*
SN1987A-STIS3,83.866815049,-69.26980555507,5240.0,10270.0,odad04090,890.0,STIS/CCD,EXT-MEDIUM;EJECTA;EMISSION LINE NEBULA;SNR,14753,3,*Emission*
V-HYDRAE,162.9051646541,-21.2500213211,3020.0,5610.0,odht01010,568.0,STIS/CCD,STAR;CARBON STAR;DISK;EMISSION LINE NEBULA;PULSATING VARIABLE;WIND,15209,3,*Emission*
V-HYDRAE,162.9050970346,-21.2500288914,3020.0,5610.0,odht01020,568.0,STIS/CCD,STAR;CARBON STAR;DISK;EMISSION LINE NEBULA;PULSATING VARIABLE;WIND,15209,3,*Emission*
V-HYDRAE,162.9050294149,-21.25003646167,3020.0,5610.0,odht01030,568.0,STIS/CCD,STAR;CARBON STAR;DISK;EMISSION LINE NEBULA;PULSATING VARIABLE;WIND,15209,3,*Emission*
V-HYDRAE,162.9051682082,-21.25004890052,3020.0,5610.0,odht01040,626.0,STIS/CCD,STAR;CARBON STAR;DISK;EMISSION LINE NEBULA;PULSATING VARIABLE;WIND,15209,3,*Emission*
V-HYDRAE,162.9051005885,-21.25005647082,3020.0,5610.0,odht01050,626.0,STIS/CCD,STAR;CARBON STAR;DISK;EMISSION LINE NEBULA;PULSATING VARIABLE;WIND,15209,3,*Emission*
V-HYDRAE,162.9051717626,-21.25007647999,3020.0,5610.0,odht01070,626.0,STIS/CCD,STAR;CARBON STAR;DISK;EMISSION LINE NEBULA;PULSATING VARIABLE;WIND,15209,3,*Emission*
V-HYDRAE,162.905032969,-21.25006404109,3020.0,5610.0,odht01060,626.0,STIS/CCD,STAR;CARBON STAR;DISK;EMISSION LINE NEBULA;PULSATING VARIABLE;WIND,15209,3,*Emission*
V-HYDRAE,162.9051041426,-21.25008405024,3020.0,5610.0,odht01080,620.0,STIS/CCD,STAR;CARBON STAR;DISK;EMISSION LINE NEBULA;PULSATING VARIABLE;WIND,15209,3,*Emission*
V-HYDRAE,162.9050365229,-21.2500916205,3020.0,5610.0,odht01090,620.0,STIS/CCD,STAR;CARBON STAR;DISK;EMISSION LINE NEBULA;PULSATING VARIABLE;WIND,15209,3,*Emission*
V-HYDRAE,162.9051753167,-21.25010405939,3020.0,5610.0,odht010a0,620.0,STIS/CCD,STAR;CARBON STAR;DISK;EMISSION LINE NEBULA;PULSATING VARIABLE;WIND,15209,3,*Emission*
V-HYDRAE,162.905040077,-21.25011919992,3020.0,5610.0,odht010c0,618.0,STIS/CCD,STAR;CARBON STAR;DISK;EMISSION LINE NEBULA;PULSATING VARIABLE;WIND,15209,3,*Emission*
V-HYDRAE,162.905107697,-21.2501116297,3020.0,5610.0,odht010b0,620.0,STIS/CCD,STAR;CARBON STAR;DISK;EMISSION LINE NEBULA;PULSATING VARIABLE;WIND,15209,3,*Emission*
V-HYDRAE,162.9051717634,-21.25007648014,5240.0,10270.0,odht01weq,1.0,STIS/CCD,STAR;CARBON STAR;DISK;EMISSION LINE NEBULA;PULSATING VARIABLE;WIND,15209,1,*Emission*
V-HYDRAE,162.9051788708,-21.25013163882,3020.0,5610.0,odht010d0,618.0,STIS/CCD,STAR;CARBON STAR;DISK;EMISSION LINE NEBULA;PULSATING VARIABLE;WIND,15209,3,*Emission*
V-HYDRAE,162.9050436314,-21.2501467794,3020.0,5610.0,odht010f0,618.0,STIS/CCD,STAR;CARBON STAR;DISK;EMISSION LINE NEBULA;PULSATING VARIABLE;WIND,15209,3,*Emission*
V-HYDRAE,162.9051112511,-21.25013920912,3020.0,5610.0,odht010e0,618.0,STIS/CCD,STAR;CARBON STAR;DISK;EMISSION LINE NEBULA;PULSATING VARIABLE;WIND,15209,3,*Emission*
WRAY-16-147,212.9671619298,-51.43998825051,3020.0,5610.0,odyh210c0,450.0,STIS/CCD,STAR;CIRCUMSTELLAR MATTER;EMISSION LINE NEBULA;SYMBIOTIC STAR,15677,3,*Emission*
WRAY-16-147,212.9668468928,-51.44006699191,3020.0,5610.0,odyh21080,450.0,STIS/CCD,STAR;CIRCUMSTELLAR MATTER;EMISSION LINE NEBULA;SYMBIOTIC STAR,15677,3,*Emission*
WRAY-16-147,212.9671619328,-51.43998824986,5450.0,10140.0,odyh220i0,60.0,STIS/CCD,STAR;CIRCUMSTELLAR MATTER;EMISSION LINE NEBULA;SYMBIOTIC STAR,15677,3,*Emission*
WRAY-16-147,212.9668468962,-51.44006699116,5450.0,10140.0,odyh220b0,60.0,STIS/CCD,STAR;CIRCUMSTELLAR MATTER;EMISSION LINE NEBULA;SYMBIOTIC STAR,15677,3,*Emission*
WRAY-16-147,212.9668468964,-51.44006699113,5450.0,10140.0,odyh22090,60.0,STIS/CCD,STAR;CIRCUMSTELLAR MATTER;EMISSION LINE NEBULA;SYMBIOTIC STAR,15677,3,*Emission*
V-HYDRAE,162.9051687754,-21.25007590144,5240.0,10270.0,oe3j01c2q,1.0,STIS/CCD,STAR;CARBON STAR;DISK;EMISSION LINE NEBULA;PULSATING VARIABLE;WIND,15895,1,*Emission*
V-HYDRAE,162.9050358098,-21.25013791566,3020.0,5610.0,oe3j010f0,584.0,STIS/CCD,STAR;CARBON STAR;DISK;EMISSION LINE NEBULA;PULSATING VARIABLE;WIND,15895,3,*Emission*
V-HYDRAE,162.905171841,-21.25013138304,3020.0,5610.0,oe3j010d0,584.0,STIS/CCD,STAR;CARBON STAR;DISK;EMISSION LINE NEBULA;PULSATING VARIABLE;WIND,15895,3,*Emission*
V-HYDRAE,162.9051038254,-21.25013464936,3020.0,5610.0,oe3j010e0,584.0,STIS/CCD,STAR;CARBON STAR;DISK;EMISSION LINE NEBULA;PULSATING VARIABLE;WIND,15895,3,*Emission*
V-HYDRAE,162.9050342764,-21.25011017472,3020.0,5610.0,oe3j010c0,584.0,STIS/CCD,STAR;CARBON STAR;DISK;EMISSION LINE NEBULA;PULSATING VARIABLE;WIND,15895,3,*Emission*
V-HYDRAE,162.9051703078,-21.25010364217,3020.0,5610.0,oe3j010a0,584.0,STIS/CCD,STAR;CARBON STAR;DISK;EMISSION LINE NEBULA;PULSATING VARIABLE;WIND,15895,3,*Emission*
V-HYDRAE,162.9050327433,-21.25008243384,3020.0,5610.0,oe3j01090,584.0,STIS/CCD,STAR;CARBON STAR;DISK;EMISSION LINE NEBULA;PULSATING VARIABLE;WIND,15895,3,*Emission*
V-HYDRAE,162.9051022922,-21.25010690848,3020.0,5610.0,oe3j010b0,584.0,STIS/CCD,STAR;CARBON STAR;DISK;EMISSION LINE NEBULA;PULSATING VARIABLE;WIND,15895,3,*Emission*
V-HYDRAE,162.9050312101,-21.25005469297,3020.0,5610.0,oe3j01060,590.0,STIS/CCD,STAR;CARBON STAR;DISK;EMISSION LINE NEBULA;PULSATING VARIABLE;WIND,15895,3,*Emission*
V-HYDRAE,162.9051687746,-21.25007590129,3020.0,5610.0,oe3j01070,590.0,STIS/CCD,STAR;CARBON STAR;DISK;EMISSION LINE NEBULA;PULSATING VARIABLE;WIND,15895,3,*Emission*
V-HYDRAE,162.9051007587,-21.25007916756,3020.0,5610.0,oe3j01080,584.0,STIS/CCD,STAR;CARBON STAR;DISK;EMISSION LINE NEBULA;PULSATING VARIABLE;WIND,15895,3,*Emission*
V-HYDRAE,162.9050992257,-21.25005142668,3020.0,5610.0,oe3j01050,590.0,STIS/CCD,STAR;CARBON STAR;DISK;EMISSION LINE NEBULA;PULSATING VARIABLE;WIND,15895,3,*Emission*
V-HYDRAE,162.9051672411,-21.25004816035,3020.0,5610.0,oe3j01040,590.0,STIS/CCD,STAR;CARBON STAR;DISK;EMISSION LINE NEBULA;PULSATING VARIABLE;WIND,15895,3,*Emission*
V-HYDRAE,162.905029677,-21.25002695209,3020.0,5610.0,oe3j01030,528.0,STIS/CCD,STAR;CARBON STAR;DISK;EMISSION LINE NEBULA;PULSATING VARIABLE;WIND,15895,3,*Emission*
V-HYDRAE,162.9051657079,-21.25002041948,3020.0,5610.0,oe3j01010,528.0,STIS/CCD,STAR;CARBON STAR;DISK;EMISSION LINE NEBULA;PULSATING VARIABLE;WIND,15895,3,*Emission*
V-HYDRAE,162.9050976925,-21.2500236858,3020.0,5610.0,oe3j01020,528.0,STIS/CCD,STAR;CARBON STAR;DISK;EMISSION LINE NEBULA;PULSATING VARIABLE;WIND,15895,3,*Emission*
-ALF-SCO,247.3518337827,-26.43214627776,3020.0,5610.0,oedz01cmq,0.1,STIS/CCD,STAR;CIRCUMSTELLAR MATTER;EMISSION LINE STAR;M III-I,16256,1,*Emission*
-ALF-SCO,247.35183267,-26.43214706991,3020.0,5610.0,oedz04qjq,0.1,STIS/CCD,STAR;CIRCUMSTELLAR MATTER;EMISSION LINE STAR;M III-I,16256,1,*Emission*
-ALF-SCO,247.3518287092,-26.43214858836,3020.0,5610.0,oedz05k2q,0.1,STIS/CCD,STAR;CIRCUMSTELLAR MATTER;EMISSION LINE STAR;M III-I,16256,1,*Emission*
-ALF-SCO,247.3518283954,-26.43214885918,3020.0,5610.0,oedz07f1q,0.1,STIS/CCD,STAR;CIRCUMSTELLAR MATTER;EMISSION LINE STAR;M III-I,16256,1,*Emission*
-ALF-SCO,247.3518286861,-26.43214860369,3020.0,5610.0,oedz06plq,0.1,STIS/CCD,STAR;CIRCUMSTELLAR MATTER;EMISSION LINE STAR;M III-I,16256,1,*Emission*
-ALF-SCO,247.3518337715,-26.43214629323,3020.0,5610.0,oedz02f7q,0.1,STIS/CCD,STAR;CIRCUMSTELLAR MATTER;EMISSION LINE STAR;M III-I,16256,1,*Emission*
-ALF-SCO,247.3518287294,-26.43214857534,3020.0,5610.0,oedz03eoq,0.1,STIS/CCD,STAR;CIRCUMSTELLAR MATTER;EMISSION LINE STAR;M III-I,16256,1,*Emission*
MRK71-A-POS2,112.1779833333,69.18946388889,2900.0,5700.0,oecn10030,839.168,STIS/CCD,EXT-MEDIUM;EMISSION LINE NEBULA;HII REGION;KNOT;STAR FORMING REGION,16261,3,*Emission*
MRK71-A-POS2,112.177751322,69.18945164363,2900.0,5700.0,oecn10040,968.0,STIS/CCD,EXT-MEDIUM;EMISSION LINE NEBULA;HII REGION;KNOT;STAR FORMING REGION,16261,3,*Emission*
MRK71-A-POS2,112.1775193109,69.18943939806,2900.0,5700.0,oecn10050,968.0,STIS/CCD,EXT-MEDIUM;EMISSION LINE NEBULA;HII REGION;KNOT;STAR FORMING REGION,16261,3,*Emission*
NGC3603-A1,168.7807596685,-61.26030519051,3020.0,5610.0,of8406070,165.0,STIS/CCD,STAR;EMISSION LINE STAR;SUPERGIANT O;WOLF RAYET - WN,17527,3,*Emission*
NGC3603-A1,168.7806126968,-61.2604247568,3020.0,5610.0,of8406060,165.0,STIS/CCD,STAR;EMISSION LINE STAR;SUPERGIANT O;WOLF RAYET - WN,17527,3,*Emission*
NGC3603-A1,168.7809135946,-61.26096688472,3020.0,5610.0,of8404010,1.536639,STIS/CCD,STAR;EMISSION LINE STAR;SUPERGIANT O;WOLF RAYET - WN,17527,3,*Emission*
NGC3603-A1,168.7807153118,-61.2608658864,3020.0,5610.0,of8404020,1.536639,STIS/CCD,STAR;EMISSION LINE STAR;SUPERGIANT O;WOLF RAYET - WN,17527,3,*Emission*
NGC3603-A1,168.7805170302,-61.26076488779,3020.0,5610.0,of8404030,1.536639,STIS/CCD,STAR;EMISSION LINE STAR;SUPERGIANT O;WOLF RAYET - WN,17527,3,*Emission*
NGC3603-A1,168.78031875,-61.26066388889,3020.0,5610.0,of8404040,1.536638,STIS/CCD,STAR;EMISSION LINE STAR;SUPERGIANT O;WOLF RAYET - WN,17527,3,*Emission*
NGC3603-A1,168.780120471,-61.2605628897,3020.0,5610.0,of8404050,1.536639,STIS/CCD,STAR;EMISSION LINE STAR;SUPERGIANT O;WOLF RAYET - WN,17527,3,*Emission*
NGC3603-A1,168.7799221933,-61.26046189022,3020.0,5610.0,of8404060,1.536638,STIS/CCD,STAR;EMISSION LINE STAR;SUPERGIANT O;WOLF RAYET - WN,17527,3,*Emission*
NGC3603-A1,168.7797239169,-61.26036089046,3020.0,5610.0,of8404070,1.536638,STIS/CCD,STAR;EMISSION LINE STAR;SUPERGIANT O;WOLF RAYET - WN,17527,3,*Emission*
NGC3603-A1,168.7800247988,-61.26090302035,3020.0,5610.0,of8406020,165.0,STIS/CCD,STAR;EMISSION LINE STAR;SUPERGIANT O;WOLF RAYET - WN,17527,3,*Emission*
NGC3603-A1,168.78031875,-61.26066388889,3020.0,5610.0,of8406040,165.0,STIS/CCD,STAR;EMISSION LINE STAR;SUPERGIANT O;WOLF RAYET - WN,17527,3,*Emission*
NGC3603-A1,168.7801717749,-61.2607834547,3020.0,5610.0,of8406030,165.0,STIS/CCD,STAR;EMISSION LINE STAR;SUPERGIANT O;WOLF RAYET - WN,17527,3,*Emission*
NGC3603-A1,168.7804657239,-61.26054432292,3020.0,5610.0,of8406050,165.0,STIS/CCD,STAR;EMISSION LINE STAR;SUPERGIANT O;WOLF RAYET - WN,17527,3,*Emission*
NGC3603-A1,168.7807189998,-61.26086419764,3020.0,5610.0,of8402020,1.536638,STIS/CCD,STAR;EMISSION LINE STAR;SUPERGIANT O;WOLF RAYET - WN,17527,3,*Emission*
NGC3603-A1,168.7809191266,-61.26096435157,3020.0,5610.0,of8402010,1.536639,STIS/CCD,STAR;EMISSION LINE STAR;SUPERGIANT O;WOLF RAYET - WN,17527,3,*Emission*
NGC3603-A1,168.7805188743,-61.26076404341,3020.0,5610.0,of8402030,1.504638,STIS/CCD,STAR;EMISSION LINE STAR;SUPERGIANT O;WOLF RAYET - WN,17527,3,*Emission*
NGC3603-A1,168.7799185053,-61.26046357896,3020.0,5610.0,of8402060,1.536639,STIS/CCD,STAR;EMISSION LINE STAR;SUPERGIANT O;WOLF RAYET - WN,17527,3,*Emission*
NGC3603-A1,168.780118627,-61.26056373407,3020.0,5610.0,of8402050,1.504638,STIS/CCD,STAR;EMISSION LINE STAR;SUPERGIANT O;WOLF RAYET - WN,17527,3,*Emission*
NGC3603-A1,168.7797183849,-61.26036342355,3020.0,5610.0,of8402070,1.536639,STIS/CCD,STAR;EMISSION LINE STAR;SUPERGIANT O;WOLF RAYET - WN,17527,3,*Emission*
NGC3603-A1,168.78031875,-61.26066388889,3020.0,5610.0,of8402040,1.536638,STIS/CCD,STAR;EMISSION LINE STAR;SUPERGIANT O;WOLF RAYET - WN,17527,3,*Emission*
IRAS21282+5050,322.4938580043,51.06666552317,5450.0,10140.0,ob4o03040,894.0,STIS/CCD,STAR;CIRCUMSTELLAR MATTER;EJECTA;EMISSION LINE NEBULA;POST-AGB STAR,11634,3,*Emission*
IRAS21282+5050,322.4935169959,51.0666066988,5450.0,10140.0,ob4o03050,896.0,STIS/CCD,STAR;CIRCUMSTELLAR MATTER;EJECTA;EMISSION LINE NEBULA;POST-AGB STAR,11634,3,*Emission*
IRAS21282+5050,322.4936022479,51.06662140499,5450.0,10140.0,ob4o03060,898.0,STIS/CCD,STAR;CIRCUMSTELLAR MATTER;EJECTA;EMISSION LINE NEBULA;POST-AGB STAR,11634,3,*Emission*
SN1987A-STIS4,83.86673541667,-69.26977777778,5240.0,10270.0,odad04060,790.0,STIS/CCD,EXT-MEDIUM;EJECTA;EMISSION LINE NEBULA;SNR,14753,3,*Emission*
M62-VLA1,255.3050795833,-30.11405,2900.0,5700.0,ocui07010,1892.0,STIS/CCD,STAR;EMISSION LINE STAR;G III-I;LMXB;POPULATION II,14086,3,*Emission*
NGC-2440-NEBOFFSET,115.4786458333,-18.20825,2900.0,5700.0,obrz26010,351.0,STIS/CCD,ISM;EJECTA;EMISSION LINE NEBULA;PLANETARY NEBULA,12600,3,*Emission*
NGC-6537-NEBOFFSET,271.3047041667,-19.84295,5450.0,10140.0,obrz30030,183.0,STIS/CCD,ISM;EJECTA;EMISSION LINE NEBULA;PLANETARY NEBULA,12600,3,*Emission*
M62-VLA1,255.3050795833,-30.11405,2900.0,5700.0,ocui12010,1892.0,STIS/CCD,STAR;EMISSION LINE STAR;G III-I;LMXB;POPULATION II,14086,3,*Emission*
M82-A2,148.973237514,69.68054232922,2900.0,5700.0,ob4k020c0,775.0,STIS/CCD,EXT-CLUSTER;YOUNG ASSOCIATION;EMISSION LINE NEBULA;STAR FORMINGREGION,11641,3,*Emission*
IRAS19306+1407,293.2295304167,14.22693888889,5450.0,10140.0,ob4o02010,560.0,STIS/CCD,STAR;CIRCUMSTELLAR MATTER;EJECTA;EMISSION LINE NEBULA;POST-AGB STAR,11634,3,*Emission*
M82-A2,148.973237514,69.68054232922,2900.0,5700.0,ob4k03050,775.0,STIS/CCD,EXT-CLUSTER;YOUNG ASSOCIATION;EMISSION LINE NEBULA;STAR FORMINGREGION,11641,3,*Emission*
HH30,67.90634166667,18.20685277778,5450.0,10140.0,o65x12010,2110.0,STIS/CCD,ISM;HERBIG-HARO OBJECT;JET;SHOCK FRONT;STAR FORMING REGION;EMISSION LINE NEBULA,8653,3,*Emission*
HD208816,329.1630812222,63.62554467544,2900.0,5700.0,o6c301030,4.0,STIS/CCD,STAR;COMPOSITE SPECTRAL TYPE;M III-I;EMISSION LINE STAR,9231,3,*Emission*
WRAY-16-147,212.9671619328,-51.43998824987,5450.0,10140.0,odyh220j0,300.0,STIS/CCD,STAR;CIRCUMSTELLAR MATTER;EMISSION LINE NEBULA;SYMBIOTIC STAR,15677,3,*Emission*
3C-048,24.42213556276,33.15983305155,2900.0,5700.0,ob6i02020,1099.0,STIS/CCD,GALAXY;EJECTA;EMISSION LINE NEBULA;WIND,11574,3,*Emission*
M62-VLA1,255.3050795833,-30.11405,2900.0,5700.0,ocui11010,1892.0,STIS/CCD,STAR;EMISSION LINE STAR;G III-I;LMXB;POPULATION II,14086,3,*Emission*
NGC3603-A1,168.7805260162,-61.26076062699,3020.0,5610.0,of8403030,215.0,STIS/CCD,STAR;EMISSION LINE STAR;SUPERGIANT O;WOLF RAYET - WN,17527,3,*Emission*
NGC3603-A1,168.7796103665,-61.26042389765,3020.0,5610.0,of8407010,183.0,STIS/CCD,STAR;EMISSION LINE STAR;SUPERGIANT O;WOLF RAYET - WN,17527,3,*Emission*
NGC3603-A1,168.78031875,-61.26066388889,3020.0,5610.0,of8403040,215.0,STIS/CCD,STAR;EMISSION LINE STAR;SUPERGIANT O;WOLF RAYET - WN,17527,3,*Emission*
WRAY-16-147,212.9665318578,-51.44014573179,5450.0,10140.0,odyh22060,60.0,STIS/CCD,STAR;CIRCUMSTELLAR MATTER;EMISSION LINE NEBULA;SYMBIOTIC STAR,15677,3,*Emission*
LMC-SN1987A-HOTSPOTS-52X2,83.867125,-69.26968055556,5450.0,10140.0,o6am01030,654.0,STIS/CCD,EXT-MEDIUM;SNR;HOTSPOT;EMISSION LINE NEBULA,8872,3,*Emission*
IC-3568-NEBOFFSET,188.2805833333,82.564,2900.0,5700.0,obrz01010,456.0,STIS/CCD,ISM;EJECTA;EMISSION LINE NEBULA;PLANETARY NEBULA,12600,3,*Emission*
M82-A2,148.9733541667,69.68058333333,2900.0,5700.0,ob4k01090,855.0,STIS/CCD,EXT-CLUSTER;YOUNG ASSOCIATION;EMISSION LINE NEBULA;STAR FORMINGREGION,11641,3,*Emission*
M82-A2,148.9730042101,69.68046032078,2900.0,5700.0,ob4k02040,775.0,STIS/CCD,EXT-CLUSTER;YOUNG ASSOCIATION;EMISSION LINE NEBULA;STAR FORMINGREGION,11641,3,*Emission*
M82-A2,148.9737041274,69.68070634519,2900.0,5700.0,ob4k010e0,775.0,STIS/CCD,EXT-CLUSTER;YOUNG ASSOCIATION;EMISSION LINE NEBULA;STAR FORMINGREGION,11641,3,*Emission*
M82-A2,148.9737041274,69.68070634519,2900.0,5700.0,ob4k03070,775.0,STIS/CCD,EXT-CLUSTER;YOUNG ASSOCIATION;EMISSION LINE NEBULA;STAR FORMINGREGION,11641,3,*Emission*
IRAS16594-4656,255.7916479167,-47.00748611111,5450.0,10140.0,ob4o01010,302.0,STIS/CCD,STAR;POST-AGB STAR;CIRCUMSTELLAR MATTER;EMISSION LINE NEBULA;EJECTA,11634,3,*Emission*
HD60414,113.4499091281,-14.52386969098,2900.0,5700.0,o5dn03020,4.0,STIS/CCD,STAR;COMPOSITE SPECTRAL TYPE;M III-I;EMISSION LINE STAR,8257,3,*Emission*
HD208816,329.1630209472,63.62556440707,2900.0,5700.0,o5dn01020,0.4,STIS/CCD,STAR;COMPOSITE SPECTRAL TYPE;M III-I;EMISSION LINE STAR,8257,3,*Emission*
HD5980,14.86054166667,-72.16508333333,1680.0,3060.0,o55q01010,300.0,STIS/CCD,EXT-STAR;WOLF RAYET - WN;LUMINOUS BLUE VARIABLE;INTERACTING BINARY;EMISSION LINE STAR,7480,3,*Emission*
HD5980,14.86054166667,-72.16508333333,5450.0,10140.0,o55q02030,120.0,STIS/CCD,EXT-STAR;WOLF RAYET - WN;LUMINOUS BLUE VARIABLE;INTERACTING BINARY;EMISSION LINE STAR,7480,3,*Emission*
LMC-SN1987A-HOTSPOTS-52X2,83.86633084662,-69.26969917585,5450.0,10140.0,o6am03050,654.0,STIS/CCD,EXT-MEDIUM;SNR;HOTSPOT;EMISSION LINE NEBULA,8872,3,*Emission*
IRAS19343,294.0787563697,29.54727695839,5450.0,10140.0,ob4o07020,130.0,STIS/CCD,STAR;CIRCUMSTELLAR MATTER;EJECTA;EMISSION LINE NEBULA;POST-AGB STAR,11634,3,*Emission*
NGC3603-A1,168.7809405524,-61.26095410224,3020.0,5610.0,of8403010,215.0,STIS/CCD,STAR;EMISSION LINE STAR;SUPERGIANT O;WOLF RAYET - WN,17527,3,*Emission*
HD203338,319.8153048689,58.62354226113,1680.0,3060.0,o5dn04030,50.0,STIS/CCD,STAR;COMPOSITE SPECTRAL TYPE;M III-I;EMISSION LINE STAR,8257,3,*Emission*
M82-A2,148.973237514,69.68054232922,2900.0,5700.0,ob4k010c0,775.0,STIS/CCD,EXT-CLUSTER;YOUNG ASSOCIATION;EMISSION LINE NEBULA;STAR FORMINGREGION,11641,3,*Emission*
NOVA-DEL-2013,305.8780383764,20.76783447767,2900.0,5700.0,od9z030c0,565.0,STIS/CCD,EXT-STAR;CLASSICAL NOVA;EJECTA;EMISSION LINE NEBULA;SHELL,14787,3,*Emission*
ESO338-CLUSTER23,291.9933779458,-41.57534952143,3020.0,5610.0,od8u0a020,1168.0,STIS/CCD,STELLAR CLUSTER;EMISSION LINE NEBULA;GLOBULAR CLUSTER,14806,3,*Emission*
MQ1,204.2546625,-29.86445277778,5450.0,10140.0,ocw901010,884.0,STIS/CCD,ISM;EMISSION LINE NEBULA;JET;KNOT;LOBE;SHOCK FRONT,14211,3,*Emission*
WRAY-16-147,212.9671619329,-51.43998824984,5450.0,10140.0,odyh220h0,450.0,STIS/CCD,STAR;CIRCUMSTELLAR MATTER;EMISSION LINE NEBULA;SYMBIOTIC STAR,15677,3,*Emission*
HD5980,14.86054166667,-72.16508333333,2900.0,5700.0,o55q01020,66.0,STIS/CCD,EXT-STAR;WOLF RAYET - WN;LUMINOUS BLUE VARIABLE;INTERACTING BINARY;EMISSION LINE STAR,7480,3,*Emission*
HD5980,14.86054166667,-72.16508333333,5450.0,10140.0,o55q01030,180.0,STIS/CCD,EXT-STAR;WOLF RAYET - WN;LUMINOUS BLUE VARIABLE;INTERACTING BINARY;EMISSION LINE STAR,7480,3,*Emission*
HD5980,14.86054166667,-72.16508333333,2900.0,5700.0,o55q04020,60.0,STIS/CCD,EXT-STAR;WOLF RAYET - WN;LUMINOUS BLUE VARIABLE;INTERACTING BINARY;EMISSION LINE STAR,7480,3,*Emission*
HEN1357,259.0872916667,-59.48980555556,5450.0,10140.0,o6ih30060,1080.0,STIS/CCD,CALIBRATION;EMISSION LINE NEBULA,8929,3,*Emission*
HD5980,14.86054166667,-72.16508333333,2900.0,5700.0,o55q03020,60.0,STIS/CCD,EXT-STAR;WOLF RAYET - WN;LUMINOUS BLUE VARIABLE;INTERACTING BINARY;EMISSION LINE STAR,7480,3,*Emission*
HD208816,329.1630209936,63.62556349907,1680.0,3060.0,o5dn02010,20.0,STIS/CCD,STAR;COMPOSITE SPECTRAL TYPE;M III-I;EMISSION LINE STAR,8257,3,*Emission*
NGC3603-A1,168.7799057932,-61.26103020217,3020.0,5610.0,of8405010,165.0,STIS/CCD,STAR;EMISSION LINE STAR;SUPERGIANT O;WOLF RAYET - WN,17527,3,*Emission*
3C-048,24.42209331193,33.15927862309,5240.0,10270.0,ob6i02090,1482.0,STIS/CCD,GALAXY;EJECTA;EMISSION LINE NEBULA;WIND,11574,3,*Emission*
WRAY-16-147,212.9671619334,-51.43998824974,5450.0,10140.0,odyh220f0,450.0,STIS/CCD,STAR;CIRCUMSTELLAR MATTER;EMISSION LINE NEBULA;SYMBIOTIC STAR,15677,3,*Emission*
IRAS19343,294.0788092083,29.54723461111,2900.0,5700.0,ob4o07070,128.0,STIS/CCD,STAR;CIRCUMSTELLAR MATTER;EJECTA;EMISSION LINE NEBULA;POST-AGB STAR,11634,3,*Emission*
WRAY-16-147,212.9665318582,-51.4401457317,5450.0,10140.0,odyh22050,300.0,STIS/CCD,STAR;CIRCUMSTELLAR MATTER;EMISSION LINE NEBULA;SYMBIOTIC STAR,15677,3,*Emission*
HH30,67.90634166667,18.20685277778,2900.0,5700.0,o65x05020,2786.0,STIS/CCD,ISM;HERBIG-HARO OBJECT;JET;SHOCK FRONT;STAR FORMING REGION;EMISSION LINE NEBULA,8653,3,*Emission*
WRAY-16-147,212.966846893,-51.44006699186,3020.0,5610.0,odyh21050,450.0,STIS/CCD,STAR;CIRCUMSTELLAR MATTER;EMISSION LINE NEBULA;SYMBIOTIC STAR,15677,3,*Emission*
WRAY-16-147,212.9668468958,-51.44006699126,5450.0,10140.0,odyh220d0,60.0,STIS/CCD,STAR;CIRCUMSTELLAR MATTER;EMISSION LINE NEBULA;SYMBIOTIC STAR,15677,3,*Emission*
NOVA-DEL-2013,305.8777649857,20.76768480368,2900.0,5700.0,od9z03060,570.0,STIS/CCD,EXT-STAR;CLASSICAL NOVA;EJECTA;EMISSION LINE NEBULA;SHELL,14787,3,*Emission*
MQ1,204.2546625,-29.86445277778,2900.0,5700.0,ocw901060,1412.0,STIS/CCD,ISM;EMISSION LINE NEBULA;JET;KNOT;LOBE;SHOCK FRONT,14211,3,*Emission*
M62-VLA1,255.3050795833,-30.11405,2900.0,5700.0,ocui10010,1892.0,STIS/CCD,STAR;EMISSION LINE STAR;G III-I;LMXB;POPULATION II,14086,3,*Emission*
MRK1199,110.9310916667,33.44200555556,2900.0,5700.0,obqn06020,300.0,STIS/CCD,GALAXY;EMISSION LINE NEBULA;SPIRAL;STAR FORMING REGION;STARBURST,12472,3,*Emission*
HD208816,329.1630209936,63.62556349906,2900.0,5700.0,o5dn02030,4.0,STIS/CCD,STAR;COMPOSITE SPECTRAL TYPE;M III-I;EMISSION LINE STAR,8257,3,*Emission*
NGC3603-A1,168.7800434465,-61.26090809789,3020.0,5610.0,of8405020,165.0,STIS/CCD,STAR;EMISSION LINE STAR;SUPERGIANT O;WOLF RAYET - WN,17527,3,*Emission*
HD5980,14.86054166667,-72.16508333333,5240.0,10270.0,o55q06050,72.0,STIS/CCD,EXT-STAR;WOLF RAYET - WN;LUMINOUS BLUE VARIABLE;INTERACTING BINARY;EMISSION LINE STAR,7480,3,*Emission*
IRAS21282+5050,322.493713827,51.0665758406,5450.0,10140.0,ob4o03020,625.0,STIS/CCD,STAR;CIRCUMSTELLAR MATTER;EJECTA;EMISSION LINE NEBULA;POST-AGB STAR,11634,3,*Emission*
NGC-5315-NEBOFFSET,208.4874166667,-66.51405555556,5450.0,10140.0,obrz16030,285.0,STIS/CCD,ISM;EJECTA;EMISSION LINE NEBULA;PLANETARY NEBULA,12600,3,*Emission*
NOVA-DEL-2013,305.8776282905,20.76760996653,2900.0,5700.0,od9z03010,395.0,STIS/CCD,EXT-STAR;CLASSICAL NOVA;EJECTA;EMISSION LINE NEBULA;SHELL,14787,3,*Emission*
HD208816,329.1630209472,63.62556440708,1680.0,3060.0,o5dn01010,20.0,STIS/CCD,STAR;COMPOSITE SPECTRAL TYPE;M III-I;EMISSION LINE STAR,8257,3,*Emission*
HH30,67.90634166667,18.20685277778,5450.0,10140.0,o65x05010,2146.0,STIS/CCD,ISM;HERBIG-HARO OBJECT;JET;SHOCK FRONT;STAR FORMING REGION;EMISSION LINE NEBULA,8653,3,*Emission*
M82-A2,148.9735874734,69.68066534131,2900.0,5700.0,ob4k030a0,855.0,STIS/CCD,EXT-CLUSTER;YOUNG ASSOCIATION;EMISSION LINE NEBULA;STAR FORMINGREGION,11641,3,*Emission*
NGC3603-A1,168.7807316972,-61.26029757435,3020.0,5610.0,of8405070,165.0,STIS/CCD,STAR;EMISSION LINE STAR;SUPERGIANT O;WOLF RAYET - WN,17527,3,*Emission*
PK332-09D1,257.2540833333,-56.91327777778,3020.0,5610.0,o65202010,1120.0,STIS/CCD,ISM;PLANETARY NEBULA;EMISSION LINE NEBULA,8711,3,*Emission*
HEN1357,259.0872916667,-59.48980555556,5450.0,10140.0,o6ih30040,1080.0,STIS/CCD,CALIBRATION;EMISSION LINE NEBULA,8929,3,*Emission*
M82-A2,148.9730042101,69.68046032078,5450.0,10140.0,ob4k040b0,775.0,STIS/CCD,EXT-CLUSTER;YOUNG ASSOCIATION;EMISSION LINE NEBULA;STAR FORMINGREGION,11641,3,*Emission*
3C-048,24.42211443728,33.15955583733,2900.0,5700.0,ob6i02030,1456.0,STIS/CCD,GALAXY;EJECTA;EMISSION LINE NEBULA;WIND,11574,3,*Emission*
SN1987A-STIS5,83.86665625,-69.26977777778,5240.0,10270.0,ocd605040,676.0,STIS/CCD,EXT-MEDIUM;EJECTA;EMISSION LINE NEBULA;SNR,13401,3,*Emission*
HD5980,14.86054166667,-72.16508333333,5450.0,10140.0,o55q02040,210.0,STIS/CCD,EXT-STAR;WOLF RAYET - WN;LUMINOUS BLUE VARIABLE;INTERACTING BINARY;EMISSION LINE STAR,7480,3,*Emission*
NGC3603-A1,168.780082621,-61.26058389222,3020.0,5610.0,of8407030,183.0,STIS/CCD,STAR;EMISSION LINE STAR;SUPERGIANT O;WOLF RAYET - WN,17527,3,*Emission*
SN1987A-STIS3,83.86681458333,-69.26977777778,2900.0,5700.0,odad03080,896.0,STIS/CCD,EXT-MEDIUM;EJECTA;EMISSION LINE NEBULA;SNR,14753,3,*Emission*
NGC3603-A1,168.7807456082,-61.26085106661,3020.0,5610.0,of8401020,215.0,STIS/CCD,STAR;EMISSION LINE STAR;SUPERGIANT O;WOLF RAYET - WN,17527,3,*Emission*
WRAY-16-147,212.9668468958,-51.44006699127,5450.0,10140.0,odyh220e0,60.0,STIS/CCD,STAR;CIRCUMSTELLAR MATTER;EMISSION LINE NEBULA;SYMBIOTIC STAR,15677,3,*Emission*
HD208816,329.1630812996,63.62554495234,2900.0,5700.0,o65p02030,4.0,STIS/CCD,STAR;COMPOSITE SPECTRAL TYPE;M III-I;EMISSION LINE STAR,8779,3,*Emission*
M82-A2,148.973237514,69.68054232922,2900.0,5700.0,ob4k02050,775.0,STIS/CCD,EXT-CLUSTER;YOUNG ASSOCIATION;EMISSION LINE NEBULA;STAR FORMINGREGION,11641,3,*Emission*
3C-048,24.42211443728,33.15955583733,5240.0,10270.0,ob6i02080,1482.0,STIS/CCD,GALAXY;EJECTA;EMISSION LINE NEBULA;WIND,11574,3,*Emission*
WRAY-16-147,212.9671619333,-51.43998824975,5450.0,10140.0,odyh220g0,60.0,STIS/CCD,STAR;CIRCUMSTELLAR MATTER;EMISSION LINE NEBULA;SYMBIOTIC STAR,15677,3,*Emission*
HD5980,14.86054166667,-72.16508333333,5450.0,10140.0,o55q04030,120.0,STIS/CCD,EXT-STAR;WOLF RAYET - WN;LUMINOUS BLUE VARIABLE;INTERACTING BINARY;EMISSION LINE STAR,7480,3,*Emission*
HD5980,14.86054166667,-72.16508333333,1680.0,3060.0,o55q05010,240.0,STIS/CCD,EXT-STAR;WOLF RAYET - WN;LUMINOUS BLUE VARIABLE;INTERACTING BINARY;EMISSION LINE STAR,7480,3,*Emission*
ESO-213-7-PB6-NEBULA,153.3166208333,-50.33309166667,2900.0,5700.0,obrz22020,303.0,STIS/CCD,ISM;EJECTA;EMISSION LINE NEBULA;PLANETARY NEBULA,12600,3,*Emission*
HD208816,329.1630809039,63.62554353812,1680.0,3060.0,o6c302010,20.0,STIS/CCD,STAR;COMPOSITE SPECTRAL TYPE;M III-I;EMISSION LINE STAR,9231,3,*Emission*
HEN1357,259.0872916667,-59.48980555556,3020.0,5610.0,o6ih20020,900.0,STIS/CCD,CALIBRATION;EMISSION LINE NEBULA,8929,3,*Emission*
HD203338,319.8153048689,58.62354226114,2900.0,5700.0,o5dn04020,4.0,STIS/CCD,STAR;COMPOSITE SPECTRAL TYPE;M III-I;EMISSION LINE STAR,8257,3,*Emission*
SN1987A-STIS1,83.86697291667,-69.26977777778,5240.0,10270.0,ocd601040,676.0,STIS/CCD,EXT-MEDIUM;EJECTA;EMISSION LINE NEBULA;SNR,13401,3,*Emission*
M31-B477-D075-PN,11.28499463644,41.66062005831,2900.0,5700.0,od5w04060,690.0,STIS/CCD,EXT-MEDIUM;EJECTA;EMISSION LINE NEBULA;PLANETARY NEBULA,14794,3,*Emission*
NOVA-DEL-2013,305.8777649857,20.76768480368,2900.0,5700.0,od9z03020,395.0,STIS/CCD,EXT-STAR;CLASSICAL NOVA;EJECTA;EMISSION LINE NEBULA;SHELL,14787,3,*Emission*
M82-A2,148.973237514,69.68054232922,2900.0,5700.0,ob4k030c0,775.0,STIS/CCD,EXT-CLUSTER;YOUNG ASSOCIATION;EMISSION LINE NEBULA;STAR FORMINGREGION,11641,3,*Emission*
RY-LUP,239.8682927838,-40.36425137944,1640.0,3190.0,o5b402020,4320.0,STIS/CCD,STAR;T TAURI STAR;EMISSION LINE STAR;PROTOPLANETARY DISK,8205,3,*Emission*
RY-LUP,239.8682927772,-40.36425137959,1640.0,3190.0,o5b402030,2400.0,STIS/CCD,STAR;T TAURI STAR;EMISSION LINE STAR;PROTOPLANETARY DISK,8205,3,*Emission*
M62-VLA1,255.3050795833,-30.11405,2900.0,5700.0,ocui04010,1932.0,STIS/CCD,STAR;EMISSION LINE STAR;G III-I;LMXB;POPULATION II,14086,3,*Emission*
M62-VLA1,255.3050795833,-30.11405,2900.0,5700.0,ocui08010,1892.0,STIS/CCD,STAR;EMISSION LINE STAR;G III-I;LMXB;POPULATION II,14086,3,*Emission*
SN1987A-STIS1,83.86697291667,-69.26977777778,5240.0,10270.0,ocd601020,676.0,STIS/CCD,EXT-MEDIUM;EJECTA;EMISSION LINE NEBULA;SNR,13401,3,*Emission*
HH30,67.90634166667,18.20685277778,2900.0,5700.0,o65x04010,2179.0,STIS/CCD,ISM;HERBIG-HARO OBJECT;JET;SHOCK FRONT;STAR FORMING REGION;EMISSION LINE NEBULA,8653,3,*Emission*
HD44179,94.99267016438,-10.63753591098,5450.0,10140.0,o4p901040,80.0,STIS/CCD,STAR;POST-AGB STAR;;ISM;BIPOLAR OUTFLOW;REFLECTION NEBULA;COMETARY NEBULA;EMISSION LINE NEBULA,7593,3,*Emission*
M82-A2,148.9735874734,69.68066534131,2900.0,5700.0,ob4k020a0,855.0,STIS/CCD,EXT-CLUSTER;YOUNG ASSOCIATION;EMISSION LINE NEBULA;STAR FORMINGREGION,11641,3,*Emission*
HEN1357,259.0872916667,-59.48980555556,5450.0,10140.0,o4nh01030,708.0,STIS/CCD,CALIBRATION;EMISSION LINE NEBULA,7652,3,*Emission*
PK001-06D2,274.0507916667,-30.869,5450.0,10140.0,o65206020,150.0,STIS/CCD,ISM;PLANETARY NEBULA;EMISSION LINE NEBULA,8711,3,*Emission*
NGC3603-A1,168.78031875,-61.26066388889,3020.0,5610.0,of8407040,183.0,STIS/CCD,STAR;EMISSION LINE STAR;SUPERGIANT O;WOLF RAYET - WN,17527,3,*Emission*
HD44179,94.99267016405,-10.63753591287,5450.0,10140.0,o4p901070,374.0,STIS/CCD,STAR;POST-AGB STAR;;ISM;BIPOLAR OUTFLOW;REFLECTION NEBULA;COMETARY NEBULA;EMISSION LINE NEBULA,7593,3,*Emission*
WRAY-16-147,212.9665318585,-51.44014573164,5450.0,10140.0,odyh22010,450.0,STIS/CCD,STAR;CIRCUMSTELLAR MATTER;EMISSION LINE NEBULA;SYMBIOTIC STAR,15677,3,*Emission*
WRAY-16-147,212.96716193,-51.43998825046,3020.0,5610.0,odyh21090,450.0,STIS/CCD,STAR;CIRCUMSTELLAR MATTER;EMISSION LINE NEBULA;SYMBIOTIC STAR,15677,3,*Emission*
PK001-06D2,274.0507916667,-30.869,5450.0,10140.0,o65206040,195.0,STIS/CCD,ISM;PLANETARY NEBULA;EMISSION LINE NEBULA,8711,3,*Emission*
HD208816,329.1630812995,63.62554495235,1680.0,3060.0,o65p02010,20.0,STIS/CCD,STAR;COMPOSITE SPECTRAL TYPE;M III-I;EMISSION LINE STAR,8779,3,*Emission*
HH30,67.90634166667,18.20685277778,5450.0,10140.0,o65x03010,2110.0,STIS/CCD,ISM;HERBIG-HARO OBJECT;JET;SHOCK FRONT;STAR FORMING REGION;EMISSION LINE NEBULA,8653,3,*Emission*
M82-A2,148.9737041274,69.68070634519,5450.0,10140.0,ob4k040e0,775.0,STIS/CCD,EXT-CLUSTER;YOUNG ASSOCIATION;EMISSION LINE NEBULA;STAR FORMINGREGION,11641,3,*Emission*
SNR-NGC4449,187.0454957252,44.11343891686,2900.0,5700.0,obpn03020,1100.0,STIS/CCD,ISM;EMISSION LINE NEBULA;SNR,12462,3,*Emission*
IRAS08339+6517,129.5963333333,65.12088888889,5240.0,10270.0,obqn08030,150.0,STIS/CCD,GALAXY;EMISSION LINE NEBULA;SPIRAL;STAR FORMING REGION;STARBURST,12472,3,*Emission*
WRAY-16-147,212.9671619299,-51.43998825048,3020.0,5610.0,odyh210a0,90.0,STIS/CCD,STAR;CIRCUMSTELLAR MATTER;EMISSION LINE NEBULA;SYMBIOTIC STAR,15677,3,*Emission*
NOVA-DEL-2013,305.8776282905,20.76760996653,2900.0,5700.0,od9z03090,565.0,STIS/CCD,EXT-STAR;CLASSICAL NOVA;EJECTA;EMISSION LINE NEBULA;SHELL,14787,3,*Emission*
M31-B477-D075-PN,11.28507822725,41.66077738337,5240.0,10270.0,od5w04030,615.0,STIS/CCD,EXT-MEDIUM;EJECTA;EMISSION LINE NEBULA;PLANETARY NEBULA,14794,3,*Emission*
SN1987A-STIS1,83.86697291667,-69.26977777778,5240.0,10270.0,ocd601030,676.0,STIS/CCD,EXT-MEDIUM;EJECTA;EMISSION LINE NEBULA;SNR,13401,3,*Emission*
NGC3603-A1,168.7805548802,-61.26074388515,3020.0,5610.0,of8407050,183.0,STIS/CCD,STAR;EMISSION LINE STAR;SUPERGIANT O;WOLF RAYET - WN,17527,3,*Emission*
NGC3603-A1,168.78031875,-61.26066388889,3020.0,5610.0,of8405040,165.0,STIS/CCD,STAR;EMISSION LINE STAR;SUPERGIANT O;WOLF RAYET - WN,17527,3,*Emission*
HD5980,14.86054166667,-72.16508333333,2900.0,5700.0,o55q05020,60.0,STIS/CCD,EXT-STAR;WOLF RAYET - WN;LUMINOUS BLUE VARIABLE;INTERACTING BINARY;EMISSION LINE STAR,7480,3,*Emission*
NOVA-DEL-2013,305.877901681,20.76775964073,2900.0,5700.0,od9z03070,570.0,STIS/CCD,EXT-STAR;CLASSICAL NOVA;EJECTA;EMISSION LINE NEBULA;SHELL,14787,3,*Emission*
SN1987A-STIS,83.867125,-69.26968055556,5240.0,10270.0,o91o71010,1238.0,STIS/CCD,EXT-MEDIUM;SNR;HOTSPOT;EMISSION LINE NEBULA,10263,3,*Emission*
NOVA-DEL-2013,305.877901681,20.76775964073,2900.0,5700.0,od9z030b0,565.0,STIS/CCD,EXT-STAR;CLASSICAL NOVA;EJECTA;EMISSION LINE NEBULA;SHELL,14787,3,*Emission*
M82-A2,148.9733541667,69.68058333333,2900.0,5700.0,ob4k02090,855.0,STIS/CCD,EXT-CLUSTER;YOUNG ASSOCIATION;EMISSION LINE NEBULA;STAR FORMINGREGION,11641,3,*Emission*
IRAS21282+5050,322.4936875,51.06663611111,5450.0,10140.0,ob4o03010,620.0,STIS/CCD,STAR;CIRCUMSTELLAR MATTER;EJECTA;EMISSION LINE NEBULA;POST-AGB STAR,11634,3,*Emission*
M82-A2,148.973237514,69.68054232922,2900.0,5700.0,ob4k01050,775.0,STIS/CCD,EXT-CLUSTER;YOUNG ASSOCIATION;EMISSION LINE NEBULA;STAR FORMINGREGION,11641,3,*Emission*
NGC3603-A1,168.7801810988,-61.26078599346,3020.0,5610.0,of8405030,165.0,STIS/CCD,STAR;EMISSION LINE STAR;SUPERGIANT O;WOLF RAYET - WN,17527,3,*Emission*
SN1987A-STIS3,83.86681458333,-69.26977777778,5240.0,10270.0,ocd603030,676.0,STIS/CCD,EXT-MEDIUM;EJECTA;EMISSION LINE NEBULA;SNR,13401,3,*Emission*
NGC3603-A1,168.7799042214,-61.26047041175,3020.0,5610.0,of8403060,215.0,STIS/CCD,STAR;EMISSION LINE STAR;SUPERGIANT O;WOLF RAYET - WN,17527,3,*Emission*
WRAY-16-147,212.9665318583,-51.44014573167,5450.0,10140.0,odyh22030,450.0,STIS/CCD,STAR;CIRCUMSTELLAR MATTER;EMISSION LINE NEBULA;SYMBIOTIC STAR,15677,3,*Emission*
IRAS08005-2356,120.6698745833,-24.07882222222,2900.0,5700.0,ob4o08070,153.0,STIS/CCD,STAR;POST-AGB STAR;CIRCUMSTELLAR MATTER;EMISSION LINE NEBULA;EJECTA,11634,3,*Emission*
LMC-SN1987A-HOTSPOT1,83.86735,-69.26954277778,5450.0,10140.0,o4fx56050,800.0,STIS/CCD,EXT-STAR;SUPERNOVA TYPE II;;EXT-MEDIUM;SNR;SHOCK FRONT;EMISSIONLINE NEBULA;HOTSPOT,7587,3,*Emission*
NOVA-DEL-2013,305.8780383764,20.76783447767,2900.0,5700.0,od9z03080,570.0,STIS/CCD,EXT-STAR;CLASSICAL NOVA;EJECTA;EMISSION LINE NEBULA;SHELL,14787,3,*Emission*
IRAS20462+3416,312.0691863951,34.45685497981,5450.0,10140.0,ob4o06020,180.0,STIS/CCD,STAR;POST-AGB STAR;CIRCUMSTELLAR MATTER;EJECTA;EMISSION LINE NEBULA,11634,3,*Emission*
PK001-06D2,274.0507916667,-30.869,3020.0,5610.0,o65206010,100.0,STIS/CCD,ISM;PLANETARY NEBULA;EMISSION LINE NEBULA,8711,3,*Emission*
HD208816,329.1630812222,63.62554467546,1680.0,3060.0,o6c301010,20.0,STIS/CCD,STAR;COMPOSITE SPECTRAL TYPE;M III-I;EMISSION LINE STAR,9231,3,*Emission*
M82-A2,148.9731208618,69.68050132504,5450.0,10140.0,ob4k04080,810.0,STIS/CCD,EXT-CLUSTER;YOUNG ASSOCIATION;EMISSION LINE NEBULA;STAR FORMINGREGION,11641,3,*Emission*
NGC3603-A1,168.7801114851,-61.26056715048,3020.0,5610.0,of8403050,215.0,STIS/CCD,STAR;EMISSION LINE STAR;SUPERGIANT O;WOLF RAYET - WN,17527,3,*Emission*
WRAY-16-147,212.9665318548,-51.44014573243,3020.0,5610.0,odyh21020,90.0,STIS/CCD,STAR;CIRCUMSTELLAR MATTER;EMISSION LINE NEBULA;SYMBIOTIC STAR,15677,3,*Emission*
NOVA-DEL-2013,305.8777649857,20.76768480368,2900.0,5700.0,od9z030a0,565.0,STIS/CCD,EXT-STAR;CLASSICAL NOVA;EJECTA;EMISSION LINE NEBULA;SHELL,14787,3,*Emission*
HD-5980,14.86070291667,-72.164975,5240.0,10270.0,od3g01050,60.0,STIS/CCD,STAR;EMISSION LINE STAR;LUMINOUS BLUE VARIABLE;WIND;WOLF RAYET - WN,14476,3,*Emission*
M31-B477-D075-PN,11.28493890947,41.6605151749,2900.0,5700.0,od5w04050,690.0,STIS/CCD,EXT-MEDIUM;EJECTA;EMISSION LINE NEBULA;PLANETARY NEBULA,14794,3,*Emission*
SN1987A-STIS5,83.86665625,-69.26977777778,5240.0,10270.0,ocd605020,676.0,STIS/CCD,EXT-MEDIUM;EJECTA;EMISSION LINE NEBULA;SNR,13401,3,*Emission*
ESO-213-7-PB6-NEBULA,153.3166208333,-50.33309166667,5240.0,10270.0,obrz22050,303.0,STIS/CCD,ISM;EJECTA;EMISSION LINE NEBULA;PLANETARY NEBULA,12600,3,*Emission*
MRK1087,72.43525,3.334075,5240.0,10270.0,obqn03030,150.0,STIS/CCD,GALAXY;EMISSION LINE NEBULA;SPIRAL;STAR FORMING REGION;STARBURST,12472,3,*Emission*
IRAS08005-2356,120.6698745833,-24.07882222222,5450.0,10140.0,ob4o08010,84.0,STIS/CCD,STAR;POST-AGB STAR;CIRCUMSTELLAR MATTER;EMISSION LINE NEBULA;EJECTA,11634,3,*Emission*
M82-A2,148.9737041274,69.68070634519,2900.0,5700.0,ob4k030e0,775.0,STIS/CCD,EXT-CLUSTER;YOUNG ASSOCIATION;EMISSION LINE NEBULA;STAR FORMINGREGION,11641,3,*Emission*
LMC-SN1987A-HOTSPOT1,83.86735,-69.26954277778,5450.0,10140.0,o4fx56010,750.0,STIS/CCD,EXT-STAR;SUPERNOVA TYPE II;;EXT-MEDIUM;SNR;SHOCK FRONT;EMISSIONLINE NEBULA;HOTSPOT,7587,3,*Emission*
HD60414,113.4499091281,-14.52386969098,2900.0,5700.0,o5dn03010,0.4,STIS/CCD,STAR;COMPOSITE SPECTRAL TYPE;M III-I;EMISSION LINE STAR,8257,3,*Emission*
PK321+03D1,224.972625,-54.30225,5240.0,10270.0,o65204020,905.0,STIS/CCD,ISM;PLANETARY NEBULA;EMISSION LINE NEBULA,8711,3,*Emission*
LMC-SN1987A-HOTSPOTS-52X2,83.867125,-69.26968055556,5450.0,10140.0,o67p01030,500.0,STIS/CCD,EXT-MEDIUM;SNR;HOTSPOT;EMISSION LINE NEBULA,8806,3,*Emission*
3C-048,24.42215668837,33.16011026578,2900.0,5700.0,ob6i02010,1099.0,STIS/CCD,GALAXY;EJECTA;EMISSION LINE NEBULA;WIND,11574,3,*Emission*
NGC-2440-NEBOFFSET,115.4786458333,-18.20825,5450.0,10140.0,obrz26030,81.0,STIS/CCD,ISM;EJECTA;EMISSION LINE NEBULA;PLANETARY NEBULA,12600,3,*Emission*
NOVA-SGR-2015-A,273.6047547631,-25.90963726183,2900.0,5700.0,odrp02030,360.0,STIS/CCD,EXT-STAR;CLASSICAL NOVA;EJECTA;EMISSION LINE NEBULA;SHELL,15438,3,*Emission*
WRAY-16-147,212.9671619326,-51.4399882499,5450.0,10140.0,odyh220l0,60.0,STIS/CCD,STAR;CIRCUMSTELLAR MATTER;EMISSION LINE NEBULA;SYMBIOTIC STAR,15677,3,*Emission*
WRAY-16-147,212.9668468959,-51.44006699124,5450.0,10140.0,odyh220c0,300.0,STIS/CCD,STAR;CIRCUMSTELLAR MATTER;EMISSION LINE NEBULA;SYMBIOTIC STAR,15677,3,*Emission*
HD5980,14.86054166667,-72.16508333333,1680.0,3060.0,o55q02010,240.0,STIS/CCD,EXT-STAR;WOLF RAYET - WN;LUMINOUS BLUE VARIABLE;INTERACTING BINARY;EMISSION LINE STAR,7480,3,*Emission*
HD208816,329.1630812973,63.62554564014,2900.0,5700.0,o65p01030,4.0,STIS/CCD,STAR;COMPOSITE SPECTRAL TYPE;M III-I;EMISSION LINE STAR,8779,3,*Emission*
NOVA-SGR-2015-A,273.6047547631,-25.90963726183,2900.0,5700.0,odrp02070,540.0,STIS/CCD,EXT-STAR;CLASSICAL NOVA;EJECTA;EMISSION LINE NEBULA;SHELL,15438,3,*Emission*
M82-A2,148.9737041274,69.68070634519,2900.0,5700.0,ob4k020e0,775.0,STIS/CCD,EXT-CLUSTER;YOUNG ASSOCIATION;EMISSION LINE NEBULA;STAR FORMINGREGION,11641,3,*Emission*
M82-A2,148.9730042101,69.68046032078,2900.0,5700.0,ob4k010b0,775.0,STIS/CCD,EXT-CLUSTER;YOUNG ASSOCIATION;EMISSION LINE NEBULA;STAR FORMINGREGION,11641,3,*Emission*
NGC3603-A1,168.7801053228,-61.26057029953,3020.0,5610.0,of8401050,215.0,STIS/CCD,STAR;EMISSION LINE STAR;SUPERGIANT O;WOLF RAYET - WN,17527,3,*Emission*
NGC3603-A1,168.7798778215,-61.26102258584,3020.0,5610.0,of8406010,165.0,STIS/CCD,STAR;EMISSION LINE STAR;SUPERGIANT O;WOLF RAYET - WN,17527,3,*Emission*
LMC-SN1987A,83.86720833333,-69.26971111111,3020.0,5610.0,o4fx040a0,515.0,STIS/CCD,EXT-STAR;SUPERNOVA TYPE II;;EXT-MEDIUM;SNR;SHOCK FRONT;EMISSIONLINE NEBULA,7587,3,*Emission*
HD5980,14.86054166667,-72.16508333333,5450.0,10140.0,o55q04040,210.0,STIS/CCD,EXT-STAR;WOLF RAYET - WN;LUMINOUS BLUE VARIABLE;INTERACTING BINARY;EMISSION LINE STAR,7480,3,*Emission*
IRAS20462+3416,312.06924875,34.45681944444,5450.0,10140.0,ob4o06010,180.0,STIS/CCD,STAR;POST-AGB STAR;CIRCUMSTELLAR MATTER;EJECTA;EMISSION LINE NEBULA,11634,3,*Emission*
HD208816,329.1630809039,63.6255435381,2900.0,5700.0,o6c302020,0.4,STIS/CCD,STAR;COMPOSITE SPECTRAL TYPE;M III-I;EMISSION LINE STAR,9231,3,*Emission*
HH30,67.90634166667,18.20685277778,2900.0,5700.0,o65x14010,2180.0,STIS/CCD,ISM;HERBIG-HARO OBJECT;JET;SHOCK FRONT;STAR FORMING REGION;EMISSION LINE NEBULA,8653,3,*Emission*
HD-5980,14.86070291667,-72.164975,2900.0,5700.0,od3g01040,60.0,STIS/CCD,STAR;EMISSION LINE STAR;LUMINOUS BLUE VARIABLE;WIND;WOLF RAYET - WN,14476,3,*Emission*
IRAS19343,294.0788092083,29.54723461111,5450.0,10140.0,ob4o07010,130.0,STIS/CCD,STAR;CIRCUMSTELLAR MATTER;EJECTA;EMISSION LINE NEBULA;POST-AGB STAR,11634,3,*Emission*
M82-A2,148.9730042101,69.68046032078,2900.0,5700.0,ob4k01040,775.0,STIS/CCD,EXT-CLUSTER;YOUNG ASSOCIATION;EMISSION LINE NEBULA;STAR FORMINGREGION,11641,3,*Emission*
M82-A2,148.9735874734,69.68066534131,5450.0,10140.0,ob4k040a0,810.0,STIS/CCD,EXT-CLUSTER;YOUNG ASSOCIATION;EMISSION LINE NEBULA;STAR FORMINGREGION,11641,3,*Emission*
M82-A2,148.9734708198,69.68062433736,2900.0,5700.0,ob4k01060,775.0,STIS/CCD,EXT-CLUSTER;YOUNG ASSOCIATION;EMISSION LINE NEBULA;STAR FORMINGREGION,11641,3,*Emission*
HD5980,14.86054166667,-72.16508333333,5240.0,10270.0,o55q01050,72.0,STIS/CCD,EXT-STAR;WOLF RAYET - WN;LUMINOUS BLUE VARIABLE;INTERACTING BINARY;EMISSION LINE STAR,7480,3,*Emission*
HD5980,14.86054166667,-72.16508333333,5450.0,10140.0,o55q06030,120.0,STIS/CCD,EXT-STAR;WOLF RAYET - WN;LUMINOUS BLUE VARIABLE;INTERACTING BINARY;EMISSION LINE STAR,7480,3,*Emission*
HD208816,329.1630812973,63.62554564015,2900.0,5700.0,o65p01020,0.4,STIS/CCD,STAR;COMPOSITE SPECTRAL TYPE;M III-I;EMISSION LINE STAR,8779,3,*Emission*
WRAY-16-147,212.9665318549,-51.44014573241,3020.0,5610.0,odyh21010,450.0,STIS/CCD,STAR;CIRCUMSTELLAR MATTER;EMISSION LINE NEBULA;SYMBIOTIC STAR,15677,3,*Emission*
NOVA-SGR-2015-A,273.6049035702,-25.90957384925,2900.0,5700.0,odrp02060,540.0,STIS/CCD,EXT-STAR;CLASSICAL NOVA;EJECTA;EMISSION LINE NEBULA;SHELL,15438,3,*Emission*
SN1987A-STIS2,83.86689375,-69.26977777778,2900.0,5700.0,odad03010,800.0,STIS/CCD,EXT-MEDIUM;EJECTA;EMISSION LINE NEBULA;SNR,14753,3,*Emission*
HD208816,329.1630812222,63.62554467544,2900.0,5700.0,o6c301020,0.4,STIS/CCD,STAR;COMPOSITE SPECTRAL TYPE;M III-I;EMISSION LINE STAR,9231,3,*Emission*
M82-A2,148.9733541667,69.68058333333,2900.0,5700.0,ob4k01020,710.0,STIS/CCD,EXT-CLUSTER;YOUNG ASSOCIATION;EMISSION LINE NEBULA;STAR FORMINGREGION,11641,3,*Emission*
MQ1,204.2546625,-29.86445277778,5450.0,10140.0,ocw901040,1372.0,STIS/CCD,ISM;EMISSION LINE NEBULA;JET;KNOT;LOBE;SHOCK FRONT,14211,3,*Emission*
WRAY-16-147,212.9671619299,-51.43998825049,3020.0,5610.0,odyh210b0,450.0,STIS/CCD,STAR;CIRCUMSTELLAR MATTER;EMISSION LINE NEBULA;SYMBIOTIC STAR,15677,3,*Emission*
NOVA-DEL-2013,305.8780383764,20.76783447767,2900.0,5700.0,od9z03040,395.0,STIS/CCD,EXT-STAR;CLASSICAL NOVA;EJECTA;EMISSION LINE NEBULA;SHELL,14787,3,*Emission*
M62-VLA1,255.3050795833,-30.11405,2900.0,5700.0,ocui13010,1892.0,STIS/CCD,STAR;EMISSION LINE STAR;G III-I;LMXB;POPULATION II,14086,3,*Emission*
M82-A2,148.9735874734,69.68066534131,2900.0,5700.0,ob4k02030,710.0,STIS/CCD,EXT-CLUSTER;YOUNG ASSOCIATION;EMISSION LINE NEBULA;STAR FORMINGREGION,11641,3,*Emission*
3C-048,24.42213556276,33.15983305155,5240.0,10270.0,ob6i02060,1483.0,STIS/CCD,GALAXY;EJECTA;EMISSION LINE NEBULA;WIND,11574,3,*Emission*
HD208816,329.1630812973,63.62554564017,1680.0,3060.0,o65p01010,20.0,STIS/CCD,STAR;COMPOSITE SPECTRAL TYPE;M III-I;EMISSION LINE STAR,8779,3,*Emission*
IRAS08005-2356,120.669922437,-24.07886691513,2900.0,5700.0,ob4o08080,153.0,STIS/CCD,STAR;POST-AGB STAR;CIRCUMSTELLAR MATTER;EMISSION LINE NEBULA;EJECTA,11634,3,*Emission*
NGC-5315-NEBOFFSET,208.4874166667,-66.51405555556,2900.0,5700.0,obrz16010,405.0,STIS/CCD,ISM;EJECTA;EMISSION LINE NEBULA;PLANETARY NEBULA,12600,3,*Emission*
3C-048,24.42215668837,33.16011026578,5240.0,10270.0,ob6i02050,1483.0,STIS/CCD,GALAXY;EJECTA;EMISSION LINE NEBULA;WIND,11574,3,*Emission*
SN1987A-STIS3,83.86681458333,-69.26977777778,5240.0,10270.0,ocd603040,676.0,STIS/CCD,EXT-MEDIUM;EJECTA;EMISSION LINE NEBULA;SNR,13401,3,*Emission*
LMC-SN1987A,83.86720833333,-69.26971111111,3020.0,5610.0,o4fx040k0,550.0,STIS/CCD,EXT-STAR;SUPERNOVA TYPE II;;EXT-MEDIUM;SNR;SHOCK FRONT;EMISSIONLINE NEBULA,7587,3,*Emission*
HD5980,14.86054166667,-72.16508333333,5450.0,10140.0,o55q05030,120.0,STIS/CCD,EXT-STAR;WOLF RAYET - WN;LUMINOUS BLUE VARIABLE;INTERACTING BINARY;EMISSION LINE STAR,7480,3,*Emission*
HD5980,14.86054166667,-72.16508333333,2900.0,5700.0,o55q06020,60.0,STIS/CCD,EXT-STAR;WOLF RAYET - WN;LUMINOUS BLUE VARIABLE;INTERACTING BINARY;EMISSION LINE STAR,7480,3,*Emission*
LMC-SN1987A,83.86720833333,-69.26971111111,5450.0,10140.0,o4fx04060,515.0,STIS/CCD,EXT-STAR;SUPERNOVA TYPE II;;EXT-MEDIUM;SNR;SHOCK FRONT;EMISSIONLINE NEBULA,7587,3,*Emission*
PK001-06D2,274.0507916667,-30.869,5450.0,10140.0,o65206060,70.0,STIS/CCD,ISM;PLANETARY NEBULA;EMISSION LINE NEBULA,8711,3,*Emission*
IRAS16594-4656,255.7915631465,-47.00750987724,5450.0,10140.0,ob4o01020,298.0,STIS/CCD,STAR;POST-AGB STAR;CIRCUMSTELLAR MATTER;EMISSION LINE NEBULA;EJECTA,11634,3,*Emission*
SN1987A-STIS4,83.86673541667,-69.26977777778,5240.0,10270.0,ocd604030,676.0,STIS/CCD,EXT-MEDIUM;EJECTA;EMISSION LINE NEBULA;SNR,13401,3,*Emission*
MQ1,204.2546625,-29.86445277778,5450.0,10140.0,ocw901030,1372.0,STIS/CCD,ISM;EMISSION LINE NEBULA;JET;KNOT;LOBE;SHOCK FRONT,14211,3,*Emission*
M31-B477-D075-PN,11.2850225,41.6606725,5240.0,10270.0,od5w04020,615.0,STIS/CCD,EXT-MEDIUM;EJECTA;EMISSION LINE NEBULA;PLANETARY NEBULA,14794,3,*Emission*
IRAS20462+3416,312.0691863951,34.45685497981,2900.0,5700.0,ob4o06080,80.0,STIS/CCD,STAR;POST-AGB STAR;CIRCUMSTELLAR MATTER;EJECTA;EMISSION LINE NEBULA,11634,3,*Emission*
SN1987A-STIS4,83.86673541667,-69.26977777778,5240.0,10270.0,ocd604020,676.0,STIS/CCD,EXT-MEDIUM;EJECTA;EMISSION LINE NEBULA;SNR,13401,3,*Emission*
M82-A2,148.9733541667,69.68058333333,5450.0,10140.0,ob4k04090,810.0,STIS/CCD,EXT-CLUSTER;YOUNG ASSOCIATION;EMISSION LINE NEBULA;STAR FORMINGREGION,11641,3,*Emission*
NGC3603-A1,168.7805321785,-61.26075747792,3020.0,5610.0,of8401030,215.0,STIS/CCD,STAR;EMISSION LINE STAR;SUPERGIANT O;WOLF RAYET - WN,17527,3,*Emission*
HH30,67.90634166667,18.20685277778,5450.0,10140.0,o65x02010,2109.0,STIS/CCD,ISM;HERBIG-HARO OBJECT;JET;SHOCK FRONT;STAR FORMING REGION;EMISSION LINE NEBULA,8653,3,*Emission*
HD5980,14.86054166667,-72.16508333333,1680.0,3060.0,o55q04010,240.0,STIS/CCD,EXT-STAR;WOLF RAYET - WN;LUMINOUS BLUE VARIABLE;INTERACTING BINARY;EMISSION LINE STAR,7480,3,*Emission*
HD208816,329.1630209936,63.62556349906,2900.0,5700.0,o5dn02020,0.4,STIS/CCD,STAR;COMPOSITE SPECTRAL TYPE;M III-I;EMISSION LINE STAR,8257,3,*Emission*
M82-A2,148.9733541667,69.68058333333,2900.0,5700.0,ob4k02020,710.0,STIS/CCD,EXT-CLUSTER;YOUNG ASSOCIATION;EMISSION LINE NEBULA;STAR FORMINGREGION,11641,3,*Emission*
M82-A2,148.9731208618,69.68050132504,2900.0,5700.0,ob4k02080,855.0,STIS/CCD,EXT-CLUSTER;YOUNG ASSOCIATION;EMISSION LINE NEBULA;STAR FORMINGREGION,11641,3,*Emission*
SN1987A-STIS2,83.86689375,-69.26977777778,5240.0,10270.0,ocd602020,676.0,STIS/CCD,EXT-MEDIUM;EJECTA;EMISSION LINE NEBULA;SNR,13401,3,*Emission*
ESO338-CLUSTER23,291.9934454277,-41.57514553575,3020.0,5610.0,od8u0d020,1168.0,STIS/CCD,STELLAR CLUSTER;EMISSION LINE NEBULA;GLOBULAR CLUSTER,14806,3,*Emission*
HD208816,329.1630809039,63.6255435381,2900.0,5700.0,o6c302030,4.0,STIS/CCD,STAR;COMPOSITE SPECTRAL TYPE;M III-I;EMISSION LINE STAR,9231,3,*Emission*
NGC3603-A1,168.7807332837,-61.26085736477,3020.0,5610.0,of8403020,215.0,STIS/CCD,STAR;EMISSION LINE STAR;SUPERGIANT O;WOLF RAYET - WN,17527,3,*Emission*
HD208816,329.1630812996,63.62554495234,2900.0,5700.0,o65p02020,0.4,STIS/CCD,STAR;COMPOSITE SPECTRAL TYPE;M III-I;EMISSION LINE STAR,8779,3,*Emission*
M31-B477-D075-PN,11.28496677293,41.66056761661,5240.0,10270.0,od5w04010,615.0,STIS/CCD,EXT-MEDIUM;EJECTA;EMISSION LINE NEBULA;PLANETARY NEBULA,14794,3,*Emission*
NGC3603-A1,168.78031875,-61.26066388889,3020.0,5610.0,of8401040,215.0,STIS/CCD,STAR;EMISSION LINE STAR;SUPERGIANT O;WOLF RAYET - WN,17527,3,*Emission*
HEN1357,259.0872916667,-59.48980555556,3020.0,5610.0,o6ih20040,933.0,STIS/CCD,CALIBRATION;EMISSION LINE NEBULA,8929,3,*Emission*
M82-A2,148.9731208618,69.68050132504,2900.0,5700.0,ob4k02010,710.0,STIS/CCD,EXT-CLUSTER;YOUNG ASSOCIATION;EMISSION LINE NEBULA;STAR FORMINGREGION,11641,3,*Emission*
WRAY-16-147,212.9668468963,-51.44006699114,5450.0,10140.0,odyh220a0,450.0,STIS/CCD,STAR;CIRCUMSTELLAR MATTER;EMISSION LINE NEBULA;SYMBIOTIC STAR,15677,3,*Emission*
MQ1,204.2546625,-29.86445277778,5450.0,10140.0,ocw901020,884.0,STIS/CCD,ISM;EMISSION LINE NEBULA;JET;KNOT;LOBE;SHOCK FRONT,14211,3,*Emission*
NGC-5315-NEBOFFSET,208.4874166667,-66.51405555556,5240.0,10270.0,obrz16040,465.0,STIS/CCD,ISM;EJECTA;EMISSION LINE NEBULA;PLANETARY NEBULA,12600,3,*Emission*
M82-A2,148.9737041274,69.68070634519,5450.0,10140.0,ob4k04070,775.0,STIS/CCD,EXT-CLUSTER;YOUNG ASSOCIATION;EMISSION LINE NEBULA;STAR FORMINGREGION,11641,3,*Emission*
WRAY-16-147,212.9665318547,-51.44014573246,3020.0,5610.0,odyh21040,450.0,STIS/CCD,STAR;CIRCUMSTELLAR MATTER;EMISSION LINE NEBULA;SYMBIOTIC STAR,15677,3,*Emission*
LMC-SN1987A-HOTSPOTS-52X2,83.86672792348,-69.26968986616,5450.0,10140.0,o6am03040,654.0,STIS/CCD,EXT-MEDIUM;SNR;HOTSPOT;EMISSION LINE NEBULA,8872,3,*Emission*
M31-B477-D075-PN,11.28510609094,41.66082982504,2900.0,5700.0,od5w04080,690.0,STIS/CCD,EXT-MEDIUM;EJECTA;EMISSION LINE NEBULA;PLANETARY NEBULA,14794,3,*Emission*
SBS1319+579,200.3440416667,57.69152222222,2900.0,5700.0,obqn15040,1899.0,STIS/CCD,GALAXY;AMORPHOUS IRREGULAR;DWARF COMPACT;EMISSION LINE NEBULA;STAR FORMING REGION;STARBURST,12472,3,*Emission*
M62-VLA1,255.3050795833,-30.11405,2900.0,5700.0,ocui06010,1892.0,STIS/CCD,STAR;EMISSION LINE STAR;G III-I;LMXB;POPULATION II,14086,3,*Emission*
RXJ1532+3021,233.2240541667,30.34984166667,5450.0,10140.0,ocap01030,2944.0,STIS/CCD,CLUSTER OF GALAXIES;COOLING FLOW;EMISSION LINE NEBULA;NUCLEUS;RICH CLUSTER;STAR FORMING REGION,13367,3,*Emission*
HD5980,14.86054166667,-72.16508333333,5450.0,10140.0,o55q03030,120.0,STIS/CCD,EXT-STAR;WOLF RAYET - WN;LUMINOUS BLUE VARIABLE;INTERACTING BINARY;EMISSION LINE STAR,7480,3,*Emission*
HD5980,14.86054166667,-72.16508333333,5240.0,10270.0,o55q05050,72.0,STIS/CCD,EXT-STAR;WOLF RAYET - WN;LUMINOUS BLUE VARIABLE;INTERACTING BINARY;EMISSION LINE STAR,7480,3,*Emission*
NGC3603-A1,168.7810271443,-61.26090387643,3020.0,5610.0,of8407070,183.0,STIS/CCD,STAR;EMISSION LINE STAR;SUPERGIANT O;WOLF RAYET - WN,17527,3,*Emission*
MQ1,204.2546625,-29.86445277778,2900.0,5700.0,ocw901080,1412.0,STIS/CCD,ISM;EMISSION LINE NEBULA;JET;KNOT;LOBE;SHOCK FRONT,14211,3,*Emission*
LMC-SN1987A,83.86720833333,-69.26971111111,5450.0,10140.0,o4fx04020,515.0,STIS/CCD,EXT-STAR;SUPERNOVA TYPE II;;EXT-MEDIUM;SNR;SHOCK FRONT;EMISSIONLINE NEBULA,7587,3,*Emission*
HD44179,94.99267016382,-10.63753591412,5450.0,10140.0,o4p901080,420.0,STIS/CCD,STAR;POST-AGB STAR;;ISM;BIPOLAR OUTFLOW;REFLECTION NEBULA;COMETARY NEBULA;EMISSION LINE NEBULA,7593,3,*Emission*
WRAY-16-147,212.9671619327,-51.43998824988,5450.0,10140.0,odyh220k0,60.0,STIS/CCD,STAR;CIRCUMSTELLAR MATTER;EMISSION LINE NEBULA;SYMBIOTIC STAR,15677,3,*Emission*
HEN1357,259.0872916667,-59.48980555556,5450.0,10140.0,o6ih30020,1080.0,STIS/CCD,CALIBRATION;EMISSION LINE NEBULA,8929,3,*Emission*
M62-VLA1,255.3050795833,-30.11405,2900.0,5700.0,ocui02010,1892.0,STIS/CCD,STAR;EMISSION LINE STAR;G III-I;LMXB;POPULATION II,14086,3,*Emission*
M62-VLA1,255.3050795833,-30.11405,5240.0,10270.0,ocui02020,2883.0,STIS/CCD,STAR;EMISSION LINE STAR;G III-I;LMXB;POPULATION II,14086,3,*Emission*
ESO338-CLUSTER23,291.99329,-41.575225,3020.0,5610.0,od8u0d010,1168.0,STIS/CCD,STELLAR CLUSTER;EMISSION LINE NEBULA;GLOBULAR CLUSTER,14806,3,*Emission*
HD60414,113.4499091281,-14.52386969098,1680.0,3060.0,o5dn03030,10.0,STIS/CCD,STAR;COMPOSITE SPECTRAL TYPE;M III-I;EMISSION LINE STAR,8257,3,*Emission*
WRAY-16-147,212.9665318548,-51.44014573244,3020.0,5610.0,odyh21030,450.0,STIS/CCD,STAR;CIRCUMSTELLAR MATTER;EMISSION LINE NEBULA;SYMBIOTIC STAR,15677,3,*Emission*
M82-A2,148.9734708198,69.68062433736,2900.0,5700.0,ob4k030d0,775.0,STIS/CCD,EXT-CLUSTER;YOUNG ASSOCIATION;EMISSION LINE NEBULA;STAR FORMINGREGION,11641,3,*Emission*
HD5980,14.86054166667,-72.16508333333,5240.0,10270.0,o55q03050,72.0,STIS/CCD,EXT-STAR;WOLF RAYET - WN;LUMINOUS BLUE VARIABLE;INTERACTING BINARY;EMISSION LINE STAR,7480,3,*Emission*
NOVA-SGR-2015-A,273.6046059558,-25.90970067426,2900.0,5700.0,odrp02040,360.0,STIS/CCD,EXT-STAR;CLASSICAL NOVA;EJECTA;EMISSION LINE NEBULA;SHELL,15438,3,*Emission*
NGC4203,183.7709166667,33.19741666667,5450.0,10140.0,ob3i01010,860.0,STIS/CCD,GALAXY;NUCLEUS;LINER;LENTICULAR;EMISSION LINE NEBULA;NLR,11571,3,*Emission*
HD208816,329.1630209472,63.62556440707,2900.0,5700.0,o5dn01030,4.0,STIS/CCD,STAR;COMPOSITE SPECTRAL TYPE;M III-I;EMISSION LINE STAR,8257,3,*Emission*
ESO338-CLUSTER23,291.99329,-41.575225,3020.0,5610.0,od8u0a010,1168.0,STIS/CCD,STELLAR CLUSTER;EMISSION LINE NEBULA;GLOBULAR CLUSTER,14806,3,*Emission*
M82-A2,148.9731208618,69.68050132504,2900.0,5700.0,ob4k03010,710.0,STIS/CCD,EXT-CLUSTER;YOUNG ASSOCIATION;EMISSION LINE NEBULA;STAR FORMINGREGION,11641,3,*Emission*
IRAS19306+1407,293.2295150243,14.22687819593,5450.0,10140.0,ob4o02020,561.0,STIS/CCD,STAR;CIRCUMSTELLAR MATTER;EJECTA;EMISSION LINE NEBULA;POST-AGB STAR,11634,3,*Emission*
HD5980,14.86054166667,-72.16508333333,1680.0,3060.0,o55q03010,240.0,STIS/CCD,EXT-STAR;WOLF RAYET - WN;LUMINOUS BLUE VARIABLE;INTERACTING BINARY;EMISSION LINE STAR,7480,3,*Emission*
RXJ1532+3021,233.2240541667,30.34984166667,5450.0,10140.0,ocap01010,2264.0,STIS/CCD,CLUSTER OF GALAXIES;COOLING FLOW;EMISSION LINE NEBULA;NUCLEUS;RICH CLUSTER;STAR FORMING REGION,13367,3,*Emission*
MQ1,204.2546625,-29.86445277778,2900.0,5700.0,ocw901070,1412.0,STIS/CCD,ISM;EMISSION LINE NEBULA;JET;KNOT;LOBE;SHOCK FRONT,14211,3,*Emission*
M82-A2,148.9731208618,69.68050132504,2900.0,5700.0,ob4k01010,710.0,STIS/CCD,EXT-CLUSTER;YOUNG ASSOCIATION;EMISSION LINE NEBULA;STAR FORMINGREGION,11641,3,*Emission*
M82-A2,148.9735874734,69.68066534131,2900.0,5700.0,ob4k010a0,855.0,STIS/CCD,EXT-CLUSTER;YOUNG ASSOCIATION;EMISSION LINE NEBULA;STAR FORMINGREGION,11641,3,*Emission*
LMC-SN1987A-HOTSPOTS-52X2,83.86673335003,-69.26968899509,5450.0,10140.0,o67p01040,500.0,STIS/CCD,EXT-MEDIUM;SNR;HOTSPOT;EMISSION LINE NEBULA,8806,3,*Emission*
NGC-5882-NEBOFFSET,229.20807375,-45.64921944444,5450.0,10140.0,obrz10030,213.0,STIS/CCD,ISM;EJECTA;EMISSION LINE NEBULA;PLANETARY NEBULA,12600,3,*Emission*
NGC3603-A1,168.7805940492,-61.26041967934,3020.0,5610.0,of8405060,165.0,STIS/CCD,STAR;EMISSION LINE STAR;SUPERGIANT O;WOLF RAYET - WN,17527,3,*Emission*
M82-A2,148.9734708198,69.68062433736,5450.0,10140.0,ob4k04060,775.0,STIS/CCD,EXT-CLUSTER;YOUNG ASSOCIATION;EMISSION LINE NEBULA;STAR FORMINGREGION,11641,3,*Emission*
SNR-NGC4449,187.045625,44.1135,2900.0,5700.0,obpn03010,1100.0,STIS/CCD,ISM;EMISSION LINE NEBULA;SNR,12462,3,*Emission*
PK001-06D2,274.0507916667,-30.869,5450.0,10140.0,o65206030,150.0,STIS/CCD,ISM;PLANETARY NEBULA;EMISSION LINE NEBULA,8711,3,*Emission*
NGC-3242-NEBOFFSET,156.1921125,-18.64365,5450.0,10140.0,obrz04030,180.0,STIS/CCD,ISM;EJECTA;EMISSION LINE NEBULA;PLANETARY NEBULA,12600,3,*Emission*
IRAS19343,294.0787563697,29.54727695839,2900.0,5700.0,ob4o07080,128.0,STIS/CCD,STAR;CIRCUMSTELLAR MATTER;EJECTA;EMISSION LINE NEBULA;POST-AGB STAR,11634,3,*Emission*
M82-A2,148.9734708198,69.68062433736,2900.0,5700.0,ob4k02060,775.0,STIS/CCD,EXT-CLUSTER;YOUNG ASSOCIATION;EMISSION LINE NEBULA;STAR FORMINGREGION,11641,3,*Emission*
NOVA-DEL-2013,305.8776282905,20.76760996653,2900.0,5700.0,od9z03050,570.0,STIS/CCD,EXT-STAR;CLASSICAL NOVA;EJECTA;EMISSION LINE NEBULA;SHELL,14787,3,*Emission*
SN1987A-STIS2,83.86689375,-69.26977777778,5240.0,10270.0,ocd602040,676.0,STIS/CCD,EXT-MEDIUM;EJECTA;EMISSION LINE NEBULA;SNR,13401,3,*Emission*
HD44179,94.9926701645,-10.63753591033,5450.0,10140.0,o4p901020,80.0,STIS/CCD,STAR;POST-AGB STAR;;ISM;BIPOLAR OUTFLOW;REFLECTION NEBULA;COMETARY NEBULA;EMISSION LINE NEBULA,7593,3,*Emission*
HD5980,14.86054166667,-72.16508333333,5240.0,10270.0,o55q02050,72.0,STIS/CCD,EXT-STAR;WOLF RAYET - WN;LUMINOUS BLUE VARIABLE;INTERACTING BINARY;EMISSION LINE STAR,7480,3,*Emission*
SN1987A-STIS2,83.86689375,-69.26977777778,5240.0,10270.0,ocd602030,676.0,STIS/CCD,EXT-MEDIUM;EJECTA;EMISSION LINE NEBULA;SNR,13401,3,*Emission*
HD5980,14.86054166667,-72.16508333333,5240.0,10270.0,o55q04050,72.0,STIS/CCD,EXT-STAR;WOLF RAYET - WN;LUMINOUS BLUE VARIABLE;INTERACTING BINARY;EMISSION LINE STAR,7480,3,*Emission*
HD5980,14.86054166667,-72.16508333333,5450.0,10140.0,o55q05040,210.0,STIS/CCD,EXT-STAR;WOLF RAYET - WN;LUMINOUS BLUE VARIABLE;INTERACTING BINARY;EMISSION LINE STAR,7480,3,*Emission*
LMC-SN1987A-HOTSPOTS-52X2,83.867125,-69.26968055556,5450.0,10140.0,o6am03030,654.0,STIS/CCD,EXT-MEDIUM;SNR;HOTSPOT;EMISSION LINE NEBULA,8872,3,*Emission*
IRAS20462+3416,312.06924875,34.45681944444,2900.0,5700.0,ob4o06070,84.0,STIS/CCD,STAR;POST-AGB STAR;CIRCUMSTELLAR MATTER;EJECTA;EMISSION LINE NEBULA,11634,3,*Emission*
M82-A2,148.9734708198,69.68062433736,2900.0,5700.0,ob4k03060,775.0,STIS/CCD,EXT-CLUSTER;YOUNG ASSOCIATION;EMISSION LINE NEBULA;STAR FORMINGREGION,11641,3,*Emission*
WRAY-16-147,212.9668468929,-51.44006699189,3020.0,5610.0,odyh21070,450.0,STIS/CCD,STAR;CIRCUMSTELLAR MATTER;EMISSION LINE NEBULA;SYMBIOTIC STAR,15677,3,*Emission*
NGC-5315-NEBOFFSET,208.4874166667,-66.51405555556,3020.0,5610.0,obrz16020,315.0,STIS/CCD,ISM;EJECTA;EMISSION LINE NEBULA;PLANETARY NEBULA,12600,3,*Emission*
M62-VLA1,255.3050795833,-30.11405,2900.0,5700.0,ocui09010,1892.0,STIS/CCD,STAR;EMISSION LINE STAR;G III-I;LMXB;POPULATION II,14086,3,*Emission*
HD5980,14.86054166667,-72.16508333333,5450.0,10140.0,o55q06040,210.0,STIS/CCD,EXT-STAR;WOLF RAYET - WN;LUMINOUS BLUE VARIABLE;INTERACTING BINARY;EMISSION LINE STAR,7480,3,*Emission*
M62-VLA1,255.3050795833,-30.11405,2900.0,5700.0,ocui03010,1932.0,STIS/CCD,STAR;EMISSION LINE STAR;G III-I;LMXB;POPULATION II,14086,3,*Emission*
M62-VLA1,255.3050795833,-30.11405,2900.0,5700.0,ocui05010,1892.0,STIS/CCD,STAR;EMISSION LINE STAR;G III-I;LMXB;POPULATION II,14086,3,*Emission*
SN1987A-STIS5,83.86665625,-69.26977777778,5240.0,10270.0,ocd605030,676.0,STIS/CCD,EXT-MEDIUM;EJECTA;EMISSION LINE NEBULA;SNR,13401,3,*Emission*
HD203338,319.8153048689,58.62354226115,2900.0,5700.0,o5dn04010,0.4,STIS/CCD,STAR;COMPOSITE SPECTRAL TYPE;M III-I;EMISSION LINE STAR,8257,3,*Emission*
NOVA-SGR-2015-A,273.6049035702,-25.90957384925,2900.0,5700.0,odrp02020,360.0,STIS/CCD,EXT-STAR;CLASSICAL NOVA;EJECTA;EMISSION LINE NEBULA;SHELL,15438,3,*Emission*
HEN1357,259.0872916667,-59.48980555556,2900.0,5700.0,o4nh01040,840.0,STIS/CCD,CALIBRATION;EMISSION LINE NEBULA,7652,3,*Emission*
NOVA-DEL-2013,305.877901681,20.76775964073,2900.0,5700.0,od9z03030,395.0,STIS/CCD,EXT-STAR;CLASSICAL NOVA;EJECTA;EMISSION LINE NEBULA;SHELL,14787,3,*Emission*
HD-5980,14.86070291667,-72.164975,1680.0,3060.0,od3g01030,300.0,STIS/CCD,STAR;EMISSION LINE STAR;LUMINOUS BLUE VARIABLE;WIND;WOLF RAYET - WN,14476,3,*Emission*
M82-A2,148.9731208618,69.68050132504,2900.0,5700.0,ob4k01080,855.0,STIS/CCD,EXT-CLUSTER;YOUNG ASSOCIATION;EMISSION LINE NEBULA;STAR FORMINGREGION,11641,3,*Emission*
M82-A2,148.9737041274,69.68070634519,2900.0,5700.0,ob4k01070,775.0,STIS/CCD,EXT-CLUSTER;YOUNG ASSOCIATION;EMISSION LINE NEBULA;STAR FORMINGREGION,11641,3,*Emission*
3C-048,24.42209331193,33.15927862309,2900.0,5700.0,ob6i02040,1456.0,STIS/CCD,GALAXY;EJECTA;EMISSION LINE NEBULA;WIND,11574,3,*Emission*
M82-A2,148.973237514,69.68054232922,5450.0,10140.0,ob4k04050,775.0,STIS/CCD,EXT-CLUSTER;YOUNG ASSOCIATION;EMISSION LINE NEBULA;STAR FORMINGREGION,11641,3,*Emission*
SN1987A-STIS4,83.86673541667,-69.26977777778,5240.0,10270.0,ocd604040,676.0,STIS/CCD,EXT-MEDIUM;EJECTA;EMISSION LINE NEBULA;SNR,13401,3,*Emission*
NOVA-SGR-2015-A,273.6050523772,-25.90951043652,2900.0,5700.0,odrp02010,360.0,STIS/CCD,EXT-STAR;CLASSICAL NOVA;EJECTA;EMISSION LINE NEBULA;SHELL,15438,3,*Emission*
LMC-SN1987A-HOTSPOTS-52X2,83.86752207617,-69.26967124397,5450.0,10140.0,o6am01040,654.0,STIS/CCD,EXT-MEDIUM;SNR;HOTSPOT;EMISSION LINE NEBULA,8872,3,*Emission*
LMC-SN1987A-HOTSPOTS-52X2,83.86634169975,-69.26969743374,5450.0,10140.0,o67p01050,541.0,STIS/CCD,EXT-MEDIUM;SNR;HOTSPOT;EMISSION LINE NEBULA,8806,3,*Emission*
IRAS08005-2356,120.669922437,-24.07886691513,5450.0,10140.0,ob4o08020,84.0,STIS/CCD,STAR;POST-AGB STAR;CIRCUMSTELLAR MATTER;EMISSION LINE NEBULA;EJECTA,11634,3,*Emission*
M82-A2,148.9735874734,69.68066534131,2900.0,5700.0,ob4k01030,710.0,STIS/CCD,EXT-CLUSTER;YOUNG ASSOCIATION;EMISSION LINE NEBULA;STAR FORMINGREGION,11641,3,*Emission*
NGC-7662-NEBOFFSET,351.4733333333,42.53347222222,2900.0,5700.0,obrz07010,381.0,STIS/CCD,ISM;EJECTA;EMISSION LINE NEBULA;PLANETARY NEBULA,12600,3,*Emission*
MQ1,204.2546625,-29.86445277778,2900.0,5700.0,ocw901050,1412.0,STIS/CCD,ISM;EMISSION LINE NEBULA;JET;KNOT;LOBE;SHOCK FRONT,14211,3,*Emission*
PK332-09D1,257.2540833333,-56.91327777778,5240.0,10270.0,o65202020,910.0,STIS/CCD,ISM;PLANETARY NEBULA;EMISSION LINE NEBULA,8711,3,*Emission*
HD5980,14.86054166667,-72.16508333333,5450.0,10140.0,o55q01040,273.0,STIS/CCD,EXT-STAR;WOLF RAYET - WN;LUMINOUS BLUE VARIABLE;INTERACTING BINARY;EMISSION LINE STAR,7480,3,*Emission*
M82-A2,148.9737041274,69.68070634519,2900.0,5700.0,ob4k02070,775.0,STIS/CCD,EXT-CLUSTER;YOUNG ASSOCIATION;EMISSION LINE NEBULA;STAR FORMINGREGION,11641,3,*Emission*
M82-A2,148.9733541667,69.68058333333,2900.0,5700.0,ob4k03090,855.0,STIS/CCD,EXT-CLUSTER;YOUNG ASSOCIATION;EMISSION LINE NEBULA;STAR FORMINGREGION,11641,3,*Emission*
HD5980,14.86054166667,-72.16508333333,2900.0,5700.0,o55q02020,60.0,STIS/CCD,EXT-STAR;WOLF RAYET - WN;LUMINOUS BLUE VARIABLE;INTERACTING BINARY;EMISSION LINE STAR,7480,3,*Emission*
HEN1357,259.0872916667,-59.48980555556,1680.0,3060.0,o4nh02030,1978.0,STIS/CCD,CALIBRATION;EMISSION LINE NEBULA,7652,3,*Emission*
LMC-SN1987A-HOTSPOTS-52X2,83.86791915199,-69.26966193148,5450.0,10140.0,o6am01050,654.0,STIS/CCD,EXT-MEDIUM;SNR;HOTSPOT;EMISSION LINE NEBULA,8872,3,*Emission*
M82-A2,148.9731208618,69.68050132504,2900.0,5700.0,ob4k03080,855.0,STIS/CCD,EXT-CLUSTER;YOUNG ASSOCIATION;EMISSION LINE NEBULA;STAR FORMINGREGION,11641,3,*Emission*
WRAY-16-147,212.9668468965,-51.44006699112,5450.0,10140.0,odyh22080,450.0,STIS/CCD,STAR;CIRCUMSTELLAR MATTER;EMISSION LINE NEBULA;SYMBIOTIC STAR,15677,3,*Emission*
HD44179,94.99267016452,-10.63753591021,5450.0,10140.0,o4p901010,80.0,STIS/CCD,STAR;POST-AGB STAR;;ISM;BIPOLAR OUTFLOW;REFLECTION NEBULA;COMETARY NEBULA;EMISSION LINE NEBULA,7593,3,*Emission*
NOVA-SGR-2015-A,273.6046059558,-25.90970067426,2900.0,5700.0,odrp02080,540.0,STIS/CCD,EXT-STAR;CLASSICAL NOVA;EJECTA;EMISSION LINE NEBULA;SHELL,15438,3,*Emission*
WRAY-16-147,212.9665318582,-51.44014573169,5450.0,10140.0,odyh22040,60.0,STIS/CCD,STAR;CIRCUMSTELLAR MATTER;EMISSION LINE NEBULA;SYMBIOTIC STAR,15677,3,*Emission*
HH30,67.90634166667,18.20685277778,5240.0,10270.0,o65x01010,2159.0,STIS/CCD,ISM;HERBIG-HARO OBJECT;JET;SHOCK FRONT;STAR FORMING REGION;EMISSION LINE NEBULA,8653,3,*Emission*
M82-A2,148.9733541667,69.68058333333,2900.0,5700.0,ob4k03020,710.0,STIS/CCD,EXT-CLUSTER;YOUNG ASSOCIATION;EMISSION LINE NEBULA;STAR FORMINGREGION,11641,3,*Emission*
NGC3603-A1,168.7796969591,-61.2603736727,3020.0,5610.0,of8403070,215.0,STIS/CCD,STAR;EMISSION LINE STAR;SUPERGIANT O;WOLF RAYET - WN,17527,3,*Emission*
HD5980,14.86054166667,-72.16508333333,1680.0,3060.0,o55q06010,240.0,STIS/CCD,EXT-STAR;WOLF RAYET - WN;LUMINOUS BLUE VARIABLE;INTERACTING BINARY;EMISSION LINE STAR,7480,3,*Emission*
LMC-SN1987A,83.86720833333,-69.26971111111,3020.0,5610.0,o4fx040f0,560.0,STIS/CCD,EXT-STAR;SUPERNOVA TYPE II;;EXT-MEDIUM;SNR;SHOCK FRONT;EMISSIONLINE NEBULA,7587,3,*Emission*
HEN1357,259.0872916667,-59.48980555556,3020.0,5610.0,o6ih20060,1080.0,STIS/CCD,CALIBRATION;EMISSION LINE NEBULA,8929,3,*Emission*
IRAS08339+6517,129.5963333333,65.12088888889,2900.0,5700.0,obqn08020,300.0,STIS/CCD,GALAXY;EMISSION LINE NEBULA;SPIRAL;STAR FORMING REGION;STARBURST,12472,3,*Emission*
NGC3603-A1,168.7798918969,-61.26047670983,3020.0,5610.0,of8401060,215.0,STIS/CCD,STAR;EMISSION LINE STAR;SUPERGIANT O;WOLF RAYET - WN,17527,3,*Emission*
NGC3603-A1,168.7796784722,-61.2603831198,3020.0,5610.0,of8401070,215.0,STIS/CCD,STAR;EMISSION LINE STAR;SUPERGIANT O;WOLF RAYET - WN,17527,3,*Emission*
NGC3603-A1,168.7798464931,-61.26050389514,3020.0,5610.0,of8407020,183.0,STIS/CCD,STAR;EMISSION LINE STAR;SUPERGIANT O;WOLF RAYET - WN,17527,3,*Emission*
NOVA-SGR-2015-A,273.6050523772,-25.90951043652,2900.0,5700.0,odrp02050,540.0,STIS/CCD,EXT-STAR;CLASSICAL NOVA;EJECTA;EMISSION LINE NEBULA;SHELL,15438,3,*Emission*
M62-VLA1,255.3050795833,-30.11405,2900.0,5700.0,ocui01010,1932.0,STIS/CCD,STAR;EMISSION LINE STAR;G III-I;LMXB;POPULATION II,14086,3,*Emission*
SN1987A-STIS3,83.86681458333,-69.26977777778,5240.0,10270.0,ocd603020,676.0,STIS/CCD,EXT-MEDIUM;EJECTA;EMISSION LINE NEBULA;SNR,13401,3,*Emission*
HH30,67.90634166667,18.20685277778,5450.0,10140.0,o65x11010,2110.0,STIS/CCD,ISM;HERBIG-HARO OBJECT;JET;SHOCK FRONT;STAR FORMING REGION;EMISSION LINE NEBULA,8653,3,*Emission*
WRAY-16-147,212.966846893,-51.44006699187,3020.0,5610.0,odyh21060,90.0,STIS/CCD,STAR;CIRCUMSTELLAR MATTER;EMISSION LINE NEBULA;SYMBIOTIC STAR,15677,3,*Emission*
NGC3603-A1,168.7807910117,-61.260823881,3020.0,5610.0,of8407060,183.0,STIS/CCD,STAR;EMISSION LINE STAR;SUPERGIANT O;WOLF RAYET - WN,17527,3,*Emission*
NGC3603-A1,168.7804564001,-61.26054178418,3020.0,5610.0,of8405050,165.0,STIS/CCD,STAR;EMISSION LINE STAR;SUPERGIANT O;WOLF RAYET - WN,17527,3,*Emission*
WRAY-16-147,212.9665318584,-51.44014573166,5450.0,10140.0,odyh22020,60.0,STIS/CCD,STAR;CIRCUMSTELLAR MATTER;EMISSION LINE NEBULA;SYMBIOTIC STAR,15677,3,*Emission*
RY-LUP,239.8682927877,-40.36425137935,1640.0,3190.0,o5b402010,3707.0,STIS/CCD,STAR;T TAURI STAR;EMISSION LINE STAR;PROTOPLANETARY DISK,8205,3,*Emission*
NGC3603-A1,168.7809590393,-61.26094465496,3020.0,5610.0,of8401010,215.0,STIS/CCD,STAR;EMISSION LINE STAR;SUPERGIANT O;WOLF RAYET - WN,17527,3,*Emission*
WRAY-16-147,212.9665318577,-51.4401457318,5450.0,10140.0,odyh22070,60.0,STIS/CCD,STAR;CIRCUMSTELLAR MATTER;EMISSION LINE NEBULA;SYMBIOTIC STAR,15677,3,*Emission*
NGC-5882-NEBOFFSET,229.20807375,-45.64921944444,2900.0,5700.0,obrz10010,360.0,STIS/CCD,ISM;EJECTA;EMISSION LINE NEBULA;PLANETARY NEBULA,12600,3,*Emission*
M31-B477-D075-PN,11.2850503636,41.66072494169,2900.0,5700.0,od5w04070,690.0,STIS/CCD,EXT-MEDIUM;EJECTA;EMISSION LINE NEBULA;PLANETARY NEBULA,14794,3,*Emission*
SN1987A-STIS3,83.86681458333,-69.26977777778,5240.0,10270.0,odad04080,890.0,STIS/CCD,EXT-MEDIUM;EJECTA;EMISSION LINE NEBULA;SNR,14753,3,*Emission*
NGC-6537-NEBOFFSET,271.3047041667,-19.84295,5240.0,10270.0,obrz30040,363.0,STIS/CCD,ISM;EJECTA;EMISSION LINE NEBULA;PLANETARY NEBULA,12600,3,*Emission*
1-ALF-HER,258.6618560846,14.39060585836,3020.0,5610.0,ofno03t1q,0.3,STIS/CCD,STAR;AGB STAR;CIRCUMSTELLAR MATTER;EMISSION LINE STAR;M V-IV,18065,1,*Emission*
1-ALF-HER,258.6618560847,14.39060585819,3020.0,5610.0,ofno03t0q,0.3,STIS/CCD,STAR;AGB STAR;CIRCUMSTELLAR MATTER;EMISSION LINE STAR;M V-IV,18065,1,*Emission*
LMC-SN1987A-EASTSHOCK,83.86795833333,-69.26962777778,1150.0,1730.0,o4fx03020,3100.19075,STIS/FUV-MAMA,EXT-MEDIUM;SNR;EMISSION LINE NEBULA;SHOCK FRONT,7587,3,*Emission*
LMC-SN1987A-EASTSHOCK,83.86795833333,-69.26962777778,1150.0,1730.0,o4fx03040,3100.19025,STIS/FUV-MAMA,EXT-MEDIUM;SNR;EMISSION LINE NEBULA;SHOCK FRONT,7587,3,*Emission*
LMC-SN1987A-EASTSHOCK,83.86795833333,-69.26962777778,1150.0,1730.0,o4fx03030,3100.197125,STIS/FUV-MAMA,EXT-MEDIUM;SNR;EMISSION LINE NEBULA;SHOCK FRONT,7587,3,*Emission*
HD5980,14.86054166667,-72.16508333333,1123.0,1710.0,o55q03070,3236.0,STIS/FUV-MAMA,EXT-STAR;WOLF RAYET - WN;LUMINOUS BLUE VARIABLE;INTERACTING BINARY;EMISSION LINE STAR,7480,3,*Emission*
HD100546,173.3559763575,-70.19477596608,1140.0,1700.0,o5c901060,1182.0,STIS/FUV-MAMA,STAR;B6-B9.5 V-IV;EMISSION LINE STAR,8300,3,*Emission*
HD100546,173.3559763569,-70.19477596447,1140.0,1700.0,o5c901080,2534.0,STIS/FUV-MAMA,STAR;B6-B9.5 V-IV;EMISSION LINE STAR,8300,3,*Emission*
HD100546,173.355976356,-70.194775962,1140.0,1700.0,o5c9010b0,600.0,STIS/FUV-MAMA,STAR;B6-B9.5 V-IV;EMISSION LINE STAR,8300,3,*Emission*
GJ551,217.4280759176,-62.67956087984,1123.0,1710.0,o5eo02030,0.0,STIS/FUV-MAMA,STAR;M V-IV;IRREGULAR VARIABLE;EMISSION LINE STAR,8040,3,*Emission*
BD+20D2465,154.9012425107,19.86990719129,1123.0,1710.0,o61s04020,2700.167375,STIS/FUV-MAMA,STAR;M V-IV;EMISSION LINE STAR;CORONA,8613,3,*Emission*
BD+20D2465,154.9012449003,19.86990674089,1123.0,1710.0,o61s02050,2700.185875,STIS/FUV-MAMA,STAR;M V-IV;EMISSION LINE STAR;CORONA,8613,3,*Emission*
BD+20D2465,154.9012449925,19.86990672328,1123.0,1710.0,o61s02040,2700.19025,STIS/FUV-MAMA,STAR;M V-IV;EMISSION LINE STAR;CORONA,8613,3,*Emission*
BD+20D2465,154.9012436115,19.86990698521,1123.0,1710.0,o61s03050,2700.1935,STIS/FUV-MAMA,STAR;M V-IV;EMISSION LINE STAR;CORONA,8613,3,*Emission*
HD117970,203.5756043811,-25.38009709423,1123.0,1710.0,o61o06010,2136.0,STIS/FUV-MAMA,STAR;SYMBIOTIC STAR;INTERACTING BINARY;EMISSION LINE STAR,8712,3,*Emission*
BD+20D2465,154.9012437953,19.86990695057,1123.0,1710.0,o61s03030,2700.1655,STIS/FUV-MAMA,STAR;M V-IV;EMISSION LINE STAR;CORONA,8613,3,*Emission*
LMC-SMP-102,97.38720833333,-68.05913888889,1150.0,1730.0,o6cn24l3q,1260.19725,STIS/FUV-MAMA,EXT-MEDIUM;PLANETARY NEBULA;EMISSION LINE NEBULA,9120,2,*Emission*
LMC-SMP-79,83.5365,-74.33516666667,1150.0,1730.0,o6cn19g0q,1445.0,STIS/FUV-MAMA,EXT-MEDIUM;PLANETARY NEBULA;EMISSION LINE NEBULA,9120,2,*Emission*
LMC-SMP-80,83.66195833333,-70.33247222222,1150.0,1730.0,o6cn20ais,1320.200125,STIS/FUV-MAMA,EXT-MEDIUM;PLANETARY NEBULA;EMISSION LINE NEBULA,9120,2,*Emission*
LMC-SMP-18,75.92766666667,-70.11327777778,1150.0,1730.0,o6cn06o8q,1194.509875,STIS/FUV-MAMA,EXT-MEDIUM;PLANETARY NEBULA;EMISSION LINE NEBULA,9120,2,*Emission*
LMC-SMP-46,79.87383333333,-68.85252777778,1150.0,1730.0,o6cn14whq,1260.199375,STIS/FUV-MAMA,EXT-MEDIUM;PLANETARY NEBULA;EMISSION LINE NEBULA,9120,2,*Emission*
LMC-SMP-10,72.78708333333,-68.81827777778,1150.0,1730.0,o6cn04gfq,1260.197,STIS/FUV-MAMA,EXT-MEDIUM;PLANETARY NEBULA;EMISSION LINE NEBULA,9120,2,*Emission*
LMC-SMP-81,83.83716666667,-73.92502777778,1150.0,1730.0,o6cn21n8q,1445.0,STIS/FUV-MAMA,EXT-MEDIUM;PLANETARY NEBULA;EMISSION LINE NEBULA,9120,2,*Emission*
LMC-SMP-16,75.50795833333,-69.81511111111,1150.0,1730.0,o6cn05o2q,1180.597125,STIS/FUV-MAMA,EXT-MEDIUM;PLANETARY NEBULA;EMISSION LINE NEBULA,9120,2,*Emission*
LMC-SMP-48,80.040375,-69.89397222222,1150.0,1730.0,o6cn15txq,753.0,STIS/FUV-MAMA,EXT-MEDIUM;PLANETARY NEBULA;EMISSION LINE NEBULA,9120,2,*Emission*
HD208816,329.1630806011,63.62554239055,1123.0,1710.0,o6c3120b0,1200.0,STIS/FUV-MAMA,STAR;COMPOSITE SPECTRAL TYPE;M III-I;EMISSION LINE STAR,9231,3,*Emission*
LMC-SMP-4,70.83958333333,-71.50263888889,1150.0,1730.0,o6cn02ndq,1445.0,STIS/FUV-MAMA,EXT-MEDIUM;PLANETARY NEBULA;EMISSION LINE NEBULA,9120,2,*Emission*
LMC-SMP-25,76.6,-69.05533333333,1150.0,1730.0,o6cn08psq,1260.194125,STIS/FUV-MAMA,EXT-MEDIUM;PLANETARY NEBULA;EMISSION LINE NEBULA,9120,2,*Emission*
LMC-SMP-28,76.99004166667,-68.86305555556,1150.0,1730.0,o6cn10l7q,3013.0,STIS/FUV-MAMA,EXT-MEDIUM;PLANETARY NEBULA;EMISSION LINE NEBULA,9120,2,*Emission*
LMC-SMP-95,90.43875,-67.93555555556,1150.0,1730.0,o6cn23leq,1260.19725,STIS/FUV-MAMA,EXT-MEDIUM;PLANETARY NEBULA;EMISSION LINE NEBULA,9120,2,*Emission*
LMC-SMP-93,87.41166666667,-69.16669444444,1150.0,1730.0,o6cn22q4q,1055.136,STIS/FUV-MAMA,EXT-MEDIUM;PLANETARY NEBULA;EMISSION LINE NEBULA,9120,2,*Emission*
LMC-SMP-34,77.57158333333,-68.80638888889,1150.0,1730.0,o6cn12y5q,1235.138125,STIS/FUV-MAMA,EXT-MEDIUM;PLANETARY NEBULA;EMISSION LINE NEBULA,9120,2,*Emission*
LMC-SMP-30,77.29420833333,-66.89408333333,1150.0,1730.0,o6cn11vnq,1260.199375,STIS/FUV-MAMA,EXT-MEDIUM;PLANETARY NEBULA;EMISSION LINE NEBULA,9120,2,*Emission*
LMC-SMP-72,82.69095833333,-70.83772222222,1150.0,1730.0,o6cn18afq,1320.1995,STIS/FUV-MAMA,EXT-MEDIUM;PLANETARY NEBULA;EMISSION LINE NEBULA,9120,2,*Emission*
LMC-SMP-71,82.63841666667,-70.744,1150.0,1730.0,o6cn17woq,1320.197875,STIS/FUV-MAMA,EXT-MEDIUM;PLANETARY NEBULA;EMISSION LINE NEBULA,9120,2,*Emission*
LMC-SMP-45,79.836375,-66.96875,1150.0,1730.0,o6cn13rbq,1260.199375,STIS/FUV-MAMA,EXT-MEDIUM;PLANETARY NEBULA;EMISSION LINE NEBULA,9120,2,*Emission*
LMC-SMP-27,76.97875,-66.96280555556,1150.0,1730.0,o6cn09u7q,952.845625,STIS/FUV-MAMA,EXT-MEDIUM;PLANETARY NEBULA;EMISSION LINE NEBULA,9120,2,*Emission*
LMC-SMP-19,75.92208333333,-70.23155555556,1150.0,1730.0,o6cn07oeq,1320.198375,STIS/FUV-MAMA,EXT-MEDIUM;PLANETARY NEBULA;EMISSION LINE NEBULA,9120,2,*Emission*
LMC-SMP-59,81.11429166667,-70.37352777778,1150.0,1730.0,o6cn16l4q,1891.3515,STIS/FUV-MAMA,EXT-MEDIUM;PLANETARY NEBULA;EMISSION LINE NEBULA,9120,2,*Emission*
LMC-SMP-9,72.60295833333,-68.22138888889,1150.0,1730.0,o6cn03ciq,1930.2195,STIS/FUV-MAMA,EXT-MEDIUM;PLANETARY NEBULA;EMISSION LINE NEBULA,9120,2,*Emission*
LMC-J-41,81.539625,-69.01622222222,1150.0,1730.0,o6cn01niq,132.592625,STIS/FUV-MAMA,EXT-MEDIUM;PLANETARY NEBULA;EMISSION LINE NEBULA,9120,2,*Emission*
VIIZW403,172.0029166667,78.99255555556,1150.0,1730.0,o6er80020,3282.0,STIS/FUV-MAMA,GALAXY;STARBURST;STAR FORMING REGION;EMISSION LINE NEBULA;;EXT-CLUSTER;OPEN CLUSTER;OB ASSOCIATION;KNOT;STAR FORMING REGION;EMIS,9036,3,*Emission*
MKN209,186.5660416667,48.49411111111,1150.0,1730.0,o6er11020,3056.0,STIS/FUV-MAMA,GALAXY;STARBURST;STAR FORMING REGION;EMISSION LINE NEBULA;;EXT-CLUSTER;OPEN CLUSTER;OB ASSOCIATION;KNOT;STAR FORMING REGION;EMIS,9036,3,*Emission*
VIIZW403,172.0029166667,78.99255555556,1150.0,1730.0,o6er80040,3282.0,STIS/FUV-MAMA,GALAXY;STARBURST;STAR FORMING REGION;EMISSION LINE NEBULA;;EXT-CLUSTER;OPEN CLUSTER;OB ASSOCIATION;KNOT;STAR FORMING REGION;EMIS,9036,3,*Emission*
VIIZW403,172.0029166667,78.99255555556,1150.0,1730.0,o6er80030,3282.0,STIS/FUV-MAMA,GALAXY;STARBURST;STAR FORMING REGION;EMISSION LINE NEBULA;;EXT-CLUSTER;OPEN CLUSTER;OB ASSOCIATION;KNOT;STAR FORMING REGION;EMIS,9036,3,*Emission*
NGC5996,236.7452916667,17.8845,1150.0,1730.0,o6er16020,2880.0,STIS/FUV-MAMA,GALAXY;STARBURST;STAR FORMING REGION;EMISSION LINE NEBULA;;EXT-CLUSTER;OPEN CLUSTER;OB ASSOCIATION;KNOT;STAR FORMING REGION;EMIS,9036,3,*Emission*
NGC5996,236.7452916667,17.8845,1150.0,1730.0,o6er16030,2880.0,STIS/FUV-MAMA,GALAXY;STARBURST;STAR FORMING REGION;EMISSION LINE NEBULA;;EXT-CLUSTER;OPEN CLUSTER;OB ASSOCIATION;KNOT;STAR FORMING REGION;EMIS,9036,3,*Emission*
MKN209,186.5660416667,48.49411111111,1150.0,1730.0,o6er11030,3000.0,STIS/FUV-MAMA,GALAXY;STARBURST;STAR FORMING REGION;EMISSION LINE NEBULA;;EXT-CLUSTER;OPEN CLUSTER;OB ASSOCIATION;KNOT;STAR FORMING REGION;EMIS,9036,3,*Emission*
NGC3690,172.1284583333,58.56183333333,1150.0,1730.0,o6er09030,0.0,STIS/FUV-MAMA,GALAXY;STARBURST;STAR FORMING REGION;EMISSION LINE NEBULA;;EXT-CLUSTER;OPEN CLUSTER;OB ASSOCIATION;KNOT;STAR FORMING REGION;EMIS,9036,3,*Emission*
NGC3690,172.1284583333,58.56183333333,1150.0,1730.0,o6er09020,0.0,STIS/FUV-MAMA,GALAXY;STARBURST;STAR FORMING REGION;EMISSION LINE NEBULA;;EXT-CLUSTER;OPEN CLUSTER;OB ASSOCIATION;KNOT;STAR FORMING REGION;EMIS,9036,3,*Emission*
VIIZW403,172.0029166667,78.99255555556,1150.0,1730.0,o6er08030,3282.0,STIS/FUV-MAMA,GALAXY;STARBURST;STAR FORMING REGION;EMISSION LINE NEBULA;;EXT-CLUSTER;OPEN CLUSTER;OB ASSOCIATION;KNOT;STAR FORMING REGION;EMIS,9036,3,*Emission*
NGC3310,159.688625,53.50127777778,1150.0,1730.0,o6er05020,3113.0,STIS/FUV-MAMA,GALAXY;STARBURST;STAR FORMING REGION;EMISSION LINE NEBULA;;EXT-CLUSTER;OPEN CLUSTER;OB ASSOCIATION;KNOT;STAR FORMING REGION;EMIS,9036,3,*Emission*
NGC3310,159.688625,53.50127777778,1150.0,1730.0,o6er05030,3000.0,STIS/FUV-MAMA,GALAXY;STARBURST;STAR FORMING REGION;EMISSION LINE NEBULA;;EXT-CLUSTER;OPEN CLUSTER;OB ASSOCIATION;KNOT;STAR FORMING REGION;EMIS,9036,3,*Emission*
MKN33,158.1328333333,54.40061111111,1150.0,1730.0,o6er04020,1446.0,STIS/FUV-MAMA,GALAXY;STARBURST;STAR FORMING REGION;EMISSION LINE NEBULA;;EXT-CLUSTER;OPEN CLUSTER;OB ASSOCIATION;KNOT;STAR FORMING REGION;EMIS,9036,3,*Emission*
HE2-10,129.0630416667,-26.40936111111,1150.0,1730.0,o6er02030,2880.0,STIS/FUV-MAMA,GALAXY;STARBURST;STAR FORMING REGION;EMISSION LINE NEBULA;;EXT-CLUSTER;OPEN CLUSTER;OB ASSOCIATION;KNOT;STAR FORMING REGION;EMIS,9036,3,*Emission*
HE2-10,129.0630416667,-26.40936111111,1150.0,1730.0,o6er02020,2925.0,STIS/FUV-MAMA,GALAXY;STARBURST;STAR FORMING REGION;EMISSION LINE NEBULA;;EXT-CLUSTER;OPEN CLUSTER;OB ASSOCIATION;KNOT;STAR FORMING REGION;EMIS,9036,3,*Emission*
SN1987A-STIS,83.86712406837,-69.26962500098,1150.0,1730.0,o91o76060,1500.0,STIS/FUV-MAMA,EXT-MEDIUM;SNR;HOTSPOT;EMISSION LINE NEBULA,10263,3,*Emission*
SN1987A-STIS,83.86712453418,-69.26965277827,1150.0,1730.0,o91o76050,1500.0,STIS/FUV-MAMA,EXT-MEDIUM;SNR;HOTSPOT;EMISSION LINE NEBULA,10263,3,*Emission*
SN1987A-STIS,83.86712593164,-69.26973611014,1150.0,1730.0,o91o76020,1200.0,STIS/FUV-MAMA,EXT-MEDIUM;SNR;HOTSPOT;EMISSION LINE NEBULA,10263,3,*Emission*
SN1987A-STIS,83.86712639746,-69.26976388743,1150.0,1730.0,o91o76010,1150.0,STIS/FUV-MAMA,EXT-MEDIUM;SNR;HOTSPOT;EMISSION LINE NEBULA,10263,3,*Emission*
SN1987A-STIS,83.86712546582,-69.26970833285,1150.0,1730.0,o91o76030,1500.0,STIS/FUV-MAMA,EXT-MEDIUM;SNR;HOTSPOT;EMISSION LINE NEBULA,10263,3,*Emission*
SN-1987A-HOTSPOTS-52X2,83.86747487455,-69.26942234791,1150.0,1730.0,ob7ia30k0,311.0,STIS/FUV-MAMA,EXT-MEDIUM;EMISSION LINE NEBULA;SNR,11653,3,*Emission*
SN-1987A-HOTSPOTS-52X2,83.86756923266,-69.26991989478,1150.0,1730.0,ob7ia30i0,311.0,STIS/FUV-MAMA,EXT-MEDIUM;EMISSION LINE NEBULA;SNR,11653,3,*Emission*
SN-1987A-HOTSPOTS-52X2,83.86668077715,-69.2694412152,1150.0,1730.0,ob7ia30p0,311.0,STIS/FUV-MAMA,EXT-MEDIUM;EMISSION LINE NEBULA;SNR,11653,3,*Emission*
SN-1987A-HOTSPOTS-52X2,83.86717217506,-69.2699293291,1150.0,1730.0,ob7ia30g0,312.0,STIS/FUV-MAMA,EXT-MEDIUM;EMISSION LINE NEBULA;SNR,11653,3,*Emission*
SN-1987A-HOTSPOTS-52X2,83.86677511712,-69.2699387625,1150.0,1730.0,ob7ia30f0,312.0,STIS/FUV-MAMA,EXT-MEDIUM;EMISSION LINE NEBULA;SNR,11653,3,*Emission*
SN-1987A-HOTSPOTS-52X2,83.86717217506,-69.2699293291,1150.0,1730.0,ob7ia30h0,311.0,STIS/FUV-MAMA,EXT-MEDIUM;EMISSION LINE NEBULA;SNR,11653,3,*Emission*
SN-1987A-HOTSPOTS-52X2,83.86707782602,-69.26943178201,1150.0,1730.0,ob7ia30m0,311.0,STIS/FUV-MAMA,EXT-MEDIUM;EMISSION LINE NEBULA;SNR,11653,3,*Emission*
SN-1987A-HOTSPOTS-52X2,83.86747487455,-69.26942234791,1150.0,1730.0,ob7ia30l0,311.0,STIS/FUV-MAMA,EXT-MEDIUM;EMISSION LINE NEBULA;SNR,11653,3,*Emission*
SN-1987A-HOTSPOTS-52X2,83.86677511712,-69.2699387625,1150.0,1730.0,ob7ia30e0,312.0,STIS/FUV-MAMA,EXT-MEDIUM;EMISSION LINE NEBULA;SNR,11653,3,*Emission*
SN-1987A-HOTSPOTS-52X2,83.86756923266,-69.26991989478,1150.0,1730.0,ob7ia30j0,311.0,STIS/FUV-MAMA,EXT-MEDIUM;EMISSION LINE NEBULA;SNR,11653,3,*Emission*
SN-1987A-HOTSPOTS-52X2,83.86707782602,-69.26943178201,1150.0,1730.0,ob7ia30n0,311.0,STIS/FUV-MAMA,EXT-MEDIUM;EMISSION LINE NEBULA;SNR,11653,3,*Emission*
SN-1987A-HOTSPOTS-52X2,83.86668077715,-69.2694412152,1150.0,1730.0,ob7ia30o0,311.0,STIS/FUV-MAMA,EXT-MEDIUM;EMISSION LINE NEBULA;SNR,11653,3,*Emission*
NGC-3242-NEBOFFSET,156.1921125,-18.64365,1150.0,1730.0,obrz05010,2242.0,STIS/FUV-MAMA,ISM;EJECTA;EMISSION LINE NEBULA;PLANETARY NEBULA,12600,3,*Emission*
IC-3568-NEBOFFSET,188.2805833333,82.564,1150.0,1730.0,obrz02010,2624.0,STIS/FUV-MAMA,ISM;EJECTA;EMISSION LINE NEBULA;PLANETARY NEBULA,12600,3,*Emission*
SH2-308-SW-LIMB,103.3135895957,-24.05023442057,1150.0,1730.0,oc2b02080,1364.0,STIS/FUV-MAMA,ISM;CONDUCTION FRONT;EJECTA;EMISSION LINE NEBULA;FILAMENT;SHOCKFRONT,12875,3,*Emission*
SH2-308-SW-LIMB,103.313443653,-24.05027351528,1150.0,1730.0,oc2b02070,1300.0,STIS/FUV-MAMA,ISM;CONDUCTION FRONT;EJECTA;EMISSION LINE NEBULA;FILAMENT;SHOCKFRONT,12875,3,*Emission*
SH2-308-SW-LIMB,103.3099410028,-24.05121174704,1150.0,1730.0,oc2b02060,1364.0,STIS/FUV-MAMA,ISM;CONDUCTION FRONT;EJECTA;EMISSION LINE NEBULA;FILAMENT;SHOCKFRONT,12875,3,*Emission*
SH2-308-SW-LIMB,103.3097950579,-24.0512508383,1150.0,1730.0,oc2b02050,1300.0,STIS/FUV-MAMA,ISM;CONDUCTION FRONT;EJECTA;EMISSION LINE NEBULA;FILAMENT;SHOCKFRONT,12875,3,*Emission*
SH2-308-SW-LIMB,103.3061464073,-24.05222807484,1150.0,1730.0,oc2b02030,1300.0,STIS/FUV-MAMA,ISM;CONDUCTION FRONT;EJECTA;EMISSION LINE NEBULA;FILAMENT;SHOCKFRONT,12875,3,*Emission*
SH2-308-SW-LIMB,103.3026436504,-24.05316614056,1150.0,1730.0,oc2b02020,1051.0,STIS/FUV-MAMA,ISM;CONDUCTION FRONT;EJECTA;EMISSION LINE NEBULA;FILAMENT;SHOCKFRONT,12875,3,*Emission*
SH2-308-SW-LIMB,103.3024977011,-24.0532052249,1150.0,1730.0,oc2b02010,1000.0,STIS/FUV-MAMA,ISM;CONDUCTION FRONT;EJECTA;EMISSION LINE NEBULA;FILAMENT;SHOCKFRONT,12875,3,*Emission*
SH2-308-SW-LIMB,103.2953460759,-24.05512018816,1150.0,1730.0,oc2b01030,1300.0,STIS/FUV-MAMA,ISM;CONDUCTION FRONT;EJECTA;EMISSION LINE NEBULA;FILAMENT;SHOCKFRONT,12875,3,*Emission*
SH2-308-SW-LIMB,103.2880482791,-24.05707388978,1150.0,1730.0,oc2b01070,1300.0,STIS/FUV-MAMA,ISM;CONDUCTION FRONT;EJECTA;EMISSION LINE NEBULA;FILAMENT;SHOCKFRONT,12875,3,*Emission*
SH2-308-SW-LIMB,103.2915512493,-24.05613615618,1150.0,1730.0,oc2b01060,1364.0,STIS/FUV-MAMA,ISM;CONDUCTION FRONT;EJECTA;EMISSION LINE NEBULA;FILAMENT;SHOCKFRONT,12875,3,*Emission*
SH2-308-SW-LIMB,103.2952001221,-24.05515926558,1150.0,1730.0,oc2b01040,1364.0,STIS/FUV-MAMA,ISM;CONDUCTION FRONT;EJECTA;EMISSION LINE NEBULA;FILAMENT;SHOCKFRONT,12875,3,*Emission*
SH2-308-SW-LIMB,103.2988489394,-24.05418228849,1150.0,1730.0,oc2b01020,1054.0,STIS/FUV-MAMA,ISM;CONDUCTION FRONT;EJECTA;EMISSION LINE NEBULA;FILAMENT;SHOCKFRONT,12875,3,*Emission*
SH2-308-SW-LIMB,103.2879023209,-24.05711296028,1150.0,1730.0,oc2b01080,1364.0,STIS/FUV-MAMA,ISM;CONDUCTION FRONT;EJECTA;EMISSION LINE NEBULA;FILAMENT;SHOCKFRONT,12875,3,*Emission*
SH2-308-SW-LIMB,103.2989948909,-24.0541432076,1150.0,1730.0,oc2b01010,1000.0,STIS/FUV-MAMA,ISM;CONDUCTION FRONT;EJECTA;EMISSION LINE NEBULA;FILAMENT;SHOCKFRONT,12875,3,*Emission*
SH2-308-SW-LIMB,103.3062923544,-24.05218898704,1150.0,1730.0,oc2b02040,1364.0,STIS/FUV-MAMA,ISM;CONDUCTION FRONT;EJECTA;EMISSION LINE NEBULA;FILAMENT;SHOCKFRONT,12875,3,*Emission*
SH2-308-SW-LIMB,103.2843992975,-24.05805061083,1150.0,1730.0,oc2b01090,1332.0,STIS/FUV-MAMA,ISM;CONDUCTION FRONT;EJECTA;EMISSION LINE NEBULA;FILAMENT;SHOCKFRONT,12875,3,*Emission*
SH2-308-SW-LIMB,103.284253337,-24.05808967788,1150.0,1730.0,oc2b010a0,1332.0,STIS/FUV-MAMA,ISM;CONDUCTION FRONT;EJECTA;EMISSION LINE NEBULA;FILAMENT;SHOCKFRONT,12875,3,*Emission*
SH2-308-SW-LIMB,103.2916972053,-24.05609708222,1150.0,1730.0,oc2b01050,1300.0,STIS/FUV-MAMA,ISM;CONDUCTION FRONT;EJECTA;EMISSION LINE NEBULA;FILAMENT;SHOCKFRONT,12875,3,*Emission*
SN1987A-STIS3,83.86681225498,-69.26963889134,1150.0,1730.0,ocd606050,1530.0,STIS/FUV-MAMA,EXT-MEDIUM;EJECTA;EMISSION LINE NEBULA;SNR,13401,3,*Emission*
SN1987A-STIS3,83.86681574752,-69.269847221,1150.0,1730.0,ocd606040,1530.0,STIS/FUV-MAMA,EXT-MEDIUM;EJECTA;EMISSION LINE NEBULA;SNR,13401,3,*Emission*
SN1987A-STIS3,83.86681341915,-69.26970833456,1150.0,1730.0,ocd606030,975.0,STIS/FUV-MAMA,EXT-MEDIUM;EJECTA;EMISSION LINE NEBULA;SNR,13401,3,*Emission*
ESO338-CLUSTER23,291.9933666409,-41.57518581647,1140.0,1740.0,od8u0d040,1456.0,STIS/FUV-MAMA,STELLAR CLUSTER;EMISSION LINE NEBULA;GLOBULAR CLUSTER,14806,3,*Emission*
ESO338-CLUSTER23,291.9932466343,-41.57516359888,1140.0,1740.0,od8u0a050,1800.0,STIS/FUV-MAMA,STELLAR CLUSTER;EMISSION LINE NEBULA;GLOBULAR CLUSTER,14806,3,*Emission*
ESO338-CLUSTER23,291.9933333657,-41.57528640111,1140.0,1740.0,od8u0a040,1456.0,STIS/FUV-MAMA,STELLAR CLUSTER;EMISSION LINE NEBULA;GLOBULAR CLUSTER,14806,3,*Emission*
ESO338-CLUSTER23,291.993213359,-41.57526418348,1140.0,1740.0,od8u0d050,1800.0,STIS/FUV-MAMA,STELLAR CLUSTER;EMISSION LINE NEBULA;GLOBULAR CLUSTER,14806,3,*Emission*
Y-GEM,115.2854877297,20.42894347707,1150.0,1730.0,od9c02010,249.611125,STIS/FUV-MAMA,STAR;AGB STAR;DISK;EMISSION LINE STAR;LONG PERIOD VARIABLE,14713,3,*Emission*
Y-GEM,115.2854669634,20.42892957353,1150.0,1730.0,od9c02020,221.16375,STIS/FUV-MAMA,STAR;AGB STAR;DISK;EMISSION LINE STAR;LONG PERIOD VARIABLE,14713,3,*Emission*
Y-GEM,115.2855091572,20.4289585862,1150.0,1730.0,od9c01060,517.019875,STIS/FUV-MAMA,STAR;AGB STAR;DISK;EMISSION LINE STAR;LONG PERIOD VARIABLE,14713,3,*Emission*
SKY-NEAR-MARS,221.5160909561,-15.02084373733,1150.0,1730.0,odm402010,2714.19875,STIS/FUV-MAMA,PLANET; LYMAN ALPHA EMISSION FROM GEOCORONA AND INTERPLANETARY MEDIUM NEAR MARS,15098,3,*Emission*
V-V645-CEN,217.3846644145,-62.67550646517,1123.0,1710.0,odxa08020,0.0,STIS/FUV-MAMA,STAR;EMISSION LINE STAR;EXTRA-SOLAR PLANETARY SYSTEM;M V-IV,15651,3,*Emission*
V-V645-CEN,217.3846651054,-62.67550653677,1123.0,1710.0,odxa08010,0.0,STIS/FUV-MAMA,STAR;EMISSION LINE STAR;EXTRA-SOLAR PLANETARY SYSTEM;M V-IV,15651,3,*Emission*
V-V645-CEN,217.3846797328,-62.67550802555,1123.0,1710.0,odxa07010,0.0,STIS/FUV-MAMA,STAR;EMISSION LINE STAR;EXTRA-SOLAR PLANETARY SYSTEM;M V-IV,15651,3,*Emission*
V-V645-CEN,217.3846625898,-62.67550627548,1123.0,1710.0,odxa08040,0.0,STIS/FUV-MAMA,STAR;EMISSION LINE STAR;EXTRA-SOLAR PLANETARY SYSTEM;M V-IV,15651,3,*Emission*
V-V645-CEN,217.384677192,-62.67550777069,1123.0,1710.0,odxa07040,0.0,STIS/FUV-MAMA,STAR;EMISSION LINE STAR;EXTRA-SOLAR PLANETARY SYSTEM;M V-IV,15651,3,*Emission*
V-V645-CEN,217.3846790176,-62.67550795397,1123.0,1710.0,odxa07020,0.0,STIS/FUV-MAMA,STAR;EMISSION LINE STAR;EXTRA-SOLAR PLANETARY SYSTEM;M V-IV,15651,3,*Emission*
V-V645-CEN,217.3846635021,-62.67550637042,1123.0,1710.0,odxa08030,0.0,STIS/FUV-MAMA,STAR;EMISSION LINE STAR;EXTRA-SOLAR PLANETARY SYSTEM;M V-IV,15651,3,*Emission*
V-V645-CEN,217.3846781048,-62.67550786243,1123.0,1710.0,odxa07030,0.0,STIS/FUV-MAMA,STAR;EMISSION LINE STAR;EXTRA-SOLAR PLANETARY SYSTEM;M V-IV,15651,3,*Emission*
V-V645-CEN,217.3845403276,-62.67549171384,1123.0,1710.0,odxa09040,0.0,STIS/FUV-MAMA,STAR;EMISSION LINE STAR;EXTRA-SOLAR PLANETARY SYSTEM;M V-IV,15651,3,*Emission*
V-V645-CEN,217.3846207045,-62.67550169822,1123.0,1710.0,odxa10040,0.0,STIS/FUV-MAMA,STAR;EMISSION LINE STAR;EXTRA-SOLAR PLANETARY SYSTEM;M V-IV,15651,3,*Emission*
V-V645-CEN,217.3846230815,-62.67550196944,1123.0,1710.0,odxa10010,0.0,STIS/FUV-MAMA,STAR;EMISSION LINE STAR;EXTRA-SOLAR PLANETARY SYSTEM;M V-IV,15651,3,*Emission*
V-V645-CEN,217.3846216112,-62.67550180184,1123.0,1710.0,odxa10030,0.0,STIS/FUV-MAMA,STAR;EMISSION LINE STAR;EXTRA-SOLAR PLANETARY SYSTEM;M V-IV,15651,3,*Emission*
V-V645-CEN,217.3846225185,-62.67550190532,1123.0,1710.0,odxa10020,0.0,STIS/FUV-MAMA,STAR;EMISSION LINE STAR;EXTRA-SOLAR PLANETARY SYSTEM;M V-IV,15651,3,*Emission*
V-V645-CEN,217.3845421378,-62.67549195614,1123.0,1710.0,odxa09020,0.0,STIS/FUV-MAMA,STAR;EMISSION LINE STAR;EXTRA-SOLAR PLANETARY SYSTEM;M V-IV,15651,3,*Emission*
V-V645-CEN,217.3845412326,-62.67549183509,1123.0,1710.0,odxa09030,0.0,STIS/FUV-MAMA,STAR;EMISSION LINE STAR;EXTRA-SOLAR PLANETARY SYSTEM;M V-IV,15651,3,*Emission*
1-ALF-HER,258.6618556776,14.39060643035,3020.0,5610.0,ofno01enq,0.3,STIS/CCD,STAR;AGB STAR;CIRCUMSTELLAR MATTER;EMISSION LINE STAR;M V-IV,18065,1,*Emission*
1-ALF-HER,258.6618556778,14.39060643019,3020.0,5610.0,ofno01emq,0.3,STIS/CCD,STAR;AGB STAR;CIRCUMSTELLAR MATTER;EMISSION LINE STAR;M V-IV,18065,1,*Emission*
1-ALF-HER,258.6618556702,14.39060643961,3020.0,5610.0,ofno02fdq,0.3,STIS/CCD,STAR;AGB STAR;CIRCUMSTELLAR MATTER;EMISSION LINE STAR;M V-IV,18065,1,*Emission*
1-ALF-HER,258.6618556703,14.39060643945,3020.0,5610.0,ofno02fcq,0.3,STIS/CCD,STAR;AGB STAR;CIRCUMSTELLAR MATTER;EMISSION LINE STAR;M V-IV,18065,1,*Emission*
MRK71-A-POS2,112.177751322,69.18945164363,1150.0,1730.0,oecn10020,3066.0,STIS/FUV-MAMA,EXT-MEDIUM;EMISSION LINE NEBULA;HII REGION;KNOT;STAR FORMING REGION,16261,3,*Emission*
MRK71-A-POS2,112.1779833333,69.18946388889,1150.0,1730.0,oecn10010,2384.0,STIS/FUV-MAMA,EXT-MEDIUM;EMISSION LINE NEBULA;HII REGION;KNOT;STAR FORMING REGION,16261,3,*Emission*
WOLF-359,164.0960678109,6.997894275742,1123.0,1710.0,oeud03030,2723.1765,STIS/FUV-MAMA,STAR;EMISSION LINE STAR;IRREGULAR VARIABLE;M V-IV,16933,3,*Emission*
HD92406,159.69687602,-58.72565791454,1123.0,1710.0,oeyea1010,0.0,STIS/FUV-MAMA,STAR;B6-B9.5 V-IV;BE;EMISSION LINE STAR;SDB,17182,3,*Emission*
HD157042,260.816923849,-47.46831221264,1123.0,1710.0,of1811010,0.0,STIS/FUV-MAMA,STAR;B0-B2 V-IV;BE;EMISSION LINE STAR;INTERACTING BINARY,17095,3,*Emission*
V-V645-CEN,217.3847336508,-62.67551306323,1123.0,1710.0,odxa03010,2512.18825,STIS/FUV-MAMA,STAR;EMISSION LINE STAR;EXTRA-SOLAR PLANETARY SYSTEM;M V-IV,15651,3,*Emission*
ESO338-CLUSTER23,291.99329,-41.575225,1140.0,1740.0,od8u0d030,1456.0,STIS/FUV-MAMA,STELLAR CLUSTER;EMISSION LINE NEBULA;GLOBULAR CLUSTER,14806,3,*Emission*
Y-GEM,115.2854884193,20.4289446456,1150.0,1730.0,od9c01050,517.02,STIS/FUV-MAMA,STAR;AGB STAR;DISK;EMISSION LINE STAR;LONG PERIOD VARIABLE,14713,3,*Emission*
-ALF-SCO,247.3518326656,-26.43214707194,1140.0,1700.0,oedz04030,2692.0,STIS/FUV-MAMA,STAR;CIRCUMSTELLAR MATTER;EMISSION LINE STAR;M III-I,16256,3,*Emission*
HD191612,302.3692091667,35.73369166667,1123.0,1710.0,obil04010,1500.0,STIS/FUV-MAMA,STAR;CIRCUMSTELLAR MATTER;DISK;EMISSION LINE STAR;OF;WIND,12179,3,*Emission*
HD5980,14.86054166667,-72.16508333333,1123.0,1710.0,o55q06070,3236.0,STIS/FUV-MAMA,EXT-STAR;WOLF RAYET - WN;LUMINOUS BLUE VARIABLE;INTERACTING BINARY;EMISSION LINE STAR,7480,3,*Emission*
HD157042,260.8169263894,-47.46831056377,1123.0,1710.0,of1812010,1962.0,STIS/FUV-MAMA,STAR;B0-B2 V-IV;BE;EMISSION LINE STAR;INTERACTING BINARY,17095,3,*Emission*
V-V645-CEN,217.3846082007,-62.67550024882,1123.0,1710.0,odxa11030,3079.198875,STIS/FUV-MAMA,STAR;EMISSION LINE STAR;EXTRA-SOLAR PLANETARY SYSTEM;M V-IV,15651,3,*Emission*
BD+20D2465,154.9012450848,19.86990670564,1123.0,1710.0,o61s02030,2700.169375,STIS/FUV-MAMA,STAR;M V-IV;EMISSION LINE STAR;CORONA,8613,3,*Emission*
Y-GEM,115.2854877295,20.4289434767,1150.0,1730.0,od9c02050,278.672375,STIS/FUV-MAMA,STAR;AGB STAR;DISK;EMISSION LINE STAR;LONG PERIOD VARIABLE,14713,3,*Emission*
SN1987A-STIS3,83.86681458333,-69.26977777778,1150.0,1730.0,odad01040,3230.0,STIS/FUV-MAMA,EXT-MEDIUM;EJECTA;EMISSION LINE NEBULA;SNR,14753,3,*Emission*
ST2-53,84.02657083333,-69.19654444444,1123.0,1710.0,od7m06010,2800.0,STIS/FUV-MAMA,EXT-STAR;EMISSION LINE STAR;OF;SUPERGIANT O;WIND,14683,3,*Emission*
MKN36,166.2434166667,29.13783333333,1150.0,1730.0,o6er07020,1004.0,STIS/FUV-MAMA,GALAXY;STARBURST;STAR FORMING REGION;EMISSION LINE NEBULA;;EXT-CLUSTER;OPEN CLUSTER;OB ASSOCIATION;KNOT;STAR FORMING REGION;EMIS,9036,3,*Emission*
V-AK-SCO,253.6868266201,-36.88861139746,1150.0,1730.0,oca602050,860.184375,STIS/FUV-MAMA,STAR;EMISSION LINE STAR;INTERACTING BINARY;PRE-MAIN SEQUENCE STAR;T TAURI STAR,13372,3,*Emission*
Y-GEM,115.2854669632,20.42892957315,1150.0,1730.0,od9c02060,247.946,STIS/FUV-MAMA,STAR;AGB STAR;DISK;EMISSION LINE STAR;LONG PERIOD VARIABLE,14713,3,*Emission*
WOLF-359,164.0960741545,6.997901207316,1123.0,1710.0,oeud01030,2723.166,STIS/FUV-MAMA,STAR;EMISSION LINE STAR;IRREGULAR VARIABLE;M V-IV,16933,3,*Emission*
HD-157832,261.9783712922,-47.02623122665,1123.0,1710.0,of1815010,1870.0,STIS/FUV-MAMA,STAR;B0-B2 V-IV;BE;EMISSION LINE STAR;INTERACTING BINARY,17095,3,*Emission*
HD157042,260.8169252346,-47.46831161756,1123.0,1710.0,of1810010,1962.0,STIS/FUV-MAMA,STAR;B0-B2 V-IV;BE;EMISSION LINE STAR;INTERACTING BINARY,17095,3,*Emission*
-ALF-SCO,247.3518283947,-26.43214886012,1140.0,1700.0,oedz07020,2743.0,STIS/FUV-MAMA,STAR;CIRCUMSTELLAR MATTER;EMISSION LINE STAR;M III-I,16256,3,*Emission*
V-V645-CEN,217.3846087461,-62.67550031283,1123.0,1710.0,odxa11020,3079.19325,STIS/FUV-MAMA,STAR;EMISSION LINE STAR;EXTRA-SOLAR PLANETARY SYSTEM;M V-IV,15651,3,*Emission*
V-V645-CEN,217.3845539287,-62.67549351461,1123.0,1710.0,odxa02040,3079.18675,STIS/FUV-MAMA,STAR;EMISSION LINE STAR;EXTRA-SOLAR PLANETARY SYSTEM;M V-IV,15651,3,*Emission*
V-V645-CEN,217.3846076553,-62.67550018473,1123.0,1710.0,odxa11040,3079.1915,STIS/FUV-MAMA,STAR;EMISSION LINE STAR;EXTRA-SOLAR PLANETARY SYSTEM;M V-IV,15651,3,*Emission*
V-V645-CEN,217.3847610329,-62.67551535032,1123.0,1710.0,odxa01010,2512.128625,STIS/FUV-MAMA,STAR;EMISSION LINE STAR;EXTRA-SOLAR PLANETARY SYSTEM;M V-IV,15651,3,*Emission*
HD117970,203.5756043087,-25.38009701634,1123.0,1710.0,o61o07010,2136.0,STIS/FUV-MAMA,STAR;SYMBIOTIC STAR;INTERACTING BINARY;EMISSION LINE STAR,8712,3,*Emission*
HD208816,329.1630812999,63.62554495211,1140.0,1700.0,o65p020b0,1560.0,STIS/FUV-MAMA,STAR;COMPOSITE SPECTRAL TYPE;M III-I;EMISSION LINE STAR,8779,3,*Emission*
HD208816,329.1630209935,63.62556349892,1123.0,1710.0,o5dn020d0,1200.0,STIS/FUV-MAMA,STAR;COMPOSITE SPECTRAL TYPE;M III-I;EMISSION LINE STAR,8257,3,*Emission*
HEN-S35,81.82432916667,-66.36823333333,1123.0,1710.0,od9a10010,4320.195625,STIS/FUV-MAMA,EXT-STAR;DISK;EMISSION LINE STAR;WIND,14712,3,*Emission*
HD5980,14.86054166667,-72.16508333333,1123.0,1710.0,o55q04070,3236.0,STIS/FUV-MAMA,EXT-STAR;WOLF RAYET - WN;LUMINOUS BLUE VARIABLE;INTERACTING BINARY;EMISSION LINE STAR,7480,3,*Emission*
-ALF-SCO,247.3518283939,-26.43214886113,1140.0,1700.0,oedz07030,2692.0,STIS/FUV-MAMA,STAR;CIRCUMSTELLAR MATTER;EMISSION LINE STAR;M III-I,16256,3,*Emission*
MRK71-A-POS2,112.177751322,69.18945164363,1150.0,1730.0,oecn08020,3066.0,STIS/FUV-MAMA,EXT-MEDIUM;EMISSION LINE NEBULA;HII REGION;KNOT;STAR FORMING REGION,16261,3,*Emission*
MRK71-A-POS2,112.1775193109,69.18943939806,1150.0,1730.0,oecn08030,3066.0,STIS/FUV-MAMA,EXT-MEDIUM;EMISSION LINE NEBULA;HII REGION;KNOT;STAR FORMING REGION,16261,3,*Emission*
HD117970,203.5756047623,-25.38009749175,1123.0,1710.0,o61o01010,2136.0,STIS/FUV-MAMA,STAR;SYMBIOTIC STAR;INTERACTING BINARY;EMISSION LINE STAR,8712,3,*Emission*
HD208816,329.1630812999,63.62554495205,1140.0,1700.0,o65p020c0,1200.0,STIS/FUV-MAMA,STAR;COMPOSITE SPECTRAL TYPE;M III-I;EMISSION LINE STAR,8779,3,*Emission*
HD208816,329.1630209935,63.62556349894,1140.0,1700.0,o5dn020c0,1200.0,STIS/FUV-MAMA,STAR;COMPOSITE SPECTRAL TYPE;M III-I;EMISSION LINE STAR,8257,3,*Emission*
HD92406,159.6968809693,-58.72565758314,1123.0,1710.0,oeyea2010,1100.0,STIS/FUV-MAMA,STAR;B6-B9.5 V-IV;BE;EMISSION LINE STAR;SDB,17182,3,*Emission*
V-V645-CEN,217.3845428745,-62.67549205452,1123.0,1710.0,odxa09010,2512.126875,STIS/FUV-MAMA,STAR;EMISSION LINE STAR;EXTRA-SOLAR PLANETARY SYSTEM;M V-IV,15651,3,*Emission*
BD+20D2465,154.9012451771,19.86990668799,1123.0,1710.0,o61s02020,2700.17525,STIS/FUV-MAMA,STAR;M V-IV;EMISSION LINE STAR;CORONA,8613,3,*Emission*
HD208816,329.1630809034,63.62554353771,1140.0,1700.0,o6c3020c0,1200.0,STIS/FUV-MAMA,STAR;COMPOSITE SPECTRAL TYPE;M III-I;EMISSION LINE STAR,9231,3,*Emission*
HD208816,329.1630809034,63.62554353765,1123.0,1710.0,o6c3020d0,1200.0,STIS/FUV-MAMA,STAR;COMPOSITE SPECTRAL TYPE;M III-I;EMISSION LINE STAR,9231,3,*Emission*
ESO338-CLUSTER23,291.99329,-41.575225,1150.0,1730.0,od8u0a060,880.0,STIS/FUV-MAMA,STELLAR CLUSTER;EMISSION LINE NEBULA;GLOBULAR CLUSTER,14806,3,*Emission*
HD-157832,261.9783722248,-47.02623106376,1123.0,1710.0,of1814010,1870.0,STIS/FUV-MAMA,STAR;B0-B2 V-IV;BE;EMISSION LINE STAR;INTERACTING BINARY,17095,3,*Emission*
V-V645-CEN,217.3840679249,-62.67539873413,1123.0,1710.0,odxa13040,3079.19175,STIS/FUV-MAMA,STAR;EMISSION LINE STAR;EXTRA-SOLAR PLANETARY SYSTEM;M V-IV,15651,3,*Emission*
NGC4214,183.914375,36.32633333333,1150.0,1730.0,o6er10020,1544.0,STIS/FUV-MAMA,GALAXY;STARBURST;STAR FORMING REGION;EMISSION LINE NEBULA;;EXT-CLUSTER;OPEN CLUSTER;OB ASSOCIATION;KNOT;STAR FORMING REGION;EMIS,9036,3,*Emission*
NGC4861,194.7510416667,34.84669444444,1150.0,1730.0,o6er14020,1450.0,STIS/FUV-MAMA,GALAXY;STARBURST;STAR FORMING REGION;EMISSION LINE NEBULA;;EXT-CLUSTER;OPEN CLUSTER;OB ASSOCIATION;KNOT;STAR FORMING REGION;EMIS,9036,3,*Emission*
HD117970,203.575604598,-25.38009732252,1123.0,1710.0,o61o03010,2136.0,STIS/FUV-MAMA,STAR;SYMBIOTIC STAR;INTERACTING BINARY;EMISSION LINE STAR,8712,3,*Emission*
BD+20D2465,154.9012462866,19.86990647446,1123.0,1710.0,o61s01050,2700.170375,STIS/FUV-MAMA,STAR;M V-IV;EMISSION LINE STAR;CORONA,8613,3,*Emission*
-ALF-SCO,247.3518337697,-26.43214629572,1140.0,1700.0,oedz02030,2692.0,STIS/FUV-MAMA,STAR;CIRCUMSTELLAR MATTER;EMISSION LINE STAR;M III-I,16256,3,*Emission*
MRK71-A-POS2,112.177751322,69.18945164363,1150.0,1730.0,oecn09020,3066.0,STIS/FUV-MAMA,EXT-MEDIUM;EMISSION LINE NEBULA;HII REGION;KNOT;STAR FORMING REGION,16261,3,*Emission*
AAOMEGA-30DOR-142,83.5258375,-69.41928611111,1123.0,1710.0,od7m04020,3300.0,STIS/FUV-MAMA,EXT-STAR;EMISSION LINE STAR;OF;SUPERGIANT O;WIND,14683,3,*Emission*
WOLF-359,164.0960744356,6.997901506323,1123.0,1710.0,oeud01010,2271.032375,STIS/FUV-MAMA,STAR;EMISSION LINE STAR;IRREGULAR VARIABLE;M V-IV,16933,3,*Emission*
NGC3351,160.9906666667,11.70358333333,1150.0,1730.0,o6er06020,2840.0,STIS/FUV-MAMA,GALAXY;STARBURST;STAR FORMING REGION;EMISSION LINE NEBULA;;EXT-CLUSTER;OPEN CLUSTER;OB ASSOCIATION;KNOT;STAR FORMING REGION;EMIS,9036,3,*Emission*
V-AK-SCO,253.6868266196,-36.8886113988,1150.0,1730.0,oca602090,860.196875,STIS/FUV-MAMA,STAR;EMISSION LINE STAR;INTERACTING BINARY;PRE-MAIN SEQUENCE STAR;T TAURI STAR,13372,3,*Emission*
FARINA82,85.01925,-69.66405555556,1123.0,1710.0,od7m07030,3300.0,STIS/FUV-MAMA,EXT-STAR;EMISSION LINE STAR;OF;SUPERGIANT O;WIND,14683,3,*Emission*
HD152478,254.036742582,-50.67485375722,1123.0,1710.0,of1807010,1929.0,STIS/FUV-MAMA,STAR;B3-B5 V-IV;BE;EMISSION LINE STAR;INTERACTING BINARY,17095,3,*Emission*
HD117970,203.5756044531,-25.38009717076,1123.0,1710.0,o61o05010,2136.0,STIS/FUV-MAMA,STAR;SYMBIOTIC STAR;INTERACTING BINARY;EMISSION LINE STAR,8712,3,*Emission*
-ALF-SCO,247.3518337706,-26.43214629443,1140.0,1700.0,oedz02020,2743.0,STIS/FUV-MAMA,STAR;CIRCUMSTELLAR MATTER;EMISSION LINE STAR;M III-I,16256,3,*Emission*
WOLF-359,164.0960743015,6.99790136371,1123.0,1710.0,oeud01020,2723.105375,STIS/FUV-MAMA,STAR;EMISSION LINE STAR;IRREGULAR VARIABLE;M V-IV,16933,3,*Emission*
-ALF-SCO,247.3518283953,-26.4321488593,1140.0,1700.0,oedz07010,1678.0,STIS/FUV-MAMA,STAR;CIRCUMSTELLAR MATTER;EMISSION LINE STAR;M III-I,16256,3,*Emission*
NGC5996,236.7452916667,17.8845,1150.0,1730.0,o6er66020,2879.0,STIS/FUV-MAMA,GALAXY;STARBURST;STAR FORMING REGION;EMISSION LINE NEBULA;;EXT-CLUSTER;OPEN CLUSTER;OB ASSOCIATION;KNOT;STAR FORMING REGION;EMIS,9036,3,*Emission*
SN1987A-STIS,83.867125,-69.26968055556,1150.0,1730.0,o91o76040,1500.0,STIS/FUV-MAMA,EXT-MEDIUM;SNR;HOTSPOT;EMISSION LINE NEBULA,10263,3,*Emission*
NGC1741,75.40679166667,-4.259055555556,1150.0,1730.0,o6er01030,2880.0,STIS/FUV-MAMA,GALAXY;STARBURST;STAR FORMING REGION;EMISSION LINE NEBULA;;EXT-CLUSTER;OPEN CLUSTER;OB ASSOCIATION;KNOT;STAR FORMING REGION;EMIS,9036,3,*Emission*
NGC3125,151.6387083333,-29.9355,1150.0,1730.0,o6er03030,2925.0,STIS/FUV-MAMA,GALAXY;STARBURST;STAR FORMING REGION;EMISSION LINE NEBULA;;EXT-CLUSTER;OPEN CLUSTER;OB ASSOCIATION;KNOT;STAR FORMING REGION;EMIS,9036,3,*Emission*
ESO-213-7-PB6-NEBULA,153.3166208333,-50.33309166667,1150.0,1730.0,obrz23010,2428.0,STIS/FUV-MAMA,ISM;EJECTA;EMISSION LINE NEBULA;PLANETARY NEBULA,12600,3,*Emission*
2DFL-51-50,82.7834375,-68.61518333333,1123.0,1710.0,od7m08010,2800.0,STIS/FUV-MAMA,EXT-STAR;EMISSION LINE STAR;OF;SUPERGIANT O;WIND,14683,3,*Emission*
AAOMEGA-30DOR-142,83.5258375,-69.41928611111,1123.0,1710.0,od7m04030,3300.0,STIS/FUV-MAMA,EXT-STAR;EMISSION LINE STAR;OF;SUPERGIANT O;WIND,14683,3,*Emission*
ELS2006-N11-020,74.20967083333,-66.51772222222,1123.0,1710.0,od7m05020,3300.0,STIS/FUV-MAMA,EXT-STAR;EMISSION LINE STAR;OF;SUPERGIANT O;WIND,14683,3,*Emission*
GJ551,217.4280775649,-62.67956108798,1123.0,1710.0,o5eo02010,4200.102875,STIS/FUV-MAMA,STAR;M V-IV;IRREGULAR VARIABLE;EMISSION LINE STAR,8040,3,*Emission*
BD+20D2465,154.9012452601,19.86990667209,1123.0,1710.0,o61s02010,2200.187125,STIS/FUV-MAMA,STAR;M V-IV;EMISSION LINE STAR;CORONA,8613,3,*Emission*
NGC5996,236.7452916667,17.8845,1150.0,1730.0,o6er66030,2879.0,STIS/FUV-MAMA,GALAXY;STARBURST;STAR FORMING REGION;EMISSION LINE NEBULA;;EXT-CLUSTER;OPEN CLUSTER;OB ASSOCIATION;KNOT;STAR FORMING REGION;EMIS,9036,3,*Emission*
V-V645-CEN,217.3846092012,-62.6755003662,1123.0,1710.0,odxa11010,2512.189125,STIS/FUV-MAMA,STAR;EMISSION LINE STAR;EXTRA-SOLAR PLANETARY SYSTEM;M V-IV,15651,3,*Emission*
GJ551,217.4280768414,-62.67956099664,1123.0,1710.0,o5eo02020,5460.145125,STIS/FUV-MAMA,STAR;M V-IV;IRREGULAR VARIABLE;EMISSION LINE STAR,8040,3,*Emission*
HD113120,195.7719993828,-71.47575764758,1123.0,1710.0,of1803010,2192.0,STIS/FUV-MAMA,STAR;B0-B2 V-IV;BE;EMISSION LINE STAR;INTERACTING BINARY,17095,3,*Emission*
V-V645-CEN,217.3845548418,-62.67549363389,1123.0,1710.0,odxa02030,3079.17525,STIS/FUV-MAMA,STAR;EMISSION LINE STAR;EXTRA-SOLAR PLANETARY SYSTEM;M V-IV,15651,3,*Emission*
V-V645-CEN,217.3840922189,-62.67540513657,1123.0,1710.0,odxa12010,2512.178875,STIS/FUV-MAMA,STAR;EMISSION LINE STAR;EXTRA-SOLAR PLANETARY SYSTEM;M V-IV,15651,3,*Emission*
BD+20D2465,154.9012422362,19.8699072423,1123.0,1710.0,o61s04050,2700.184875,STIS/FUV-MAMA,STAR;M V-IV;EMISSION LINE STAR;CORONA,8613,3,*Emission*
HD117970,203.5756045265,-25.38009724801,1123.0,1710.0,o61o04010,2136.0,STIS/FUV-MAMA,STAR;SYMBIOTIC STAR;INTERACTING BINARY;EMISSION LINE STAR,8712,3,*Emission*
HD208816,329.1630812969,63.62554563979,1123.0,1710.0,o65p010b0,1200.0,STIS/FUV-MAMA,STAR;COMPOSITE SPECTRAL TYPE;M III-I;EMISSION LINE STAR,8779,3,*Emission*
NGC1741,75.40679166667,-4.259055555556,1150.0,1730.0,o6er01020,2880.0,STIS/FUV-MAMA,GALAXY;STARBURST;STAR FORMING REGION;EMISSION LINE NEBULA;;EXT-CLUSTER;OPEN CLUSTER;OB ASSOCIATION;KNOT;STAR FORMING REGION;EMIS,9036,3,*Emission*
WOLF-359,164.0960699471,6.997896649628,1123.0,1710.0,oeud02030,2723.1715,STIS/FUV-MAMA,STAR;EMISSION LINE STAR;IRREGULAR VARIABLE;M V-IV,16933,3,*Emission*
V-V645-CEN,217.38399164,-62.67537722964,1123.0,1710.0,odxa60020,3079.1535,STIS/FUV-MAMA,STAR;EMISSION LINE STAR;EXTRA-SOLAR PLANETARY SYSTEM;M V-IV,15651,3,*Emission*
V-V645-CEN,217.3839909289,-62.67537701858,1123.0,1710.0,odxa60030,3079.188625,STIS/FUV-MAMA,STAR;EMISSION LINE STAR;EXTRA-SOLAR PLANETARY SYSTEM;M V-IV,15651,3,*Emission*
BD+20D2465,154.9012437034,19.8699069679,1123.0,1710.0,o61s03040,2700.188125,STIS/FUV-MAMA,STAR;M V-IV;EMISSION LINE STAR;CORONA,8613,3,*Emission*
BD+20D2465,154.9012423276,19.86990722532,1123.0,1710.0,o61s04040,2700.15525,STIS/FUV-MAMA,STAR;M V-IV;EMISSION LINE STAR;CORONA,8613,3,*Emission*
HD191612,302.3692091667,35.73369166667,1123.0,1710.0,obil01010,1500.0,STIS/FUV-MAMA,STAR;CIRCUMSTELLAR MATTER;DISK;EMISSION LINE STAR;OF;WIND,12179,3,*Emission*
V-AG-DRA,240.4208066079,66.80279594733,1123.0,1710.0,oc6001010,9400.0,STIS/FUV-MAMA,STAR;EMISSION LINE STAR;K III-I;SYMBIOTIC STAR,13107,3,*Emission*
SN1987A-STIS3,83.86681458333,-69.26977777778,1150.0,1730.0,odad01020,2396.0,STIS/FUV-MAMA,EXT-MEDIUM;EJECTA;EMISSION LINE NEBULA;SNR,14753,3,*Emission*
RMC-4,11.7292125,-73.14285277778,1123.0,1710.0,od9a13010,4230.19875,STIS/FUV-MAMA,EXT-STAR;B0-B2 III-I;DISK;EMISSION LINE STAR;WIND,14712,3,*Emission*
V-AK-SCO,253.686826736,-36.88861108939,1150.0,1730.0,oca601010,1191.185125,STIS/FUV-MAMA,STAR;EMISSION LINE STAR;INTERACTING BINARY;PRE-MAIN SEQUENCE STAR;T TAURI STAR,13372,3,*Emission*
V-AK-SCO,253.6868266199,-36.88861139795,1150.0,1730.0,oca602070,600.199125,STIS/FUV-MAMA,STAR;EMISSION LINE STAR;INTERACTING BINARY;PRE-MAIN SEQUENCE STAR;T TAURI STAR,13372,3,*Emission*
HD108,1.51410875,63.67965555556,1123.0,1710.0,obil05010,700.0,STIS/FUV-MAMA,STAR;CIRCUMSTELLAR MATTER;DISK;EMISSION LINE STAR;OF;WIND,12179,3,*Emission*
BD+20D2465,154.9012465645,19.8699064206,1123.0,1710.0,o61s01020,2700.190375,STIS/FUV-MAMA,STAR;M V-IV;EMISSION LINE STAR;CORONA,8613,3,*Emission*
V1343-AQL,287.9566666667,4.98275,1150.0,1730.0,o5ax01010,1944.0,STIS/FUV-MAMA,STAR;INTERACTING BINARY;EMISSION LINE STAR,8308,3,*Emission*
V-V645-CEN,217.3845802806,-62.67549687447,1123.0,1710.0,odxa05040,3079.195375,STIS/FUV-MAMA,STAR;EMISSION LINE STAR;EXTRA-SOLAR PLANETARY SYSTEM;M V-IV,15651,3,*Emission*
V-V645-CEN,217.3840915274,-62.67540495716,1123.0,1710.0,odxa12020,3079.13975,STIS/FUV-MAMA,STAR;EMISSION LINE STAR;EXTRA-SOLAR PLANETARY SYSTEM;M V-IV,15651,3,*Emission*
HD137387,232.8784467011,-73.38971125396,1123.0,1710.0,of1805010,2200.0,STIS/FUV-MAMA,STAR;B0-B2 V-IV;BE;EMISSION LINE STAR;INTERACTING BINARY,17095,3,*Emission*
HD113120,195.7719962788,-71.47575759113,1123.0,1710.0,of1801010,2192.0,STIS/FUV-MAMA,STAR;B0-B2 V-IV;BE;EMISSION LINE STAR;INTERACTING BINARY,17095,3,*Emission*
-ALF-SCO,247.3518326679,-26.43214707089,1140.0,1700.0,oedz04020,2743.0,STIS/FUV-MAMA,STAR;CIRCUMSTELLAR MATTER;EMISSION LINE STAR;M III-I,16256,3,*Emission*
FARINA82,85.01925,-69.66405555556,1123.0,1710.0,od7m07020,3300.0,STIS/FUV-MAMA,EXT-STAR;EMISSION LINE STAR;OF;SUPERGIANT O;WIND,14683,3,*Emission*
V-V645-CEN,217.3840701086,-62.67539931806,1123.0,1710.0,odxa13010,2512.180375,STIS/FUV-MAMA,STAR;EMISSION LINE STAR;EXTRA-SOLAR PLANETARY SYSTEM;M V-IV,15651,3,*Emission*
GJ551,217.4280907904,-62.67956273498,1123.0,1710.0,o5eo01010,4200.1505,STIS/FUV-MAMA,STAR;M V-IV;IRREGULAR VARIABLE;EMISSION LINE STAR,8040,3,*Emission*
V-V645-CEN,217.3847602338,-62.67551528616,1123.0,1710.0,odxa01020,3079.1805,STIS/FUV-MAMA,STAR;EMISSION LINE STAR;EXTRA-SOLAR PLANETARY SYSTEM;M V-IV,15651,3,*Emission*
-ALF-SCO,247.3518337714,-26.43214629339,1140.0,1700.0,oedz02010,1678.0,STIS/FUV-MAMA,STAR;CIRCUMSTELLAR MATTER;EMISSION LINE STAR;M III-I,16256,3,*Emission*
HE2-10,129.0630416667,-26.40936111111,1150.0,1730.0,o6er52020,2866.0,STIS/FUV-MAMA,GALAXY;STARBURST;STAR FORMING REGION;EMISSION LINE NEBULA;;EXT-CLUSTER;OPEN CLUSTER;OB ASSOCIATION;KNOT;STAR FORMING REGION;EMIS,9036,3,*Emission*
Y-GEM,115.2855091574,20.42895858661,1150.0,1730.0,od9c01020,347.01975,STIS/FUV-MAMA,STAR;AGB STAR;DISK;EMISSION LINE STAR;LONG PERIOD VARIABLE,14713,3,*Emission*
AAOMEGA-30DOR-142,83.5258375,-69.41928611111,1123.0,1710.0,od7m04010,2800.0,STIS/FUV-MAMA,EXT-STAR;EMISSION LINE STAR;OF;SUPERGIANT O;WIND,14683,3,*Emission*
SNR-NGC4449,187.045625,44.1135,1150.0,1730.0,obpn01020,2800.0,STIS/FUV-MAMA,ISM;EMISSION LINE NEBULA;SNR,12462,3,*Emission*
V-V645-CEN,217.3847182699,-62.67551169836,1123.0,1710.0,odxa04040,3079.173375,STIS/FUV-MAMA,STAR;EMISSION LINE STAR;EXTRA-SOLAR PLANETARY SYSTEM;M V-IV,15651,3,*Emission*
SNR-NGC4449,187.045625,44.1135,1150.0,1730.0,obpn02020,2800.0,STIS/FUV-MAMA,ISM;EMISSION LINE NEBULA;SNR,12462,3,*Emission*
V-V645-CEN,217.3846890606,-62.67550894772,1123.0,1710.0,odxa06040,3079.19225,STIS/FUV-MAMA,STAR;EMISSION LINE STAR;EXTRA-SOLAR PLANETARY SYSTEM;M V-IV,15651,3,*Emission*
ESO338-CLUSTER23,291.99329,-41.575225,1150.0,1730.0,od8u0d060,880.0,STIS/FUV-MAMA,STELLAR CLUSTER;EMISSION LINE NEBULA;GLOBULAR CLUSTER,14806,3,*Emission*
HD100546,173.355978609,-70.1947763824,1140.0,1700.0,o5c902060,985.0,STIS/FUV-MAMA,STAR;B6-B9.5 V-IV;EMISSION LINE STAR,8300,3,*Emission*
SNR-NGC4449,187.045625,44.1135,1150.0,1730.0,obpn01010,2100.0,STIS/FUV-MAMA,ISM;EMISSION LINE NEBULA;SNR,12462,3,*Emission*
NGC-6537-NEBOFFSET,271.3047041667,-19.84295,1150.0,1730.0,obrz31010,2304.0,STIS/FUV-MAMA,ISM;EJECTA;EMISSION LINE NEBULA;PLANETARY NEBULA,12600,3,*Emission*
HD5980,14.86054166667,-72.16508333333,1123.0,1710.0,o55q02070,3236.0,STIS/FUV-MAMA,EXT-STAR;WOLF RAYET - WN;LUMINOUS BLUE VARIABLE;INTERACTING BINARY;EMISSION LINE STAR,7480,3,*Emission*
WOLF-359,164.0960700905,6.997896807502,1123.0,1710.0,oeud02020,2723.121625,STIS/FUV-MAMA,STAR;EMISSION LINE STAR;IRREGULAR VARIABLE;M V-IV,16933,3,*Emission*
HD208816,329.1630209466,63.6255644067,1123.0,1710.0,o5dn010d0,1200.0,STIS/FUV-MAMA,STAR;COMPOSITE SPECTRAL TYPE;M III-I;EMISSION LINE STAR,8257,3,*Emission*
V-AK-SCO,253.6868266205,-36.88861139641,1150.0,1730.0,oca602030,600.190375,STIS/FUV-MAMA,STAR;EMISSION LINE STAR;INTERACTING BINARY;PRE-MAIN SEQUENCE STAR;T TAURI STAR,13372,3,*Emission*
SNR-NGC4449,187.045625,44.1135,1150.0,1730.0,obpn01030,2800.0,STIS/FUV-MAMA,ISM;EMISSION LINE NEBULA;SNR,12462,3,*Emission*
NGC-5882-NEBOFFSET,229.20807375,-45.64921944444,1150.0,1730.0,obrz11010,2328.0,STIS/FUV-MAMA,ISM;EJECTA;EMISSION LINE NEBULA;PLANETARY NEBULA,12600,3,*Emission*
HD137387,232.8784453546,-73.3897110069,1123.0,1710.0,of1804010,2200.0,STIS/FUV-MAMA,STAR;B0-B2 V-IV;BE;EMISSION LINE STAR;INTERACTING BINARY,17095,3,*Emission*
V-AK-SCO,253.6868266208,-36.88861139566,1150.0,1730.0,oca602010,1191.198375,STIS/FUV-MAMA,STAR;EMISSION LINE STAR;INTERACTING BINARY;PRE-MAIN SEQUENCE STAR;T TAURI STAR,13372,3,*Emission*
HD191612,302.3692091667,35.73369166667,1123.0,1710.0,obil02010,1500.0,STIS/FUV-MAMA,STAR;CIRCUMSTELLAR MATTER;DISK;EMISSION LINE STAR;OF;WIND,12179,3,*Emission*
HD117970,203.5756042344,-25.38009693544,1123.0,1710.0,o61o08010,2136.0,STIS/FUV-MAMA,STAR;SYMBIOTIC STAR;INTERACTING BINARY;EMISSION LINE STAR,8712,3,*Emission*
HD208816,329.1630809035,63.62554353779,1140.0,1700.0,o6c3020b0,1560.0,STIS/FUV-MAMA,STAR;COMPOSITE SPECTRAL TYPE;M III-I;EMISSION LINE STAR,9231,3,*Emission*
V-V645-CEN,217.3847584106,-62.67551513921,1123.0,1710.0,odxa01040,3079.190875,STIS/FUV-MAMA,STAR;EMISSION LINE STAR;EXTRA-SOLAR PLANETARY SYSTEM;M V-IV,15651,3,*Emission*
2DFL-51-50,82.7834375,-68.61518333333,1123.0,1710.0,od7m08020,3300.0,STIS/FUV-MAMA,EXT-STAR;EMISSION LINE STAR;OF;SUPERGIANT O;WIND,14683,3,*Emission*
NGC-6778-NEBOFFSET,289.6039125,-1.596502777778,1150.0,1730.0,obrz20010,2274.0,STIS/FUV-MAMA,ISM;EJECTA;EMISSION LINE NEBULA;PLANETARY NEBULA,12600,3,*Emission*
HD5980,14.86054166667,-72.16508333333,1123.0,1710.0,o55q05070,3236.0,STIS/FUV-MAMA,EXT-STAR;WOLF RAYET - WN;LUMINOUS BLUE VARIABLE;INTERACTING BINARY;EMISSION LINE STAR,7480,3,*Emission*
HD117970,203.5756046733,-25.38009740039,1123.0,1710.0,o61o02010,2136.0,STIS/FUV-MAMA,STAR;SYMBIOTIC STAR;INTERACTING BINARY;EMISSION LINE STAR,8712,3,*Emission*
-ALF-SCO,247.3518286854,-26.43214860417,1140.0,1700.0,oedz06010,1678.0,STIS/FUV-MAMA,STAR;CIRCUMSTELLAR MATTER;EMISSION LINE STAR;M III-I,16256,3,*Emission*
-ALF-SCO,247.351828684,-26.43214860511,1140.0,1700.0,oedz06020,2743.0,STIS/FUV-MAMA,STAR;CIRCUMSTELLAR MATTER;EMISSION LINE STAR;M III-I,16256,3,*Emission*
NGC4449,187.0402916667,44.08772222222,1150.0,1730.0,o6er12020,1020.0,STIS/FUV-MAMA,GALAXY;STARBURST;STAR FORMING REGION;EMISSION LINE NEBULA;;EXT-CLUSTER;OPEN CLUSTER;OB ASSOCIATION;KNOT;STAR FORMING REGION;EMIS,9036,3,*Emission*
NGC6764,287.068375,50.93313888889,1150.0,1730.0,o6er17030,3113.0,STIS/FUV-MAMA,GALAXY;STARBURST;STAR FORMING REGION;EMISSION LINE NEBULA;;EXT-CLUSTER;OPEN CLUSTER;OB ASSOCIATION;KNOT;STAR FORMING REGION;EMIS,9036,3,*Emission*
NGC6764,287.068375,50.93313888889,1150.0,1730.0,o6er17050,3113.0,STIS/FUV-MAMA,GALAXY;STARBURST;STAR FORMING REGION;EMISSION LINE NEBULA;;EXT-CLUSTER;OPEN CLUSTER;OB ASSOCIATION;KNOT;STAR FORMING REGION;EMIS,9036,3,*Emission*
HE2-10,129.0630416667,-26.40936111111,1150.0,1730.0,o6er52010,2220.0,STIS/FUV-MAMA,GALAXY;STARBURST;STAR FORMING REGION;EMISSION LINE NEBULA;;EXT-CLUSTER;OPEN CLUSTER;OB ASSOCIATION;KNOT;STAR FORMING REGION;EMIS,9036,3,*Emission*
HD4768,12.61630890982,59.67174635953,1140.0,1700.0,odgn03010,4250.0,STIS/FUV-MAMA,STAR;B6-B9.5 III-I;EMISSION LINE STAR,15104,3,*Emission*
V-AK-SCO,253.6868266194,-36.88861139929,1150.0,1730.0,oca6020b0,600.18875,STIS/FUV-MAMA,STAR;EMISSION LINE STAR;INTERACTING BINARY;PRE-MAIN SEQUENCE STAR;T TAURI STAR,13372,3,*Emission*
HD-5980,14.86070291667,-72.164975,1123.0,1710.0,od3g01020,2028.0,STIS/FUV-MAMA,STAR;EMISSION LINE STAR;LUMINOUS BLUE VARIABLE;WIND;WOLF RAYET - WN,14476,3,*Emission*
HD191612,302.3692091667,35.73369166667,1123.0,1710.0,obil03010,1500.0,STIS/FUV-MAMA,STAR;CIRCUMSTELLAR MATTER;DISK;EMISSION LINE STAR;OF;WIND,12179,3,*Emission*
HD137387,232.8784482981,-73.3897104112,1123.0,1710.0,of1806010,2200.0,STIS/FUV-MAMA,STAR;B0-B2 V-IV;BE;EMISSION LINE STAR;INTERACTING BINARY,17095,3,*Emission*
GJ551,217.4280882158,-62.67956241772,1123.0,1710.0,o5eo01040,5460.179375,STIS/FUV-MAMA,STAR;M V-IV;IRREGULAR VARIABLE;EMISSION LINE STAR,8040,3,*Emission*
-ALF-SCO,247.3518286826,-26.43214860604,1140.0,1700.0,oedz06030,2692.0,STIS/FUV-MAMA,STAR;CIRCUMSTELLAR MATTER;EMISSION LINE STAR;M III-I,16256,3,*Emission*
BD+20D2465,154.9012438873,19.86990693321,1123.0,1710.0,o61s03020,2700.18225,STIS/FUV-MAMA,STAR;M V-IV;EMISSION LINE STAR;CORONA,8613,3,*Emission*
BD+20D2465,154.9012425926,19.86990717603,1123.0,1710.0,o61s04010,2200.159375,STIS/FUV-MAMA,STAR;M V-IV;EMISSION LINE STAR;CORONA,8613,3,*Emission*
NGC3351,160.9906666667,11.70358333333,1150.0,1730.0,o6er06030,2840.0,STIS/FUV-MAMA,GALAXY;STARBURST;STAR FORMING REGION;EMISSION LINE NEBULA;;EXT-CLUSTER;OPEN CLUSTER;OB ASSOCIATION;KNOT;STAR FORMING REGION;EMIS,9036,3,*Emission*
MRK71-A-POS2,112.1779833333,69.18946388889,1150.0,1730.0,oecn57010,2384.0,STIS/FUV-MAMA,EXT-MEDIUM;EMISSION LINE NEBULA;HII REGION;KNOT;STAR FORMING REGION,16261,3,*Emission*
V-AK-SCO,253.6868267354,-36.88861109114,1150.0,1730.0,oca601050,860.190375,STIS/FUV-MAMA,STAR;EMISSION LINE STAR;INTERACTING BINARY;PRE-MAIN SEQUENCE STAR;T TAURI STAR,13372,3,*Emission*
SN1987A-STIS3,83.86681458333,-69.26977777778,1150.0,1730.0,odad01030,3230.0,STIS/FUV-MAMA,EXT-MEDIUM;EJECTA;EMISSION LINE NEBULA;SNR,14753,3,*Emission*
V-V645-CEN,217.3847208599,-62.67551193223,1123.0,1710.0,odxa04010,2512.171,STIS/FUV-MAMA,STAR;EMISSION LINE STAR;EXTRA-SOLAR PLANETARY SYSTEM;M V-IV,15651,3,*Emission*
HD203338,319.815304868,58.62354226092,1123.0,1710.0,o5dn040b0,500.0,STIS/FUV-MAMA,STAR;COMPOSITE SPECTRAL TYPE;M III-I;EMISSION LINE STAR,8257,3,*Emission*
V-V645-CEN,217.3845564274,-62.6754938405,1123.0,1710.0,odxa02010,2512.14525,STIS/FUV-MAMA,STAR;EMISSION LINE STAR;EXTRA-SOLAR PLANETARY SYSTEM;M V-IV,15651,3,*Emission*
V-V645-CEN,217.3840686803,-62.67539893633,1123.0,1710.0,odxa13030,3079.178,STIS/FUV-MAMA,STAR;EMISSION LINE STAR;EXTRA-SOLAR PLANETARY SYSTEM;M V-IV,15651,3,*Emission*
HD334041,304.46462,30.96054889559,1140.0,1700.0,odgn07010,2218.0,STIS/FUV-MAMA,STAR;B6-B9.5 V-IV;EMISSION LINE STAR,15104,3,*Emission*
BD+20D2465,154.9012439696,19.86990691765,1123.0,1710.0,o61s03010,2200.174625,STIS/FUV-MAMA,STAR;M V-IV;EMISSION LINE STAR;CORONA,8613,3,*Emission*
ELS2006-N11-020,74.20967083333,-66.51772222222,1123.0,1710.0,od7m05010,2800.0,STIS/FUV-MAMA,EXT-STAR;EMISSION LINE STAR;OF;SUPERGIANT O;WIND,14683,3,*Emission*
V-AK-SCO,253.6868267355,-36.88861109072,1150.0,1730.0,oca601030,600.179375,STIS/FUV-MAMA,STAR;EMISSION LINE STAR;INTERACTING BINARY;PRE-MAIN SEQUENCE STAR;T TAURI STAR,13372,3,*Emission*
HD60414,113.4499091276,-14.52386969099,1123.0,1710.0,o5dn030a0,240.0,STIS/FUV-MAMA,STAR;COMPOSITE SPECTRAL TYPE;M III-I;EMISSION LINE STAR,8257,3,*Emission*
Y-GEM,115.2854884195,20.42894464599,1150.0,1730.0,od9c01010,347.02,STIS/FUV-MAMA,STAR;AGB STAR;DISK;EMISSION LINE STAR;LONG PERIOD VARIABLE,14713,3,*Emission*
V-AK-SCO,253.686826735,-36.88861109221,1150.0,1730.0,oca601070,600.19325,STIS/FUV-MAMA,STAR;EMISSION LINE STAR;INTERACTING BINARY;PRE-MAIN SEQUENCE STAR;T TAURI STAR,13372,3,*Emission*
SNR-NGC4449,187.045625,44.1135,1150.0,1730.0,obpn02030,2800.0,STIS/FUV-MAMA,ISM;EMISSION LINE NEBULA;SNR,12462,3,*Emission*
MRK71-A-POS2,112.1775166199,69.18944704637,1150.0,1730.0,oecn57030,3066.0,STIS/FUV-MAMA,EXT-MEDIUM;EMISSION LINE NEBULA;HII REGION;KNOT;STAR FORMING REGION,16261,3,*Emission*
TOL1924-416,291.9929583333,-41.57494444444,1150.0,1730.0,o6er18020,1020.0,STIS/FUV-MAMA,GALAXY;STARBURST;STAR FORMING REGION;EMISSION LINE NEBULA;;EXT-CLUSTER;OPEN CLUSTER;OB ASSOCIATION;KNOT;STAR FORMING REGION;EMIS,9036,3,*Emission*
HD208816,329.1630209468,63.62556440682,1140.0,1700.0,o5dn010b0,1560.0,STIS/FUV-MAMA,STAR;COMPOSITE SPECTRAL TYPE;M III-I;EMISSION LINE STAR,8257,3,*Emission*
HD-157832,261.9783712473,-47.0262312488,1123.0,1710.0,of1813010,1870.0,STIS/FUV-MAMA,STAR;B0-B2 V-IV;BE;EMISSION LINE STAR;INTERACTING BINARY,17095,3,*Emission*
V-V645-CEN,217.3847310468,-62.67551283621,1123.0,1710.0,odxa03040,3079.18275,STIS/FUV-MAMA,STAR;EMISSION LINE STAR;EXTRA-SOLAR PLANETARY SYSTEM;M V-IV,15651,3,*Emission*
SNR-NGC4449,187.045625,44.1135,1150.0,1730.0,obpn02010,2100.0,STIS/FUV-MAMA,ISM;EMISSION LINE NEBULA;SNR,12462,3,*Emission*
NGC-2440-NEBOFFSET,115.4786458333,-18.20825,1150.0,1730.0,obrz27010,2272.0,STIS/FUV-MAMA,ISM;EJECTA;EMISSION LINE NEBULA;PLANETARY NEBULA,12600,3,*Emission*
IC-2165-NEBOFFSET,95.42822916667,-12.98693333333,1150.0,1730.0,obrz14010,2280.0,STIS/FUV-MAMA,ISM;EJECTA;EMISSION LINE NEBULA;PLANETARY NEBULA,12600,3,*Emission*
SN1987A-STIS3,83.86681458333,-69.26977777778,1150.0,1730.0,ocd606020,975.0,STIS/FUV-MAMA,EXT-MEDIUM;EJECTA;EMISSION LINE NEBULA;SNR,13401,3,*Emission*
HD208816,329.1630209467,63.62556440675,1140.0,1700.0,o5dn010c0,1200.0,STIS/FUV-MAMA,STAR;COMPOSITE SPECTRAL TYPE;M III-I;EMISSION LINE STAR,8257,3,*Emission*
V-V645-CEN,217.3846908868,-62.67550912578,1123.0,1710.0,odxa06020,3079.18325,STIS/FUV-MAMA,STAR;EMISSION LINE STAR;EXTRA-SOLAR PLANETARY SYSTEM;M V-IV,15651,3,*Emission*
V1343-AQL,287.9566666667,4.98275,1150.0,1730.0,o5ax01020,5590.0,STIS/FUV-MAMA,STAR;INTERACTING BINARY;EMISSION LINE STAR,8308,3,*Emission*
HD208816,329.1630813,63.625544952,1123.0,1710.0,o65p020d0,1200.0,STIS/FUV-MAMA,STAR;COMPOSITE SPECTRAL TYPE;M III-I;EMISSION LINE STAR,8779,3,*Emission*
V-V645-CEN,217.3846899737,-62.67550903685,1123.0,1710.0,odxa06030,3079.19125,STIS/FUV-MAMA,STAR;EMISSION LINE STAR;EXTRA-SOLAR PLANETARY SYSTEM;M V-IV,15651,3,*Emission*
MRK71-A-POS2,112.1779833333,69.18946388889,1150.0,1730.0,oecn08010,2384.0,STIS/FUV-MAMA,EXT-MEDIUM;EMISSION LINE NEBULA;HII REGION;KNOT;STAR FORMING REGION,16261,3,*Emission*
V-V645-CEN,217.3847191826,-62.67551178096,1123.0,1710.0,odxa04030,3079.189875,STIS/FUV-MAMA,STAR;EMISSION LINE STAR;EXTRA-SOLAR PLANETARY SYSTEM;M V-IV,15651,3,*Emission*
V-V645-CEN,217.3847593223,-62.6755152128,1123.0,1710.0,odxa01030,3079.185,STIS/FUV-MAMA,STAR;EMISSION LINE STAR;EXTRA-SOLAR PLANETARY SYSTEM;M V-IV,15651,3,*Emission*
NGC7552,349.04425,-42.58488888889,1150.0,1730.0,o6er19030,3000.0,STIS/FUV-MAMA,GALAXY;STARBURST;STAR FORMING REGION;EMISSION LINE NEBULA;;EXT-CLUSTER;OPEN CLUSTER;OB ASSOCIATION;KNOT;STAR FORMING REGION;EMIS,9036,3,*Emission*
HD334041,304.46462,30.96054889541,1140.0,1700.0,odgn07020,2744.0,STIS/FUV-MAMA,STAR;B6-B9.5 V-IV;EMISSION LINE STAR,15104,3,*Emission*
NGC4449,187.0402916667,44.08772222222,1150.0,1730.0,o6er12030,3024.0,STIS/FUV-MAMA,GALAXY;STARBURST;STAR FORMING REGION;EMISSION LINE NEBULA;;EXT-CLUSTER;OPEN CLUSTER;OB ASSOCIATION;KNOT;STAR FORMING REGION;EMIS,9036,3,*Emission*
HD113120,195.7719943645,-71.47575729971,1123.0,1710.0,of1802010,2192.0,STIS/FUV-MAMA,STAR;B0-B2 V-IV;BE;EMISSION LINE STAR;INTERACTING BINARY,17095,3,*Emission*
V-V645-CEN,217.3845557573,-62.67549375326,1123.0,1710.0,odxa02020,3079.176375,STIS/FUV-MAMA,STAR;EMISSION LINE STAR;EXTRA-SOLAR PLANETARY SYSTEM;M V-IV,15651,3,*Emission*
V-V645-CEN,217.3846916126,-62.67550919632,1123.0,1710.0,odxa06010,2512.134875,STIS/FUV-MAMA,STAR;EMISSION LINE STAR;EXTRA-SOLAR PLANETARY SYSTEM;M V-IV,15651,3,*Emission*
V-V645-CEN,217.3840899933,-62.67540455853,1123.0,1710.0,odxa12040,3079.17625,STIS/FUV-MAMA,STAR;EMISSION LINE STAR;EXTRA-SOLAR PLANETARY SYSTEM;M V-IV,15651,3,*Emission*
RY-LUP,239.8682908226,-40.36425140773,1150.0,1730.0,o5b401030,1440.0,STIS/FUV-MAMA,STAR;T TAURI STAR;EMISSION LINE STAR;PROTOPLANETARY DISK,8205,3,*Emission*
HD334041,304.46462,30.96054889522,1140.0,1700.0,odgn07030,2744.0,STIS/FUV-MAMA,STAR;B6-B9.5 V-IV;EMISSION LINE STAR,15104,3,*Emission*
M31-B477-D075-PN,11.28509111209,41.66069212732,1150.0,1730.0,od5w05030,1435.0,STIS/FUV-MAMA,EXT-MEDIUM;EJECTA;EMISSION LINE NEBULA;PLANETARY NEBULA,14794,3,*Emission*
BD+20D2465,154.9012464718,19.86990643857,1123.0,1710.0,o61s01030,2700.186,STIS/FUV-MAMA,STAR;M V-IV;EMISSION LINE STAR;CORONA,8613,3,*Emission*
BD+20D2465,154.901246648,19.8699064044,1123.0,1710.0,o61s01010,2200.195125,STIS/FUV-MAMA,STAR;M V-IV;EMISSION LINE STAR;CORONA,8613,3,*Emission*
WOLF-359,164.0960702214,6.99789695144,1123.0,1710.0,oeud02010,2271.17625,STIS/FUV-MAMA,STAR;EMISSION LINE STAR;IRREGULAR VARIABLE;M V-IV,16933,3,*Emission*
MRK71-A-POS2,112.1777499765,69.18945546779,1150.0,1730.0,oecn57020,3066.0,STIS/FUV-MAMA,EXT-MEDIUM;EMISSION LINE NEBULA;HII REGION;KNOT;STAR FORMING REGION,16261,3,*Emission*
V-V645-CEN,217.3840694361,-62.67539913842,1123.0,1710.0,odxa13020,3079.1785,STIS/FUV-MAMA,STAR;EMISSION LINE STAR;EXTRA-SOLAR PLANETARY SYSTEM;M V-IV,15651,3,*Emission*
V-V645-CEN,217.3839902184,-62.67537680748,1123.0,1710.0,odxa60040,3079.19025,STIS/FUV-MAMA,STAR;EMISSION LINE STAR;EXTRA-SOLAR PLANETARY SYSTEM;M V-IV,15651,3,*Emission*
BD+20D2465,154.9012463792,19.86990645653,1123.0,1710.0,o61s01040,2700.182,STIS/FUV-MAMA,STAR;M V-IV;EMISSION LINE STAR;CORONA,8613,3,*Emission*
NGC5102,200.4894166667,-36.63041666667,1150.0,1730.0,o6er15020,1584.0,STIS/FUV-MAMA,GALAXY;STARBURST;STAR FORMING REGION;EMISSION LINE NEBULA;;EXT-CLUSTER;OPEN CLUSTER;OB ASSOCIATION;KNOT;STAR FORMING REGION;EMIS,9036,3,*Emission*
HD5980,14.86054166667,-72.16508333333,1123.0,1710.0,o55q01070,3236.0,STIS/FUV-MAMA,EXT-STAR;WOLF RAYET - WN;LUMINOUS BLUE VARIABLE;INTERACTING BINARY;EMISSION LINE STAR,7480,3,*Emission*
V-V645-CEN,217.3845821012,-62.67549710032,1123.0,1710.0,odxa05020,3079.17025,STIS/FUV-MAMA,STAR;EMISSION LINE STAR;EXTRA-SOLAR PLANETARY SYSTEM;M V-IV,15651,3,*Emission*
V-V645-CEN,217.3845811907,-62.67549698748,1123.0,1710.0,odxa05030,3079.164625,STIS/FUV-MAMA,STAR;EMISSION LINE STAR;EXTRA-SOLAR PLANETARY SYSTEM;M V-IV,15651,3,*Emission*
TOL1924-416,291.9929583333,-41.57494444444,1150.0,1730.0,o6er18030,3024.0,STIS/FUV-MAMA,GALAXY;STARBURST;STAR FORMING REGION;EMISSION LINE NEBULA;;EXT-CLUSTER;OPEN CLUSTER;OB ASSOCIATION;KNOT;STAR FORMING REGION;EMIS,9036,3,*Emission*
NGC6764,287.068375,50.93313888889,1150.0,1730.0,o6er17040,3113.0,STIS/FUV-MAMA,GALAXY;STARBURST;STAR FORMING REGION;EMISSION LINE NEBULA;;EXT-CLUSTER;OPEN CLUSTER;OB ASSOCIATION;KNOT;STAR FORMING REGION;EMIS,9036,3,*Emission*
-ALF-SCO,247.3518326697,-26.43214707004,1140.0,1700.0,oedz04010,1678.0,STIS/FUV-MAMA,STAR;CIRCUMSTELLAR MATTER;EMISSION LINE STAR;M III-I,16256,3,*Emission*
V-AK-SCO,253.6868266191,-36.88861140015,1150.0,1730.0,oca6020d0,860.198625,STIS/FUV-MAMA,STAR;EMISSION LINE STAR;INTERACTING BINARY;PRE-MAIN SEQUENCE STAR;T TAURI STAR,13372,3,*Emission*
V-V645-CEN,217.3839302958,-62.67535823332,1123.0,1710.0,odxa59010,2058.18725,STIS/FUV-MAMA,STAR;EMISSION LINE STAR;EXTRA-SOLAR PLANETARY SYSTEM;M V-IV,15651,3,*Emission*
RY-LUP,239.8682908237,-40.36425140748,1150.0,1730.0,o5b401010,3284.0,STIS/FUV-MAMA,STAR;T TAURI STAR;EMISSION LINE STAR;PROTOPLANETARY DISK,8205,3,*Emission*
GJ551,217.4280749939,-62.67956076283,1123.0,1710.0,o5eo02040,5460.12875,STIS/FUV-MAMA,STAR;M V-IV;IRREGULAR VARIABLE;EMISSION LINE STAR,8040,3,*Emission*
HD152478,254.0367475199,-50.67485273093,1123.0,1710.0,of1808010,1929.0,STIS/FUV-MAMA,STAR;B3-B5 V-IV;BE;EMISSION LINE STAR;INTERACTING BINARY,17095,3,*Emission*
NGC4670,191.3226666667,27.1255,1150.0,1730.0,o6er13020,1470.0,STIS/FUV-MAMA,GALAXY;STARBURST;STAR FORMING REGION;EMISSION LINE NEBULA;;EXT-CLUSTER;OPEN CLUSTER;OB ASSOCIATION;KNOT;STAR FORMING REGION;EMIS,9036,3,*Emission*
M31-B477-D075-PN,11.28495388795,41.66065287264,1150.0,1730.0,od5w05040,1435.0,STIS/FUV-MAMA,EXT-MEDIUM;EJECTA;EMISSION LINE NEBULA;PLANETARY NEBULA,14794,3,*Emission*
V-V645-CEN,217.3847319592,-62.67551291595,1123.0,1710.0,odxa03030,3079.190125,STIS/FUV-MAMA,STAR;EMISSION LINE STAR;EXTRA-SOLAR PLANETARY SYSTEM;M V-IV,15651,3,*Emission*
HD208816,329.1630209935,63.62556349897,1140.0,1700.0,o5dn020b0,1560.0,STIS/FUV-MAMA,STAR;COMPOSITE SPECTRAL TYPE;M III-I;EMISSION LINE STAR,8257,3,*Emission*
V-V645-CEN,217.3839300299,-62.67535814736,1123.0,1710.0,odxa59020,2626.178375,STIS/FUV-MAMA,STAR;EMISSION LINE STAR;EXTRA-SOLAR PLANETARY SYSTEM;M V-IV,15651,3,*Emission*
V-V645-CEN,217.3839922841,-62.67537742063,1123.0,1710.0,odxa60010,2512.15625,STIS/FUV-MAMA,STAR;EMISSION LINE STAR;EXTRA-SOLAR PLANETARY SYSTEM;M V-IV,15651,3,*Emission*
WOLF-359,164.0960680817,6.997894578972,1123.0,1710.0,oeud03010,2271.154875,STIS/FUV-MAMA,STAR;EMISSION LINE STAR;IRREGULAR VARIABLE;M V-IV,16933,3,*Emission*
GJ551,217.4280891408,-62.67956253189,1123.0,1710.0,o5eo01030,5460.180375,STIS/FUV-MAMA,STAR;M V-IV;IRREGULAR VARIABLE;EMISSION LINE STAR,8040,3,*Emission*
NGC3125,151.6387083333,-29.9355,1150.0,1730.0,o6er03020,1050.0,STIS/FUV-MAMA,GALAXY;STARBURST;STAR FORMING REGION;EMISSION LINE NEBULA;;EXT-CLUSTER;OPEN CLUSTER;OB ASSOCIATION;KNOT;STAR FORMING REGION;EMIS,9036,3,*Emission*
MRK71-A-POS2,112.1775193109,69.18943939806,1150.0,1730.0,oecn09030,3066.0,STIS/FUV-MAMA,EXT-MEDIUM;EMISSION LINE NEBULA;HII REGION;KNOT;STAR FORMING REGION,16261,3,*Emission*
BD+20D2465,154.9012424192,19.86990720831,1123.0,1710.0,o61s04030,2700.18,STIS/FUV-MAMA,STAR;M V-IV;EMISSION LINE STAR;CORONA,8613,3,*Emission*
HD208816,329.1630812217,63.62554467518,1123.0,1710.0,o6c3010b0,1200.0,STIS/FUV-MAMA,STAR;COMPOSITE SPECTRAL TYPE;M III-I;EMISSION LINE STAR,9231,3,*Emission*
HD-5980,14.86070291667,-72.164975,1123.0,1710.0,od3g01010,2837.0,STIS/FUV-MAMA,STAR;EMISSION LINE STAR;LUMINOUS BLUE VARIABLE;WIND;WOLF RAYET - WN,14476,3,*Emission*
V-AK-SCO,253.6868267348,-36.88861109264,1150.0,1730.0,oca601090,860.189375,STIS/FUV-MAMA,STAR;EMISSION LINE STAR;INTERACTING BINARY;PRE-MAIN SEQUENCE STAR;T TAURI STAR,13372,3,*Emission*
FARINA82,85.01925,-69.66405555556,1123.0,1710.0,od7m07010,2800.0,STIS/FUV-MAMA,EXT-STAR;EMISSION LINE STAR;OF;SUPERGIANT O;WIND,14683,3,*Emission*
V-V645-CEN,217.3845826253,-62.67549716518,1123.0,1710.0,odxa05010,2512.139,STIS/FUV-MAMA,STAR;EMISSION LINE STAR;EXTRA-SOLAR PLANETARY SYSTEM;M V-IV,15651,3,*Emission*
NGC7552,349.04425,-42.58488888889,1150.0,1730.0,o6er19020,3000.0,STIS/FUV-MAMA,GALAXY;STARBURST;STAR FORMING REGION;EMISSION LINE NEBULA;;EXT-CLUSTER;OPEN CLUSTER;OB ASSOCIATION;KNOT;STAR FORMING REGION;EMIS,9036,3,*Emission*
WOLF-359,164.0960679525,6.997894434357,1123.0,1710.0,oeud03020,2723.155125,STIS/FUV-MAMA,STAR;EMISSION LINE STAR;IRREGULAR VARIABLE;M V-IV,16933,3,*Emission*
NGC-7662-NEBOFFSET,351.4733333333,42.53347222222,1150.0,1730.0,obrz08010,2296.0,STIS/FUV-MAMA,ISM;EJECTA;EMISSION LINE NEBULA;PLANETARY NEBULA,12600,3,*Emission*
V-V645-CEN,217.3847328717,-62.67551299549,1123.0,1710.0,odxa03020,3079.138875,STIS/FUV-MAMA,STAR;EMISSION LINE STAR;EXTRA-SOLAR PLANETARY SYSTEM;M V-IV,15651,3,*Emission*
ESO338-CLUSTER23,291.99329,-41.575225,1140.0,1740.0,od8u0a030,1456.0,STIS/FUV-MAMA,STELLAR CLUSTER;EMISSION LINE NEBULA;GLOBULAR CLUSTER,14806,3,*Emission*
MKN36,166.2434166667,29.13783333333,1150.0,1730.0,o6er07030,2879.0,STIS/FUV-MAMA,GALAXY;STARBURST;STAR FORMING REGION;EMISSION LINE NEBULA;;EXT-CLUSTER;OPEN CLUSTER;OB ASSOCIATION;KNOT;STAR FORMING REGION;EMIS,9036,3,*Emission*
V-V645-CEN,217.3840907601,-62.6754047579,1123.0,1710.0,odxa12030,3079.194125,STIS/FUV-MAMA,STAR;EMISSION LINE STAR;EXTRA-SOLAR PLANETARY SYSTEM;M V-IV,15651,3,*Emission*
V-V645-CEN,217.3847200953,-62.67551186336,1123.0,1710.0,odxa04020,3079.188125,STIS/FUV-MAMA,STAR;EMISSION LINE STAR;EXTRA-SOLAR PLANETARY SYSTEM;M V-IV,15651,3,*Emission*
GJ551,217.4280900659,-62.67956264586,1123.0,1710.0,o5eo01020,5460.166375,STIS/FUV-MAMA,STAR;M V-IV;IRREGULAR VARIABLE;EMISSION LINE STAR,8040,3,*Emission*
NGC-5315-NEBOFFSET,208.4874166667,-66.51405555556,1150.0,1730.0,obrz17010,2660.0,STIS/FUV-MAMA,ISM;EJECTA;EMISSION LINE NEBULA;PLANETARY NEBULA,12600,3,*Emission*
V-V645-CEN,217.3839296813,-62.6753580346,1123.0,1710.0,odxa59030,2626.08675,STIS/FUV-MAMA,STAR;EMISSION LINE STAR;EXTRA-SOLAR PLANETARY SYSTEM;M V-IV,15651,3,*Emission*
HD152478,254.0367460401,-50.67485339822,1123.0,1710.0,of1809010,1929.0,STIS/FUV-MAMA,STAR;B3-B5 V-IV;BE;EMISSION LINE STAR;INTERACTING BINARY,17095,3,*Emission*
MRK71-A-POS2,112.1779833333,69.18946388889,1150.0,1730.0,oecn09010,2384.0,STIS/FUV-MAMA,EXT-MEDIUM;EMISSION LINE NEBULA;HII REGION;KNOT;STAR FORMING REGION,16261,3,*Emission*
TYC-8216-799-1,178.1375433121,-45.51314168122,1123.0,1710.0,ofgx13010,1289.200125,STIS/FUV-MAMA,STAR;EMISSION LINE STAR,17754,3,*Emission*
TYC-8216-799-1,178.1375433118,-45.51314168124,1123.0,1710.0,ofgx13020,2601.1995,STIS/FUV-MAMA,STAR;EMISSION LINE STAR,17754,3,*Emission*
HD100546,173.3559763577,-70.19477596658,1620.0,3150.0,o5c901050,985.0,STIS/NUV-MAMA,STAR;B6-B9.5 V-IV;EMISSION LINE STAR,8300,3,*Emission*
HD100546,173.3559763582,-70.19477596789,1620.0,3150.0,o5c901030,492.0,STIS/NUV-MAMA,STAR;B6-B9.5 V-IV;EMISSION LINE STAR,8300,3,*Emission*
HD100546,173.3559763583,-70.19477596815,1620.0,3150.0,o5c901020,372.0,STIS/NUV-MAMA,STAR;B6-B9.5 V-IV;EMISSION LINE STAR,8300,3,*Emission*
HD100546,173.3559763584,-70.19477596842,1620.0,3150.0,o5c901010,372.0,STIS/NUV-MAMA,STAR;B6-B9.5 V-IV;EMISSION LINE STAR,8300,3,*Emission*
HD100546,173.3559763578,-70.19477596682,1620.0,3150.0,o5c901040,310.0,STIS/NUV-MAMA,STAR;B6-B9.5 V-IV;EMISSION LINE STAR,8300,3,*Emission*
HD100546,173.355976357,-70.19477596472,1620.0,3150.0,o5c901070,310.0,STIS/NUV-MAMA,STAR;B6-B9.5 V-IV;EMISSION LINE STAR,8300,3,*Emission*
HD100546,173.3559763562,-70.19477596263,1620.0,3150.0,o5c901090,372.0,STIS/NUV-MAMA,STAR;B6-B9.5 V-IV;EMISSION LINE STAR,8300,3,*Emission*
HD100546,173.3559763561,-70.19477596237,1620.0,3150.0,o5c9010a0,624.0,STIS/NUV-MAMA,STAR;B6-B9.5 V-IV;EMISSION LINE STAR,8300,3,*Emission*
HD60414,113.4499091279,-14.52386969098,1620.0,3150.0,o5dn03050,138.0,STIS/NUV-MAMA,STAR;COMPOSITE SPECTRAL TYPE;M III-I;EMISSION LINE STAR,8257,3,*Emission*
LMC-SMP-48,80.040375,-69.89397222222,1570.0,3180.0,o6cn15tvq,1080.0,STIS/NUV-MAMA,EXT-MEDIUM;PLANETARY NEBULA;EMISSION LINE NEBULA,9120,2,*Emission*
LMC-SMP-79,83.5365,-74.33516666667,1570.0,3180.0,o6cn19fzq,1440.0,STIS/NUV-MAMA,EXT-MEDIUM;PLANETARY NEBULA;EMISSION LINE NEBULA,9120,2,*Emission*
HD208816,329.1630809038,63.625543538,1620.0,3150.0,o6c302060,420.0,STIS/NUV-MAMA,STAR;COMPOSITE SPECTRAL TYPE;M III-I;EMISSION LINE STAR,9231,3,*Emission*
HD208816,329.1630809038,63.62554353797,1620.0,3150.0,o6c302070,480.0,STIS/NUV-MAMA,STAR;COMPOSITE SPECTRAL TYPE;M III-I;EMISSION LINE STAR,9231,3,*Emission*
HD208816,329.1630809037,63.62554353793,1620.0,3150.0,o6c302080,600.0,STIS/NUV-MAMA,STAR;COMPOSITE SPECTRAL TYPE;M III-I;EMISSION LINE STAR,9231,3,*Emission*
HD208816,329.1630806014,63.62554239091,1620.0,3150.0,o6c312040,660.0,STIS/NUV-MAMA,STAR;COMPOSITE SPECTRAL TYPE;M III-I;EMISSION LINE STAR,9231,3,*Emission*
HD208816,329.1630806014,63.62554239086,1620.0,3150.0,o6c312050,540.0,STIS/NUV-MAMA,STAR;COMPOSITE SPECTRAL TYPE;M III-I;EMISSION LINE STAR,9231,3,*Emission*
HD208816,329.1630809036,63.62554353785,1605.0,3110.0,o6c3020a0,960.0,STIS/NUV-MAMA,STAR;COMPOSITE SPECTRAL TYPE;M III-I;EMISSION LINE STAR,9231,3,*Emission*
HD208816,329.1630806014,63.62554239082,1620.0,3150.0,o6c312060,480.0,STIS/NUV-MAMA,STAR;COMPOSITE SPECTRAL TYPE;M III-I;EMISSION LINE STAR,9231,3,*Emission*
HD208816,329.1630812221,63.62554467538,1620.0,3150.0,o6c301050,540.0,STIS/NUV-MAMA,STAR;COMPOSITE SPECTRAL TYPE;M III-I;EMISSION LINE STAR,9231,3,*Emission*
LMC-SMP-10,72.78708333333,-68.81827777778,1570.0,3180.0,o6cn04gdq,1320.196625,STIS/NUV-MAMA,EXT-MEDIUM;PLANETARY NEBULA;EMISSION LINE NEBULA,9120,2,*Emission*
LMC-J-41,81.539625,-69.01622222222,1570.0,3180.0,o6cn01ngq,1320.199,STIS/NUV-MAMA,EXT-MEDIUM;PLANETARY NEBULA;EMISSION LINE NEBULA,9120,2,*Emission*
LMC-SMP-16,75.50795833333,-69.81511111111,1570.0,3180.0,o6cn05o0q,1320.1985,STIS/NUV-MAMA,EXT-MEDIUM;PLANETARY NEBULA;EMISSION LINE NEBULA,9120,2,*Emission*
LMC-SMP-46,79.87383333333,-68.85252777778,1570.0,3180.0,o6cn14wfq,1320.1975,STIS/NUV-MAMA,EXT-MEDIUM;PLANETARY NEBULA;EMISSION LINE NEBULA,9120,2,*Emission*
LMC-SMP-18,75.92766666667,-70.11327777778,1570.0,3180.0,o6cn06o6q,1320.199625,STIS/NUV-MAMA,EXT-MEDIUM;PLANETARY NEBULA;EMISSION LINE NEBULA,9120,2,*Emission*
LMC-SMP-34,77.57158333333,-68.80638888889,1570.0,3180.0,o6cn12y0q,1320.19975,STIS/NUV-MAMA,EXT-MEDIUM;PLANETARY NEBULA;EMISSION LINE NEBULA,9120,2,*Emission*
HD208816,329.1630809037,63.62554353789,1620.0,3150.0,o6c302090,750.0,STIS/NUV-MAMA,STAR;COMPOSITE SPECTRAL TYPE;M III-I;EMISSION LINE STAR,9231,3,*Emission*
HD208816,329.1630806013,63.62554239078,1620.0,3150.0,o6c312070,540.0,STIS/NUV-MAMA,STAR;COMPOSITE SPECTRAL TYPE;M III-I;EMISSION LINE STAR,9231,3,*Emission*
HD208816,329.1630806013,63.62554239074,1620.0,3150.0,o6c312080,660.0,STIS/NUV-MAMA,STAR;COMPOSITE SPECTRAL TYPE;M III-I;EMISSION LINE STAR,9231,3,*Emission*
HD208816,329.1630806012,63.62554239062,1605.0,3110.0,o6c3120a0,1000.0,STIS/NUV-MAMA,STAR;COMPOSITE SPECTRAL TYPE;M III-I;EMISSION LINE STAR,9231,3,*Emission*
HD208816,329.1630806012,63.62554239069,1620.0,3150.0,o6c312090,960.0,STIS/NUV-MAMA,STAR;COMPOSITE SPECTRAL TYPE;M III-I;EMISSION LINE STAR,9231,3,*Emission*
LMC-SMP-81,83.83716666667,-73.92502777778,1570.0,3180.0,o6cn21n7q,1440.0,STIS/NUV-MAMA,EXT-MEDIUM;PLANETARY NEBULA;EMISSION LINE NEBULA,9120,2,*Emission*
LMC-SMP-45,79.836375,-66.96875,1570.0,3180.0,o6cn13r9q,1320.198875,STIS/NUV-MAMA,EXT-MEDIUM;PLANETARY NEBULA;EMISSION LINE NEBULA,9120,2,*Emission*
LMC-SMP-93,87.41166666667,-69.16669444444,1570.0,3180.0,o6cn22q2q,2880.195,STIS/NUV-MAMA,EXT-MEDIUM;PLANETARY NEBULA;EMISSION LINE NEBULA,9120,2,*Emission*
LMC-SMP-71,82.63841666667,-70.744,1570.0,3180.0,o6cn17wmq,1320.1995,STIS/NUV-MAMA,EXT-MEDIUM;PLANETARY NEBULA;EMISSION LINE NEBULA,9120,2,*Emission*
LMC-SMP-95,90.43875,-67.93555555556,1570.0,3180.0,o6cn23lbq,1320.2,STIS/NUV-MAMA,EXT-MEDIUM;PLANETARY NEBULA;EMISSION LINE NEBULA,9120,2,*Emission*
LMC-SMP-80,83.66195833333,-70.33247222222,1570.0,3180.0,o6cn20ags,1320.199,STIS/NUV-MAMA,EXT-MEDIUM;PLANETARY NEBULA;EMISSION LINE NEBULA,9120,2,*Emission*
LMC-SMP-72,82.69095833333,-70.83772222222,1570.0,3180.0,o6cn18adq,1320.199625,STIS/NUV-MAMA,EXT-MEDIUM;PLANETARY NEBULA;EMISSION LINE NEBULA,9120,2,*Emission*
LMC-SMP-102,97.38720833333,-68.05913888889,1570.0,3180.0,o6cn24l0q,1320.19775,STIS/NUV-MAMA,EXT-MEDIUM;PLANETARY NEBULA;EMISSION LINE NEBULA,9120,2,*Emission*
LMC-SMP-28,76.99004166667,-68.86305555556,1570.0,3180.0,o6cn10l5q,2964.0,STIS/NUV-MAMA,EXT-MEDIUM;PLANETARY NEBULA;EMISSION LINE NEBULA,9120,2,*Emission*
LMC-SMP-30,77.29420833333,-66.89408333333,1570.0,3180.0,o6cn11vlq,1320.198125,STIS/NUV-MAMA,EXT-MEDIUM;PLANETARY NEBULA;EMISSION LINE NEBULA,9120,2,*Emission*
LMC-SMP-25,76.6,-69.05533333333,1570.0,3180.0,o6cn08pqq,1320.199625,STIS/NUV-MAMA,EXT-MEDIUM;PLANETARY NEBULA;EMISSION LINE NEBULA,9120,2,*Emission*
LMC-SMP-59,81.11429166667,-70.37352777778,1570.0,3180.0,o6cn16l2q,2956.201,STIS/NUV-MAMA,EXT-MEDIUM;PLANETARY NEBULA;EMISSION LINE NEBULA,9120,2,*Emission*
LMC-SMP-27,76.97875,-66.96280555556,1570.0,3180.0,o6cn09u5q,1320.199,STIS/NUV-MAMA,EXT-MEDIUM;PLANETARY NEBULA;EMISSION LINE NEBULA,9120,2,*Emission*
LMC-SMP-19,75.92208333333,-70.23155555556,1570.0,3180.0,o6cn07ocq,1320.2,STIS/NUV-MAMA,EXT-MEDIUM;PLANETARY NEBULA;EMISSION LINE NEBULA,9120,2,*Emission*
LMC-SMP-9,72.60295833333,-68.22138888889,1570.0,3180.0,o6cn03ceq,2880.19525,STIS/NUV-MAMA,EXT-MEDIUM;PLANETARY NEBULA;EMISSION LINE NEBULA,9120,2,*Emission*
LMC-SMP-4,70.83958333333,-71.50263888889,1570.0,3180.0,o6cn02ncq,1440.0,STIS/NUV-MAMA,EXT-MEDIUM;PLANETARY NEBULA;EMISSION LINE NEBULA,9120,2,*Emission*
NGC6764,287.068375,50.93313888889,1570.0,3180.0,o6er17010,2567.0,STIS/NUV-MAMA,GALAXY;STARBURST;STAR FORMING REGION;EMISSION LINE NEBULA;;EXT-CLUSTER;OPEN CLUSTER;OB ASSOCIATION;KNOT;STAR FORMING REGION;EMIS,9036,3,*Emission*
NGC5996,236.7452916667,17.8845,1570.0,3180.0,o6er16010,2280.0,STIS/NUV-MAMA,GALAXY;STARBURST;STAR FORMING REGION;EMISSION LINE NEBULA;;EXT-CLUSTER;OPEN CLUSTER;OB ASSOCIATION;KNOT;STAR FORMING REGION;EMIS,9036,3,*Emission*
NGC3690,172.1284583333,58.56183333333,1570.0,3180.0,o6er09010,86.65601,STIS/NUV-MAMA,GALAXY;STARBURST;STAR FORMING REGION;EMISSION LINE NEBULA;;EXT-CLUSTER;OPEN CLUSTER;OB ASSOCIATION;KNOT;STAR FORMING REGION;EMIS,9036,3,*Emission*
NGC3310,159.688625,53.50127777778,1570.0,3180.0,o6er05010,2344.0,STIS/NUV-MAMA,GALAXY;STARBURST;STAR FORMING REGION;EMISSION LINE NEBULA;;EXT-CLUSTER;OPEN CLUSTER;OB ASSOCIATION;KNOT;STAR FORMING REGION;EMIS,9036,3,*Emission*
LMC-SN1987A-HOTSPOTS-52X2,83.86668136723,-69.2694410781,1570.0,3180.0,o6mi50060,900.0,STIS/NUV-MAMA,EXT-MEDIUM;SNR;HOTSPOT;EMISSION LINE NEBULA,9428,3,*Emission*
LMC-SN1987A-HOTSPOTS-52X2,83.8670784392,-69.26943176754,1570.0,3180.0,o6mi50070,900.0,STIS/NUV-MAMA,EXT-MEDIUM;SNR;HOTSPOT;EMISSION LINE NEBULA,9428,3,*Emission*
LMC-SN1987A-HOTSPOTS-52X2,83.86677448082,-69.26993865435,1570.0,3180.0,o6mi50030,661.0,STIS/NUV-MAMA,EXT-MEDIUM;SNR;HOTSPOT;EMISSION LINE NEBULA,9428,3,*Emission*
LMC-SN1987A-HOTSPOTS-52X2,83.86747551083,-69.26942245606,1570.0,3180.0,o6mi50080,900.0,STIS/NUV-MAMA,EXT-MEDIUM;SNR;HOTSPOT;EMISSION LINE NEBULA,9428,3,*Emission*
LMC-SN1987A-HOTSPOTS-52X2,83.86756864257,-69.26992003188,1570.0,3180.0,o6mi50050,661.0,STIS/NUV-MAMA,EXT-MEDIUM;SNR;HOTSPOT;EMISSION LINE NEBULA,9428,3,*Emission*
LMC-SN1987A-HOTSPOTS-52X2,83.86717156186,-69.26992934357,1570.0,3180.0,o6mi50040,661.0,STIS/NUV-MAMA,EXT-MEDIUM;SNR;HOTSPOT;EMISSION LINE NEBULA,9428,3,*Emission*
LMC-SN1987A-HOTSPOTS-52X2,83.8672765444,-69.26942712201,1570.0,3180.0,o6mi500a0,900.0,STIS/NUV-MAMA,EXT-MEDIUM;SNR;HOTSPOT;EMISSION LINE NEBULA,9428,3,*Emission*
LMC-SN1987A-HOTSPOTS-52X2,83.86688033392,-69.26943641284,1570.0,3180.0,o6mi50090,900.0,STIS/NUV-MAMA,EXT-MEDIUM;SNR;HOTSPOT;EMISSION LINE NEBULA,9428,3,*Emission*
THA15-28,242.1238980109,-39.05311115853,1605.0,3110.0,o8nz44040,2900.0,STIS/NUV-MAMA,STAR;EMISSION LINE NEBULA;JET;YSO;T TAURI STAR,9807,3,*Emission*
THA15-28,242.1236853226,-39.05308884137,1605.0,3110.0,o8nz44010,2360.0,STIS/NUV-MAMA,STAR;EMISSION LINE NEBULA;JET;YSO;T TAURI STAR,9807,3,*Emission*
DG-TAU,66.76955746829,26.10460951005,1605.0,3110.0,o8nz11020,2670.0,STIS/NUV-MAMA,STAR;T TAURI STAR;YSO;JET;EMISSION LINE NEBULA,9807,3,*Emission*
DG-TAU,66.76955746829,26.10460951005,1605.0,3110.0,o8nz11010,2130.0,STIS/NUV-MAMA,STAR;T TAURI STAR;YSO;JET;EMISSION LINE NEBULA,9807,3,*Emission*
THA15-28,242.1236853226,-39.05308884137,1605.0,3110.0,o8nz44020,2900.0,STIS/NUV-MAMA,STAR;EMISSION LINE NEBULA;JET;YSO;T TAURI STAR,9807,3,*Emission*
THA15-28,242.1238980109,-39.05311115853,1605.0,3110.0,o8nz44030,2900.0,STIS/NUV-MAMA,STAR;EMISSION LINE NEBULA;JET;YSO;T TAURI STAR,9807,3,*Emission*
SN-1987A-HOTSPOTS-52X2,83.86707782602,-69.26943178201,1570.0,3180.0,ob7ia30b0,287.0,STIS/NUV-MAMA,EXT-MEDIUM;EMISSION LINE NEBULA;SNR,11653,3,*Emission*
SN-1987A-HOTSPOTS-52X2,83.86668077715,-69.2694412152,1570.0,3180.0,ob7ia30d0,287.0,STIS/NUV-MAMA,EXT-MEDIUM;EMISSION LINE NEBULA;SNR,11653,3,*Emission*
SN-1987A-HOTSPOTS-52X2,83.86677511712,-69.2699387625,1570.0,3180.0,ob7ia3030,312.0,STIS/NUV-MAMA,EXT-MEDIUM;EMISSION LINE NEBULA;SNR,11653,3,*Emission*
SN-1987A-HOTSPOTS-52X2,83.86677511712,-69.2699387625,1570.0,3180.0,ob7ia3020,312.0,STIS/NUV-MAMA,EXT-MEDIUM;EMISSION LINE NEBULA;SNR,11653,3,*Emission*
SN-1987A-HOTSPOTS-52X2,83.86717217506,-69.2699293291,1570.0,3180.0,ob7ia3050,312.0,STIS/NUV-MAMA,EXT-MEDIUM;EMISSION LINE NEBULA;SNR,11653,3,*Emission*
SN-1987A-HOTSPOTS-52X2,83.86756923266,-69.26991989478,1570.0,3180.0,ob7ia3060,312.0,STIS/NUV-MAMA,EXT-MEDIUM;EMISSION LINE NEBULA;SNR,11653,3,*Emission*
SN-1987A-HOTSPOTS-52X2,83.86756923266,-69.26991989478,1570.0,3180.0,ob7ia3070,312.0,STIS/NUV-MAMA,EXT-MEDIUM;EMISSION LINE NEBULA;SNR,11653,3,*Emission*
SN-1987A-HOTSPOTS-52X2,83.86717217506,-69.2699293291,1570.0,3180.0,ob7ia3040,312.0,STIS/NUV-MAMA,EXT-MEDIUM;EMISSION LINE NEBULA;SNR,11653,3,*Emission*
SN-1987A-HOTSPOTS-52X2,83.86668077715,-69.2694412152,1570.0,3180.0,ob7ia30c0,287.0,STIS/NUV-MAMA,EXT-MEDIUM;EMISSION LINE NEBULA;SNR,11653,3,*Emission*
SN-1987A-HOTSPOTS-52X2,83.86707782602,-69.26943178201,1570.0,3180.0,ob7ia30a0,287.0,STIS/NUV-MAMA,EXT-MEDIUM;EMISSION LINE NEBULA;SNR,11653,3,*Emission*
SN-1987A-HOTSPOTS-52X2,83.86747487455,-69.26942234791,1570.0,3180.0,ob7ia3090,287.0,STIS/NUV-MAMA,EXT-MEDIUM;EMISSION LINE NEBULA;SNR,11653,3,*Emission*
SN-1987A-HOTSPOTS-52X2,83.86747487455,-69.26942234791,1570.0,3180.0,ob7ia3080,312.0,STIS/NUV-MAMA,EXT-MEDIUM;EMISSION LINE NEBULA;SNR,11653,3,*Emission*
SBS0926+606A,142.5268166667,60.44817222222,1570.0,3180.0,obqn19010,2470.0,STIS/NUV-MAMA,GALAXY;DWARF COMPACT;EMISSION LINE NEBULA;MULTIPLE NUCLEI;STAR FORMING REGION;STARBURST,12472,3,*Emission*
ARP252,146.24875,-19.71277777778,1570.0,3180.0,obqn10010,1370.0,STIS/NUV-MAMA,GALAXY;EMISSION LINE NEBULA;INTERACTING GALAXY;SPIRAL;STAR FORMING REGION;STARBURST,12472,3,*Emission*
SBS0926+606A,142.5268166667,60.44817222222,1570.0,3180.0,obqn09020,0.0,STIS/NUV-MAMA,GALAXY;DWARF COMPACT;EMISSION LINE NEBULA;MULTIPLE NUCLEI;STAR FORMING REGION;STARBURST,12472,3,*Emission*
SBS0926+606A,142.5268166667,60.44817222222,1570.0,3180.0,obqn09010,0.0,STIS/NUV-MAMA,GALAXY;DWARF COMPACT;EMISSION LINE NEBULA;MULTIPLE NUCLEI;STAR FORMING REGION;STARBURST,12472,3,*Emission*
MRK1087,72.43525,3.334075,1570.0,3180.0,obqn03010,1315.0,STIS/NUV-MAMA,GALAXY;EMISSION LINE NEBULA;SPIRAL;STAR FORMING REGION;STARBURST,12472,3,*Emission*
NGC-5882-NEBOFFSET,229.20807375,-45.64921944444,1640.0,3100.0,obrz11030,318.0,STIS/NUV-MAMA,ISM;EJECTA;EMISSION LINE NEBULA;PLANETARY NEBULA,12600,3,*Emission*
NGC-3242-NEBOFFSET,156.1921125,-18.64365,1640.0,3100.0,obrz05030,328.0,STIS/NUV-MAMA,ISM;EJECTA;EMISSION LINE NEBULA;PLANETARY NEBULA,12600,3,*Emission*
NGC-6537-NEBOFFSET,271.3047041667,-19.84295,1640.0,3100.0,obrz31030,0.0,STIS/NUV-MAMA,ISM;EJECTA;EMISSION LINE NEBULA;PLANETARY NEBULA,12600,3,*Emission*
NGC-6537-NEBOFFSET,271.3047041667,-19.84295,1570.0,3180.0,obrz31020,0.0,STIS/NUV-MAMA,ISM;EJECTA;EMISSION LINE NEBULA;PLANETARY NEBULA,12600,3,*Emission*
NGC-6537-NEBOFFSET,271.3047041667,-19.84295,1570.0,3180.0,obrz32010,1522.0,STIS/NUV-MAMA,ISM;EJECTA;EMISSION LINE NEBULA;PLANETARY NEBULA,12600,3,*Emission*
NGC-6537-NEBOFFSET,271.3047041667,-19.84295,1640.0,3100.0,obrz32020,222.0,STIS/NUV-MAMA,ISM;EJECTA;EMISSION LINE NEBULA;PLANETARY NEBULA,12600,3,*Emission*
V-AK-SCO,253.6868266193,-36.88861139957,1570.0,3180.0,oca6020c0,60.019875,STIS/NUV-MAMA,STAR;EMISSION LINE STAR;INTERACTING BINARY;PRE-MAIN SEQUENCE STAR;T TAURI STAR,13372,3,*Emission*
V-AK-SCO,253.6868266195,-36.88861139915,1570.0,3180.0,oca6020a0,50.001625,STIS/NUV-MAMA,STAR;EMISSION LINE STAR;INTERACTING BINARY;PRE-MAIN SEQUENCE STAR;T TAURI STAR,13372,3,*Emission*
V-AK-SCO,253.6868266197,-36.88861139865,1570.0,3180.0,oca602080,60.0195,STIS/NUV-MAMA,STAR;EMISSION LINE STAR;INTERACTING BINARY;PRE-MAIN SEQUENCE STAR;T TAURI STAR,13372,3,*Emission*
Y-GEM,115.285509157,20.42895858589,1570.0,3180.0,od9c01080,486.315,STIS/NUV-MAMA,STAR;AGB STAR;DISK;EMISSION LINE STAR;LONG PERIOD VARIABLE,14713,3,*Emission*
Y-GEM,115.2854884191,20.42894464528,1570.0,3180.0,od9c01070,503.59975,STIS/NUV-MAMA,STAR;AGB STAR;DISK;EMISSION LINE STAR;LONG PERIOD VARIABLE,14713,3,*Emission*
J1154+2443,178.7035416667,24.72583888889,1570.0,3180.0,odr602020,0.0,STIS/NUV-MAMA,GALAXY;DWARF COMPACT;EMISSION LINE NEBULA;STARBURST,15433,3,*Emission*
J1154+2443,178.7035416667,24.72583888889,1570.0,3180.0,odr602040,0.0,STIS/NUV-MAMA,GALAXY;DWARF COMPACT;EMISSION LINE NEBULA;STARBURST,15433,3,*Emission*
J1154+2443,178.7035416667,24.72583888889,1570.0,3180.0,odr602010,0.0,STIS/NUV-MAMA,GALAXY;DWARF COMPACT;EMISSION LINE NEBULA;STARBURST,15433,3,*Emission*
J1154+2443,178.7035416667,24.72583888889,1570.0,3180.0,odr602030,0.0,STIS/NUV-MAMA,GALAXY;DWARF COMPACT;EMISSION LINE NEBULA;STARBURST,15433,3,*Emission*
J1256+4509,194.1839583333,45.15472222222,1570.0,3180.0,oe1y10030,0.0,STIS/NUV-MAMA,GALAXY;DWARF COMPACT;EMISSION LINE NEBULA;STAR FORMING REGION;STARBURST,15941,3,*Emission*
J1256+4509,194.1839583333,45.15472222222,1570.0,3180.0,oe1y10020,0.0,STIS/NUV-MAMA,GALAXY;DWARF COMPACT;EMISSION LINE NEBULA;STAR FORMING REGION;STARBURST,15941,3,*Emission*
J0901+2119,135.4400416667,21.32436111111,1570.0,3180.0,oe1y06020,2827.19975,STIS/NUV-MAMA,GALAXY;DWARF COMPACT;EMISSION LINE NEBULA;STAR FORMING REGION;STARBURST,15941,3,*Emission*
J1418+2102,214.7129958333,21.0444,1570.0,3180.0,oeoy10010,0.0,STIS/NUV-MAMA,GALAXY;EMISSION LINE NEBULA;STAR FORMING REGION,16692,3,*Emission*
J1418+2102,214.7129072286,21.04438970539,1570.0,3180.0,oeoy10020,0.0,STIS/NUV-MAMA,GALAXY;EMISSION LINE NEBULA;STAR FORMING REGION,16692,3,*Emission*
HD92406,159.6968760198,-58.72565791456,1605.0,3110.0,oeyeb1010,0.0,STIS/NUV-MAMA,STAR;B6-B9.5 V-IV;BE;EMISSION LINE STAR;SDB,17182,3,*Emission*
J1323-0132,200.9479235905,-1.547727790012,1570.0,3180.0,oeoy08020,912.19975,STIS/NUV-MAMA,GALAXY;EMISSION LINE NEBULA;STAR FORMING REGION,16692,3,*Emission*
J1503+3644,225.9284583333,36.74743055556,1570.0,3180.0,oe1y05010,1782.197,STIS/NUV-MAMA,GALAXY;DWARF COMPACT;EMISSION LINE NEBULA;STAR FORMING REGION;STARBURST,15941,3,*Emission*
NGC-7662-NEBOFFSET,351.4733333333,42.53347222222,1570.0,3180.0,obrz08020,1994.0,STIS/NUV-MAMA,ISM;EJECTA;EMISSION LINE NEBULA;PLANETARY NEBULA,12600,3,*Emission*
-ALF-SCO,247.3518337809,-26.43214628026,1620.0,3150.0,oedz01030,2692.0,STIS/NUV-MAMA,STAR;CIRCUMSTELLAR MATTER;EMISSION LINE STAR;M III-I,16256,3,*Emission*
J1154+2443,178.7035416667,24.72583888889,1570.0,3180.0,odr652030,2558.76875,STIS/NUV-MAMA,GALAXY;DWARF COMPACT;EMISSION LINE NEBULA;STARBURST,15433,3,*Emission*
HD60414,113.4499091277,-14.52386969099,1620.0,3150.0,o5dn03070,300.0,STIS/NUV-MAMA,STAR;COMPOSITE SPECTRAL TYPE;M III-I;EMISSION LINE STAR,8257,3,*Emission*
YZCMI,116.1673689719,3.552380398904,1605.0,3110.0,o59k01020,2400.1975,STIS/NUV-MAMA,STAR;M V-IV;IRREGULAR VARIABLE;EMISSION LINE STAR,8129,3,*Emission*
J1044+0353,161.2407085051,3.886964452694,1570.0,3180.0,oeoy04020,952.199375,STIS/NUV-MAMA,GALAXY;EMISSION LINE NEBULA;STAR FORMING REGION,16692,3,*Emission*
V-AK-SCO,253.686826619,-36.8886114005,1570.0,3180.0,oca6020e0,50.002,STIS/NUV-MAMA,STAR;EMISSION LINE STAR;INTERACTING BINARY;PRE-MAIN SEQUENCE STAR;T TAURI STAR,13372,3,*Emission*
SBS1054+365,164.4458333333,36.26075,1570.0,3180.0,obqn13010,2375.0,STIS/NUV-MAMA,GALAXY;AMORPHOUS IRREGULAR;DWARF COMPACT;EMISSION LINE NEBULA;STAR FORMING REGION;STARBURST,12472,3,*Emission*
J1256+4509,194.1839583333,45.15472222222,1570.0,3180.0,oe1y11020,2757.19925,STIS/NUV-MAMA,GALAXY;DWARF COMPACT;EMISSION LINE NEBULA;STAR FORMING REGION;STARBURST,15941,3,*Emission*
J1248+4259,192.0436666667,42.99822222222,1570.0,3180.0,oe1y09020,2908.198625,STIS/NUV-MAMA,GALAXY;DWARF COMPACT;EMISSION LINE NEBULA;STAR FORMING REGION;STARBURST,15941,3,*Emission*
J1503+3644,225.9284583333,36.74743055556,1570.0,3180.0,oe1y05030,2847.1995,STIS/NUV-MAMA,GALAXY;DWARF COMPACT;EMISSION LINE NEBULA;STAR FORMING REGION;STARBURST,15941,3,*Emission*
J1011+1947,152.9095,19.78913888889,1570.0,3180.0,oe1y07040,2803.199,STIS/NUV-MAMA,GALAXY;DWARF COMPACT;EMISSION LINE NEBULA;STAR FORMING REGION;STARBURST,15941,3,*Emission*
J1152+3400,178.0203333333,34.01385555556,1570.0,3180.0,oe1y02010,1922.19825,STIS/NUV-MAMA,GALAXY;DWARF COMPACT;EMISSION LINE NEBULA;STAR FORMING REGION;STARBURST,15941,3,*Emission*
PK001-06D2,274.0507916667,-30.869,1570.0,3180.0,o65205010,2030.0,STIS/NUV-MAMA,ISM;PLANETARY NEBULA;EMISSION LINE NEBULA,8711,3,*Emission*
NGC4861,194.7510416667,34.84669444444,1570.0,3180.0,o6er14010,480.0,STIS/NUV-MAMA,GALAXY;STARBURST;STAR FORMING REGION;EMISSION LINE NEBULA;;EXT-CLUSTER;OPEN CLUSTER;OB ASSOCIATION;KNOT;STAR FORMING REGION;EMIS,9036,3,*Emission*
HE2-10,129.0630416667,-26.40936111111,1570.0,3180.0,o6er02010,2279.0,STIS/NUV-MAMA,GALAXY;STARBURST;STAR FORMING REGION;EMISSION LINE NEBULA;;EXT-CLUSTER;OPEN CLUSTER;OB ASSOCIATION;KNOT;STAR FORMING REGION;EMIS,9036,3,*Emission*
NGC6764,287.068375,50.93313888889,1570.0,3180.0,o6er17020,3113.0,STIS/NUV-MAMA,GALAXY;STARBURST;STAR FORMING REGION;EMISSION LINE NEBULA;;EXT-CLUSTER;OPEN CLUSTER;OB ASSOCIATION;KNOT;STAR FORMING REGION;EMIS,9036,3,*Emission*
RY-LUP,239.868290823,-40.36425140763,1570.0,3180.0,o5b401020,1200.0,STIS/NUV-MAMA,STAR;T TAURI STAR;EMISSION LINE STAR;PROTOPLANETARY DISK,8205,3,*Emission*
HD203338,319.8153048685,58.62354226105,1620.0,3150.0,o5dn04060,250.0,STIS/NUV-MAMA,STAR;COMPOSITE SPECTRAL TYPE;M III-I;EMISSION LINE STAR,8257,3,*Emission*
HD208816,329.1630209935,63.625563499,1620.0,3150.0,o5dn02090,750.0,STIS/NUV-MAMA,STAR;COMPOSITE SPECTRAL TYPE;M III-I;EMISSION LINE STAR,8257,3,*Emission*
V-AK-SCO,253.6868267352,-36.8886110915,1570.0,3180.0,oca601060,50.001875,STIS/NUV-MAMA,STAR;EMISSION LINE STAR;INTERACTING BINARY;PRE-MAIN SEQUENCE STAR;T TAURI STAR,13372,3,*Emission*
NGC5996,236.7452916667,17.8845,1570.0,3180.0,o6er66010,2273.0,STIS/NUV-MAMA,GALAXY;STARBURST;STAR FORMING REGION;EMISSION LINE NEBULA;;EXT-CLUSTER;OPEN CLUSTER;OB ASSOCIATION;KNOT;STAR FORMING REGION;EMIS,9036,3,*Emission*
J1314+3452,198.6972876056,34.8833230386,1570.0,3180.0,oeoy07020,979.1985,STIS/NUV-MAMA,GALAXY;EMISSION LINE NEBULA;STAR FORMING REGION,16692,3,*Emission*
J1248+4259,192.0436666667,42.99822222222,1570.0,3180.0,oe1y09040,2885.199,STIS/NUV-MAMA,GALAXY;DWARF COMPACT;EMISSION LINE NEBULA;STAR FORMING REGION;STARBURST,15941,3,*Emission*
J1442-0209,220.6307916667,-2.164452777778,1570.0,3180.0,oe1y04030,2789.199375,STIS/NUV-MAMA,GALAXY;DWARF COMPACT;EMISSION LINE NEBULA;STAR FORMING REGION;STARBURST,15941,3,*Emission*
NGC-3242-NEBOFFSET,156.1921125,-18.64365,1570.0,3180.0,obrz05020,1968.0,STIS/NUV-MAMA,ISM;EJECTA;EMISSION LINE NEBULA;PLANETARY NEBULA,12600,3,*Emission*
HD60414,113.4499091276,-14.52386969099,1605.0,3110.0,o5dn03090,240.0,STIS/NUV-MAMA,STAR;COMPOSITE SPECTRAL TYPE;M III-I;EMISSION LINE STAR,8257,3,*Emission*
HD-14434,35.46838009082,56.90498913993,1620.0,3150.0,oedl02010,8420.0,STIS/NUV-MAMA,STAR;EMISSION LINE STAR;MAIN SEQUENCE O,16285,3,*Emission*
J1323-0132,200.948,-1.547761111111,1570.0,3180.0,oeoy08010,912.199125,STIS/NUV-MAMA,GALAXY;EMISSION LINE NEBULA;STAR FORMING REGION,16692,3,*Emission*
J1545+0858,236.4309233237,8.967073645451,1570.0,3180.0,oeoy12020,955.199125,STIS/NUV-MAMA,GALAXY;EMISSION LINE NEBULA;STAR FORMING REGION,16692,3,*Emission*
SBS0218+003,35.22729166667,0.5563888888889,1570.0,3180.0,obqn02020,1565.0,STIS/NUV-MAMA,GALAXY;DWARF COMPACT;EMISSION LINE NEBULA;STAR FORMING REGION;STARBURST,12472,3,*Emission*
J1355+4651,208.8569166667,46.86426111111,1570.0,3180.0,oedp09010,1643.199375,STIS/NUV-MAMA,GALAXY;DWARF COMPACT;EMISSION LINE NEBULA;STARBURST,16213,3,*Emission*
HD203338,319.8153048686,58.62354226107,1620.0,3150.0,o5dn04050,250.0,STIS/NUV-MAMA,STAR;COMPOSITE SPECTRAL TYPE;M III-I;EMISSION LINE STAR,8257,3,*Emission*
YZCMI,116.1673688359,3.552380382269,1605.0,3110.0,o59k01040,2324.139875,STIS/NUV-MAMA,STAR;M V-IV;IRREGULAR VARIABLE;EMISSION LINE STAR,8129,3,*Emission*
MRK960,12.147625,-12.71660277778,1570.0,3180.0,obqn01010,1270.0,STIS/NUV-MAMA,GALAXY;EMISSION LINE NEBULA;SPIRAL;STAR FORMING REGION;STARBURST,12472,3,*Emission*
M31-B477-D075-PN,11.28495388795,41.66065287264,1570.0,3180.0,od5w05020,1003.0,STIS/NUV-MAMA,EXT-MEDIUM;EJECTA;EMISSION LINE NEBULA;PLANETARY NEBULA,14794,3,*Emission*
-ALF-SCO,247.351828709,-26.43214858847,1620.0,3150.0,oedz05010,1668.0,STIS/NUV-MAMA,STAR;CIRCUMSTELLAR MATTER;EMISSION LINE STAR;M III-I,16256,3,*Emission*
J1256+4509,194.1839583333,45.15472222222,1570.0,3180.0,oe1y10010,1147.197125,STIS/NUV-MAMA,GALAXY;DWARF COMPACT;EMISSION LINE NEBULA;STAR FORMING REGION;STARBURST,15941,3,*Emission*
HD208816,329.163081222,63.62554467533,1620.0,3150.0,o6c301070,540.0,STIS/NUV-MAMA,STAR;COMPOSITE SPECTRAL TYPE;M III-I;EMISSION LINE STAR,9231,3,*Emission*
J1154+2443,178.7035416667,24.72583888889,1570.0,3180.0,odr652010,1579.198875,STIS/NUV-MAMA,GALAXY;DWARF COMPACT;EMISSION LINE NEBULA;STARBURST,15433,3,*Emission*
VIIZW403,172.0029166667,78.99255555556,1570.0,3180.0,o6er08020,3282.0,STIS/NUV-MAMA,GALAXY;STARBURST;STAR FORMING REGION;EMISSION LINE NEBULA;;EXT-CLUSTER;OPEN CLUSTER;OB ASSOCIATION;KNOT;STAR FORMING REGION;EMIS,9036,3,*Emission*
HD32304,75.63107059001,7.42398030291,1620.0,3150.0,ob3u53020,957.0,STIS/NUV-MAMA,STAR;G V-IV;EMISSION LINE STAR,11569,3,*Emission*
NGC-2440-NEBOFFSET,115.4786458333,-18.20825,1570.0,3180.0,obrz27020,2862.0,STIS/NUV-MAMA,ISM;EJECTA;EMISSION LINE NEBULA;PLANETARY NEBULA,12600,3,*Emission*
J0925+1403,141.384875,14.05362777778,1570.0,3180.0,oe1y01020,2819.19975,STIS/NUV-MAMA,GALAXY;DWARF COMPACT;EMISSION LINE NEBULA;STAR FORMING REGION;STARBURST,15941,3,*Emission*
HD208816,329.1630812997,63.62554495224,1620.0,3150.0,o65p02070,480.0,STIS/NUV-MAMA,STAR;COMPOSITE SPECTRAL TYPE;M III-I;EMISSION LINE STAR,8779,3,*Emission*
NGC3125,151.6387083333,-29.9355,1570.0,3180.0,o6er03010,900.0,STIS/NUV-MAMA,GALAXY;STARBURST;STAR FORMING REGION;EMISSION LINE NEBULA;;EXT-CLUSTER;OPEN CLUSTER;OB ASSOCIATION;KNOT;STAR FORMING REGION;EMIS,9036,3,*Emission*
HD208816,329.1630209469,63.62556440686,1605.0,3110.0,o5dn010a0,960.0,STIS/NUV-MAMA,STAR;COMPOSITE SPECTRAL TYPE;M III-I;EMISSION LINE STAR,8257,3,*Emission*
3C-048,24.42210370559,33.1594150125,1570.0,3180.0,ob6i01040,921.0,STIS/NUV-MAMA,GALAXY;EJECTA;EMISSION LINE NEBULA;WIND,11574,3,*Emission*
HD108,1.51410875,63.67965555556,1605.0,3110.0,obil05020,300.0,STIS/NUV-MAMA,STAR;CIRCUMSTELLAR MATTER;DISK;EMISSION LINE STAR;OF;WIND,12179,3,*Emission*
J1545+0858,236.431,8.967038888889,1570.0,3180.0,oeoy12010,955.19975,STIS/NUV-MAMA,GALAXY;EMISSION LINE NEBULA;STAR FORMING REGION,16692,3,*Emission*
J1152+3400,178.0203333333,34.01385555556,1570.0,3180.0,oe1y02030,2827.2,STIS/NUV-MAMA,GALAXY;DWARF COMPACT;EMISSION LINE NEBULA;STAR FORMING REGION;STARBURST,15941,3,*Emission*
J0925+1403,141.384875,14.05362777778,1570.0,3180.0,oe1y01030,2796.19875,STIS/NUV-MAMA,GALAXY;DWARF COMPACT;EMISSION LINE NEBULA;STAR FORMING REGION;STARBURST,15941,3,*Emission*
J1314+3452,198.697375,34.88328055556,1570.0,3180.0,oeoy07010,979.199,STIS/NUV-MAMA,GALAXY;EMISSION LINE NEBULA;STAR FORMING REGION,16692,3,*Emission*
J1205+4551,181.2647916667,45.86415,1570.0,3180.0,oedp08010,1163.1995,STIS/NUV-MAMA,GALAXY;DWARF COMPACT;EMISSION LINE NEBULA;STARBURST,16213,3,*Emission*
J1011+1947,152.9095,19.78913888889,1570.0,3180.0,oe1y07050,2803.199625,STIS/NUV-MAMA,GALAXY;DWARF COMPACT;EMISSION LINE NEBULA;STAR FORMING REGION;STARBURST,15941,3,*Emission*
J1248+4259,192.0436666667,42.99822222222,1570.0,3180.0,oe1y09030,2885.198125,STIS/NUV-MAMA,GALAXY;DWARF COMPACT;EMISSION LINE NEBULA;STAR FORMING REGION;STARBURST,15941,3,*Emission*
Y-GEM,115.2854669631,20.42892957302,1570.0,3180.0,od9c02080,181.218375,STIS/NUV-MAMA,STAR;AGB STAR;DISK;EMISSION LINE STAR;LONG PERIOD VARIABLE,14713,3,*Emission*
V-AK-SCO,253.6868267347,-36.88861109299,1570.0,3180.0,oca6010a0,50.002,STIS/NUV-MAMA,STAR;EMISSION LINE STAR;INTERACTING BINARY;PRE-MAIN SEQUENCE STAR;T TAURI STAR,13372,3,*Emission*
J1442-0209,220.6307916667,-2.164452777778,1570.0,3180.0,oe1y04020,2812.1995,STIS/NUV-MAMA,GALAXY;DWARF COMPACT;EMISSION LINE NEBULA;STAR FORMING REGION;STARBURST,15941,3,*Emission*
ESO-213-7-PB6-NEBULA,153.3166208333,-50.33309166667,1570.0,3180.0,obrz23020,3058.0,STIS/NUV-MAMA,ISM;EJECTA;EMISSION LINE NEBULA;PLANETARY NEBULA,12600,3,*Emission*
HD208816,329.1630812971,63.62554563995,1620.0,3150.0,o65p01080,660.0,STIS/NUV-MAMA,STAR;COMPOSITE SPECTRAL TYPE;M III-I;EMISSION LINE STAR,8779,3,*Emission*
MKN36,166.2434166667,29.13783333333,1570.0,3180.0,o6er07010,900.0,STIS/NUV-MAMA,GALAXY;STARBURST;STAR FORMING REGION;EMISSION LINE NEBULA;;EXT-CLUSTER;OPEN CLUSTER;OB ASSOCIATION;KNOT;STAR FORMING REGION;EMIS,9036,3,*Emission*
HD32304,75.63107547253,7.423982856237,1620.0,3150.0,ob3u03020,957.0,STIS/NUV-MAMA,STAR;G V-IV;EMISSION LINE STAR,11569,3,*Emission*
HD208816,329.1630209935,63.62556349898,1605.0,3110.0,o5dn020a0,960.0,STIS/NUV-MAMA,STAR;COMPOSITE SPECTRAL TYPE;M III-I;EMISSION LINE STAR,8257,3,*Emission*
HD208816,329.1630812218,63.62554467522,1605.0,3110.0,o6c3010a0,1000.0,STIS/NUV-MAMA,STAR;COMPOSITE SPECTRAL TYPE;M III-I;EMISSION LINE STAR,9231,3,*Emission*
LMC-SN1987A-HOTSPOTS-52X2,83.867125,-69.26968055556,1570.0,3180.0,o6mi500b0,900.0,STIS/NUV-MAMA,EXT-MEDIUM;SNR;HOTSPOT;EMISSION LINE NEBULA,9428,3,*Emission*
HD203338,319.8153048682,58.62354226098,1620.0,3150.0,o5dn04090,350.0,STIS/NUV-MAMA,STAR;COMPOSITE SPECTRAL TYPE;M III-I;EMISSION LINE STAR,8257,3,*Emission*
HD208816,329.1630809039,63.62554353806,1620.0,3150.0,o6c302040,540.0,STIS/NUV-MAMA,STAR;COMPOSITE SPECTRAL TYPE;M III-I;EMISSION LINE STAR,9231,3,*Emission*
NGC-7662-NEBOFFSET,351.4733333333,42.53347222222,1640.0,3100.0,obrz08030,394.0,STIS/NUV-MAMA,ISM;EJECTA;EMISSION LINE NEBULA;PLANETARY NEBULA,12600,3,*Emission*
-ALF-SCO,247.3518287292,-26.43214857545,1620.0,3150.0,oedz03010,1668.0,STIS/NUV-MAMA,STAR;CIRCUMSTELLAR MATTER;EMISSION LINE STAR;M III-I,16256,3,*Emission*
J0901+2119,135.4400416667,21.32436111111,1570.0,3180.0,oe1y06050,2804.199125,STIS/NUV-MAMA,GALAXY;DWARF COMPACT;EMISSION LINE NEBULA;STAR FORMING REGION;STARBURST,15941,3,*Emission*
M31-B477-D075-PN,11.28509111209,41.66069212732,1570.0,3180.0,od5w05010,1003.0,STIS/NUV-MAMA,EXT-MEDIUM;EJECTA;EMISSION LINE NEBULA;PLANETARY NEBULA,14794,3,*Emission*
HD60414,113.449909128,-14.52386969098,1620.0,3150.0,o5dn03040,300.0,STIS/NUV-MAMA,STAR;COMPOSITE SPECTRAL TYPE;M III-I;EMISSION LINE STAR,8257,3,*Emission*
HD208816,329.1630209471,63.62556440701,1620.0,3150.0,o5dn01050,420.0,STIS/NUV-MAMA,STAR;COMPOSITE SPECTRAL TYPE;M III-I;EMISSION LINE STAR,8257,3,*Emission*
HD208816,329.1630812971,63.62554564003,1620.0,3150.0,o65p01060,480.0,STIS/NUV-MAMA,STAR;COMPOSITE SPECTRAL TYPE;M III-I;EMISSION LINE STAR,8779,3,*Emission*
J1044+0353,161.2407916667,3.886972222222,1570.0,3180.0,oeoy04010,952.197625,STIS/NUV-MAMA,GALAXY;EMISSION LINE NEBULA;STAR FORMING REGION,16692,3,*Emission*
J1448-0110,222.0223333545,-1.182697454668,1570.0,3180.0,oeoy11020,966.198375,STIS/NUV-MAMA,GALAXY;EMISSION LINE NEBULA;STAR FORMING REGION,16692,3,*Emission*
J1243+4646,190.752625,46.78066666667,1570.0,3180.0,oe1y08040,2932.198375,STIS/NUV-MAMA,GALAXY;DWARF COMPACT;EMISSION LINE NEBULA;STAR FORMING REGION;STARBURST,15941,3,*Emission*
J0901+2119,135.4400416667,21.32436111111,1570.0,3180.0,oe1y06040,2804.198875,STIS/NUV-MAMA,GALAXY;DWARF COMPACT;EMISSION LINE NEBULA;STAR FORMING REGION;STARBURST,15941,3,*Emission*
HD203338,319.8153048683,58.623542261,1620.0,3150.0,o5dn04080,300.0,STIS/NUV-MAMA,STAR;COMPOSITE SPECTRAL TYPE;M III-I;EMISSION LINE STAR,8257,3,*Emission*
HD208816,329.1630812996,63.62554495231,1620.0,3150.0,o65p02040,540.0,STIS/NUV-MAMA,STAR;COMPOSITE SPECTRAL TYPE;M III-I;EMISSION LINE STAR,8779,3,*Emission*
ESO-213-7-PB6-NEBULA,153.3166208333,-50.33309166667,1570.0,3180.0,obrz23030,2154.0,STIS/NUV-MAMA,ISM;EJECTA;EMISSION LINE NEBULA;PLANETARY NEBULA,12600,3,*Emission*
NGC-2440-NEBOFFSET,115.4786458333,-18.20825,1640.0,3100.0,obrz27050,564.0,STIS/NUV-MAMA,ISM;EJECTA;EMISSION LINE NEBULA;PLANETARY NEBULA,12600,3,*Emission*
J1148+2546,177.113917717,25.77001943908,1570.0,3180.0,oeoy05020,971.198875,STIS/NUV-MAMA,GALAXY;EMISSION LINE NEBULA;STAR FORMING REGION,16692,3,*Emission*
PK332-09D1,257.2540833333,-56.91327777778,1570.0,3180.0,o65201010,2200.0,STIS/NUV-MAMA,ISM;PLANETARY NEBULA;EMISSION LINE NEBULA,8711,3,*Emission*
HD208816,329.1630809038,63.62554353803,1620.0,3150.0,o6c302050,420.0,STIS/NUV-MAMA,STAR;COMPOSITE SPECTRAL TYPE;M III-I;EMISSION LINE STAR,9231,3,*Emission*
J1152+3400,178.0203333333,34.01385555556,1570.0,3180.0,oe1y02020,2850.198625,STIS/NUV-MAMA,GALAXY;DWARF COMPACT;EMISSION LINE NEBULA;STAR FORMING REGION;STARBURST,15941,3,*Emission*
HD208816,329.1630812219,63.6255446753,1620.0,3150.0,o6c301080,660.0,STIS/NUV-MAMA,STAR;COMPOSITE SPECTRAL TYPE;M III-I;EMISSION LINE STAR,9231,3,*Emission*
NGC4670,191.3226666667,27.1255,1570.0,3180.0,o6er13010,480.0,STIS/NUV-MAMA,GALAXY;STARBURST;STAR FORMING REGION;EMISSION LINE NEBULA;;EXT-CLUSTER;OPEN CLUSTER;OB ASSOCIATION;KNOT;STAR FORMING REGION;EMIS,9036,3,*Emission*
IC-2165-NEBOFFSET,95.42822916667,-12.98693333333,1570.0,3180.0,obrz14020,1946.0,STIS/NUV-MAMA,ISM;EJECTA;EMISSION LINE NEBULA;PLANETARY NEBULA,12600,3,*Emission*
V-AK-SCO,253.6868267354,-36.888611091,1570.0,3180.0,oca601040,60.019625,STIS/NUV-MAMA,STAR;EMISSION LINE STAR;INTERACTING BINARY;PRE-MAIN SEQUENCE STAR;T TAURI STAR,13372,3,*Emission*
J1359+5726,209.962,57.4397,1570.0,3180.0,oeoy09010,1091.199125,STIS/NUV-MAMA,GALAXY;EMISSION LINE NEBULA;STAR FORMING REGION,16692,3,*Emission*
J1243+4646,190.752625,46.78066666667,1570.0,3180.0,oe1y08030,2932.199875,STIS/NUV-MAMA,GALAXY;DWARF COMPACT;EMISSION LINE NEBULA;STAR FORMING REGION;STARBURST,15941,3,*Emission*
J1448-0110,222.0224166667,-1.1827,1570.0,3180.0,oeoy11010,966.199125,STIS/NUV-MAMA,GALAXY;EMISSION LINE NEBULA;STAR FORMING REGION,16692,3,*Emission*
J1148+2546,177.1139166667,25.76993611111,1570.0,3180.0,oeoy05010,971.1995,STIS/NUV-MAMA,GALAXY;EMISSION LINE NEBULA;STAR FORMING REGION,16692,3,*Emission*
MRK5,100.564595,75.625,1570.0,3180.0,obqn05010,1555.0,STIS/NUV-MAMA,GALAXY;EMISSION LINE NEBULA;STAR FORMING REGION;STARBURST,12472,3,*Emission*
HD32304,75.63107059056,7.423980303045,1620.0,3150.0,ob3u53010,548.0,STIS/NUV-MAMA,STAR;G V-IV;EMISSION LINE STAR,11569,3,*Emission*
V-AK-SCO,253.6868266202,-36.88861139732,1570.0,3180.0,oca602040,60.02,STIS/NUV-MAMA,STAR;EMISSION LINE STAR;INTERACTING BINARY;PRE-MAIN SEQUENCE STAR;T TAURI STAR,13372,3,*Emission*
NGC-5315-NEBOFFSET,208.4874166667,-66.51405555556,1570.0,3180.0,obrz17020,2122.0,STIS/NUV-MAMA,ISM;EJECTA;EMISSION LINE NEBULA;PLANETARY NEBULA,12600,3,*Emission*
J0127-0619,21.8979625,-6.326683333333,1570.0,3180.0,oeoy01010,977.199875,STIS/NUV-MAMA,GALAXY;EMISSION LINE NEBULA;STAR FORMING REGION,16692,3,*Emission*
J0159+0751,29.96979166667,7.863555555556,1570.0,3180.0,oedp06020,2725.1995,STIS/NUV-MAMA,GALAXY;DWARF COMPACT;EMISSION LINE NEBULA;STARBURST,16213,3,*Emission*
HD208816,329.1630812972,63.62554564011,1620.0,3150.0,o65p01040,660.0,STIS/NUV-MAMA,STAR;COMPOSITE SPECTRAL TYPE;M III-I;EMISSION LINE STAR,8779,3,*Emission*
J1243+4646,190.752625,46.78066666667,1570.0,3180.0,oe1y08010,1467.19975,STIS/NUV-MAMA,GALAXY;DWARF COMPACT;EMISSION LINE NEBULA;STAR FORMING REGION;STARBURST,15941,3,*Emission*
MKN209,186.5660416667,48.49411111111,1570.0,3180.0,o6er11010,2450.0,STIS/NUV-MAMA,GALAXY;STARBURST;STAR FORMING REGION;EMISSION LINE NEBULA;;EXT-CLUSTER;OPEN CLUSTER;OB ASSOCIATION;KNOT;STAR FORMING REGION;EMIS,9036,3,*Emission*
J1243+4646,190.752625,46.78066666667,1570.0,3180.0,oe1y08020,2955.1995,STIS/NUV-MAMA,GALAXY;DWARF COMPACT;EMISSION LINE NEBULA;STAR FORMING REGION;STARBURST,15941,3,*Emission*
J1011+1947,152.9095,19.78913888889,1570.0,3180.0,oe1y07020,2826.19975,STIS/NUV-MAMA,GALAXY;DWARF COMPACT;EMISSION LINE NEBULA;STAR FORMING REGION;STARBURST,15941,3,*Emission*
TOL1924-416,291.9929583333,-41.57494444444,1570.0,3180.0,o6er18010,1020.0,STIS/NUV-MAMA,GALAXY;STARBURST;STAR FORMING REGION;EMISSION LINE NEBULA;;EXT-CLUSTER;OPEN CLUSTER;OB ASSOCIATION;KNOT;STAR FORMING REGION;EMIS,9036,3,*Emission*
J1154+2443,178.7035416667,24.72583888889,1570.0,3180.0,odr652040,2460.05475,STIS/NUV-MAMA,GALAXY;DWARF COMPACT;EMISSION LINE NEBULA;STARBURST,15433,3,*Emission*
V-AG-DRA,240.4208065915,66.80279594271,1605.0,3110.0,oc6002020,3330.0,STIS/NUV-MAMA,STAR;EMISSION LINE STAR;K III-I;SYMBIOTIC STAR,13107,3,*Emission*
IIIZW107,352.5408333333,25.53055555556,1570.0,3180.0,obqn18010,1340.0,STIS/NUV-MAMA,GALAXY;AMORPHOUS IRREGULAR;EMISSION LINE NEBULA;INTERACTING GALAXY;STAR FORMING REGION;STARBURST,12472,3,*Emission*
TOL9,158.6614583333,-28.58330555556,1570.0,3180.0,obqn12010,2415.0,STIS/NUV-MAMA,GALAXY;EMISSION LINE NEBULA;STAR FORMING REGION;STARBURST,12472,3,*Emission*
HD208816,329.163020947,63.62556440696,1620.0,3150.0,o5dn01070,480.0,STIS/NUV-MAMA,STAR;COMPOSITE SPECTRAL TYPE;M III-I;EMISSION LINE STAR,8257,3,*Emission*
HD208816,329.1630209936,63.62556349905,1620.0,3150.0,o5dn02040,540.0,STIS/NUV-MAMA,STAR;COMPOSITE SPECTRAL TYPE;M III-I;EMISSION LINE STAR,8257,3,*Emission*
YZCMI,116.1673690283,3.552380405806,1605.0,3110.0,o59k01010,1920.1995,STIS/NUV-MAMA,STAR;M V-IV;IRREGULAR VARIABLE;EMISSION LINE STAR,8129,3,*Emission*
-ALF-SCO,247.3518337826,-26.43214627792,1620.0,3150.0,oedz01010,1668.0,STIS/NUV-MAMA,STAR;CIRCUMSTELLAR MATTER;EMISSION LINE STAR;M III-I,16256,3,*Emission*
-ALF-SCO,247.3518337818,-26.43214627897,1620.0,3150.0,oedz01020,2743.0,STIS/NUV-MAMA,STAR;CIRCUMSTELLAR MATTER;EMISSION LINE STAR;M III-I,16256,3,*Emission*
J1243+4646,190.752625,46.78066666667,1570.0,3180.0,oe1y08050,2932.1995,STIS/NUV-MAMA,GALAXY;DWARF COMPACT;EMISSION LINE NEBULA;STAR FORMING REGION;STARBURST,15941,3,*Emission*
J1256+4509,194.1839583333,45.15472222222,1570.0,3180.0,oe1y10040,2932.1995,STIS/NUV-MAMA,GALAXY;DWARF COMPACT;EMISSION LINE NEBULA;STAR FORMING REGION;STARBURST,15941,3,*Emission*
HD191612,302.3692091667,35.73369166667,1605.0,3110.0,obil04020,300.0,STIS/NUV-MAMA,STAR;CIRCUMSTELLAR MATTER;DISK;EMISSION LINE STAR;OF;WIND,12179,3,*Emission*
HD208816,329.1630812997,63.62554495221,1620.0,3150.0,o65p02080,600.0,STIS/NUV-MAMA,STAR;COMPOSITE SPECTRAL TYPE;M III-I;EMISSION LINE STAR,8779,3,*Emission*
ESO-213-7-PB6-NEBULA,153.3166208333,-50.33309166667,1640.0,3100.0,obrz23040,454.0,STIS/NUV-MAMA,ISM;EJECTA;EMISSION LINE NEBULA;PLANETARY NEBULA,12600,3,*Emission*
SBS1319+579,200.3440416667,57.69152222222,1570.0,3180.0,obqn15030,3260.0,STIS/NUV-MAMA,GALAXY;AMORPHOUS IRREGULAR;DWARF COMPACT;EMISSION LINE NEBULA;STAR FORMING REGION;STARBURST,12472,3,*Emission*
TOL1457-262A,225.1207916667,-26.447,1570.0,3180.0,obqn17010,1340.0,STIS/NUV-MAMA,GALAXY;AMORPHOUS IRREGULAR;EMISSION LINE NEBULA;STAR FORMING REGION;STARBURST,12472,3,*Emission*
3C-048,24.42208241131,33.15913558055,1570.0,3180.0,ob6i01050,921.0,STIS/NUV-MAMA,GALAXY;EJECTA;EMISSION LINE NEBULA;WIND,11574,3,*Emission*
HD208816,329.1630812219,63.62554467527,1620.0,3150.0,o6c301090,960.0,STIS/NUV-MAMA,STAR;COMPOSITE SPECTRAL TYPE;M III-I;EMISSION LINE STAR,9231,3,*Emission*
J0944-0038,146.0078206476,-0.642350354525,1570.0,3180.0,oeoy03020,974.19825,STIS/NUV-MAMA,GALAXY;EMISSION LINE NEBULA;STAR FORMING REGION,16692,3,*Emission*
J1359+5726,209.962126046,57.43974840132,1570.0,3180.0,oeoy09020,1091.2,STIS/NUV-MAMA,GALAXY;EMISSION LINE NEBULA;STAR FORMING REGION,16692,3,*Emission*
HD208816,329.1630209472,63.62556440704,1620.0,3150.0,o5dn01040,540.0,STIS/NUV-MAMA,STAR;COMPOSITE SPECTRAL TYPE;M III-I;EMISSION LINE STAR,8257,3,*Emission*
HD-37903,85.40995432168,-2.259022405692,1620.0,3150.0,oedl15010,2249.0,STIS/NUV-MAMA,STAR;B3-B5 V-IV;EMISSION LINE STAR,16285,3,*Emission*
J0901+2119,135.4400416667,21.32436111111,1570.0,3180.0,oe1y06030,2804.19925,STIS/NUV-MAMA,GALAXY;DWARF COMPACT;EMISSION LINE NEBULA;STAR FORMING REGION;STARBURST,15941,3,*Emission*
VIIZW403,172.0029166667,78.99255555556,1570.0,3180.0,o6er80010,2156.0,STIS/NUV-MAMA,GALAXY;STARBURST;STAR FORMING REGION;EMISSION LINE NEBULA;;EXT-CLUSTER;OPEN CLUSTER;OB ASSOCIATION;KNOT;STAR FORMING REGION;EMIS,9036,3,*Emission*
HD191612,302.3692091667,35.73369166667,1605.0,3110.0,obil03020,300.0,STIS/NUV-MAMA,STAR;CIRCUMSTELLAR MATTER;DISK;EMISSION LINE STAR;OF;WIND,12179,3,*Emission*
IRAS08339+6517,129.5963333333,65.12088888889,1570.0,3180.0,obqn08010,1720.0,STIS/NUV-MAMA,GALAXY;EMISSION LINE NEBULA;SPIRAL;STAR FORMING REGION;STARBURST,12472,3,*Emission*
MRK1199,110.9310916667,33.44200555556,1570.0,3180.0,obqn06010,1420.0,STIS/NUV-MAMA,GALAXY;EMISSION LINE NEBULA;SPIRAL;STAR FORMING REGION;STARBURST,12472,3,*Emission*
SBS0218+003,35.22729166667,0.5563888888889,1570.0,3180.0,obqn02010,2350.0,STIS/NUV-MAMA,GALAXY;DWARF COMPACT;EMISSION LINE NEBULA;STAR FORMING REGION;STARBURST,12472,3,*Emission*
J1418+2102,214.7129958333,21.0444,1570.0,3180.0,oeoyz1010,961.199125,STIS/NUV-MAMA,GALAXY;EMISSION LINE NEBULA;STAR FORMING REGION,16692,3,*Emission*
V-AK-SCO,253.6868266206,-36.8886113961,1570.0,3180.0,oca602020,716.199875,STIS/NUV-MAMA,STAR;EMISSION LINE STAR;INTERACTING BINARY;PRE-MAIN SEQUENCE STAR;T TAURI STAR,13372,3,*Emission*
V-AK-SCO,253.6868267348,-36.8886110925,1570.0,3180.0,oca601080,60.02,STIS/NUV-MAMA,STAR;EMISSION LINE STAR;INTERACTING BINARY;PRE-MAIN SEQUENCE STAR;T TAURI STAR,13372,3,*Emission*
SBS1415+437,214.2558666667,43.50151944444,1570.0,3180.0,obqn16010,2415.0,STIS/NUV-MAMA,GALAXY;AMORPHOUS IRREGULAR;DWARF COMPACT;EMISSION LINE NEBULA;STAR FORMING REGION;STARBURST,12472,3,*Emission*
NGC-5882-NEBOFFSET,229.20807375,-45.64921944444,1570.0,3180.0,obrz11020,2118.0,STIS/NUV-MAMA,ISM;EJECTA;EMISSION LINE NEBULA;PLANETARY NEBULA,12600,3,*Emission*
V-AG-DRA,240.4208065933,66.80279594319,1605.0,3110.0,oc6002010,6040.0,STIS/NUV-MAMA,STAR;EMISSION LINE STAR;K III-I;SYMBIOTIC STAR,13107,3,*Emission*
J0944-0038,146.0077916667,-0.6422722222222,1570.0,3180.0,oeoy03010,974.198875,STIS/NUV-MAMA,GALAXY;EMISSION LINE NEBULA;STAR FORMING REGION,16692,3,*Emission*
NGC-5315-NEBOFFSET,208.4874166667,-66.51405555556,1640.0,3100.0,obrz17030,522.0,STIS/NUV-MAMA,ISM;EJECTA;EMISSION LINE NEBULA;PLANETARY NEBULA,12600,3,*Emission*
IC-3568-NEBOFFSET,188.2805833333,82.564,1570.0,3180.0,obrz02020,2146.0,STIS/NUV-MAMA,ISM;EJECTA;EMISSION LINE NEBULA;PLANETARY NEBULA,12600,3,*Emission*
SBS0926+606A,142.5268166667,60.44817222222,1570.0,3180.0,obqn19020,1780.0,STIS/NUV-MAMA,GALAXY;DWARF COMPACT;EMISSION LINE NEBULA;MULTIPLE NUCLEI;STAR FORMING REGION;STARBURST,12472,3,*Emission*
HD100546,173.3559786091,-70.1947763818,1620.0,3150.0,o5c902050,985.0,STIS/NUV-MAMA,STAR;B6-B9.5 V-IV;EMISSION LINE STAR,8300,3,*Emission*
Y-GEM,115.2855091572,20.42895858632,1570.0,3180.0,od9c01040,304.768875,STIS/NUV-MAMA,STAR;AGB STAR;DISK;EMISSION LINE STAR;LONG PERIOD VARIABLE,14713,3,*Emission*
SNR-NGC4449,187.045625,44.1135,1570.0,3180.0,obpn01040,2800.0,STIS/NUV-MAMA,ISM;EMISSION LINE NEBULA;SNR,12462,3,*Emission*
SNR-NGC4449,187.045625,44.1135,1570.0,3180.0,obpn02040,2800.0,STIS/NUV-MAMA,ISM;EMISSION LINE NEBULA;SNR,12462,3,*Emission*
J1205+4551,181.2647916667,45.86415,1570.0,3180.0,oedp08020,2865.19875,STIS/NUV-MAMA,GALAXY;DWARF COMPACT;EMISSION LINE NEBULA;STARBURST,16213,3,*Emission*
J1355+4651,208.8569166667,46.86426111111,1570.0,3180.0,oedp09020,2865.199875,STIS/NUV-MAMA,GALAXY;DWARF COMPACT;EMISSION LINE NEBULA;STARBURST,16213,3,*Emission*
J1011+1947,152.9095,19.78913888889,1570.0,3180.0,oe1y07010,1498.199125,STIS/NUV-MAMA,GALAXY;DWARF COMPACT;EMISSION LINE NEBULA;STAR FORMING REGION;STARBURST,15941,3,*Emission*
HD208816,329.1630812221,63.62554467541,1620.0,3150.0,o6c301040,660.0,STIS/NUV-MAMA,STAR;COMPOSITE SPECTRAL TYPE;M III-I;EMISSION LINE STAR,9231,3,*Emission*
Y-GEM,115.2854884194,20.4289446457,1570.0,3180.0,od9c01030,312.126125,STIS/NUV-MAMA,STAR;AGB STAR;DISK;EMISSION LINE STAR;LONG PERIOD VARIABLE,14713,3,*Emission*
NGC1741,75.40679166667,-4.259055555556,1570.0,3180.0,o6er01010,2135.0,STIS/NUV-MAMA,GALAXY;STARBURST;STAR FORMING REGION;EMISSION LINE NEBULA;;EXT-CLUSTER;OPEN CLUSTER;OB ASSOCIATION;KNOT;STAR FORMING REGION;EMIS,9036,3,*Emission*
V-AK-SCO,253.68682662,-36.88861139781,1570.0,3180.0,oca602060,50.001875,STIS/NUV-MAMA,STAR;EMISSION LINE STAR;INTERACTING BINARY;PRE-MAIN SEQUENCE STAR;T TAURI STAR,13372,3,*Emission*
HD191612,302.3692091667,35.73369166667,1605.0,3110.0,obil02020,300.0,STIS/NUV-MAMA,STAR;CIRCUMSTELLAR MATTER;DISK;EMISSION LINE STAR;OF;WIND,12179,3,*Emission*
J0901+2119,135.4400416667,21.32436111111,1570.0,3180.0,oe1y06010,1299.1995,STIS/NUV-MAMA,GALAXY;DWARF COMPACT;EMISSION LINE NEBULA;STAR FORMING REGION;STARBURST,15941,3,*Emission*
J1333+6246,203.2665,62.76771666667,1570.0,3180.0,oe1y03040,3058.19925,STIS/NUV-MAMA,GALAXY;DWARF COMPACT;EMISSION LINE NEBULA;STAR FORMING REGION;STARBURST,15941,3,*Emission*
J1333+6246,203.2665,62.76771666667,1570.0,3180.0,oe1y03010,2073.19925,STIS/NUV-MAMA,GALAXY;DWARF COMPACT;EMISSION LINE NEBULA;STAR FORMING REGION;STARBURST,15941,3,*Emission*
J1154+2443,178.7035416667,24.72583888889,1570.0,3180.0,odr601010,1579.197125,STIS/NUV-MAMA,GALAXY;DWARF COMPACT;EMISSION LINE NEBULA;STARBURST,15433,3,*Emission*
TOL9,158.6614583333,-28.58330555556,1570.0,3180.0,obqn12020,1670.0,STIS/NUV-MAMA,GALAXY;EMISSION LINE NEBULA;STAR FORMING REGION;STARBURST,12472,3,*Emission*
POX4,177.7983333333,-20.59916666667,1570.0,3180.0,obqn14010,1170.0,STIS/NUV-MAMA,GALAXY;EMISSION LINE NEBULA;STAR FORMING REGION;STARBURST,12472,3,*Emission*
SBS1054+365,164.4458333333,36.26075,1570.0,3180.0,obqn13020,1715.0,STIS/NUV-MAMA,GALAXY;AMORPHOUS IRREGULAR;DWARF COMPACT;EMISSION LINE NEBULA;STAR FORMING REGION;STARBURST,12472,3,*Emission*
HD100546,173.3559786094,-70.19477637995,1620.0,3150.0,o5c902010,372.0,STIS/NUV-MAMA,STAR;B6-B9.5 V-IV;EMISSION LINE STAR,8300,3,*Emission*
NGC4214,183.914375,36.32633333333,1570.0,3180.0,o6er10010,480.0,STIS/NUV-MAMA,GALAXY;STARBURST;STAR FORMING REGION;EMISSION LINE NEBULA;;EXT-CLUSTER;OPEN CLUSTER;OB ASSOCIATION;KNOT;STAR FORMING REGION;EMIS,9036,3,*Emission*
NGC4449,187.0402916667,44.08772222222,1570.0,3180.0,o6er12010,1020.0,STIS/NUV-MAMA,GALAXY;STARBURST;STAR FORMING REGION;EMISSION LINE NEBULA;;EXT-CLUSTER;OPEN CLUSTER;OB ASSOCIATION;KNOT;STAR FORMING REGION;EMIS,9036,3,*Emission*
VIIZW403,172.0029166667,78.99255555556,1570.0,3180.0,o6er08010,2156.0,STIS/NUV-MAMA,GALAXY;STARBURST;STAR FORMING REGION;EMISSION LINE NEBULA;;EXT-CLUSTER;OPEN CLUSTER;OB ASSOCIATION;KNOT;STAR FORMING REGION;EMIS,9036,3,*Emission*
Y-GEM,115.2854669633,20.42892957343,1570.0,3180.0,od9c02040,134.685375,STIS/NUV-MAMA,STAR;AGB STAR;DISK;EMISSION LINE STAR;LONG PERIOD VARIABLE,14713,3,*Emission*
RY-LUP,239.8682908223,-40.36425140778,1570.0,3180.0,o5b401040,600.0,STIS/NUV-MAMA,STAR;T TAURI STAR;EMISSION LINE STAR;PROTOPLANETARY DISK,8205,3,*Emission*
J1154+2443,178.7035416667,24.72583888889,1570.0,3180.0,odr652020,2691.5965,STIS/NUV-MAMA,GALAXY;DWARF COMPACT;EMISSION LINE NEBULA;STARBURST,15433,3,*Emission*
-ALF-SCO,247.3518287265,-26.43214857713,1620.0,3150.0,oedz03030,2692.0,STIS/NUV-MAMA,STAR;CIRCUMSTELLAR MATTER;EMISSION LINE STAR;M III-I,16256,3,*Emission*
J1608+3528,242.0431666667,35.46926111111,1570.0,3180.0,oedp50010,1759.647375,STIS/NUV-MAMA,GALAXY;DWARF COMPACT;EMISSION LINE NEBULA;STARBURST,16213,3,*Emission*
J0159+0751,29.96979166667,7.863555555556,1570.0,3180.0,oedp06010,1327.199,STIS/NUV-MAMA,GALAXY;DWARF COMPACT;EMISSION LINE NEBULA;STARBURST,16213,3,*Emission*
-ALF-SCO,247.351828705,-26.43214859109,1620.0,3150.0,oedz05040,2692.0,STIS/NUV-MAMA,STAR;CIRCUMSTELLAR MATTER;EMISSION LINE STAR;M III-I,16256,3,*Emission*
-ALF-SCO,247.351828728,-26.4321485762,1620.0,3150.0,oedz03020,2743.0,STIS/NUV-MAMA,STAR;CIRCUMSTELLAR MATTER;EMISSION LINE STAR;M III-I,16256,3,*Emission*
J1248+4259,192.0436666667,42.99822222222,1570.0,3180.0,oe1y09010,1660.198875,STIS/NUV-MAMA,GALAXY;DWARF COMPACT;EMISSION LINE NEBULA;STAR FORMING REGION;STARBURST,15941,3,*Emission*
HD203338,319.8153048687,58.62354226109,1620.0,3150.0,o5dn04040,300.0,STIS/NUV-MAMA,STAR;COMPOSITE SPECTRAL TYPE;M III-I;EMISSION LINE STAR,8257,3,*Emission*
HD60414,113.4499091278,-14.52386969099,1620.0,3150.0,o5dn03060,134.4,STIS/NUV-MAMA,STAR;COMPOSITE SPECTRAL TYPE;M III-I;EMISSION LINE STAR,8257,3,*Emission*
PK321+03D1,224.972625,-54.30225,1570.0,3180.0,o65203010,2180.0,STIS/NUV-MAMA,ISM;PLANETARY NEBULA;EMISSION LINE NEBULA,8711,3,*Emission*
HD208816,329.1630812997,63.62554495226,1620.0,3150.0,o65p02060,420.0,STIS/NUV-MAMA,STAR;COMPOSITE SPECTRAL TYPE;M III-I;EMISSION LINE STAR,8779,3,*Emission*
-ALF-SCO,247.3518287064,-26.43214859016,1620.0,3150.0,oedz05030,2692.0,STIS/NUV-MAMA,STAR;CIRCUMSTELLAR MATTER;EMISSION LINE STAR;M III-I,16256,3,*Emission*
J1154+2443,178.7035416667,24.72583888889,1570.0,3180.0,odr601020,2967.199125,STIS/NUV-MAMA,GALAXY;DWARF COMPACT;EMISSION LINE NEBULA;STARBURST,15433,3,*Emission*
HD32304,75.6310754726,7.423982856452,1620.0,3150.0,ob3u03010,548.0,STIS/NUV-MAMA,STAR;G V-IV;EMISSION LINE STAR,11569,3,*Emission*
J1333+6246,203.2665,62.76771666667,1570.0,3180.0,oe1y03030,3058.199,STIS/NUV-MAMA,GALAXY;DWARF COMPACT;EMISSION LINE NEBULA;STAR FORMING REGION;STARBURST,15941,3,*Emission*
HD100546,173.3559786093,-70.19477638027,1620.0,3150.0,o5c902020,372.0,STIS/NUV-MAMA,STAR;B6-B9.5 V-IV;EMISSION LINE STAR,8300,3,*Emission*
SN1987A-STIS3,83.86681458333,-69.26977777778,1570.0,3180.0,odad02030,3230.0,STIS/NUV-MAMA,EXT-MEDIUM;EJECTA;EMISSION LINE NEBULA;SNR,14753,3,*Emission*
-ALF-SCO,247.3518287251,-26.43214857806,1620.0,3150.0,oedz03040,2692.0,STIS/NUV-MAMA,STAR;CIRCUMSTELLAR MATTER;EMISSION LINE STAR;M III-I,16256,3,*Emission*
HD92406,159.6968809691,-58.72565758315,1605.0,3110.0,oeyeb2010,424.0,STIS/NUV-MAMA,STAR;B6-B9.5 V-IV;BE;EMISSION LINE STAR;SDB,17182,3,*Emission*
J0925+1403,141.384875,14.05362777778,1570.0,3180.0,oe1y01010,1771.199125,STIS/NUV-MAMA,GALAXY;DWARF COMPACT;EMISSION LINE NEBULA;STAR FORMING REGION;STARBURST,15941,3,*Emission*
J1503+3644,225.9284583333,36.74743055556,1570.0,3180.0,oe1y05020,2870.198875,STIS/NUV-MAMA,GALAXY;DWARF COMPACT;EMISSION LINE NEBULA;STAR FORMING REGION;STARBURST,15941,3,*Emission*
HD208816,329.163081222,63.62554467535,1620.0,3150.0,o6c301060,480.0,STIS/NUV-MAMA,STAR;COMPOSITE SPECTRAL TYPE;M III-I;EMISSION LINE STAR,9231,3,*Emission*
HD208816,329.1630812998,63.62554495215,1605.0,3110.0,o65p020a0,960.0,STIS/NUV-MAMA,STAR;COMPOSITE SPECTRAL TYPE;M III-I;EMISSION LINE STAR,8779,3,*Emission*
NGC-2440-NEBOFFSET,115.4786458333,-18.20825,1640.0,3100.0,obrz27040,504.0,STIS/NUV-MAMA,ISM;EJECTA;EMISSION LINE NEBULA;PLANETARY NEBULA,12600,3,*Emission*
HD208816,329.1630209469,63.6255644069,1620.0,3150.0,o5dn01090,750.0,STIS/NUV-MAMA,STAR;COMPOSITE SPECTRAL TYPE;M III-I;EMISSION LINE STAR,8257,3,*Emission*
-ALF-SCO,247.3518287079,-26.43214858923,1620.0,3150.0,oedz05020,2743.0,STIS/NUV-MAMA,STAR;CIRCUMSTELLAR MATTER;EMISSION LINE STAR;M III-I,16256,3,*Emission*
J1154+2443,178.7035416667,24.72583888889,1570.0,3180.0,odr601040,2927.15125,STIS/NUV-MAMA,GALAXY;DWARF COMPACT;EMISSION LINE NEBULA;STARBURST,15433,3,*Emission*
HD208816,329.1630812971,63.62554563999,1620.0,3150.0,o65p01070,540.0,STIS/NUV-MAMA,STAR;COMPOSITE SPECTRAL TYPE;M III-I;EMISSION LINE STAR,8779,3,*Emission*
HD191612,302.3692091667,35.73369166667,1605.0,3110.0,obil01020,300.0,STIS/NUV-MAMA,STAR;CIRCUMSTELLAR MATTER;DISK;EMISSION LINE STAR;OF;WIND,12179,3,*Emission*
SN1987A-STIS2,83.86689375,-69.26977777778,1570.0,3180.0,odad02020,2396.0,STIS/NUV-MAMA,EXT-MEDIUM;EJECTA;EMISSION LINE NEBULA;SNR,14753,3,*Emission*
HD208816,329.1630209936,63.62556349901,1620.0,3150.0,o5dn02080,600.0,STIS/NUV-MAMA,STAR;COMPOSITE SPECTRAL TYPE;M III-I;EMISSION LINE STAR,8257,3,*Emission*
Y-GEM,115.2854877297,20.42894347697,1570.0,3180.0,od9c02030,138.464625,STIS/NUV-MAMA,STAR;AGB STAR;DISK;EMISSION LINE STAR;LONG PERIOD VARIABLE,14713,3,*Emission*
NGC3351,160.9906666667,11.70358333333,1570.0,3180.0,o6er06010,2280.0,STIS/NUV-MAMA,GALAXY;STARBURST;STAR FORMING REGION;EMISSION LINE NEBULA;;EXT-CLUSTER;OPEN CLUSTER;OB ASSOCIATION;KNOT;STAR FORMING REGION;EMIS,9036,3,*Emission*
3C-048,24.42216758924,33.16025330832,1570.0,3180.0,ob6i01010,1050.0,STIS/NUV-MAMA,GALAXY;EJECTA;EMISSION LINE NEBULA;WIND,11574,3,*Emission*
J1253-0312,193.2748333333,-3.216344444444,1570.0,3180.0,oeoy06010,974.199375,STIS/NUV-MAMA,GALAXY;EMISSION LINE NEBULA;STAR FORMING REGION,16692,3,*Emission*
J1248+4259,192.0436666667,42.99822222222,1570.0,3180.0,oe1y09050,2885.199125,STIS/NUV-MAMA,GALAXY;DWARF COMPACT;EMISSION LINE NEBULA;STAR FORMING REGION;STARBURST,15941,3,*Emission*
J1333+6246,203.2665,62.76771666667,1570.0,3180.0,oe1y03020,3081.19975,STIS/NUV-MAMA,GALAXY;DWARF COMPACT;EMISSION LINE NEBULA;STAR FORMING REGION;STARBURST,15941,3,*Emission*
YZCMI,116.1673686999,3.552380365691,1605.0,3110.0,o59k01060,2156.053875,STIS/NUV-MAMA,STAR;M V-IV;IRREGULAR VARIABLE;EMISSION LINE STAR,8129,3,*Emission*
NGC5102,200.4894166667,-36.63041666667,1570.0,3180.0,o6er15010,480.0,STIS/NUV-MAMA,GALAXY;STARBURST;STAR FORMING REGION;EMISSION LINE NEBULA;;EXT-CLUSTER;OPEN CLUSTER;OB ASSOCIATION;KNOT;STAR FORMING REGION;EMIS,9036,3,*Emission*
HD208816,329.1630209471,63.62556440698,1620.0,3150.0,o5dn01060,420.0,STIS/NUV-MAMA,STAR;COMPOSITE SPECTRAL TYPE;M III-I;EMISSION LINE STAR,8257,3,*Emission*
J0127-0619,21.89799619085,-6.326607023735,1570.0,3180.0,oeoy01020,977.199625,STIS/NUV-MAMA,GALAXY;EMISSION LINE NEBULA;STAR FORMING REGION,16692,3,*Emission*
NGC1741,75.40604166667,-4.25875,1570.0,3180.0,obqn04010,1155.0,STIS/NUV-MAMA,GALAXY;EMISSION LINE NEBULA;INTERACTING GALAXY;STAR FORMING REGION;STARBURST,12472,3,*Emission*
SBS1415+437,214.2558666667,43.50151944444,1570.0,3180.0,obqn16020,1755.0,STIS/NUV-MAMA,GALAXY;AMORPHOUS IRREGULAR;DWARF COMPACT;EMISSION LINE NEBULA;STAR FORMING REGION;STARBURST,12472,3,*Emission*
MKN33,158.1328333333,54.40061111111,1570.0,3180.0,o6er04010,600.0,STIS/NUV-MAMA,GALAXY;STARBURST;STAR FORMING REGION;EMISSION LINE NEBULA;;EXT-CLUSTER;OPEN CLUSTER;OB ASSOCIATION;KNOT;STAR FORMING REGION;EMIS,9036,3,*Emission*
NGC7552,349.04425,-42.58488888889,1570.0,3180.0,o6er19010,2418.0,STIS/NUV-MAMA,GALAXY;STARBURST;STAR FORMING REGION;EMISSION LINE NEBULA;;EXT-CLUSTER;OPEN CLUSTER;OB ASSOCIATION;KNOT;STAR FORMING REGION;EMIS,9036,3,*Emission*
HD208816,329.1630812969,63.62554563985,1605.0,3110.0,o65p010a0,1000.0,STIS/NUV-MAMA,STAR;COMPOSITE SPECTRAL TYPE;M III-I;EMISSION LINE STAR,8779,3,*Emission*
Y-GEM,115.2854877294,20.42894347658,1570.0,3180.0,od9c02070,186.439625,STIS/NUV-MAMA,STAR;AGB STAR;DISK;EMISSION LINE STAR;LONG PERIOD VARIABLE,14713,3,*Emission*
J1032+4919,158.2363333333,49.32978888889,1570.0,3180.0,oedp07010,1868.0745,STIS/NUV-MAMA,GALAXY;DWARF COMPACT;EMISSION LINE NEBULA;STARBURST,16213,3,*Emission*
HD203338,319.8153048684,58.62354226102,1620.0,3150.0,o5dn04070,300.0,STIS/NUV-MAMA,STAR;COMPOSITE SPECTRAL TYPE;M III-I;EMISSION LINE STAR,8257,3,*Emission*
HD203338,319.8153048681,58.62354226095,1605.0,3110.0,o5dn040a0,350.0,STIS/NUV-MAMA,STAR;COMPOSITE SPECTRAL TYPE;M III-I;EMISSION LINE STAR,8257,3,*Emission*
HD208816,329.1630209936,63.62556349904,1620.0,3150.0,o5dn02050,420.0,STIS/NUV-MAMA,STAR;COMPOSITE SPECTRAL TYPE;M III-I;EMISSION LINE STAR,8257,3,*Emission*
IC-2165-NEBOFFSET,95.42822916667,-12.98693333333,1640.0,3100.0,obrz14030,346.0,STIS/NUV-MAMA,ISM;EJECTA;EMISSION LINE NEBULA;PLANETARY NEBULA,12600,3,*Emission*
YZCMI,116.1673687679,3.552380373973,1605.0,3110.0,o59k01050,2237.112875,STIS/NUV-MAMA,STAR;M V-IV;IRREGULAR VARIABLE;EMISSION LINE STAR,8129,3,*Emission*
HD60414,113.4499091277,-14.52386969099,1620.0,3150.0,o5dn03080,360.0,STIS/NUV-MAMA,STAR;COMPOSITE SPECTRAL TYPE;M III-I;EMISSION LINE STAR,8257,3,*Emission*
HD208816,329.1630812972,63.62554564007,1620.0,3150.0,o65p01050,540.0,STIS/NUV-MAMA,STAR;COMPOSITE SPECTRAL TYPE;M III-I;EMISSION LINE STAR,8779,3,*Emission*
HD208816,329.1630812996,63.62554495228,1620.0,3150.0,o65p02050,420.0,STIS/NUV-MAMA,STAR;COMPOSITE SPECTRAL TYPE;M III-I;EMISSION LINE STAR,8779,3,*Emission*
J1418+2102,214.7130536887,21.04446347293,1570.0,3180.0,oeoyz1020,961.197375,STIS/NUV-MAMA,GALAXY;EMISSION LINE NEBULA;STAR FORMING REGION,16692,3,*Emission*
J1154+2443,178.7035416667,24.72583888889,1570.0,3180.0,odr601030,2944.1995,STIS/NUV-MAMA,GALAXY;DWARF COMPACT;EMISSION LINE NEBULA;STARBURST,15433,3,*Emission*
J1256+4509,194.1839583333,45.15472222222,1570.0,3180.0,oe1y11010,1619.19975,STIS/NUV-MAMA,GALAXY;DWARF COMPACT;EMISSION LINE NEBULA;STAR FORMING REGION;STARBURST,15941,3,*Emission*
SN1987A-STIS4,83.86673541667,-69.26977777778,1570.0,3180.0,odad02040,3230.0,STIS/NUV-MAMA,EXT-MEDIUM;EJECTA;EMISSION LINE NEBULA;SNR,14753,3,*Emission*
NGC-2440-NEBOFFSET,115.4786458333,-18.20825,1570.0,3180.0,obrz27030,882.0,STIS/NUV-MAMA,ISM;EJECTA;EMISSION LINE NEBULA;PLANETARY NEBULA,12600,3,*Emission*
NGC-6778-NEBOFFSET,289.6039125,-1.596502777778,1640.0,3100.0,obrz20030,320.0,STIS/NUV-MAMA,ISM;EJECTA;EMISSION LINE NEBULA;PLANETARY NEBULA,12600,3,*Emission*
IC-3568-NEBOFFSET,188.2805833333,82.564,1640.0,3100.0,obrz02030,546.0,STIS/NUV-MAMA,ISM;EJECTA;EMISSION LINE NEBULA;PLANETARY NEBULA,12600,3,*Emission*
IRAS08208+2816,125.9789583333,28.106,1570.0,3180.0,obqn07010,1300.0,STIS/NUV-MAMA,GALAXY;AMORPHOUS IRREGULAR;EMISSION LINE NEBULA;STAR FORMING REGION;STARBURST,12472,3,*Emission*
3C-048,24.422125,33.15969444444,1570.0,3180.0,ob6i01030,921.0,STIS/NUV-MAMA,GALAXY;EJECTA;EMISSION LINE NEBULA;WIND,11574,3,*Emission*
HD100546,173.3559786093,-70.19477638059,1620.0,3150.0,o5c902030,624.0,STIS/NUV-MAMA,STAR;B6-B9.5 V-IV;EMISSION LINE STAR,8300,3,*Emission*
HD208816,329.1630812998,63.62554495218,1620.0,3150.0,o65p02090,750.0,STIS/NUV-MAMA,STAR;COMPOSITE SPECTRAL TYPE;M III-I;EMISSION LINE STAR,8779,3,*Emission*
SBS1319+579,200.3440416667,57.69152222222,1570.0,3180.0,obqn15020,3260.0,STIS/NUV-MAMA,GALAXY;AMORPHOUS IRREGULAR;DWARF COMPACT;EMISSION LINE NEBULA;STAR FORMING REGION;STARBURST,12472,3,*Emission*
NGC-6778-NEBOFFSET,289.6039125,-1.596502777778,1570.0,3180.0,obrz20020,1960.0,STIS/NUV-MAMA,ISM;EJECTA;EMISSION LINE NEBULA;PLANETARY NEBULA,12600,3,*Emission*
J1442-0209,220.6307916667,-2.164452777778,1570.0,3180.0,oe1y04010,1804.199375,STIS/NUV-MAMA,GALAXY;DWARF COMPACT;EMISSION LINE NEBULA;STAR FORMING REGION;STARBURST,15941,3,*Emission*
J1256+4509,194.1839583333,45.15472222222,1570.0,3180.0,oe1y10050,2932.19975,STIS/NUV-MAMA,GALAXY;DWARF COMPACT;EMISSION LINE NEBULA;STAR FORMING REGION;STARBURST,15941,3,*Emission*
HD208816,329.1630209936,63.62556349903,1620.0,3150.0,o5dn02060,420.0,STIS/NUV-MAMA,STAR;COMPOSITE SPECTRAL TYPE;M III-I;EMISSION LINE STAR,8257,3,*Emission*
HD208816,329.1630209936,63.62556349902,1620.0,3150.0,o5dn02070,480.0,STIS/NUV-MAMA,STAR;COMPOSITE SPECTRAL TYPE;M III-I;EMISSION LINE STAR,8257,3,*Emission*
HD208816,329.163081297,63.62554563991,1620.0,3150.0,o65p01090,960.0,STIS/NUV-MAMA,STAR;COMPOSITE SPECTRAL TYPE;M III-I;EMISSION LINE STAR,8779,3,*Emission*
J1011+1947,152.9095,19.78913888889,1570.0,3180.0,oe1y07030,2803.199,STIS/NUV-MAMA,GALAXY;DWARF COMPACT;EMISSION LINE NEBULA;STAR FORMING REGION;STARBURST,15941,3,*Emission*
SBS1319+579,200.3440416667,57.69152222222,1570.0,3180.0,obqn15010,2225.0,STIS/NUV-MAMA,GALAXY;AMORPHOUS IRREGULAR;DWARF COMPACT;EMISSION LINE NEBULA;STAR FORMING REGION;STARBURST,12472,3,*Emission*
3C-048,24.42214629455,33.15997387638,1570.0,3180.0,ob6i01020,1050.0,STIS/NUV-MAMA,GALAXY;EJECTA;EMISSION LINE NEBULA;WIND,11574,3,*Emission*
V-AK-SCO,253.6868267358,-36.88861108983,1570.0,3180.0,oca601020,716.199875,STIS/NUV-MAMA,STAR;EMISSION LINE STAR;INTERACTING BINARY;PRE-MAIN SEQUENCE STAR;T TAURI STAR,13372,3,*Emission*
J1253-0312,193.2748807886,-3.216275891314,1570.0,3180.0,oeoy06020,974.1995,STIS/NUV-MAMA,GALAXY;EMISSION LINE NEBULA;STAR FORMING REGION,16692,3,*Emission*
HD100546,173.3559786091,-70.19477638151,1620.0,3150.0,o5c902040,310.0,STIS/NUV-MAMA,STAR;B6-B9.5 V-IV;EMISSION LINE STAR,8300,3,*Emission*
HD208816,329.163020947,63.62556440693,1620.0,3150.0,o5dn01080,600.0,STIS/NUV-MAMA,STAR;COMPOSITE SPECTRAL TYPE;M III-I;EMISSION LINE STAR,8257,3,*Emission*
YZCMI,116.1673689039,3.552380390579,1605.0,3110.0,o59k01030,2400.19875,STIS/NUV-MAMA,STAR;M V-IV;IRREGULAR VARIABLE;EMISSION LINE STAR,8129,3,*Emission*
J1503+3644,225.9284583333,36.74743055556,1570.0,3180.0,oe1y05040,2847.199375,STIS/NUV-MAMA,GALAXY;DWARF COMPACT;EMISSION LINE NEBULA;STAR FORMING REGION;STARBURST,15941,3,*Emission*
1-ALF-HER,258.6618560845,14.39060585859,1620.0,3150.0,ofno03010,1553.0,STIS/NUV-MAMA,STAR;AGB STAR;CIRCUMSTELLAR MATTER;EMISSION LINE STAR;M V-IV,18065,3,*Emission*
1-ALF-HER,258.6618560808,14.39060586453,1620.0,3150.0,ofno03030,2564.0,STIS/NUV-MAMA,STAR;AGB STAR;CIRCUMSTELLAR MATTER;EMISSION LINE STAR;M V-IV,18065,3,*Emission*
1-ALF-HER,258.6618560828,14.39060586124,1620.0,3150.0,ofno03020,2564.0,STIS/NUV-MAMA,STAR;AGB STAR;CIRCUMSTELLAR MATTER;EMISSION LINE STAR;M V-IV,18065,3,*Emission*
1-ALF-HER,258.6618556775,14.39060643057,1620.0,3150.0,ofno01010,1520.0,STIS/NUV-MAMA,STAR;AGB STAR;CIRCUMSTELLAR MATTER;EMISSION LINE STAR;M V-IV,18065,3,*Emission*
1-ALF-HER,258.661855673,14.39060643613,1620.0,3150.0,ofno01030,2564.0,STIS/NUV-MAMA,STAR;AGB STAR;CIRCUMSTELLAR MATTER;EMISSION LINE STAR;M V-IV,18065,3,*Emission*
1-ALF-HER,258.66185567,14.39060643983,1620.0,3150.0,ofno02010,1553.0,STIS/NUV-MAMA,STAR;AGB STAR;CIRCUMSTELLAR MATTER;EMISSION LINE STAR;M V-IV,18065,3,*Emission*
1-ALF-HER,258.661855668,14.3906064423,1620.0,3150.0,ofno02020,2564.0,STIS/NUV-MAMA,STAR;AGB STAR;CIRCUMSTELLAR MATTER;EMISSION LINE STAR;M V-IV,18065,3,*Emission*
1-ALF-HER,258.6618556655,14.39060644539,1620.0,3150.0,ofno02030,2564.0,STIS/NUV-MAMA,STAR;AGB STAR;CIRCUMSTELLAR MATTER;EMISSION LINE STAR;M V-IV,18065,3,*Emission*
1-ALF-HER,258.6618556755,14.39060643305,1620.0,3150.0,ofno01020,2564.0,STIS/NUV-MAMA,STAR;AGB STAR;CIRCUMSTELLAR MATTER;EMISSION LINE STAR;M V-IV,18065,3,*Emission*
